<?xml version="1.0" encoding="UTF-8" standalone="yes"?>
<Sermons>
    <Sermon>
        <Title>1 Corinthians 3:3</Title>
        <Url>http://www.sermonindex.net/modules/mydownloads/visit.php?lid=26821</Url>
        <Speaker>Abigail Miller</Speaker>
        <Length>1.53Mb</Length>
        <Status>NOT_STARTED</Status>
        <isSermonSelected>false</isSermonSelected>
    </Sermon>
    <Sermon>
        <Title>1 Peter 2:11</Title>
        <Url>http://www.sermonindex.net/modules/mydownloads/visit.php?lid=26846</Url>
        <Speaker>Abigail Miller</Speaker>
        <Length>2.3Mb</Length>
        <Status>NOT_STARTED</Status>
        <isSermonSelected>false</isSermonSelected>
    </Sermon>
    <Sermon>
        <Title>1 Peter 2:23</Title>
        <Url>http://www.sermonindex.net/modules/mydownloads/visit.php?lid=26847</Url>
        <Speaker>Abigail Miller</Speaker>
        <Length>2.2Mb</Length>
        <Status>NOT_STARTED</Status>
        <isSermonSelected>false</isSermonSelected>
    </Sermon>
    <Sermon>
        <Title>1 Peter 3:15</Title>
        <Url>http://www.sermonindex.net/modules/mydownloads/visit.php?lid=26848</Url>
        <Speaker>Abigail Miller</Speaker>
        <Length>1.26Mb</Length>
        <Status>NOT_STARTED</Status>
        <isSermonSelected>false</isSermonSelected>
    </Sermon>
    <Sermon>
        <Title>1 Samuel 3:13</Title>
        <Url>http://www.sermonindex.net/modules/mydownloads/visit.php?lid=26748</Url>
        <Speaker>Abigail Miller</Speaker>
        <Length>1.82Mb</Length>
        <Status>NOT_STARTED</Status>
        <isSermonSelected>false</isSermonSelected>
    </Sermon>
    <Sermon>
        <Title>1 Thessalonians 2:11-12</Title>
        <Url>http://www.sermonindex.net/modules/mydownloads/visit.php?lid=26832</Url>
        <Speaker>Abigail Miller</Speaker>
        <Length>1.83Mb</Length>
        <Status>NOT_STARTED</Status>
        <isSermonSelected>false</isSermonSelected>
    </Sermon>
    <Sermon>
        <Title>1 Thessalonians 5:16-18</Title>
        <Url>http://www.sermonindex.net/modules/mydownloads/visit.php?lid=26833</Url>
        <Speaker>Abigail Miller</Speaker>
        <Length>1.6Mb</Length>
        <Status>NOT_STARTED</Status>
        <isSermonSelected>false</isSermonSelected>
    </Sermon>
    <Sermon>
        <Title>1 Timothy 5:24</Title>
        <Url>http://www.sermonindex.net/modules/mydownloads/visit.php?lid=26834</Url>
        <Speaker>Abigail Miller</Speaker>
        <Length>1.67Mb</Length>
        <Status>NOT_STARTED</Status>
        <isSermonSelected>false</isSermonSelected>
    </Sermon>
    <Sermon>
        <Title>2 Chronicles 13:12a</Title>
        <Url>http://www.sermonindex.net/modules/mydownloads/visit.php?lid=26749</Url>
        <Speaker>Abigail Miller</Speaker>
        <Length>2.16Mb</Length>
        <Status>NOT_STARTED</Status>
        <isSermonSelected>false</isSermonSelected>
    </Sermon>
    <Sermon>
        <Title>2 Corinthians 4:15-16</Title>
        <Url>http://www.sermonindex.net/modules/mydownloads/visit.php?lid=26824</Url>
        <Speaker>Abigail Miller</Speaker>
        <Length>3.09Mb</Length>
        <Status>NOT_STARTED</Status>
        <isSermonSelected>false</isSermonSelected>
    </Sermon>
    <Sermon>
        <Title>2 Corinthians 4:3</Title>
        <Url>http://www.sermonindex.net/modules/mydownloads/visit.php?lid=26822</Url>
        <Speaker>Abigail Miller</Speaker>
        <Length>1.65Mb</Length>
        <Status>NOT_STARTED</Status>
        <isSermonSelected>false</isSermonSelected>
    </Sermon>
    <Sermon>
        <Title>2 Corinthians 4:5</Title>
        <Url>http://www.sermonindex.net/modules/mydownloads/visit.php?lid=26823</Url>
        <Speaker>Abigail Miller</Speaker>
        <Length>1.55Mb</Length>
        <Status>NOT_STARTED</Status>
        <isSermonSelected>false</isSermonSelected>
    </Sermon>
    <Sermon>
        <Title>2 Corinthians 5:14-15</Title>
        <Url>http://www.sermonindex.net/modules/mydownloads/visit.php?lid=26825</Url>
        <Speaker>Abigail Miller</Speaker>
        <Length>2.67Mb</Length>
        <Status>NOT_STARTED</Status>
        <isSermonSelected>false</isSermonSelected>
    </Sermon>
    <Sermon>
        <Title>2 Corinthians 6:16</Title>
        <Url>http://www.sermonindex.net/modules/mydownloads/visit.php?lid=26826</Url>
        <Speaker>Abigail Miller</Speaker>
        <Length>1.61Mb</Length>
        <Status>NOT_STARTED</Status>
        <isSermonSelected>false</isSermonSelected>
    </Sermon>
    <Sermon>
        <Title>2 Corinthians 8:9</Title>
        <Url>http://www.sermonindex.net/modules/mydownloads/visit.php?lid=26827</Url>
        <Speaker>Abigail Miller</Speaker>
        <Length>1.4Mb</Length>
        <Status>NOT_STARTED</Status>
        <isSermonSelected>false</isSermonSelected>
    </Sermon>
    <Sermon>
        <Title>2 Timothy 1:7</Title>
        <Url>http://www.sermonindex.net/modules/mydownloads/visit.php?lid=26835</Url>
        <Speaker>Abigail Miller</Speaker>
        <Length>2.16Mb</Length>
        <Status>NOT_STARTED</Status>
        <isSermonSelected>false</isSermonSelected>
    </Sermon>
    <Sermon>
        <Title>3 John 2</Title>
        <Url>http://www.sermonindex.net/modules/mydownloads/visit.php?lid=26849</Url>
        <Speaker>Abigail Miller</Speaker>
        <Length>3.08Mb</Length>
        <Status>NOT_STARTED</Status>
        <isSermonSelected>false</isSermonSelected>
    </Sermon>
    <Sermon>
        <Title>Acts 13:38-39</Title>
        <Url>http://www.sermonindex.net/modules/mydownloads/visit.php?lid=26813</Url>
        <Speaker>Abigail Miller</Speaker>
        <Length>2.55Mb</Length>
        <Status>NOT_STARTED</Status>
        <isSermonSelected>false</isSermonSelected>
    </Sermon>
    <Sermon>
        <Title>Acts 24:16</Title>
        <Url>http://www.sermonindex.net/modules/mydownloads/visit.php?lid=26814</Url>
        <Speaker>Abigail Miller</Speaker>
        <Length>1.32Mb</Length>
        <Status>NOT_STARTED</Status>
        <isSermonSelected>false</isSermonSelected>
    </Sermon>
    <Sermon>
        <Title>Acts 2:32</Title>
        <Url>http://www.sermonindex.net/modules/mydownloads/visit.php?lid=26809</Url>
        <Speaker>Abigail Miller</Speaker>
        <Length>1.21Mb</Length>
        <Status>NOT_STARTED</Status>
        <isSermonSelected>false</isSermonSelected>
    </Sermon>
    <Sermon>
        <Title>Acts 3:19</Title>
        <Url>http://www.sermonindex.net/modules/mydownloads/visit.php?lid=26810</Url>
        <Speaker>Abigail Miller</Speaker>
        <Length>1.81Mb</Length>
        <Status>NOT_STARTED</Status>
        <isSermonSelected>false</isSermonSelected>
    </Sermon>
    <Sermon>
        <Title>Acts 4:31</Title>
        <Url>http://www.sermonindex.net/modules/mydownloads/visit.php?lid=26811</Url>
        <Speaker>Abigail Miller</Speaker>
        <Length>2.24Mb</Length>
        <Status>NOT_STARTED</Status>
        <isSermonSelected>false</isSermonSelected>
    </Sermon>
    <Sermon>
        <Title>Acts 9:6</Title>
        <Url>http://www.sermonindex.net/modules/mydownloads/visit.php?lid=26812</Url>
        <Speaker>Abigail Miller</Speaker>
        <Length>1.79Mb</Length>
        <Status>NOT_STARTED</Status>
        <isSermonSelected>false</isSermonSelected>
    </Sermon>
    <Sermon>
        <Title>Amos 6:1</Title>
        <Url>http://www.sermonindex.net/modules/mydownloads/visit.php?lid=26789</Url>
        <Speaker>Abigail Miller</Speaker>
        <Length>1.15Mb</Length>
        <Status>NOT_STARTED</Status>
        <isSermonSelected>false</isSermonSelected>
    </Sermon>
    <Sermon>
        <Title>Colossians 1:17-18</Title>
        <Url>http://www.sermonindex.net/modules/mydownloads/visit.php?lid=16608</Url>
        <Speaker>Abigail Miller</Speaker>
        <Length>3.36Mb</Length>
        <Status>NOT_STARTED</Status>
        <isSermonSelected>false</isSermonSelected>
    </Sermon>
    <Sermon>
        <Title>Colossians 2:3-4</Title>
        <Url>http://www.sermonindex.net/modules/mydownloads/visit.php?lid=16600</Url>
        <Speaker>Abigail Miller</Speaker>
        <Length>1.61Mb</Length>
        <Status>NOT_STARTED</Status>
        <isSermonSelected>false</isSermonSelected>
    </Sermon>
    <Sermon>
        <Title>Colossians 4:5</Title>
        <Url>http://www.sermonindex.net/modules/mydownloads/visit.php?lid=26831</Url>
        <Speaker>Abigail Miller</Speaker>
        <Length>2.57Mb</Length>
        <Status>NOT_STARTED</Status>
        <isSermonSelected>false</isSermonSelected>
    </Sermon>
    <Sermon>
        <Title>Compel Them</Title>
        <Url>http://www.sermonindex.net/modules/mydownloads/visit.php?lid=16644</Url>
        <Speaker>Abigail Miller</Speaker>
        <Length>3.71Mb</Length>
        <Status>NOT_STARTED</Status>
        <isSermonSelected>false</isSermonSelected>
    </Sermon>
    <Sermon>
        <Title>Ephesians 1:21</Title>
        <Url>http://www.sermonindex.net/modules/mydownloads/visit.php?lid=26828</Url>
        <Speaker>Abigail Miller</Speaker>
        <Length>1.85Mb</Length>
        <Status>NOT_STARTED</Status>
        <isSermonSelected>false</isSermonSelected>
    </Sermon>
    <Sermon>
        <Title>Ephesians 2:13</Title>
        <Url>http://www.sermonindex.net/modules/mydownloads/visit.php?lid=26829</Url>
        <Speaker>Abigail Miller</Speaker>
        <Length>1.58Mb</Length>
        <Status>NOT_STARTED</Status>
        <isSermonSelected>false</isSermonSelected>
    </Sermon>
    <Sermon>
        <Title>Ephesians 4:28</Title>
        <Url>http://www.sermonindex.net/modules/mydownloads/visit.php?lid=26830</Url>
        <Speaker>Abigail Miller</Speaker>
        <Length>1.66Mb</Length>
        <Status>NOT_STARTED</Status>
        <isSermonSelected>false</isSermonSelected>
    </Sermon>
    <Sermon>
        <Title>Ephesians 6:4</Title>
        <Url>http://www.sermonindex.net/modules/mydownloads/visit.php?lid=16609</Url>
        <Speaker>Abigail Miller</Speaker>
        <Length>1.5Mb</Length>
        <Status>NOT_STARTED</Status>
        <isSermonSelected>false</isSermonSelected>
    </Sermon>
    <Sermon>
        <Title>Exodus 14:13a</Title>
        <Url>http://www.sermonindex.net/modules/mydownloads/visit.php?lid=26744</Url>
        <Speaker>Abigail Miller</Speaker>
        <Length>1.42Mb</Length>
        <Status>NOT_STARTED</Status>
        <isSermonSelected>false</isSermonSelected>
    </Sermon>
    <Sermon>
        <Title>Genesis 16:11</Title>
        <Url>http://www.sermonindex.net/modules/mydownloads/visit.php?lid=26742</Url>
        <Speaker>Abigail Miller</Speaker>
        <Length>1.69Mb</Length>
        <Status>NOT_STARTED</Status>
        <isSermonSelected>false</isSermonSelected>
    </Sermon>
    <Sermon>
        <Title>Genesis 21:19</Title>
        <Url>http://www.sermonindex.net/modules/mydownloads/visit.php?lid=26743</Url>
        <Speaker>Abigail Miller</Speaker>
        <Length>1.79Mb</Length>
        <Status>NOT_STARTED</Status>
        <isSermonSelected>false</isSermonSelected>
    </Sermon>
    <Sermon>
        <Title>Have You Died?</Title>
        <Url>http://www.sermonindex.net/modules/mydownloads/visit.php?lid=16611</Url>
        <Speaker>Abigail Miller</Speaker>
        <Length>3.85Mb</Length>
        <Status>NOT_STARTED</Status>
        <isSermonSelected>false</isSermonSelected>
    </Sermon>
    <Sermon>
        <Title>Hebrews 10:16-17</Title>
        <Url>http://www.sermonindex.net/modules/mydownloads/visit.php?lid=26839</Url>
        <Speaker>Abigail Miller</Speaker>
        <Length>2.3Mb</Length>
        <Status>NOT_STARTED</Status>
        <isSermonSelected>false</isSermonSelected>
    </Sermon>
    <Sermon>
        <Title>Hebrews 10:24-25</Title>
        <Url>http://www.sermonindex.net/modules/mydownloads/visit.php?lid=26840</Url>
        <Speaker>Abigail Miller</Speaker>
        <Length>2.33Mb</Length>
        <Status>NOT_STARTED</Status>
        <isSermonSelected>false</isSermonSelected>
    </Sermon>
    <Sermon>
        <Title>Hebrews 12:1</Title>
        <Url>http://www.sermonindex.net/modules/mydownloads/visit.php?lid=26841</Url>
        <Speaker>Abigail Miller</Speaker>
        <Length>2.08Mb</Length>
        <Status>NOT_STARTED</Status>
        <isSermonSelected>false</isSermonSelected>
    </Sermon>
    <Sermon>
        <Title>Hebrews 13:18</Title>
        <Url>http://www.sermonindex.net/modules/mydownloads/visit.php?lid=26842</Url>
        <Speaker>Abigail Miller</Speaker>
        <Length>1.11Mb</Length>
        <Status>NOT_STARTED</Status>
        <isSermonSelected>false</isSermonSelected>
    </Sermon>
    <Sermon>
        <Title>Hebrews 4:2</Title>
        <Url>http://www.sermonindex.net/modules/mydownloads/visit.php?lid=26836</Url>
        <Speaker>Abigail Miller</Speaker>
        <Length>1.44Mb</Length>
        <Status>NOT_STARTED</Status>
        <isSermonSelected>false</isSermonSelected>
    </Sermon>
    <Sermon>
        <Title>Hebrews 6:10</Title>
        <Url>http://www.sermonindex.net/modules/mydownloads/visit.php?lid=26837</Url>
        <Speaker>Abigail Miller</Speaker>
        <Length>2.01Mb</Length>
        <Status>NOT_STARTED</Status>
        <isSermonSelected>false</isSermonSelected>
    </Sermon>
    <Sermon>
        <Title>Hebrews 9:27</Title>
        <Url>http://www.sermonindex.net/modules/mydownloads/visit.php?lid=26838</Url>
        <Speaker>Abigail Miller</Speaker>
        <Length>1.92Mb</Length>
        <Status>NOT_STARTED</Status>
        <isSermonSelected>false</isSermonSelected>
    </Sermon>
    <Sermon>
        <Title>Hosea 14:4</Title>
        <Url>http://www.sermonindex.net/modules/mydownloads/visit.php?lid=16599</Url>
        <Speaker>Abigail Miller</Speaker>
        <Length>1.87Mb</Length>
        <Status>NOT_STARTED</Status>
        <isSermonSelected>false</isSermonSelected>
    </Sermon>
    <Sermon>
        <Title>I Can Go In</Title>
        <Url>http://www.sermonindex.net/modules/mydownloads/visit.php?lid=15981</Url>
        <Speaker>Abigail Miller</Speaker>
        <Length>5.44Mb</Length>
        <Status>NOT_STARTED</Status>
        <isSermonSelected>false</isSermonSelected>
    </Sermon>
    <Sermon>
        <Title>In Christ There's Power</Title>
        <Url>http://www.sermonindex.net/modules/mydownloads/visit.php?lid=16613</Url>
        <Speaker>Abigail Miller</Speaker>
        <Length>4.93Mb</Length>
        <Status>NOT_STARTED</Status>
        <isSermonSelected>false</isSermonSelected>
    </Sermon>
    <Sermon>
        <Title>Isaiah 28:10</Title>
        <Url>http://www.sermonindex.net/modules/mydownloads/visit.php?lid=26782</Url>
        <Speaker>Abigail Miller</Speaker>
        <Length>1.46Mb</Length>
        <Status>NOT_STARTED</Status>
        <isSermonSelected>false</isSermonSelected>
    </Sermon>
    <Sermon>
        <Title>Isaiah 29:15</Title>
        <Url>http://www.sermonindex.net/modules/mydownloads/visit.php?lid=26783</Url>
        <Speaker>Abigail Miller</Speaker>
        <Length>2.26Mb</Length>
        <Status>NOT_STARTED</Status>
        <isSermonSelected>false</isSermonSelected>
    </Sermon>
    <Sermon>
        <Title>Isaiah 38:19</Title>
        <Url>http://www.sermonindex.net/modules/mydownloads/visit.php?lid=26784</Url>
        <Speaker>Abigail Miller</Speaker>
        <Length>1.53Mb</Length>
        <Status>NOT_STARTED</Status>
        <isSermonSelected>false</isSermonSelected>
    </Sermon>
    <Sermon>
        <Title>Isaiah 43:11, 25</Title>
        <Url>http://www.sermonindex.net/modules/mydownloads/visit.php?lid=26785</Url>
        <Speaker>Abigail Miller</Speaker>
        <Length>2.44Mb</Length>
        <Status>NOT_STARTED</Status>
        <isSermonSelected>false</isSermonSelected>
    </Sermon>
    <Sermon>
        <Title>Isaiah 53:12</Title>
        <Url>http://www.sermonindex.net/modules/mydownloads/visit.php?lid=26787</Url>
        <Speaker>Abigail Miller</Speaker>
        <Length>2.1Mb</Length>
        <Status>NOT_STARTED</Status>
        <isSermonSelected>false</isSermonSelected>
    </Sermon>
    <Sermon>
        <Title>Isaiah 53:5</Title>
        <Url>http://www.sermonindex.net/modules/mydownloads/visit.php?lid=26786</Url>
        <Speaker>Abigail Miller</Speaker>
        <Length>2.08Mb</Length>
        <Status>NOT_STARTED</Status>
        <isSermonSelected>false</isSermonSelected>
    </Sermon>
    <Sermon>
        <Title>Isaiah 61:3</Title>
        <Url>http://www.sermonindex.net/modules/mydownloads/visit.php?lid=26788</Url>
        <Speaker>Abigail Miller</Speaker>
        <Length>2.67Mb</Length>
        <Status>NOT_STARTED</Status>
        <isSermonSelected>false</isSermonSelected>
    </Sermon>
    <Sermon>
        <Title>Isaiah 7:14</Title>
        <Url>http://www.sermonindex.net/modules/mydownloads/visit.php?lid=26781</Url>
        <Speaker>Abigail Miller</Speaker>
        <Length>1.85Mb</Length>
        <Status>NOT_STARTED</Status>
        <isSermonSelected>false</isSermonSelected>
    </Sermon>
    <Sermon>
        <Title>James 1:19</Title>
        <Url>http://www.sermonindex.net/modules/mydownloads/visit.php?lid=26843</Url>
        <Speaker>Abigail Miller</Speaker>
        <Length>2.57Mb</Length>
        <Status>NOT_STARTED</Status>
        <isSermonSelected>false</isSermonSelected>
    </Sermon>
    <Sermon>
        <Title>James 2:19</Title>
        <Url>http://www.sermonindex.net/modules/mydownloads/visit.php?lid=26844</Url>
        <Speaker>Abigail Miller</Speaker>
        <Length>1.99Mb</Length>
        <Status>NOT_STARTED</Status>
        <isSermonSelected>false</isSermonSelected>
    </Sermon>
    <Sermon>
        <Title>James 4:14</Title>
        <Url>http://www.sermonindex.net/modules/mydownloads/visit.php?lid=26845</Url>
        <Speaker>Abigail Miller</Speaker>
        <Length>1.39Mb</Length>
        <Status>NOT_STARTED</Status>
        <isSermonSelected>false</isSermonSelected>
    </Sermon>
    <Sermon>
        <Title>Jeremiah 33:3</Title>
        <Url>http://www.sermonindex.net/modules/mydownloads/visit.php?lid=26779</Url>
        <Speaker>Abigail Miller</Speaker>
        <Length>1.12Mb</Length>
        <Status>NOT_STARTED</Status>
        <isSermonSelected>false</isSermonSelected>
    </Sermon>
    <Sermon>
        <Title>Jeremiah 42:5-6</Title>
        <Url>http://www.sermonindex.net/modules/mydownloads/visit.php?lid=26751</Url>
        <Speaker>Abigail Miller</Speaker>
        <Length>2.28Mb</Length>
        <Status>NOT_STARTED</Status>
        <isSermonSelected>false</isSermonSelected>
    </Sermon>
    <Sermon>
        <Title>Jeremiah 5:8-9</Title>
        <Url>http://www.sermonindex.net/modules/mydownloads/visit.php?lid=26750</Url>
        <Speaker>Abigail Miller</Speaker>
        <Length>2.41Mb</Length>
        <Status>NOT_STARTED</Status>
        <isSermonSelected>false</isSermonSelected>
    </Sermon>
    <Sermon>
        <Title>John 11:25</Title>
        <Url>http://www.sermonindex.net/modules/mydownloads/visit.php?lid=26806</Url>
        <Speaker>Abigail Miller</Speaker>
        <Length>2.09Mb</Length>
        <Status>NOT_STARTED</Status>
        <isSermonSelected>false</isSermonSelected>
    </Sermon>
    <Sermon>
        <Title>John 17:3</Title>
        <Url>http://www.sermonindex.net/modules/mydownloads/visit.php?lid=26807</Url>
        <Speaker>Abigail Miller</Speaker>
        <Length>1.54Mb</Length>
        <Status>NOT_STARTED</Status>
        <isSermonSelected>false</isSermonSelected>
    </Sermon>
    <Sermon>
        <Title>John 1:14</Title>
        <Url>http://www.sermonindex.net/modules/mydownloads/visit.php?lid=26799</Url>
        <Speaker>Abigail Miller</Speaker>
        <Length>2.7Mb</Length>
        <Status>NOT_STARTED</Status>
        <isSermonSelected>false</isSermonSelected>
    </Sermon>
    <Sermon>
        <Title>John 20:21</Title>
        <Url>http://www.sermonindex.net/modules/mydownloads/visit.php?lid=26808</Url>
        <Speaker>Abigail Miller</Speaker>
        <Length>2.22Mb</Length>
        <Status>NOT_STARTED</Status>
        <isSermonSelected>false</isSermonSelected>
    </Sermon>
    <Sermon>
        <Title>John 3:20-21</Title>
        <Url>http://www.sermonindex.net/modules/mydownloads/visit.php?lid=26800</Url>
        <Speaker>Abigail Miller</Speaker>
        <Length>1.6Mb</Length>
        <Status>NOT_STARTED</Status>
        <isSermonSelected>false</isSermonSelected>
    </Sermon>
    <Sermon>
        <Title>John 4:3-4</Title>
        <Url>http://www.sermonindex.net/modules/mydownloads/visit.php?lid=26801</Url>
        <Speaker>Abigail Miller</Speaker>
        <Length>1.38Mb</Length>
        <Status>NOT_STARTED</Status>
        <isSermonSelected>false</isSermonSelected>
    </Sermon>
    <Sermon>
        <Title>John 6:2</Title>
        <Url>http://www.sermonindex.net/modules/mydownloads/visit.php?lid=26802</Url>
        <Speaker>Abigail Miller</Speaker>
        <Length>1.66Mb</Length>
        <Status>NOT_STARTED</Status>
        <isSermonSelected>false</isSermonSelected>
    </Sermon>
    <Sermon>
        <Title>John 6:35</Title>
        <Url>http://www.sermonindex.net/modules/mydownloads/visit.php?lid=26803</Url>
        <Speaker>Abigail Miller</Speaker>
        <Length>1.97Mb</Length>
        <Status>NOT_STARTED</Status>
        <isSermonSelected>false</isSermonSelected>
    </Sermon>
    <Sermon>
        <Title>John 7:37-38</Title>
        <Url>http://www.sermonindex.net/modules/mydownloads/visit.php?lid=26804</Url>
        <Speaker>Abigail Miller</Speaker>
        <Length>2.45Mb</Length>
        <Status>NOT_STARTED</Status>
        <isSermonSelected>false</isSermonSelected>
    </Sermon>
    <Sermon>
        <Title>John 8:31-32</Title>
        <Url>http://www.sermonindex.net/modules/mydownloads/visit.php?lid=26805</Url>
        <Speaker>Abigail Miller</Speaker>
        <Length>2.29Mb</Length>
        <Status>NOT_STARTED</Status>
        <isSermonSelected>false</isSermonSelected>
    </Sermon>
    <Sermon>
        <Title>Joshua 6:18</Title>
        <Url>http://www.sermonindex.net/modules/mydownloads/visit.php?lid=26741</Url>
        <Speaker>Abigail Miller</Speaker>
        <Length>2.15Mb</Length>
        <Status>NOT_STARTED</Status>
        <isSermonSelected>false</isSermonSelected>
    </Sermon>
    <Sermon>
        <Title>Joshua 6:18</Title>
        <Url>http://www.sermonindex.net/modules/mydownloads/visit.php?lid=26746</Url>
        <Speaker>Abigail Miller</Speaker>
        <Length>2.15Mb</Length>
        <Status>NOT_STARTED</Status>
        <isSermonSelected>false</isSermonSelected>
    </Sermon>
    <Sermon>
        <Title>Jude 22-23</Title>
        <Url>http://www.sermonindex.net/modules/mydownloads/visit.php?lid=26850</Url>
        <Speaker>Abigail Miller</Speaker>
        <Length>2.27Mb</Length>
        <Status>NOT_STARTED</Status>
        <isSermonSelected>false</isSermonSelected>
    </Sermon>
    <Sermon>
        <Title>Judges 21:25</Title>
        <Url>http://www.sermonindex.net/modules/mydownloads/visit.php?lid=26747</Url>
        <Speaker>Abigail Miller</Speaker>
        <Length>1.35Mb</Length>
        <Status>NOT_STARTED</Status>
        <isSermonSelected>false</isSermonSelected>
    </Sermon>
    <Sermon>
        <Title>Lamentations 2:19</Title>
        <Url>http://www.sermonindex.net/modules/mydownloads/visit.php?lid=16610</Url>
        <Speaker>Abigail Miller</Speaker>
        <Length>3.32Mb</Length>
        <Status>NOT_STARTED</Status>
        <isSermonSelected>false</isSermonSelected>
    </Sermon>
    <Sermon>
        <Title>Lamentations 3:40-41</Title>
        <Url>http://www.sermonindex.net/modules/mydownloads/visit.php?lid=26780</Url>
        <Speaker>Abigail Miller</Speaker>
        <Length>3.33Mb</Length>
        <Status>NOT_STARTED</Status>
        <isSermonSelected>false</isSermonSelected>
    </Sermon>
    <Sermon>
        <Title>Lord I Must Be Yours</Title>
        <Url>http://www.sermonindex.net/modules/mydownloads/visit.php?lid=16612</Url>
        <Speaker>Abigail Miller</Speaker>
        <Length>2.71Mb</Length>
        <Status>NOT_STARTED</Status>
        <isSermonSelected>false</isSermonSelected>
    </Sermon>
    <Sermon>
        <Title>Luke 10:2</Title>
        <Url>http://www.sermonindex.net/modules/mydownloads/visit.php?lid=26797</Url>
        <Speaker>Abigail Miller</Speaker>
        <Length>2.61Mb</Length>
        <Status>NOT_STARTED</Status>
        <isSermonSelected>false</isSermonSelected>
    </Sermon>
    <Sermon>
        <Title>Luke 12:2</Title>
        <Url>http://www.sermonindex.net/modules/mydownloads/visit.php?lid=26798</Url>
        <Speaker>Abigail Miller</Speaker>
        <Length>1.65Mb</Length>
        <Status>NOT_STARTED</Status>
        <isSermonSelected>false</isSermonSelected>
    </Sermon>
    <Sermon>
        <Title>Luke 1:17</Title>
        <Url>http://www.sermonindex.net/modules/mydownloads/visit.php?lid=26794</Url>
        <Speaker>Abigail Miller</Speaker>
        <Length>1.82Mb</Length>
        <Status>NOT_STARTED</Status>
        <isSermonSelected>false</isSermonSelected>
    </Sermon>
    <Sermon>
        <Title>Luke 2:51</Title>
        <Url>http://www.sermonindex.net/modules/mydownloads/visit.php?lid=26796</Url>
        <Speaker>Abigail Miller</Speaker>
        <Length>1.57Mb</Length>
        <Status>NOT_STARTED</Status>
        <isSermonSelected>false</isSermonSelected>
    </Sermon>
    <Sermon>
        <Title>Luke 2:7</Title>
        <Url>http://www.sermonindex.net/modules/mydownloads/visit.php?lid=26795</Url>
        <Speaker>Abigail Miller</Speaker>
        <Length>2.99Mb</Length>
        <Status>NOT_STARTED</Status>
        <isSermonSelected>false</isSermonSelected>
    </Sermon>
    <Sermon>
        <Title>Mark 3:27</Title>
        <Url>http://www.sermonindex.net/modules/mydownloads/visit.php?lid=26793</Url>
        <Speaker>Abigail Miller</Speaker>
        <Length>1.53Mb</Length>
        <Status>NOT_STARTED</Status>
        <isSermonSelected>false</isSermonSelected>
    </Sermon>
    <Sermon>
        <Title>Matthew 18:3</Title>
        <Url>http://www.sermonindex.net/modules/mydownloads/visit.php?lid=26790</Url>
        <Speaker>Abigail Miller</Speaker>
        <Length>1.84Mb</Length>
        <Status>NOT_STARTED</Status>
        <isSermonSelected>false</isSermonSelected>
    </Sermon>
    <Sermon>
        <Title>Matthew 24:14</Title>
        <Url>http://www.sermonindex.net/modules/mydownloads/visit.php?lid=26791</Url>
        <Speaker>Abigail Miller</Speaker>
        <Length>1.96Mb</Length>
        <Status>NOT_STARTED</Status>
        <isSermonSelected>false</isSermonSelected>
    </Sermon>
    <Sermon>
        <Title>Matthew 26:41</Title>
        <Url>http://www.sermonindex.net/modules/mydownloads/visit.php?lid=26792</Url>
        <Speaker>Abigail Miller</Speaker>
        <Length>1.28Mb</Length>
        <Status>NOT_STARTED</Status>
        <isSermonSelected>false</isSermonSelected>
    </Sermon>
    <Sermon>
        <Title>Numbers 23:21</Title>
        <Url>http://www.sermonindex.net/modules/mydownloads/visit.php?lid=26745</Url>
        <Speaker>Abigail Miller</Speaker>
        <Length>1.53Mb</Length>
        <Status>NOT_STARTED</Status>
        <isSermonSelected>false</isSermonSelected>
    </Sermon>
    <Sermon>
        <Title>Proverbs 12:11</Title>
        <Url>http://www.sermonindex.net/modules/mydownloads/visit.php?lid=26768</Url>
        <Speaker>Abigail Miller</Speaker>
        <Length>1.21Mb</Length>
        <Status>NOT_STARTED</Status>
        <isSermonSelected>false</isSermonSelected>
    </Sermon>
    <Sermon>
        <Title>Proverbs 18:21</Title>
        <Url>http://www.sermonindex.net/modules/mydownloads/visit.php?lid=26769</Url>
        <Speaker>Abigail Miller</Speaker>
        <Length>1.63Mb</Length>
        <Status>NOT_STARTED</Status>
        <isSermonSelected>false</isSermonSelected>
    </Sermon>
    <Sermon>
        <Title>Proverbs 19:12</Title>
        <Url>http://www.sermonindex.net/modules/mydownloads/visit.php?lid=26771</Url>
        <Speaker>Abigail Miller</Speaker>
        <Length>1.08Mb</Length>
        <Status>NOT_STARTED</Status>
        <isSermonSelected>false</isSermonSelected>
    </Sermon>
    <Sermon>
        <Title>Proverbs 19:27</Title>
        <Url>http://www.sermonindex.net/modules/mydownloads/visit.php?lid=26772</Url>
        <Speaker>Abigail Miller</Speaker>
        <Length>1.43Mb</Length>
        <Status>NOT_STARTED</Status>
        <isSermonSelected>false</isSermonSelected>
    </Sermon>
    <Sermon>
        <Title>Proverbs 19:5</Title>
        <Url>http://www.sermonindex.net/modules/mydownloads/visit.php?lid=26770</Url>
        <Speaker>Abigail Miller</Speaker>
        <Length>1.09Mb</Length>
        <Status>NOT_STARTED</Status>
        <isSermonSelected>false</isSermonSelected>
    </Sermon>
    <Sermon>
        <Title>Proverbs 21:17</Title>
        <Url>http://www.sermonindex.net/modules/mydownloads/visit.php?lid=26773</Url>
        <Speaker>Abigail Miller</Speaker>
        <Length>1.36Mb</Length>
        <Status>NOT_STARTED</Status>
        <isSermonSelected>false</isSermonSelected>
    </Sermon>
    <Sermon>
        <Title>Proverbs 22:6</Title>
        <Url>http://www.sermonindex.net/modules/mydownloads/visit.php?lid=26774</Url>
        <Speaker>Abigail Miller</Speaker>
        <Length>1.13Mb</Length>
        <Status>NOT_STARTED</Status>
        <isSermonSelected>false</isSermonSelected>
    </Sermon>
    <Sermon>
        <Title>Proverbs 26:20</Title>
        <Url>http://www.sermonindex.net/modules/mydownloads/visit.php?lid=26775</Url>
        <Speaker>Abigail Miller</Speaker>
        <Length>1.38Mb</Length>
        <Status>NOT_STARTED</Status>
        <isSermonSelected>false</isSermonSelected>
    </Sermon>
    <Sermon>
        <Title>Proverbs 28:13</Title>
        <Url>http://www.sermonindex.net/modules/mydownloads/visit.php?lid=26776</Url>
        <Speaker>Abigail Miller</Speaker>
        <Length>1.25Mb</Length>
        <Status>NOT_STARTED</Status>
        <isSermonSelected>false</isSermonSelected>
    </Sermon>
    <Sermon>
        <Title>Proverbs 29:18</Title>
        <Url>http://www.sermonindex.net/modules/mydownloads/visit.php?lid=26777</Url>
        <Speaker>Abigail Miller</Speaker>
        <Length>1.32Mb</Length>
        <Status>NOT_STARTED</Status>
        <isSermonSelected>false</isSermonSelected>
    </Sermon>
    <Sermon>
        <Title>Proverbs 3:11-12</Title>
        <Url>http://www.sermonindex.net/modules/mydownloads/visit.php?lid=26764</Url>
        <Speaker>Abigail Miller</Speaker>
        <Length>2.65Mb</Length>
        <Status>NOT_STARTED</Status>
        <isSermonSelected>false</isSermonSelected>
    </Sermon>
    <Sermon>
        <Title>Proverbs 3:34</Title>
        <Url>http://www.sermonindex.net/modules/mydownloads/visit.php?lid=26766</Url>
        <Speaker>Abigail Miller</Speaker>
        <Length>2.35Mb</Length>
        <Status>NOT_STARTED</Status>
        <isSermonSelected>false</isSermonSelected>
    </Sermon>
    <Sermon>
        <Title>Proverbs 6:6</Title>
        <Url>http://www.sermonindex.net/modules/mydownloads/visit.php?lid=26767</Url>
        <Speaker>Abigail Miller</Speaker>
        <Length>929Kb</Length>
        <Status>NOT_STARTED</Status>
        <isSermonSelected>false</isSermonSelected>
    </Sermon>
    <Sermon>
        <Title>Psalm 103:14</Title>
        <Url>http://www.sermonindex.net/modules/mydownloads/visit.php?lid=16607</Url>
        <Speaker>Abigail Miller</Speaker>
        <Length>2.37Mb</Length>
        <Status>NOT_STARTED</Status>
        <isSermonSelected>false</isSermonSelected>
    </Sermon>
    <Sermon>
        <Title>Psalm 119:34-35</Title>
        <Url>http://www.sermonindex.net/modules/mydownloads/visit.php?lid=26765</Url>
        <Speaker>Abigail Miller</Speaker>
        <Length>2.57Mb</Length>
        <Status>NOT_STARTED</Status>
        <isSermonSelected>false</isSermonSelected>
    </Sermon>
    <Sermon>
        <Title>Psalm 14:1</Title>
        <Url>http://www.sermonindex.net/modules/mydownloads/visit.php?lid=26752</Url>
        <Speaker>Abigail Miller</Speaker>
        <Length>1.78Mb</Length>
        <Status>NOT_STARTED</Status>
        <isSermonSelected>false</isSermonSelected>
    </Sermon>
    <Sermon>
        <Title>Psalm 18:2</Title>
        <Url>http://www.sermonindex.net/modules/mydownloads/visit.php?lid=26753</Url>
        <Speaker>Abigail Miller</Speaker>
        <Length>2.46Mb</Length>
        <Status>NOT_STARTED</Status>
        <isSermonSelected>false</isSermonSelected>
    </Sermon>
    <Sermon>
        <Title>Psalm 19:1</Title>
        <Url>http://www.sermonindex.net/modules/mydownloads/visit.php?lid=26754</Url>
        <Speaker>Abigail Miller</Speaker>
        <Length>1.03Mb</Length>
        <Status>NOT_STARTED</Status>
        <isSermonSelected>false</isSermonSelected>
    </Sermon>
    <Sermon>
        <Title>Psalm 24:3-5</Title>
        <Url>http://www.sermonindex.net/modules/mydownloads/visit.php?lid=26755</Url>
        <Speaker>Abigail Miller</Speaker>
        <Length>2.83Mb</Length>
        <Status>NOT_STARTED</Status>
        <isSermonSelected>false</isSermonSelected>
    </Sermon>
    <Sermon>
        <Title>Psalm 24:6</Title>
        <Url>http://www.sermonindex.net/modules/mydownloads/visit.php?lid=26756</Url>
        <Speaker>Abigail Miller</Speaker>
        <Length>1.63Mb</Length>
        <Status>NOT_STARTED</Status>
        <isSermonSelected>false</isSermonSelected>
    </Sermon>
    <Sermon>
        <Title>Psalm 33:8-9</Title>
        <Url>http://www.sermonindex.net/modules/mydownloads/visit.php?lid=26757</Url>
        <Speaker>Abigail Miller</Speaker>
        <Length>2.78Mb</Length>
        <Status>NOT_STARTED</Status>
        <isSermonSelected>false</isSermonSelected>
    </Sermon>
    <Sermon>
        <Title>Psalm 34:11, 13-14</Title>
        <Url>http://www.sermonindex.net/modules/mydownloads/visit.php?lid=26759</Url>
        <Speaker>Abigail Miller</Speaker>
        <Length>2.16Mb</Length>
        <Status>NOT_STARTED</Status>
        <isSermonSelected>false</isSermonSelected>
    </Sermon>
    <Sermon>
        <Title>Psalm 34:3</Title>
        <Url>http://www.sermonindex.net/modules/mydownloads/visit.php?lid=26758</Url>
        <Speaker>Abigail Miller</Speaker>
        <Length>1.43Mb</Length>
        <Status>NOT_STARTED</Status>
        <isSermonSelected>false</isSermonSelected>
    </Sermon>
    <Sermon>
        <Title>Psalm 39:8</Title>
        <Url>http://www.sermonindex.net/modules/mydownloads/visit.php?lid=26760</Url>
        <Speaker>Abigail Miller</Speaker>
        <Length>1.27Mb</Length>
        <Status>NOT_STARTED</Status>
        <isSermonSelected>false</isSermonSelected>
    </Sermon>
    <Sermon>
        <Title>Psalm 40:3</Title>
        <Url>http://www.sermonindex.net/modules/mydownloads/visit.php?lid=26761</Url>
        <Speaker>Abigail Miller</Speaker>
        <Length>1.7Mb</Length>
        <Status>NOT_STARTED</Status>
        <isSermonSelected>false</isSermonSelected>
    </Sermon>
    <Sermon>
        <Title>Psalm 40:9</Title>
        <Url>http://www.sermonindex.net/modules/mydownloads/visit.php?lid=26762</Url>
        <Speaker>Abigail Miller</Speaker>
        <Length>1.11Mb</Length>
        <Status>NOT_STARTED</Status>
        <isSermonSelected>false</isSermonSelected>
    </Sermon>
    <Sermon>
        <Title>Psalm 51:17</Title>
        <Url>http://www.sermonindex.net/modules/mydownloads/visit.php?lid=26763</Url>
        <Speaker>Abigail Miller</Speaker>
        <Length>2.16Mb</Length>
        <Status>NOT_STARTED</Status>
        <isSermonSelected>false</isSermonSelected>
    </Sermon>
    <Sermon>
        <Title>Revelation 21:21a-b</Title>
        <Url>http://www.sermonindex.net/modules/mydownloads/visit.php?lid=26854</Url>
        <Speaker>Abigail Miller</Speaker>
        <Length>2.29Mb</Length>
        <Status>NOT_STARTED</Status>
        <isSermonSelected>false</isSermonSelected>
    </Sermon>
    <Sermon>
        <Title>Revelation 3:16-17</Title>
        <Url>http://www.sermonindex.net/modules/mydownloads/visit.php?lid=26851</Url>
        <Speaker>Abigail Miller</Speaker>
        <Length>3.17Mb</Length>
        <Status>NOT_STARTED</Status>
        <isSermonSelected>false</isSermonSelected>
    </Sermon>
    <Sermon>
        <Title>Revelation 4:8c</Title>
        <Url>http://www.sermonindex.net/modules/mydownloads/visit.php?lid=26852</Url>
        <Speaker>Abigail Miller</Speaker>
        <Length>2.49Mb</Length>
        <Status>NOT_STARTED</Status>
        <isSermonSelected>false</isSermonSelected>
    </Sermon>
    <Sermon>
        <Title>Revelation 5:9</Title>
        <Url>http://www.sermonindex.net/modules/mydownloads/visit.php?lid=26853</Url>
        <Speaker>Abigail Miller</Speaker>
        <Length>2.1Mb</Length>
        <Status>NOT_STARTED</Status>
        <isSermonSelected>false</isSermonSelected>
    </Sermon>
    <Sermon>
        <Title>Romans 10:17</Title>
        <Url>http://www.sermonindex.net/modules/mydownloads/visit.php?lid=26818</Url>
        <Speaker>Abigail Miller</Speaker>
        <Length>1.92Mb</Length>
        <Status>NOT_STARTED</Status>
        <isSermonSelected>false</isSermonSelected>
    </Sermon>
    <Sermon>
        <Title>Romans 11:36</Title>
        <Url>http://www.sermonindex.net/modules/mydownloads/visit.php?lid=16606</Url>
        <Speaker>Abigail Miller</Speaker>
        <Length>1.27Mb</Length>
        <Status>NOT_STARTED</Status>
        <isSermonSelected>false</isSermonSelected>
    </Sermon>
    <Sermon>
        <Title>Romans 11:36</Title>
        <Url>http://www.sermonindex.net/modules/mydownloads/visit.php?lid=26819</Url>
        <Speaker>Abigail Miller</Speaker>
        <Length>1.28Mb</Length>
        <Status>NOT_STARTED</Status>
        <isSermonSelected>false</isSermonSelected>
    </Sermon>
    <Sermon>
        <Title>Romans 13:14</Title>
        <Url>http://www.sermonindex.net/modules/mydownloads/visit.php?lid=26820</Url>
        <Speaker>Abigail Miller</Speaker>
        <Length>1.88Mb</Length>
        <Status>NOT_STARTED</Status>
        <isSermonSelected>false</isSermonSelected>
    </Sermon>
    <Sermon>
        <Title>Romans 5:1-2</Title>
        <Url>http://www.sermonindex.net/modules/mydownloads/visit.php?lid=26815</Url>
        <Speaker>Abigail Miller</Speaker>
        <Length>1.74Mb</Length>
        <Status>NOT_STARTED</Status>
        <isSermonSelected>false</isSermonSelected>
    </Sermon>
    <Sermon>
        <Title>Romans 6:23</Title>
        <Url>http://www.sermonindex.net/modules/mydownloads/visit.php?lid=26816</Url>
        <Speaker>Abigail Miller</Speaker>
        <Length>1.69Mb</Length>
        <Status>NOT_STARTED</Status>
        <isSermonSelected>false</isSermonSelected>
    </Sermon>
    <Sermon>
        <Title>Romans 8:13</Title>
        <Url>http://www.sermonindex.net/modules/mydownloads/visit.php?lid=26817</Url>
        <Speaker>Abigail Miller</Speaker>
        <Length>2.02Mb</Length>
        <Status>NOT_STARTED</Status>
        <isSermonSelected>false</isSermonSelected>
    </Sermon>
    <Sermon>
        <Title>Song of Songs 5:16b</Title>
        <Url>http://www.sermonindex.net/modules/mydownloads/visit.php?lid=26778</Url>
        <Speaker>Abigail Miller</Speaker>
        <Length>1.89Mb</Length>
        <Status>NOT_STARTED</Status>
        <isSermonSelected>false</isSermonSelected>
    </Sermon>
    <Sermon>
        <Title>Uriah</Title>
        <Url>http://www.sermonindex.net/modules/mydownloads/visit.php?lid=16614</Url>
        <Speaker>Abigail Miller</Speaker>
        <Length>3.4Mb</Length>
        <Status>NOT_STARTED</Status>
        <isSermonSelected>false</isSermonSelected>
    </Sermon>
</Sermons>
