<?xml version="1.0" encoding="UTF-8" standalone="yes"?>
<Sermons>
    <Sermon>
        <Title>Are You Washed In The Blood</Title>
        <Url>http://www.sermonindex.net/modules/mydownloads/visit.php?lid=19211</Url>
        <Speaker>Acapella Singing - My Anchor Holds</Speaker>
        <Length>2.45Mb</Length>
        <Status>NOT_STARTED</Status>
        <isSermonSelected>false</isSermonSelected>
    </Sermon>
    <Sermon>
        <Title>Come, Gracious Spirit</Title>
        <Url>http://www.sermonindex.net/modules/mydownloads/visit.php?lid=19208</Url>
        <Speaker>Acapella Singing - My Anchor Holds</Speaker>
        <Length>4.32Mb</Length>
        <Status>NOT_STARTED</Status>
        <isSermonSelected>false</isSermonSelected>
    </Sermon>
    <Sermon>
        <Title>Come, Ye Disconsolate</Title>
        <Url>http://www.sermonindex.net/modules/mydownloads/visit.php?lid=19215</Url>
        <Speaker>Acapella Singing - My Anchor Holds</Speaker>
        <Length>2.53Mb</Length>
        <Status>NOT_STARTED</Status>
        <isSermonSelected>false</isSermonSelected>
    </Sermon>
    <Sermon>
        <Title>I Know That My Redeemer Lives</Title>
        <Url>http://www.sermonindex.net/modules/mydownloads/visit.php?lid=19209</Url>
        <Speaker>Acapella Singing - My Anchor Holds</Speaker>
        <Length>2.36Mb</Length>
        <Status>NOT_STARTED</Status>
        <isSermonSelected>false</isSermonSelected>
    </Sermon>
    <Sermon>
        <Title>My Anchor Holds</Title>
        <Url>http://www.sermonindex.net/modules/mydownloads/visit.php?lid=19207</Url>
        <Speaker>Acapella Singing - My Anchor Holds</Speaker>
        <Length>2.6Mb</Length>
        <Status>NOT_STARTED</Status>
        <isSermonSelected>false</isSermonSelected>
    </Sermon>
    <Sermon>
        <Title>No, Not One</Title>
        <Url>http://www.sermonindex.net/modules/mydownloads/visit.php?lid=19212</Url>
        <Speaker>Acapella Singing - My Anchor Holds</Speaker>
        <Length>2.27Mb</Length>
        <Status>NOT_STARTED</Status>
        <isSermonSelected>false</isSermonSelected>
    </Sermon>
    <Sermon>
        <Title>O God, Our Help</Title>
        <Url>http://www.sermonindex.net/modules/mydownloads/visit.php?lid=19214</Url>
        <Speaker>Acapella Singing - My Anchor Holds</Speaker>
        <Length>2.29Mb</Length>
        <Status>NOT_STARTED</Status>
        <isSermonSelected>false</isSermonSelected>
    </Sermon>
    <Sermon>
        <Title>Rock Of Ages</Title>
        <Url>http://www.sermonindex.net/modules/mydownloads/visit.php?lid=19210</Url>
        <Speaker>Acapella Singing - My Anchor Holds</Speaker>
        <Length>2.33Mb</Length>
        <Status>NOT_STARTED</Status>
        <isSermonSelected>false</isSermonSelected>
    </Sermon>
    <Sermon>
        <Title>Tell Me The Old, Old Story</Title>
        <Url>http://www.sermonindex.net/modules/mydownloads/visit.php?lid=19213</Url>
        <Speaker>Acapella Singing - My Anchor Holds</Speaker>
        <Length>3.43Mb</Length>
        <Status>NOT_STARTED</Status>
        <isSermonSelected>false</isSermonSelected>
    </Sermon>
    <Sermon>
        <Title>The Comforter Has Come</Title>
        <Url>http://www.sermonindex.net/modules/mydownloads/visit.php?lid=19217</Url>
        <Speaker>Acapella Singing - My Anchor Holds</Speaker>
        <Length>4.4Mb</Length>
        <Status>NOT_STARTED</Status>
        <isSermonSelected>false</isSermonSelected>
    </Sermon>
    <Sermon>
        <Title>The Lord's My Shepard</Title>
        <Url>http://www.sermonindex.net/modules/mydownloads/visit.php?lid=19216</Url>
        <Speaker>Acapella Singing - My Anchor Holds</Speaker>
        <Length>3.03Mb</Length>
        <Status>NOT_STARTED</Status>
        <isSermonSelected>false</isSermonSelected>
    </Sermon>
    <Sermon>
        <Title>We'll All Be There</Title>
        <Url>http://www.sermonindex.net/modules/mydownloads/visit.php?lid=19218</Url>
        <Speaker>Acapella Singing - My Anchor Holds</Speaker>
        <Length>2.15Mb</Length>
        <Status>NOT_STARTED</Status>
        <isSermonSelected>false</isSermonSelected>
    </Sermon>
    <Sermon>
        <Title>Where He Leads I'll Follow</Title>
        <Url>http://www.sermonindex.net/modules/mydownloads/visit.php?lid=19206</Url>
        <Speaker>Acapella Singing - My Anchor Holds</Speaker>
        <Length>2.51Mb</Length>
        <Status>NOT_STARTED</Status>
        <isSermonSelected>false</isSermonSelected>
    </Sermon>
</Sermons>
