<?xml version="1.0" encoding="UTF-8" standalone="yes"?>
<Sermons>
    <Sermon>
        <Title>(Second Coming of Christ) 01 The King is Coming</Title>
        <Url>http://www.sermonindex.net/modules/mydownloads/visit.php?lid=24702</Url>
        <Speaker>Aeron Morgan</Speaker>
        <Length>10.33Mb</Length>
        <Status>NOT_STARTED</Status>
        <isSermonSelected>false</isSermonSelected>
    </Sermon>
    <Sermon>
        <Title>(Second Coming of Christ) 02 The Rapture of the Church</Title>
        <Url>http://www.sermonindex.net/modules/mydownloads/visit.php?lid=24703</Url>
        <Speaker>Aeron Morgan</Speaker>
        <Length>10.51Mb</Length>
        <Status>NOT_STARTED</Status>
        <isSermonSelected>false</isSermonSelected>
    </Sermon>
    <Sermon>
        <Title>(Second Coming of Christ) 03 What on earth will happen when the Church is gone</Title>
        <Url>http://www.sermonindex.net/modules/mydownloads/visit.php?lid=24704</Url>
        <Speaker>Aeron Morgan</Speaker>
        <Length>11.97Mb</Length>
        <Status>NOT_STARTED</Status>
        <isSermonSelected>false</isSermonSelected>
    </Sermon>
    <Sermon>
        <Title>(Second Coming of Christ) 04 An Agreement with Hell</Title>
        <Url>http://www.sermonindex.net/modules/mydownloads/visit.php?lid=24705</Url>
        <Speaker>Aeron Morgan</Speaker>
        <Length>10.5Mb</Length>
        <Status>NOT_STARTED</Status>
        <isSermonSelected>false</isSermonSelected>
    </Sermon>
    <Sermon>
        <Title>(Second Coming of Christ) 05 An Agreement with Hell</Title>
        <Url>http://www.sermonindex.net/modules/mydownloads/visit.php?lid=24706</Url>
        <Speaker>Aeron Morgan</Speaker>
        <Length>12.4Mb</Length>
        <Status>NOT_STARTED</Status>
        <isSermonSelected>false</isSermonSelected>
    </Sermon>
    <Sermon>
        <Title>(Second Coming of Christ) 06 Universal Admiration for the Devil</Title>
        <Url>http://www.sermonindex.net/modules/mydownloads/visit.php?lid=24707</Url>
        <Speaker>Aeron Morgan</Speaker>
        <Length>12.44Mb</Length>
        <Status>NOT_STARTED</Status>
        <isSermonSelected>false</isSermonSelected>
    </Sermon>
    <Sermon>
        <Title>(Second Coming of Christ) 07 The Day Christians stand before Jesus</Title>
        <Url>http://www.sermonindex.net/modules/mydownloads/visit.php?lid=24708</Url>
        <Speaker>Aeron Morgan</Speaker>
        <Length>10.75Mb</Length>
        <Status>NOT_STARTED</Status>
        <isSermonSelected>false</isSermonSelected>
    </Sermon>
    <Sermon>
        <Title>(Second Coming of Christ) 08 When the Examination is all over</Title>
        <Url>http://www.sermonindex.net/modules/mydownloads/visit.php?lid=24709</Url>
        <Speaker>Aeron Morgan</Speaker>
        <Length>10.35Mb</Length>
        <Status>NOT_STARTED</Status>
        <isSermonSelected>false</isSermonSelected>
    </Sermon>
    <Sermon>
        <Title>(Second Coming of Christ) 09 An Invasion from Outer Space</Title>
        <Url>http://www.sermonindex.net/modules/mydownloads/visit.php?lid=24710</Url>
        <Speaker>Aeron Morgan</Speaker>
        <Length>11Mb</Length>
        <Status>NOT_STARTED</Status>
        <isSermonSelected>false</isSermonSelected>
    </Sermon>
    <Sermon>
        <Title>(Second Coming of Christ) 10 The Supper of the Great God</Title>
        <Url>http://www.sermonindex.net/modules/mydownloads/visit.php?lid=24711</Url>
        <Speaker>Aeron Morgan</Speaker>
        <Length>8.65Mb</Length>
        <Status>NOT_STARTED</Status>
        <isSermonSelected>false</isSermonSelected>
    </Sermon>
    <Sermon>
        <Title>(Second Coming of Christ) 11 A Final Assize and a Final Abode</Title>
        <Url>http://www.sermonindex.net/modules/mydownloads/visit.php?lid=24712</Url>
        <Speaker>Aeron Morgan</Speaker>
        <Length>10.22Mb</Length>
        <Status>NOT_STARTED</Status>
        <isSermonSelected>false</isSermonSelected>
    </Sermon>
    <Sermon>
        <Title>(Second Coming of Christ) 12 A Brand New City for the Bride</Title>
        <Url>http://www.sermonindex.net/modules/mydownloads/visit.php?lid=24713</Url>
        <Speaker>Aeron Morgan</Speaker>
        <Length>10.31Mb</Length>
        <Status>NOT_STARTED</Status>
        <isSermonSelected>false</isSermonSelected>
    </Sermon>
    <Sermon>
        <Title>(Second Coming of Christ) 13 The Glory of the New Jerusalem</Title>
        <Url>http://www.sermonindex.net/modules/mydownloads/visit.php?lid=24714</Url>
        <Speaker>Aeron Morgan</Speaker>
        <Length>13Mb</Length>
        <Status>NOT_STARTED</Status>
        <isSermonSelected>false</isSermonSelected>
    </Sermon>
    <Sermon>
        <Title>(Second Coming of Christ) 15 The Delights of the Paradise of God</Title>
        <Url>http://www.sermonindex.net/modules/mydownloads/visit.php?lid=24716</Url>
        <Speaker>Aeron Morgan</Speaker>
        <Length>11.85Mb</Length>
        <Status>NOT_STARTED</Status>
        <isSermonSelected>false</isSermonSelected>
    </Sermon>
    <Sermon>
        <Title>(Second Coming of Christ) 16 The Only New World Order to Come</Title>
        <Url>http://www.sermonindex.net/modules/mydownloads/visit.php?lid=24717</Url>
        <Speaker>Aeron Morgan</Speaker>
        <Length>9.15Mb</Length>
        <Status>NOT_STARTED</Status>
        <isSermonSelected>false</isSermonSelected>
    </Sermon>
    <Sermon>
        <Title>Man's Chief End to Glorify God</Title>
        <Url>http://www.sermonindex.net/modules/mydownloads/visit.php?lid=19866</Url>
        <Speaker>Aeron Morgan</Speaker>
        <Length>9.52Mb</Length>
        <Status>NOT_STARTED</Status>
        <isSermonSelected>false</isSermonSelected>
    </Sermon>
    <Sermon>
        <Title>Second Coming of Christ_Pt 14 When time shall be no more</Title>
        <Url>http://www.sermonindex.net/modules/mydownloads/visit.php?lid=24715</Url>
        <Speaker>Aeron Morgan</Speaker>
        <Length>13.25Mb</Length>
        <Status>NOT_STARTED</Status>
        <isSermonSelected>false</isSermonSelected>
    </Sermon>
    <Sermon>
        <Title>The All-Sufficiency of El Shaddai</Title>
        <Url>http://www.sermonindex.net/modules/mydownloads/visit.php?lid=19869</Url>
        <Speaker>Aeron Morgan</Speaker>
        <Length>11.02Mb</Length>
        <Status>NOT_STARTED</Status>
        <isSermonSelected>false</isSermonSelected>
    </Sermon>
    <Sermon>
        <Title>The Calmness Of The Trusting Believer Pt 1</Title>
        <Url>http://www.sermonindex.net/modules/mydownloads/visit.php?lid=11913</Url>
        <Speaker>Aeron Morgan</Speaker>
        <Length>7.08Mb</Length>
        <Status>NOT_STARTED</Status>
        <isSermonSelected>false</isSermonSelected>
    </Sermon>
    <Sermon>
        <Title>The Calmness Of The Trusting Believer Pt 2</Title>
        <Url>http://www.sermonindex.net/modules/mydownloads/visit.php?lid=11910</Url>
        <Speaker>Aeron Morgan</Speaker>
        <Length>42.77Mb</Length>
        <Status>NOT_STARTED</Status>
        <isSermonSelected>false</isSermonSelected>
    </Sermon>
    <Sermon>
        <Title>The Faithfulness of Elohim &amp; Jehovah</Title>
        <Url>http://www.sermonindex.net/modules/mydownloads/visit.php?lid=19870</Url>
        <Speaker>Aeron Morgan</Speaker>
        <Length>12.64Mb</Length>
        <Status>NOT_STARTED</Status>
        <isSermonSelected>false</isSermonSelected>
    </Sermon>
    <Sermon>
        <Title>The God of Glory - No Threat to His Children</Title>
        <Url>http://www.sermonindex.net/modules/mydownloads/visit.php?lid=19865</Url>
        <Speaker>Aeron Morgan</Speaker>
        <Length>13.18Mb</Length>
        <Status>NOT_STARTED</Status>
        <isSermonSelected>false</isSermonSelected>
    </Sermon>
    <Sermon>
        <Title>The God of Glory - The Delights of an Awakened Heart</Title>
        <Url>http://www.sermonindex.net/modules/mydownloads/visit.php?lid=19868</Url>
        <Speaker>Aeron Morgan</Speaker>
        <Length>12.27Mb</Length>
        <Status>NOT_STARTED</Status>
        <isSermonSelected>false</isSermonSelected>
    </Sermon>
    <Sermon>
        <Title>The God of Glory - Worship in the Strangest Place</Title>
        <Url>http://www.sermonindex.net/modules/mydownloads/visit.php?lid=19862</Url>
        <Speaker>Aeron Morgan</Speaker>
        <Length>11.94Mb</Length>
        <Status>NOT_STARTED</Status>
        <isSermonSelected>false</isSermonSelected>
    </Sermon>
    <Sermon>
        <Title>The Importance of Knowing God</Title>
        <Url>http://www.sermonindex.net/modules/mydownloads/visit.php?lid=19867</Url>
        <Speaker>Aeron Morgan</Speaker>
        <Length>9.79Mb</Length>
        <Status>NOT_STARTED</Status>
        <isSermonSelected>false</isSermonSelected>
    </Sermon>
    <Sermon>
        <Title>The Majesty of God's Holiness</Title>
        <Url>http://www.sermonindex.net/modules/mydownloads/visit.php?lid=19864</Url>
        <Speaker>Aeron Morgan</Speaker>
        <Length>12.91Mb</Length>
        <Status>NOT_STARTED</Status>
        <isSermonSelected>false</isSermonSelected>
    </Sermon>
    <Sermon>
        <Title>The Transcendence of El Elyon</Title>
        <Url>http://www.sermonindex.net/modules/mydownloads/visit.php?lid=19863</Url>
        <Speaker>Aeron Morgan</Speaker>
        <Length>9.92Mb</Length>
        <Status>NOT_STARTED</Status>
        <isSermonSelected>false</isSermonSelected>
    </Sermon>
</Sermons>
