<?xml version="1.0" encoding="UTF-8" standalone="yes"?>
<Sermons>
    <Sermon>
        <Title>Amazing Grace</Title>
        <Url>http://www.sermonindex.net/modules/mydownloads/visit.php?lid=16946</Url>
        <Speaker>Aileen Gilchrist</Speaker>
        <Length>5.72Mb</Length>
        <Status>NOT_STARTED</Status>
        <isSermonSelected>false</isSermonSelected>
    </Sermon>
    <Sermon>
        <Title>Be Thou My Vision</Title>
        <Url>http://www.sermonindex.net/modules/mydownloads/visit.php?lid=16945</Url>
        <Speaker>Aileen Gilchrist</Speaker>
        <Length>5.86Mb</Length>
        <Status>NOT_STARTED</Status>
        <isSermonSelected>false</isSermonSelected>
    </Sermon>
    <Sermon>
        <Title>Come Draw Near To God</Title>
        <Url>http://www.sermonindex.net/modules/mydownloads/visit.php?lid=16942</Url>
        <Speaker>Aileen Gilchrist</Speaker>
        <Length>4.61Mb</Length>
        <Status>NOT_STARTED</Status>
        <isSermonSelected>false</isSermonSelected>
    </Sermon>
    <Sermon>
        <Title>Here Is Love</Title>
        <Url>http://www.sermonindex.net/modules/mydownloads/visit.php?lid=16941</Url>
        <Speaker>Aileen Gilchrist</Speaker>
        <Length>4.92Mb</Length>
        <Status>NOT_STARTED</Status>
        <isSermonSelected>false</isSermonSelected>
    </Sermon>
    <Sermon>
        <Title>How Sweet The Name</Title>
        <Url>http://www.sermonindex.net/modules/mydownloads/visit.php?lid=16943</Url>
        <Speaker>Aileen Gilchrist</Speaker>
        <Length>4.87Mb</Length>
        <Status>NOT_STARTED</Status>
        <isSermonSelected>false</isSermonSelected>
    </Sermon>
    <Sermon>
        <Title>I See Jesus</Title>
        <Url>http://www.sermonindex.net/modules/mydownloads/visit.php?lid=16944</Url>
        <Speaker>Aileen Gilchrist</Speaker>
        <Length>4.97Mb</Length>
        <Status>NOT_STARTED</Status>
        <isSermonSelected>false</isSermonSelected>
    </Sermon>
    <Sermon>
        <Title>The Lord's My Shepherd</Title>
        <Url>http://www.sermonindex.net/modules/mydownloads/visit.php?lid=16971</Url>
        <Speaker>Aileen Gilchrist</Speaker>
        <Length>7.02Mb</Length>
        <Status>NOT_STARTED</Status>
        <isSermonSelected>false</isSermonSelected>
    </Sermon>
</Sermons>
