<?xml version="1.0" encoding="UTF-8" standalone="yes"?>
<Sermons>
    <Sermon>
        <Title>A Carnival Near Hell!</Title>
        <Url>http://www.sermonindex.net/modules/mydownloads/visit.php?lid=18932</Url>
        <Speaker>Alan Bartley</Speaker>
        <Length>9.09Mb</Length>
        <Status>ALREADY_DONE</Status>
        <isSermonSelected>false</isSermonSelected>
    </Sermon>
    <Sermon>
        <Title>Revival!</Title>
        <Url>http://www.sermonindex.net/modules/mydownloads/visit.php?lid=18929</Url>
        <Speaker>Alan Bartley</Speaker>
        <Length>7.93Mb</Length>
        <Status>NOT_STARTED</Status>
        <isSermonSelected>false</isSermonSelected>
    </Sermon>
    <Sermon>
        <Title>The Great Judgement</Title>
        <Url>http://www.sermonindex.net/modules/mydownloads/visit.php?lid=18931</Url>
        <Speaker>Alan Bartley</Speaker>
        <Length>5.83Mb</Length>
        <Status>NOT_STARTED</Status>
        <isSermonSelected>false</isSermonSelected>
    </Sermon>
    <Sermon>
        <Title>When do we need revival?</Title>
        <Url>http://www.sermonindex.net/modules/mydownloads/visit.php?lid=18928</Url>
        <Speaker>Alan Bartley</Speaker>
        <Length>5.53Mb</Length>
        <Status>NOT_STARTED</Status>
        <isSermonSelected>false</isSermonSelected>
    </Sermon>
    <Sermon>
        <Title>Ye Must Be Born Again</Title>
        <Url>http://www.sermonindex.net/modules/mydownloads/visit.php?lid=18930</Url>
        <Speaker>Alan Bartley</Speaker>
        <Length>7.36Mb</Length>
        <Status>NOT_STARTED</Status>
        <isSermonSelected>false</isSermonSelected>
    </Sermon>
</Sermons>
