<?xml version="1.0" encoding="UTF-8" standalone="yes"?>
<Sermons>
    <Sermon>
        <Title>Principles Of Godly Music</Title>
        <Url>http://www.sermonindex.net/modules/mydownloads/visit.php?lid=18653</Url>
        <Speaker>Alan Ives</Speaker>
        <Length>22.86Mb</Length>
        <Status>ALREADY_DONE</Status>
        <isSermonSelected>false</isSermonSelected>
    </Sermon>
    <Sermon>
        <Title>The Difference Between Chants and Music</Title>
        <Url>http://www.sermonindex.net/modules/mydownloads/visit.php?lid=18654</Url>
        <Speaker>Alan Ives</Speaker>
        <Length>18.69Mb</Length>
        <Status>ALREADY_DONE</Status>
        <isSermonSelected>false</isSermonSelected>
    </Sermon>
    <Sermon>
        <Title>The History Of Rock - Part 1</Title>
        <Url>http://www.sermonindex.net/modules/mydownloads/visit.php?lid=18650</Url>
        <Speaker>Alan Ives</Speaker>
        <Length>29.57Mb</Length>
        <Status>ALREADY_DONE</Status>
        <isSermonSelected>false</isSermonSelected>
    </Sermon>
    <Sermon>
        <Title>The History Of Rock - Part 2</Title>
        <Url>http://www.sermonindex.net/modules/mydownloads/visit.php?lid=18651</Url>
        <Speaker>Alan Ives</Speaker>
        <Length>26.78Mb</Length>
        <Status>ALREADY_DONE</Status>
        <isSermonSelected>false</isSermonSelected>
    </Sermon>
    <Sermon>
        <Title>What is Worship</Title>
        <Url>http://www.sermonindex.net/modules/mydownloads/visit.php?lid=18655</Url>
        <Speaker>Alan Ives</Speaker>
        <Length>20.86Mb</Length>
        <Status>ALREADY_DONE</Status>
        <isSermonSelected>false</isSermonSelected>
    </Sermon>
    <Sermon>
        <Title>Your Purpose In Life</Title>
        <Url>http://www.sermonindex.net/modules/mydownloads/visit.php?lid=18652</Url>
        <Speaker>Alan Ives</Speaker>
        <Length>10.11Mb</Length>
        <Status>ALREADY_DONE</Status>
        <isSermonSelected>false</isSermonSelected>
    </Sermon>
</Sermons>
