<?xml version="1.0" encoding="UTF-8" standalone="yes"?>
<Sermons>
    <Sermon>
        <Title>Christ in the Offering - Part 1</Title>
        <Url>http://www.sermonindex.net/modules/mydownloads/visit.php?lid=23183</Url>
        <Speaker>Albert Leckie</Speaker>
        <Length>10.09Mb</Length>
        <Status>NOT_STARTED</Status>
        <isSermonSelected>false</isSermonSelected>
    </Sermon>
    <Sermon>
        <Title>Christ in the Offering - Part 2</Title>
        <Url>http://www.sermonindex.net/modules/mydownloads/visit.php?lid=23182</Url>
        <Speaker>Albert Leckie</Speaker>
        <Length>10.04Mb</Length>
        <Status>NOT_STARTED</Status>
        <isSermonSelected>false</isSermonSelected>
    </Sermon>
    <Sermon>
        <Title>Christ in the Offering - Part 3</Title>
        <Url>http://www.sermonindex.net/modules/mydownloads/visit.php?lid=23181</Url>
        <Speaker>Albert Leckie</Speaker>
        <Length>9.52Mb</Length>
        <Status>NOT_STARTED</Status>
        <isSermonSelected>false</isSermonSelected>
    </Sermon>
    <Sermon>
        <Title>Kingdom Parables</Title>
        <Url>http://www.sermonindex.net/modules/mydownloads/visit.php?lid=23180</Url>
        <Speaker>Albert Leckie</Speaker>
        <Length>9.82Mb</Length>
        <Status>NOT_STARTED</Status>
        <isSermonSelected>false</isSermonSelected>
    </Sermon>
    <Sermon>
        <Title>The Consummation of the Ages</Title>
        <Url>http://www.sermonindex.net/modules/mydownloads/visit.php?lid=23179</Url>
        <Speaker>Albert Leckie</Speaker>
        <Length>9.66Mb</Length>
        <Status>NOT_STARTED</Status>
        <isSermonSelected>false</isSermonSelected>
    </Sermon>
    <Sermon>
        <Title>When Christ appears in Glory</Title>
        <Url>http://www.sermonindex.net/modules/mydownloads/visit.php?lid=23178</Url>
        <Speaker>Albert Leckie</Speaker>
        <Length>7.01Mb</Length>
        <Status>NOT_STARTED</Status>
        <isSermonSelected>false</isSermonSelected>
    </Sermon>
</Sermons>
