<?xml version="1.0" encoding="UTF-8" standalone="yes"?>
<Sermons>
    <Sermon>
        <Title>Taking risks with God</Title>
        <Url>http://www.sermonindex.net/modules/mydownloads/visit.php?lid=3460</Url>
        <Speaker>Albu van Eeden</Speaker>
        <Length>17.76Mb</Length>
        <Status>NOT_STARTED</Status>
        <isSermonSelected>false</isSermonSelected>
    </Sermon>
    <Sermon>
        <Title>True Faith</Title>
        <Url>http://www.sermonindex.net/modules/mydownloads/visit.php?lid=3480</Url>
        <Speaker>Albu van Eeden</Speaker>
        <Length>15.83Mb</Length>
        <Status>NOT_STARTED</Status>
        <isSermonSelected>false</isSermonSelected>
    </Sermon>
</Sermons>
