<?xml version="1.0" encoding="UTF-8" standalone="yes"?>
<Sermons>
    <Sermon>
        <Title>Prayer 01 Luke 11:-Teach Us to Pray</Title>
        <Url>http://www.sermonindex.net/modules/mydownloads/visit.php?lid=10490</Url>
        <Speaker>Alden Gannett</Speaker>
        <Length>4.72Mb</Length>
        <Status>NOT_STARTED</Status>
        <isSermonSelected>false</isSermonSelected>
    </Sermon>
    <Sermon>
        <Title>Prayer 02 Luke 11: - Hinderances</Title>
        <Url>http://www.sermonindex.net/modules/mydownloads/visit.php?lid=10491</Url>
        <Speaker>Alden Gannett</Speaker>
        <Length>4.43Mb</Length>
        <Status>NOT_STARTED</Status>
        <isSermonSelected>false</isSermonSelected>
    </Sermon>
    <Sermon>
        <Title>Prayer 03 Praying In The Name</Title>
        <Url>http://www.sermonindex.net/modules/mydownloads/visit.php?lid=10492</Url>
        <Speaker>Alden Gannett</Speaker>
        <Length>4.95Mb</Length>
        <Status>NOT_STARTED</Status>
        <isSermonSelected>false</isSermonSelected>
    </Sermon>
    <Sermon>
        <Title>Prayer 04 Prayer-His Commandment</Title>
        <Url>http://www.sermonindex.net/modules/mydownloads/visit.php?lid=10493</Url>
        <Speaker>Alden Gannett</Speaker>
        <Length>4.52Mb</Length>
        <Status>NOT_STARTED</Status>
        <isSermonSelected>false</isSermonSelected>
    </Sermon>
    <Sermon>
        <Title>Prayer 05 Conditions - Effective Prayer</Title>
        <Url>http://www.sermonindex.net/modules/mydownloads/visit.php?lid=10494</Url>
        <Speaker>Alden Gannett</Speaker>
        <Length>5.6Mb</Length>
        <Status>NOT_STARTED</Status>
        <isSermonSelected>false</isSermonSelected>
    </Sermon>
    <Sermon>
        <Title>Prayer 06 The Prayer Of Faith</Title>
        <Url>http://www.sermonindex.net/modules/mydownloads/visit.php?lid=10495</Url>
        <Speaker>Alden Gannett</Speaker>
        <Length>4.22Mb</Length>
        <Status>NOT_STARTED</Status>
        <isSermonSelected>false</isSermonSelected>
    </Sermon>
    <Sermon>
        <Title>Prayer 07 Example From The Lord</Title>
        <Url>http://www.sermonindex.net/modules/mydownloads/visit.php?lid=10496</Url>
        <Speaker>Alden Gannett</Speaker>
        <Length>4.86Mb</Length>
        <Status>NOT_STARTED</Status>
        <isSermonSelected>false</isSermonSelected>
    </Sermon>
    <Sermon>
        <Title>Prayer 08 Certainty - Answered Prayer</Title>
        <Url>http://www.sermonindex.net/modules/mydownloads/visit.php?lid=10497</Url>
        <Speaker>Alden Gannett</Speaker>
        <Length>5.76Mb</Length>
        <Status>NOT_STARTED</Status>
        <isSermonSelected>false</isSermonSelected>
    </Sermon>
    <Sermon>
        <Title>Studies In Joshua 01 - Faith + Obedience = Success</Title>
        <Url>http://www.sermonindex.net/modules/mydownloads/visit.php?lid=10504</Url>
        <Speaker>Alden Gannett</Speaker>
        <Length>4.73Mb</Length>
        <Status>NOT_STARTED</Status>
        <isSermonSelected>false</isSermonSelected>
    </Sermon>
    <Sermon>
        <Title>Studies In Joshua 02 - Entering The Land</Title>
        <Url>http://www.sermonindex.net/modules/mydownloads/visit.php?lid=10505</Url>
        <Speaker>Alden Gannett</Speaker>
        <Length>4.95Mb</Length>
        <Status>NOT_STARTED</Status>
        <isSermonSelected>false</isSermonSelected>
    </Sermon>
    <Sermon>
        <Title>Studies In Joshua 03 - Conquering The Land</Title>
        <Url>http://www.sermonindex.net/modules/mydownloads/visit.php?lid=10506</Url>
        <Speaker>Alden Gannett</Speaker>
        <Length>5.24Mb</Length>
        <Status>NOT_STARTED</Status>
        <isSermonSelected>false</isSermonSelected>
    </Sermon>
    <Sermon>
        <Title>Studies In Joshua 04 - Dividing The Land</Title>
        <Url>http://www.sermonindex.net/modules/mydownloads/visit.php?lid=10507</Url>
        <Speaker>Alden Gannett</Speaker>
        <Length>5.12Mb</Length>
        <Status>NOT_STARTED</Status>
        <isSermonSelected>false</isSermonSelected>
    </Sermon>
    <Sermon>
        <Title>Studies In The Gospel Of John 01 - The Glory Of God</Title>
        <Url>http://www.sermonindex.net/modules/mydownloads/visit.php?lid=10498</Url>
        <Speaker>Alden Gannett</Speaker>
        <Length>5.85Mb</Length>
        <Status>NOT_STARTED</Status>
        <isSermonSelected>false</isSermonSelected>
    </Sermon>
    <Sermon>
        <Title>Studies In The Gospel Of John 02 - Peter's Denial</Title>
        <Url>http://www.sermonindex.net/modules/mydownloads/visit.php?lid=10499</Url>
        <Speaker>Alden Gannett</Speaker>
        <Length>5.73Mb</Length>
        <Status>NOT_STARTED</Status>
        <isSermonSelected>false</isSermonSelected>
    </Sermon>
    <Sermon>
        <Title>Studies In The Gospel Of John 03 - I Am The Way</Title>
        <Url>http://www.sermonindex.net/modules/mydownloads/visit.php?lid=10500</Url>
        <Speaker>Alden Gannett</Speaker>
        <Length>5.88Mb</Length>
        <Status>NOT_STARTED</Status>
        <isSermonSelected>false</isSermonSelected>
    </Sermon>
    <Sermon>
        <Title>Studies In The Gospel Of John 04 - Indwelling Of The Spirit</Title>
        <Url>http://www.sermonindex.net/modules/mydownloads/visit.php?lid=10501</Url>
        <Speaker>Alden Gannett</Speaker>
        <Length>5.24Mb</Length>
        <Status>NOT_STARTED</Status>
        <isSermonSelected>false</isSermonSelected>
    </Sermon>
    <Sermon>
        <Title>Studies In The Gospel Of John 05 - Work Of The Spirit</Title>
        <Url>http://www.sermonindex.net/modules/mydownloads/visit.php?lid=10502</Url>
        <Speaker>Alden Gannett</Speaker>
        <Length>5.54Mb</Length>
        <Status>NOT_STARTED</Status>
        <isSermonSelected>false</isSermonSelected>
    </Sermon>
    <Sermon>
        <Title>Studies In The Gospel Of John 06 - Spirit As A Teacher</Title>
        <Url>http://www.sermonindex.net/modules/mydownloads/visit.php?lid=10503</Url>
        <Speaker>Alden Gannett</Speaker>
        <Length>5.68Mb</Length>
        <Status>NOT_STARTED</Status>
        <isSermonSelected>false</isSermonSelected>
    </Sermon>
    <Sermon>
        <Title>The Spirit 01 - 1 John 1: Grieve Not</Title>
        <Url>http://www.sermonindex.net/modules/mydownloads/visit.php?lid=10508</Url>
        <Speaker>Alden Gannett</Speaker>
        <Length>4.87Mb</Length>
        <Status>NOT_STARTED</Status>
        <isSermonSelected>false</isSermonSelected>
    </Sermon>
    <Sermon>
        <Title>The Spirit 02 - Gen.22: Quench Not</Title>
        <Url>http://www.sermonindex.net/modules/mydownloads/visit.php?lid=10509</Url>
        <Speaker>Alden Gannett</Speaker>
        <Length>4.84Mb</Length>
        <Status>NOT_STARTED</Status>
        <isSermonSelected>false</isSermonSelected>
    </Sermon>
    <Sermon>
        <Title>The Spirit 03 Gen.22: Quench Not</Title>
        <Url>http://www.sermonindex.net/modules/mydownloads/visit.php?lid=10510</Url>
        <Speaker>Alden Gannett</Speaker>
        <Length>3.85Mb</Length>
        <Status>NOT_STARTED</Status>
        <isSermonSelected>false</isSermonSelected>
    </Sermon>
    <Sermon>
        <Title>The Spirit 04 Gen.22: Quench Not</Title>
        <Url>http://www.sermonindex.net/modules/mydownloads/visit.php?lid=10511</Url>
        <Speaker>Alden Gannett</Speaker>
        <Length>4.53Mb</Length>
        <Status>NOT_STARTED</Status>
        <isSermonSelected>false</isSermonSelected>
    </Sermon>
    <Sermon>
        <Title>The Spirit 05 Gen.22: Quench Not</Title>
        <Url>http://www.sermonindex.net/modules/mydownloads/visit.php?lid=10512</Url>
        <Speaker>Alden Gannett</Speaker>
        <Length>5.18Mb</Length>
        <Status>NOT_STARTED</Status>
        <isSermonSelected>false</isSermonSelected>
    </Sermon>
</Sermons>
