<?xml version="1.0" encoding="UTF-8" standalone="yes"?>
<Sermons>
    <Sermon>
        <Title>A Grasp Of The Gospel</Title>
        <Url>http://www.sermonindex.net/modules/mydownloads/visit.php?lid=18692</Url>
        <Speaker>Alistair Begg</Speaker>
        <Length>23.28Mb</Length>
        <Status>NOT_STARTED</Status>
        <isSermonSelected>false</isSermonSelected>
    </Sermon>
    <Sermon>
        <Title>A Warning To Would-Be Teachers</Title>
        <Url>http://www.sermonindex.net/modules/mydownloads/visit.php?lid=21868</Url>
        <Speaker>Alistair Begg</Speaker>
        <Length>3.86Mb</Length>
        <Status>NOT_STARTED</Status>
        <isSermonSelected>false</isSermonSelected>
    </Sermon>
    <Sermon>
        <Title>Above All Things</Title>
        <Url>http://www.sermonindex.net/modules/mydownloads/visit.php?lid=18690</Url>
        <Speaker>Alistair Begg</Speaker>
        <Length>15.83Mb</Length>
        <Status>NOT_STARTED</Status>
        <isSermonSelected>false</isSermonSelected>
    </Sermon>
    <Sermon>
        <Title>Abraham And Rahab</Title>
        <Url>http://www.sermonindex.net/modules/mydownloads/visit.php?lid=21869</Url>
        <Speaker>Alistair Begg</Speaker>
        <Length>4.06Mb</Length>
        <Status>NOT_STARTED</Status>
        <isSermonSelected>false</isSermonSelected>
    </Sermon>
    <Sermon>
        <Title>Abraham And Rehab</Title>
        <Url>http://www.sermonindex.net/modules/mydownloads/visit.php?lid=18698</Url>
        <Speaker>Alistair Begg</Speaker>
        <Length>16.05Mb</Length>
        <Status>NOT_STARTED</Status>
        <isSermonSelected>false</isSermonSelected>
    </Sermon>
    <Sermon>
        <Title>Abraham To The Rescue</Title>
        <Url>http://www.sermonindex.net/modules/mydownloads/visit.php?lid=18697</Url>
        <Speaker>Alistair Begg</Speaker>
        <Length>19.99Mb</Length>
        <Status>NOT_STARTED</Status>
        <isSermonSelected>false</isSermonSelected>
    </Sermon>
    <Sermon>
        <Title>Against All Odds</Title>
        <Url>http://www.sermonindex.net/modules/mydownloads/visit.php?lid=18696</Url>
        <Speaker>Alistair Begg</Speaker>
        <Length>19.09Mb</Length>
        <Status>NOT_STARTED</Status>
        <isSermonSelected>false</isSermonSelected>
    </Sermon>
    <Sermon>
        <Title>All In A Days Work</Title>
        <Url>http://www.sermonindex.net/modules/mydownloads/visit.php?lid=18703</Url>
        <Speaker>Alistair Begg</Speaker>
        <Length>20.25Mb</Length>
        <Status>NOT_STARTED</Status>
        <isSermonSelected>false</isSermonSelected>
    </Sermon>
    <Sermon>
        <Title>All The Lonely People</Title>
        <Url>http://www.sermonindex.net/modules/mydownloads/visit.php?lid=18704</Url>
        <Speaker>Alistair Begg</Speaker>
        <Length>16.86Mb</Length>
        <Status>NOT_STARTED</Status>
        <isSermonSelected>false</isSermonSelected>
    </Sermon>
    <Sermon>
        <Title>Am I Committed?</Title>
        <Url>http://www.sermonindex.net/modules/mydownloads/visit.php?lid=18705</Url>
        <Speaker>Alistair Begg</Speaker>
        <Length>15.99Mb</Length>
        <Status>NOT_STARTED</Status>
        <isSermonSelected>false</isSermonSelected>
    </Sermon>
    <Sermon>
        <Title>Amazing Grace</Title>
        <Url>http://www.sermonindex.net/modules/mydownloads/visit.php?lid=18707</Url>
        <Speaker>Alistair Begg</Speaker>
        <Length>14.25Mb</Length>
        <Status>NOT_STARTED</Status>
        <isSermonSelected>false</isSermonSelected>
    </Sermon>
    <Sermon>
        <Title>Are We Blind Too?</Title>
        <Url>http://www.sermonindex.net/modules/mydownloads/visit.php?lid=18709</Url>
        <Speaker>Alistair Begg</Speaker>
        <Length>17.83Mb</Length>
        <Status>NOT_STARTED</Status>
        <isSermonSelected>false</isSermonSelected>
    </Sermon>
    <Sermon>
        <Title>Are We Up To The Job Of Evangelism?</Title>
        <Url>http://www.sermonindex.net/modules/mydownloads/visit.php?lid=18706</Url>
        <Speaker>Alistair Begg</Speaker>
        <Length>13.16Mb</Length>
        <Status>NOT_STARTED</Status>
        <isSermonSelected>false</isSermonSelected>
    </Sermon>
    <Sermon>
        <Title>Asking God For Wisdom</Title>
        <Url>http://www.sermonindex.net/modules/mydownloads/visit.php?lid=18710</Url>
        <Speaker>Alistair Begg</Speaker>
        <Length>17.58Mb</Length>
        <Status>NOT_STARTED</Status>
        <isSermonSelected>false</isSermonSelected>
    </Sermon>
    <Sermon>
        <Title>At Stake The Truth Of The Gospel</Title>
        <Url>http://www.sermonindex.net/modules/mydownloads/visit.php?lid=18702</Url>
        <Speaker>Alistair Begg</Speaker>
        <Length>9.66Mb</Length>
        <Status>NOT_STARTED</Status>
        <isSermonSelected>false</isSermonSelected>
    </Sermon>
    <Sermon>
        <Title>Authentic Christianity</Title>
        <Url>http://www.sermonindex.net/modules/mydownloads/visit.php?lid=18711</Url>
        <Speaker>Alistair Begg</Speaker>
        <Length>11.01Mb</Length>
        <Status>NOT_STARTED</Status>
        <isSermonSelected>false</isSermonSelected>
    </Sermon>
    <Sermon>
        <Title>Basic Christianity</Title>
        <Url>http://www.sermonindex.net/modules/mydownloads/visit.php?lid=18694</Url>
        <Speaker>Alistair Begg</Speaker>
        <Length>13.91Mb</Length>
        <Status>NOT_STARTED</Status>
        <isSermonSelected>false</isSermonSelected>
    </Sermon>
    <Sermon>
        <Title>Be Careful How You Live</Title>
        <Url>http://www.sermonindex.net/modules/mydownloads/visit.php?lid=18714</Url>
        <Speaker>Alistair Begg</Speaker>
        <Length>21.3Mb</Length>
        <Status>NOT_STARTED</Status>
        <isSermonSelected>false</isSermonSelected>
    </Sermon>
    <Sermon>
        <Title>Be Patient, The Lord Is Coming - Part 1</Title>
        <Url>http://www.sermonindex.net/modules/mydownloads/visit.php?lid=21853</Url>
        <Speaker>Alistair Begg</Speaker>
        <Length>4.56Mb</Length>
        <Status>NOT_STARTED</Status>
        <isSermonSelected>false</isSermonSelected>
    </Sermon>
    <Sermon>
        <Title>Be Patient, The Lord Is Coming - Part 2</Title>
        <Url>http://www.sermonindex.net/modules/mydownloads/visit.php?lid=21852</Url>
        <Speaker>Alistair Begg</Speaker>
        <Length>4.75Mb</Length>
        <Status>NOT_STARTED</Status>
        <isSermonSelected>false</isSermonSelected>
    </Sermon>
    <Sermon>
        <Title>Confronting the World</Title>
        <Url>http://www.sermonindex.net/modules/mydownloads/visit.php?lid=16779</Url>
        <Speaker>Alistair Begg</Speaker>
        <Length>10.69Mb</Length>
        <Status>NOT_STARTED</Status>
        <isSermonSelected>false</isSermonSelected>
    </Sermon>
    <Sermon>
        <Title>Faith: True Or False?</Title>
        <Url>http://www.sermonindex.net/modules/mydownloads/visit.php?lid=21870</Url>
        <Speaker>Alistair Begg</Speaker>
        <Length>4.35Mb</Length>
        <Status>NOT_STARTED</Status>
        <isSermonSelected>false</isSermonSelected>
    </Sermon>
    <Sermon>
        <Title>False Faith</Title>
        <Url>http://www.sermonindex.net/modules/mydownloads/visit.php?lid=21871</Url>
        <Speaker>Alistair Begg</Speaker>
        <Length>4.36Mb</Length>
        <Status>NOT_STARTED</Status>
        <isSermonSelected>false</isSermonSelected>
    </Sermon>
    <Sermon>
        <Title>Father</Title>
        <Url>http://www.sermonindex.net/modules/mydownloads/visit.php?lid=18695</Url>
        <Speaker>Alistair Begg</Speaker>
        <Length>10.08Mb</Length>
        <Status>NOT_STARTED</Status>
        <isSermonSelected>false</isSermonSelected>
    </Sermon>
    <Sermon>
        <Title>Favouritism - Part 1</Title>
        <Url>http://www.sermonindex.net/modules/mydownloads/visit.php?lid=21874</Url>
        <Speaker>Alistair Begg</Speaker>
        <Length>4.57Mb</Length>
        <Status>NOT_STARTED</Status>
        <isSermonSelected>false</isSermonSelected>
    </Sermon>
    <Sermon>
        <Title>Favouritism - Part 2</Title>
        <Url>http://www.sermonindex.net/modules/mydownloads/visit.php?lid=21873</Url>
        <Speaker>Alistair Begg</Speaker>
        <Length>4.6Mb</Length>
        <Status>NOT_STARTED</Status>
        <isSermonSelected>false</isSermonSelected>
    </Sermon>
    <Sermon>
        <Title>Favouritism - Part 3</Title>
        <Url>http://www.sermonindex.net/modules/mydownloads/visit.php?lid=21872</Url>
        <Speaker>Alistair Begg</Speaker>
        <Length>4.38Mb</Length>
        <Status>NOT_STARTED</Status>
        <isSermonSelected>false</isSermonSelected>
    </Sermon>
    <Sermon>
        <Title>Fights And Quarrels</Title>
        <Url>http://www.sermonindex.net/modules/mydownloads/visit.php?lid=21863</Url>
        <Speaker>Alistair Begg</Speaker>
        <Length>4.95Mb</Length>
        <Status>NOT_STARTED</Status>
        <isSermonSelected>false</isSermonSelected>
    </Sermon>
    <Sermon>
        <Title>Guidelines To Freedom Part 1 - Who Takes First Place?</Title>
        <Url>http://www.sermonindex.net/modules/mydownloads/visit.php?lid=16760</Url>
        <Speaker>Alistair Begg</Speaker>
        <Length>9.25Mb</Length>
        <Status>NOT_STARTED</Status>
        <isSermonSelected>false</isSermonSelected>
    </Sermon>
    <Sermon>
        <Title>Guidelines To Freedom Part 2 - Graven Mistakes</Title>
        <Url>http://www.sermonindex.net/modules/mydownloads/visit.php?lid=16761</Url>
        <Speaker>Alistair Begg</Speaker>
        <Length>10.45Mb</Length>
        <Status>NOT_STARTED</Status>
        <isSermonSelected>false</isSermonSelected>
    </Sermon>
    <Sermon>
        <Title>Guidelines To Freedom Part 3 - What's In A Name</Title>
        <Url>http://www.sermonindex.net/modules/mydownloads/visit.php?lid=16762</Url>
        <Speaker>Alistair Begg</Speaker>
        <Length>21.63Mb</Length>
        <Status>NOT_STARTED</Status>
        <isSermonSelected>false</isSermonSelected>
    </Sermon>
    <Sermon>
        <Title>Guidelines To Freedom Part 4 - Holy Day Or Holiday?</Title>
        <Url>http://www.sermonindex.net/modules/mydownloads/visit.php?lid=16763</Url>
        <Speaker>Alistair Begg</Speaker>
        <Length>8.93Mb</Length>
        <Status>NOT_STARTED</Status>
        <isSermonSelected>false</isSermonSelected>
    </Sermon>
    <Sermon>
        <Title>Guidelines To Freedom Part 5 - Family Life - God's Way</Title>
        <Url>http://www.sermonindex.net/modules/mydownloads/visit.php?lid=16764</Url>
        <Speaker>Alistair Begg</Speaker>
        <Length>9.89Mb</Length>
        <Status>NOT_STARTED</Status>
        <isSermonSelected>false</isSermonSelected>
    </Sermon>
    <Sermon>
        <Title>Guidelines To Freedom Part 6 - Life Is Sacred</Title>
        <Url>http://www.sermonindex.net/modules/mydownloads/visit.php?lid=16765</Url>
        <Speaker>Alistair Begg</Speaker>
        <Length>21.36Mb</Length>
        <Status>NOT_STARTED</Status>
        <isSermonSelected>false</isSermonSelected>
    </Sermon>
    <Sermon>
        <Title>Guidelines To Freedom Part 7 - I Was Only Borrowing It</Title>
        <Url>http://www.sermonindex.net/modules/mydownloads/visit.php?lid=16766</Url>
        <Speaker>Alistair Begg</Speaker>
        <Length>9.37Mb</Length>
        <Status>NOT_STARTED</Status>
        <isSermonSelected>false</isSermonSelected>
    </Sermon>
    <Sermon>
        <Title>Guidelines To Freedom Part 8 - The Truth Matters</Title>
        <Url>http://www.sermonindex.net/modules/mydownloads/visit.php?lid=16767</Url>
        <Speaker>Alistair Begg</Speaker>
        <Length>10.55Mb</Length>
        <Status>NOT_STARTED</Status>
        <isSermonSelected>false</isSermonSelected>
    </Sermon>
    <Sermon>
        <Title>Guidelines To Freedom Part 9 - The Other Man's Grass</Title>
        <Url>http://www.sermonindex.net/modules/mydownloads/visit.php?lid=16768</Url>
        <Speaker>Alistair Begg</Speaker>
        <Length>18.35Mb</Length>
        <Status>NOT_STARTED</Status>
        <isSermonSelected>false</isSermonSelected>
    </Sermon>
    <Sermon>
        <Title>Ill-Gotten Gain - Part 1</Title>
        <Url>http://www.sermonindex.net/modules/mydownloads/visit.php?lid=21855</Url>
        <Speaker>Alistair Begg</Speaker>
        <Length>4.53Mb</Length>
        <Status>NOT_STARTED</Status>
        <isSermonSelected>false</isSermonSelected>
    </Sermon>
    <Sermon>
        <Title>Ill-Gotten Gain - Part 2</Title>
        <Url>http://www.sermonindex.net/modules/mydownloads/visit.php?lid=21854</Url>
        <Speaker>Alistair Begg</Speaker>
        <Length>4.17Mb</Length>
        <Status>NOT_STARTED</Status>
        <isSermonSelected>false</isSermonSelected>
    </Sermon>
    <Sermon>
        <Title>Listen, You Rich Man</Title>
        <Url>http://www.sermonindex.net/modules/mydownloads/visit.php?lid=21856</Url>
        <Speaker>Alistair Begg</Speaker>
        <Length>4.51Mb</Length>
        <Status>NOT_STARTED</Status>
        <isSermonSelected>false</isSermonSelected>
    </Sermon>
    <Sermon>
        <Title>Only One Judge</Title>
        <Url>http://www.sermonindex.net/modules/mydownloads/visit.php?lid=21859</Url>
        <Speaker>Alistair Begg</Speaker>
        <Length>3.87Mb</Length>
        <Status>NOT_STARTED</Status>
        <isSermonSelected>false</isSermonSelected>
    </Sermon>
    <Sermon>
        <Title>Pastor's Conference #3 - Sufficiency Of The Word</Title>
        <Url>http://www.sermonindex.net/modules/mydownloads/visit.php?lid=16757</Url>
        <Speaker>Alistair Begg</Speaker>
        <Length>9.46Mb</Length>
        <Status>NOT_STARTED</Status>
        <isSermonSelected>false</isSermonSelected>
    </Sermon>
    <Sermon>
        <Title>Pastor's Conference #5 - The Pulpit: It's Power &amp; Pitfalls</Title>
        <Url>http://www.sermonindex.net/modules/mydownloads/visit.php?lid=16758</Url>
        <Speaker>Alistair Begg</Speaker>
        <Length>9.06Mb</Length>
        <Status>NOT_STARTED</Status>
        <isSermonSelected>false</isSermonSelected>
    </Sermon>
    <Sermon>
        <Title>Persuasive Preaching - Part 1</Title>
        <Url>http://www.sermonindex.net/modules/mydownloads/visit.php?lid=18700</Url>
        <Speaker>Alistair Begg</Speaker>
        <Length>28.48Mb</Length>
        <Status>NOT_STARTED</Status>
        <isSermonSelected>false</isSermonSelected>
    </Sermon>
    <Sermon>
        <Title>Persuasive Preaching - Part 2</Title>
        <Url>http://www.sermonindex.net/modules/mydownloads/visit.php?lid=18701</Url>
        <Speaker>Alistair Begg</Speaker>
        <Length>29.65Mb</Length>
        <Status>NOT_STARTED</Status>
        <isSermonSelected>false</isSermonSelected>
    </Sermon>
    <Sermon>
        <Title>Planning Properly, - Part 1</Title>
        <Url>http://www.sermonindex.net/modules/mydownloads/visit.php?lid=21858</Url>
        <Speaker>Alistair Begg</Speaker>
        <Length>4.43Mb</Length>
        <Status>NOT_STARTED</Status>
        <isSermonSelected>false</isSermonSelected>
    </Sermon>
    <Sermon>
        <Title>Planning Properly, - Part 2</Title>
        <Url>http://www.sermonindex.net/modules/mydownloads/visit.php?lid=21857</Url>
        <Speaker>Alistair Begg</Speaker>
        <Length>3.93Mb</Length>
        <Status>NOT_STARTED</Status>
        <isSermonSelected>false</isSermonSelected>
    </Sermon>
    <Sermon>
        <Title>Prayer And Praise</Title>
        <Url>http://www.sermonindex.net/modules/mydownloads/visit.php?lid=21850</Url>
        <Speaker>Alistair Begg</Speaker>
        <Length>5.11Mb</Length>
        <Status>NOT_STARTED</Status>
        <isSermonSelected>false</isSermonSelected>
    </Sermon>
    <Sermon>
        <Title>Saying No To Slander</Title>
        <Url>http://www.sermonindex.net/modules/mydownloads/visit.php?lid=21860</Url>
        <Speaker>Alistair Begg</Speaker>
        <Length>5.03Mb</Length>
        <Status>NOT_STARTED</Status>
        <isSermonSelected>false</isSermonSelected>
    </Sermon>
    <Sermon>
        <Title>So Do Not Fear</Title>
        <Url>http://www.sermonindex.net/modules/mydownloads/visit.php?lid=18691</Url>
        <Speaker>Alistair Begg</Speaker>
        <Length>20.06Mb</Length>
        <Status>NOT_STARTED</Status>
        <isSermonSelected>false</isSermonSelected>
    </Sermon>
    <Sermon>
        <Title>Submitting To God - Part 1</Title>
        <Url>http://www.sermonindex.net/modules/mydownloads/visit.php?lid=21862</Url>
        <Speaker>Alistair Begg</Speaker>
        <Length>4.4Mb</Length>
        <Status>NOT_STARTED</Status>
        <isSermonSelected>false</isSermonSelected>
    </Sermon>
    <Sermon>
        <Title>Submitting To God - Part 2</Title>
        <Url>http://www.sermonindex.net/modules/mydownloads/visit.php?lid=21861</Url>
        <Speaker>Alistair Begg</Speaker>
        <Length>3.66Mb</Length>
        <Status>NOT_STARTED</Status>
        <isSermonSelected>false</isSermonSelected>
    </Sermon>
    <Sermon>
        <Title>Such Wisdom</Title>
        <Url>http://www.sermonindex.net/modules/mydownloads/visit.php?lid=21864</Url>
        <Speaker>Alistair Begg</Speaker>
        <Length>4.01Mb</Length>
        <Status>NOT_STARTED</Status>
        <isSermonSelected>false</isSermonSelected>
    </Sermon>
    <Sermon>
        <Title>Telling The Truth</Title>
        <Url>http://www.sermonindex.net/modules/mydownloads/visit.php?lid=21851</Url>
        <Speaker>Alistair Begg</Speaker>
        <Length>4.75Mb</Length>
        <Status>NOT_STARTED</Status>
        <isSermonSelected>false</isSermonSelected>
    </Sermon>
    <Sermon>
        <Title>The Advantage Of Weakness</Title>
        <Url>http://www.sermonindex.net/modules/mydownloads/visit.php?lid=18699</Url>
        <Speaker>Alistair Begg</Speaker>
        <Length>17.81Mb</Length>
        <Status>NOT_STARTED</Status>
        <isSermonSelected>false</isSermonSelected>
    </Sermon>
    <Sermon>
        <Title>The Apostles Teachings</Title>
        <Url>http://www.sermonindex.net/modules/mydownloads/visit.php?lid=18708</Url>
        <Speaker>Alistair Begg</Speaker>
        <Length>18.93Mb</Length>
        <Status>NOT_STARTED</Status>
        <isSermonSelected>false</isSermonSelected>
    </Sermon>
    <Sermon>
        <Title>The Approaching Apostasy</Title>
        <Url>http://www.sermonindex.net/modules/mydownloads/visit.php?lid=18712</Url>
        <Speaker>Alistair Begg</Speaker>
        <Length>33.68Mb</Length>
        <Status>NOT_STARTED</Status>
        <isSermonSelected>false</isSermonSelected>
    </Sermon>
    <Sermon>
        <Title>The Authority Of Jesus</Title>
        <Url>http://www.sermonindex.net/modules/mydownloads/visit.php?lid=18713</Url>
        <Speaker>Alistair Begg</Speaker>
        <Length>21.6Mb</Length>
        <Status>NOT_STARTED</Status>
        <isSermonSelected>false</isSermonSelected>
    </Sermon>
    <Sermon>
        <Title>The Basics Of Expository Preaching</Title>
        <Url>http://www.sermonindex.net/modules/mydownloads/visit.php?lid=18693</Url>
        <Speaker>Alistair Begg</Speaker>
        <Length>13.82Mb</Length>
        <Status>NOT_STARTED</Status>
        <isSermonSelected>false</isSermonSelected>
    </Sermon>
    <Sermon>
        <Title>The Power And Danger Of The Tongue</Title>
        <Url>http://www.sermonindex.net/modules/mydownloads/visit.php?lid=21867</Url>
        <Speaker>Alistair Begg</Speaker>
        <Length>4.16Mb</Length>
        <Status>NOT_STARTED</Status>
        <isSermonSelected>false</isSermonSelected>
    </Sermon>
    <Sermon>
        <Title>The Power Of The Gospel</Title>
        <Url>http://www.sermonindex.net/modules/mydownloads/visit.php?lid=16759</Url>
        <Speaker>Alistair Begg</Speaker>
        <Length>9.99Mb</Length>
        <Status>NOT_STARTED</Status>
        <isSermonSelected>false</isSermonSelected>
    </Sermon>
    <Sermon>
        <Title>The Wisdom From Heaven</Title>
        <Url>http://www.sermonindex.net/modules/mydownloads/visit.php?lid=21865</Url>
        <Speaker>Alistair Begg</Speaker>
        <Length>4.94Mb</Length>
        <Status>NOT_STARTED</Status>
        <isSermonSelected>false</isSermonSelected>
    </Sermon>
    <Sermon>
        <Title>Who Is Wise?</Title>
        <Url>http://www.sermonindex.net/modules/mydownloads/visit.php?lid=21866</Url>
        <Speaker>Alistair Begg</Speaker>
        <Length>4.76Mb</Length>
        <Status>NOT_STARTED</Status>
        <isSermonSelected>false</isSermonSelected>
    </Sermon>
</Sermons>
