<?xml version="1.0" encoding="UTF-8" standalone="yes"?>
<Sermons>
    <Sermon>
        <Title>Christ's Call for Sinners</Title>
        <Url>http://www.sermonindex.net/modules/mydownloads/visit.php?lid=7074</Url>
        <Speaker>Al Martin</Speaker>
        <Length>7.2Mb</Length>
        <Status>NOT_STARTED</Status>
        <isSermonSelected>false</isSermonSelected>
    </Sermon>
    <Sermon>
        <Title>Jesus - the Only way to God?</Title>
        <Url>http://www.sermonindex.net/modules/mydownloads/visit.php?lid=7072</Url>
        <Speaker>Al Martin</Speaker>
        <Length>7.84Mb</Length>
        <Status>NOT_STARTED</Status>
        <isSermonSelected>false</isSermonSelected>
    </Sermon>
    <Sermon>
        <Title>Puritan Evangelism</Title>
        <Url>http://www.sermonindex.net/modules/mydownloads/visit.php?lid=4124</Url>
        <Speaker>Al Martin</Speaker>
        <Length>18.42Mb</Length>
        <Status>NOT_STARTED</Status>
        <isSermonSelected>false</isSermonSelected>
    </Sermon>
    <Sermon>
        <Title>The Great Day of Their Wrath</Title>
        <Url>http://www.sermonindex.net/modules/mydownloads/visit.php?lid=7075</Url>
        <Speaker>Al Martin</Speaker>
        <Length>7.66Mb</Length>
        <Status>NOT_STARTED</Status>
        <isSermonSelected>false</isSermonSelected>
    </Sermon>
    <Sermon>
        <Title>The Way of Forgiveness of Sins</Title>
        <Url>http://www.sermonindex.net/modules/mydownloads/visit.php?lid=7073</Url>
        <Speaker>Al Martin</Speaker>
        <Length>6.24Mb</Length>
        <Status>NOT_STARTED</Status>
        <isSermonSelected>false</isSermonSelected>
    </Sermon>
    <Sermon>
        <Title>Warning To Professing Christians</Title>
        <Url>http://www.sermonindex.net/modules/mydownloads/visit.php?lid=7071</Url>
        <Speaker>Al Martin</Speaker>
        <Length>7.26Mb</Length>
        <Status>NOT_STARTED</Status>
        <isSermonSelected>false</isSermonSelected>
    </Sermon>
</Sermons>
