<?xml version="1.0" encoding="UTF-8" standalone="yes"?>
<Sermons>
    <Sermon>
        <Title>Cling to the Lord</Title>
        <Url>http://www.sermonindex.net/modules/mydownloads/visit.php?lid=16846</Url>
        <Speaker>Alphaus Mdlalose</Speaker>
        <Length>16.57Mb</Length>
        <Status>NOT_STARTED</Status>
        <isSermonSelected>false</isSermonSelected>
    </Sermon>
    <Sermon>
        <Title>Gain the reward</Title>
        <Url>http://www.sermonindex.net/modules/mydownloads/visit.php?lid=16852</Url>
        <Speaker>Alphaus Mdlalose</Speaker>
        <Length>17.39Mb</Length>
        <Status>NOT_STARTED</Status>
        <isSermonSelected>false</isSermonSelected>
    </Sermon>
    <Sermon>
        <Title>Thirsty for God</Title>
        <Url>http://www.sermonindex.net/modules/mydownloads/visit.php?lid=4193</Url>
        <Speaker>Alphaus Mdlalose</Speaker>
        <Length>17.37Mb</Length>
        <Status>NOT_STARTED</Status>
        <isSermonSelected>false</isSermonSelected>
    </Sermon>
</Sermons>
