<?xml version="1.0" encoding="UTF-8" standalone="yes"?>
<Sermons>
    <Sermon>
        <Title>(Covenant Series) 1. David and Jonathan</Title>
        <Url>http://www.sermonindex.net/modules/mydownloads/visit.php?lid=24503</Url>
        <Speaker>Al Whittinghill</Speaker>
        <Length>8.35Mb</Length>
        <Status>NOT_STARTED</Status>
        <isSermonSelected>false</isSermonSelected>
    </Sermon>
    <Sermon>
        <Title>(Covenant Series) 2. Abraham</Title>
        <Url>http://www.sermonindex.net/modules/mydownloads/visit.php?lid=24502</Url>
        <Speaker>Al Whittinghill</Speaker>
        <Length>6.04Mb</Length>
        <Status>NOT_STARTED</Status>
        <isSermonSelected>false</isSermonSelected>
    </Sermon>
    <Sermon>
        <Title>(Covenant Series) 3. Christ Our Passover</Title>
        <Url>http://www.sermonindex.net/modules/mydownloads/visit.php?lid=24501</Url>
        <Speaker>Al Whittinghill</Speaker>
        <Length>6.63Mb</Length>
        <Status>NOT_STARTED</Status>
        <isSermonSelected>false</isSermonSelected>
    </Sermon>
    <Sermon>
        <Title>(Covenant Series) 4. Experiencing the Power &amp; Liberty of the New Covenant</Title>
        <Url>http://www.sermonindex.net/modules/mydownloads/visit.php?lid=24500</Url>
        <Speaker>Al Whittinghill</Speaker>
        <Length>7.93Mb</Length>
        <Status>NOT_STARTED</Status>
        <isSermonSelected>false</isSermonSelected>
    </Sermon>
    <Sermon>
        <Title>(Covenant Series) 5. The Father Reveals the Lamb of God</Title>
        <Url>http://www.sermonindex.net/modules/mydownloads/visit.php?lid=24499</Url>
        <Speaker>Al Whittinghill</Speaker>
        <Length>7.81Mb</Length>
        <Status>NOT_STARTED</Status>
        <isSermonSelected>false</isSermonSelected>
    </Sermon>
    <Sermon>
        <Title>(Covenant Series) 6. The Everlasting Covenant of God - Part 6</Title>
        <Url>http://www.sermonindex.net/modules/mydownloads/visit.php?lid=24498</Url>
        <Speaker>Al Whittinghill</Speaker>
        <Length>7.32Mb</Length>
        <Status>NOT_STARTED</Status>
        <isSermonSelected>false</isSermonSelected>
    </Sermon>
    <Sermon>
        <Title>(Covenant Series) 7. Freedom from The Yoke of Bondage</Title>
        <Url>http://www.sermonindex.net/modules/mydownloads/visit.php?lid=24497</Url>
        <Speaker>Al Whittinghill</Speaker>
        <Length>8.21Mb</Length>
        <Status>NOT_STARTED</Status>
        <isSermonSelected>false</isSermonSelected>
    </Sermon>
    <Sermon>
        <Title>(Covenant Series) 8. What Stands Between You and the Life of Victory</Title>
        <Url>http://www.sermonindex.net/modules/mydownloads/visit.php?lid=24496</Url>
        <Speaker>Al Whittinghill</Speaker>
        <Length>7.17Mb</Length>
        <Status>NOT_STARTED</Status>
        <isSermonSelected>false</isSermonSelected>
    </Sermon>
    <Sermon>
        <Title>A Heart In Harmony With The Throne Of God</Title>
        <Url>http://www.sermonindex.net/modules/mydownloads/visit.php?lid=21900</Url>
        <Speaker>Al Whittinghill</Speaker>
        <Length>5.66Mb</Length>
        <Status>NOT_STARTED</Status>
        <isSermonSelected>false</isSermonSelected>
    </Sermon>
    <Sermon>
        <Title>A Heart in Harmony with the Throne of God</Title>
        <Url>http://www.sermonindex.net/modules/mydownloads/visit.php?lid=24504</Url>
        <Speaker>Al Whittinghill</Speaker>
        <Length>22.82Mb</Length>
        <Status>NOT_STARTED</Status>
        <isSermonSelected>false</isSermonSelected>
    </Sermon>
    <Sermon>
        <Title>A Renewal of the Mind and Thoughts</Title>
        <Url>http://www.sermonindex.net/modules/mydownloads/visit.php?lid=24476</Url>
        <Speaker>Al Whittinghill</Speaker>
        <Length>5.09Mb</Length>
        <Status>NOT_STARTED</Status>
        <isSermonSelected>false</isSermonSelected>
    </Sermon>
    <Sermon>
        <Title>A Serious Look at Saving Faith</Title>
        <Url>http://www.sermonindex.net/modules/mydownloads/visit.php?lid=24477</Url>
        <Speaker>Al Whittinghill</Speaker>
        <Length>7.62Mb</Length>
        <Status>NOT_STARTED</Status>
        <isSermonSelected>false</isSermonSelected>
    </Sermon>
    <Sermon>
        <Title>Acid Test Series 1 of 8 - The Priority of Prayer</Title>
        <Url>http://www.sermonindex.net/modules/mydownloads/visit.php?lid=25971</Url>
        <Speaker>Al Whittinghill</Speaker>
        <Length>7.15Mb</Length>
        <Status>NOT_STARTED</Status>
        <isSermonSelected>false</isSermonSelected>
    </Sermon>
    <Sermon>
        <Title>Acid Test Series 2 of 8 - The Life That Can Pray</Title>
        <Url>http://www.sermonindex.net/modules/mydownloads/visit.php?lid=25970</Url>
        <Speaker>Al Whittinghill</Speaker>
        <Length>6.99Mb</Length>
        <Status>NOT_STARTED</Status>
        <isSermonSelected>false</isSermonSelected>
    </Sermon>
    <Sermon>
        <Title>Acid Test Series 3 of 8 - Learning to Pray Like Jesus</Title>
        <Url>http://www.sermonindex.net/modules/mydownloads/visit.php?lid=25969</Url>
        <Speaker>Al Whittinghill</Speaker>
        <Length>7.04Mb</Length>
        <Status>NOT_STARTED</Status>
        <isSermonSelected>false</isSermonSelected>
    </Sermon>
    <Sermon>
        <Title>Acid test Series 4 of 8 - Ingredients of Prevailing Prayer</Title>
        <Url>http://www.sermonindex.net/modules/mydownloads/visit.php?lid=25968</Url>
        <Speaker>Al Whittinghill</Speaker>
        <Length>6.88Mb</Length>
        <Status>NOT_STARTED</Status>
        <isSermonSelected>false</isSermonSelected>
    </Sermon>
    <Sermon>
        <Title>Acid Test Series 6 of 8 - Get Back to the Closet</Title>
        <Url>http://www.sermonindex.net/modules/mydownloads/visit.php?lid=25966</Url>
        <Speaker>Al Whittinghill</Speaker>
        <Length>5.17Mb</Length>
        <Status>NOT_STARTED</Status>
        <isSermonSelected>false</isSermonSelected>
    </Sermon>
    <Sermon>
        <Title>Acid Test Series 7 of 8 - Waiting on God</Title>
        <Url>http://www.sermonindex.net/modules/mydownloads/visit.php?lid=25965</Url>
        <Speaker>Al Whittinghill</Speaker>
        <Length>6.32Mb</Length>
        <Status>NOT_STARTED</Status>
        <isSermonSelected>false</isSermonSelected>
    </Sermon>
    <Sermon>
        <Title>Acid Test Series 8 of 8 - The Heart Cry of Tears</Title>
        <Url>http://www.sermonindex.net/modules/mydownloads/visit.php?lid=25964</Url>
        <Speaker>Al Whittinghill</Speaker>
        <Length>5.51Mb</Length>
        <Status>NOT_STARTED</Status>
        <isSermonSelected>false</isSermonSelected>
    </Sermon>
    <Sermon>
        <Title>Acid Tests Series 5 of 8 - Why Your Prayers Aren't Answered</Title>
        <Url>http://www.sermonindex.net/modules/mydownloads/visit.php?lid=25967</Url>
        <Speaker>Al Whittinghill</Speaker>
        <Length>6.88Mb</Length>
        <Status>NOT_STARTED</Status>
        <isSermonSelected>false</isSermonSelected>
    </Sermon>
    <Sermon>
        <Title>An Urgent Call To Prayer</Title>
        <Url>http://www.sermonindex.net/modules/mydownloads/visit.php?lid=16630</Url>
        <Speaker>Al Whittinghill</Speaker>
        <Length>25.39Mb</Length>
        <Status>NOT_STARTED</Status>
        <isSermonSelected>false</isSermonSelected>
    </Sermon>
    <Sermon>
        <Title>Birthmarks of the Family of God</Title>
        <Url>http://www.sermonindex.net/modules/mydownloads/visit.php?lid=24478</Url>
        <Speaker>Al Whittinghill</Speaker>
        <Length>6.78Mb</Length>
        <Status>NOT_STARTED</Status>
        <isSermonSelected>false</isSermonSelected>
    </Sermon>
    <Sermon>
        <Title>Dealing With the Lordship of Christ</Title>
        <Url>http://www.sermonindex.net/modules/mydownloads/visit.php?lid=24479</Url>
        <Speaker>Al Whittinghill</Speaker>
        <Length>7.97Mb</Length>
        <Status>NOT_STARTED</Status>
        <isSermonSelected>false</isSermonSelected>
    </Sermon>
    <Sermon>
        <Title>Discerning Doubtful Things</Title>
        <Url>http://www.sermonindex.net/modules/mydownloads/visit.php?lid=24480</Url>
        <Speaker>Al Whittinghill</Speaker>
        <Length>7.06Mb</Length>
        <Status>NOT_STARTED</Status>
        <isSermonSelected>false</isSermonSelected>
    </Sermon>
    <Sermon>
        <Title>Embrace the Cross</Title>
        <Url>http://www.sermonindex.net/modules/mydownloads/visit.php?lid=24481</Url>
        <Speaker>Al Whittinghill</Speaker>
        <Length>8Mb</Length>
        <Status>NOT_STARTED</Status>
        <isSermonSelected>false</isSermonSelected>
    </Sermon>
    <Sermon>
        <Title>First Baptist Atlanta in 1991 on Prayer - Part 4</Title>
        <Url>http://www.sermonindex.net/modules/mydownloads/visit.php?lid=21760</Url>
        <Speaker>Al Whittinghill</Speaker>
        <Length>10.54Mb</Length>
        <Status>NOT_STARTED</Status>
        <isSermonSelected>false</isSermonSelected>
    </Sermon>
    <Sermon>
        <Title>Forgiveness as a Way of Life</Title>
        <Url>http://www.sermonindex.net/modules/mydownloads/visit.php?lid=24482</Url>
        <Speaker>Al Whittinghill</Speaker>
        <Length>7.74Mb</Length>
        <Status>NOT_STARTED</Status>
        <isSermonSelected>false</isSermonSelected>
    </Sermon>
    <Sermon>
        <Title>Holiness</Title>
        <Url>http://www.sermonindex.net/modules/mydownloads/visit.php?lid=24483</Url>
        <Speaker>Al Whittinghill</Speaker>
        <Length>7.32Mb</Length>
        <Status>NOT_STARTED</Status>
        <isSermonSelected>false</isSermonSelected>
    </Sermon>
    <Sermon>
        <Title>Homesick For Heaven</Title>
        <Url>http://www.sermonindex.net/modules/mydownloads/visit.php?lid=24484</Url>
        <Speaker>Al Whittinghill</Speaker>
        <Length>7.32Mb</Length>
        <Status>NOT_STARTED</Status>
        <isSermonSelected>false</isSermonSelected>
    </Sermon>
    <Sermon>
        <Title>How to Deal with Personal Besetting Sin</Title>
        <Url>http://www.sermonindex.net/modules/mydownloads/visit.php?lid=24485</Url>
        <Speaker>Al Whittinghill</Speaker>
        <Length>7.62Mb</Length>
        <Status>NOT_STARTED</Status>
        <isSermonSelected>false</isSermonSelected>
    </Sermon>
    <Sermon>
        <Title>Knowing the Fear of the Lord</Title>
        <Url>http://www.sermonindex.net/modules/mydownloads/visit.php?lid=24486</Url>
        <Speaker>Al Whittinghill</Speaker>
        <Length>6.47Mb</Length>
        <Status>NOT_STARTED</Status>
        <isSermonSelected>false</isSermonSelected>
    </Sermon>
    <Sermon>
        <Title>Lord, Cleanse Me From Secret Sin</Title>
        <Url>http://www.sermonindex.net/modules/mydownloads/visit.php?lid=24487</Url>
        <Speaker>Al Whittinghill</Speaker>
        <Length>8.94Mb</Length>
        <Status>NOT_STARTED</Status>
        <isSermonSelected>false</isSermonSelected>
    </Sermon>
    <Sermon>
        <Title>Luther Rice Seminary</Title>
        <Url>http://www.sermonindex.net/modules/mydownloads/visit.php?lid=16631</Url>
        <Speaker>Al Whittinghill</Speaker>
        <Length>10.85Mb</Length>
        <Status>NOT_STARTED</Status>
        <isSermonSelected>false</isSermonSelected>
    </Sermon>
    <Sermon>
        <Title>Praying In Jesus Name</Title>
        <Url>http://www.sermonindex.net/modules/mydownloads/visit.php?lid=17537</Url>
        <Speaker>Al Whittinghill</Speaker>
        <Length>51.54Mb</Length>
        <Status>NOT_STARTED</Status>
        <isSermonSelected>false</isSermonSelected>
    </Sermon>
    <Sermon>
        <Title>Salvation and It's Deadly Deceptions</Title>
        <Url>http://www.sermonindex.net/modules/mydownloads/visit.php?lid=24488</Url>
        <Speaker>Al Whittinghill</Speaker>
        <Length>8.39Mb</Length>
        <Status>NOT_STARTED</Status>
        <isSermonSelected>false</isSermonSelected>
    </Sermon>
    <Sermon>
        <Title>The Beauty of Brokenness</Title>
        <Url>http://www.sermonindex.net/modules/mydownloads/visit.php?lid=24489</Url>
        <Speaker>Al Whittinghill</Speaker>
        <Length>8.09Mb</Length>
        <Status>NOT_STARTED</Status>
        <isSermonSelected>false</isSermonSelected>
    </Sermon>
    <Sermon>
        <Title>The Blood of Jesus Christ</Title>
        <Url>http://www.sermonindex.net/modules/mydownloads/visit.php?lid=24490</Url>
        <Speaker>Al Whittinghill</Speaker>
        <Length>7.35Mb</Length>
        <Status>NOT_STARTED</Status>
        <isSermonSelected>false</isSermonSelected>
    </Sermon>
    <Sermon>
        <Title>The Ingredients of Closet Prayer</Title>
        <Url>http://www.sermonindex.net/modules/mydownloads/visit.php?lid=24491</Url>
        <Speaker>Al Whittinghill</Speaker>
        <Length>7.24Mb</Length>
        <Status>NOT_STARTED</Status>
        <isSermonSelected>false</isSermonSelected>
    </Sermon>
    <Sermon>
        <Title>The Missing Ingredient in Modern Evangelism</Title>
        <Url>http://www.sermonindex.net/modules/mydownloads/visit.php?lid=24475</Url>
        <Speaker>Al Whittinghill</Speaker>
        <Length>6.11Mb</Length>
        <Status>NOT_STARTED</Status>
        <isSermonSelected>false</isSermonSelected>
    </Sermon>
    <Sermon>
        <Title>The Necessity of Biblical Repentance</Title>
        <Url>http://www.sermonindex.net/modules/mydownloads/visit.php?lid=24492</Url>
        <Speaker>Al Whittinghill</Speaker>
        <Length>8.47Mb</Length>
        <Status>NOT_STARTED</Status>
        <isSermonSelected>false</isSermonSelected>
    </Sermon>
    <Sermon>
        <Title>The Power of Tears</Title>
        <Url>http://www.sermonindex.net/modules/mydownloads/visit.php?lid=24493</Url>
        <Speaker>Al Whittinghill</Speaker>
        <Length>5.13Mb</Length>
        <Status>NOT_STARTED</Status>
        <isSermonSelected>false</isSermonSelected>
    </Sermon>
    <Sermon>
        <Title>What It Means To Wait Upon the Lord</Title>
        <Url>http://www.sermonindex.net/modules/mydownloads/visit.php?lid=24494</Url>
        <Speaker>Al Whittinghill</Speaker>
        <Length>7.24Mb</Length>
        <Status>NOT_STARTED</Status>
        <isSermonSelected>false</isSermonSelected>
    </Sermon>
    <Sermon>
        <Title>Why Our Prayers Aren't Answered</Title>
        <Url>http://www.sermonindex.net/modules/mydownloads/visit.php?lid=24495</Url>
        <Speaker>Al Whittinghill</Speaker>
        <Length>6.38Mb</Length>
        <Status>NOT_STARTED</Status>
        <isSermonSelected>false</isSermonSelected>
    </Sermon>
</Sermons>
