<?xml version="1.0" encoding="UTF-8" standalone="yes"?>
<Sermons>
    <Sermon>
        <Title>Sanctification - Part 1 (reading)</Title>
        <Url>http://www.sermonindex.net/modules/mydownloads/visit.php?lid=13244</Url>
        <Speaker>A. Paget Wilkes</Speaker>
        <Length>30.38Mb</Length>
        <Status>ALREADY_DONE</Status>
        <isSermonSelected>false</isSermonSelected>
    </Sermon>
    <Sermon>
        <Title>Sanctification - Part 2 (reading)</Title>
        <Url>http://www.sermonindex.net/modules/mydownloads/visit.php?lid=13245</Url>
        <Speaker>A. Paget Wilkes</Speaker>
        <Length>29.26Mb</Length>
        <Status>ALREADY_DONE</Status>
        <isSermonSelected>false</isSermonSelected>
    </Sermon>
    <Sermon>
        <Title>Sanctification - Part 3 (reading)</Title>
        <Url>http://www.sermonindex.net/modules/mydownloads/visit.php?lid=13246</Url>
        <Speaker>A. Paget Wilkes</Speaker>
        <Length>27.52Mb</Length>
        <Status>ALREADY_DONE</Status>
        <isSermonSelected>false</isSermonSelected>
    </Sermon>
    <Sermon>
        <Title>Sanctification - Part 4 (reading)</Title>
        <Url>http://www.sermonindex.net/modules/mydownloads/visit.php?lid=13247</Url>
        <Speaker>A. Paget Wilkes</Speaker>
        <Length>31.05Mb</Length>
        <Status>ALREADY_DONE</Status>
        <isSermonSelected>false</isSermonSelected>
    </Sermon>
</Sermons>
