<?xml version="1.0" encoding="UTF-8" standalone="yes"?>
<Sermons>
    <Sermon>
        <Title>Bible Readings For Children</Title>
        <Url>http://www.sermonindex.net/modules/mydownloads/visit.php?lid=14594</Url>
        <Speaker>Aunt Martha</Speaker>
        <Length>5.03Mb</Length>
        <Status>NOT_STARTED</Status>
        <isSermonSelected>false</isSermonSelected>
    </Sermon>
    <Sermon>
        <Title>From Spark To Full Flame</Title>
        <Url>http://www.sermonindex.net/modules/mydownloads/visit.php?lid=14601</Url>
        <Speaker>Aunt Martha</Speaker>
        <Length>6.91Mb</Length>
        <Status>NOT_STARTED</Status>
        <isSermonSelected>false</isSermonSelected>
    </Sermon>
    <Sermon>
        <Title>Stories On Teachings Of Jesus</Title>
        <Url>http://www.sermonindex.net/modules/mydownloads/visit.php?lid=14600</Url>
        <Speaker>Aunt Martha</Speaker>
        <Length>6.14Mb</Length>
        <Status>NOT_STARTED</Status>
        <isSermonSelected>false</isSermonSelected>
    </Sermon>
    <Sermon>
        <Title>Story Time With Aunt Martha</Title>
        <Url>http://www.sermonindex.net/modules/mydownloads/visit.php?lid=14595</Url>
        <Speaker>Aunt Martha</Speaker>
        <Length>6.33Mb</Length>
        <Status>NOT_STARTED</Status>
        <isSermonSelected>false</isSermonSelected>
    </Sermon>
</Sermons>
