<?xml version="1.0" encoding="UTF-8" standalone="yes"?>
<Sermons>
    <Sermon>
        <Title>Islamic Spiritual War #1</Title>
        <Url>http://www.sermonindex.net/modules/mydownloads/visit.php?lid=13479</Url>
        <Speaker>Avi Lipkin</Speaker>
        <Length>16.68Mb</Length>
        <Status>NOT_STARTED</Status>
        <isSermonSelected>false</isSermonSelected>
    </Sermon>
    <Sermon>
        <Title>Islamic Spiritual War #2 - Wake Up America</Title>
        <Url>http://www.sermonindex.net/modules/mydownloads/visit.php?lid=13480</Url>
        <Speaker>Avi Lipkin</Speaker>
        <Length>17.21Mb</Length>
        <Status>NOT_STARTED</Status>
        <isSermonSelected>false</isSermonSelected>
    </Sermon>
</Sermons>
