<?xml version="1.0" encoding="UTF-8" standalone="yes"?>
<Sermons>
    <Sermon>
        <Title>(God's Sanctuary) 01 Building Gods Sanctuary</Title>
        <Url>http://www.sermonindex.net/modules/mydownloads/visit.php?lid=25680</Url>
        <Speaker>Bakht Singh</Speaker>
        <Length>71.64Mb</Length>
        <Status>NOT_STARTED</Status>
        <isSermonSelected>false</isSermonSelected>
    </Sermon>
    <Sermon>
        <Title>(God's Sanctuary) 03 Men of HIS Own Heart 2</Title>
        <Url>http://www.sermonindex.net/modules/mydownloads/visit.php?lid=25681</Url>
        <Speaker>Bakht Singh</Speaker>
        <Length>47.68Mb</Length>
        <Status>NOT_STARTED</Status>
        <isSermonSelected>false</isSermonSelected>
    </Sermon>
    <Sermon>
        <Title>(God's Sanctuary) 04 Men of HIS Own Heart 3</Title>
        <Url>http://www.sermonindex.net/modules/mydownloads/visit.php?lid=25682</Url>
        <Speaker>Bakht Singh</Speaker>
        <Length>47.91Mb</Length>
        <Status>NOT_STARTED</Status>
        <isSermonSelected>false</isSermonSelected>
    </Sermon>
    <Sermon>
        <Title>(Pdf Book) Behold I Will Do A New Thing</Title>
        <Url>http://www.sermonindex.net/modules/mydownloads/visit.php?lid=25934</Url>
        <Speaker>Bakht Singh</Speaker>
        <Length>151Kb</Length>
        <Status>NOT_STARTED</Status>
        <isSermonSelected>false</isSermonSelected>
    </Sermon>
    <Sermon>
        <Title>(Pdf Book) Bethany</Title>
        <Url>http://www.sermonindex.net/modules/mydownloads/visit.php?lid=25935</Url>
        <Speaker>Bakht Singh</Speaker>
        <Length>233Kb</Length>
        <Status>NOT_STARTED</Status>
        <isSermonSelected>false</isSermonSelected>
    </Sermon>
    <Sermon>
        <Title>(Pdf Book) Come Let Us Build</Title>
        <Url>http://www.sermonindex.net/modules/mydownloads/visit.php?lid=25936</Url>
        <Speaker>Bakht Singh</Speaker>
        <Length>78Kb</Length>
        <Status>NOT_STARTED</Status>
        <isSermonSelected>false</isSermonSelected>
    </Sermon>
    <Sermon>
        <Title>(Pdf Book) David Recovered All</Title>
        <Url>http://www.sermonindex.net/modules/mydownloads/visit.php?lid=25937</Url>
        <Speaker>Bakht Singh</Speaker>
        <Length>1.79Mb</Length>
        <Status>NOT_STARTED</Status>
        <isSermonSelected>false</isSermonSelected>
    </Sermon>
    <Sermon>
        <Title>(Pdf Book) Divine Principles for a Happy Married Life</Title>
        <Url>http://www.sermonindex.net/modules/mydownloads/visit.php?lid=25938</Url>
        <Speaker>Bakht Singh</Speaker>
        <Length>126Kb</Length>
        <Status>NOT_STARTED</Status>
        <isSermonSelected>false</isSermonSelected>
    </Sermon>
    <Sermon>
        <Title>(Pdf Book) Forty Mountain Peaks</Title>
        <Url>http://www.sermonindex.net/modules/mydownloads/visit.php?lid=25939</Url>
        <Speaker>Bakht Singh</Speaker>
        <Length>347Kb</Length>
        <Status>NOT_STARTED</Status>
        <isSermonSelected>false</isSermonSelected>
    </Sermon>
    <Sermon>
        <Title>(Pdf Book) Fullness of God</Title>
        <Url>http://www.sermonindex.net/modules/mydownloads/visit.php?lid=25940</Url>
        <Speaker>Bakht Singh</Speaker>
        <Length>187Kb</Length>
        <Status>NOT_STARTED</Status>
        <isSermonSelected>false</isSermonSelected>
    </Sermon>
    <Sermon>
        <Title>(Pdf Book) God’s Dwelling Place</Title>
        <Url>http://www.sermonindex.net/modules/mydownloads/visit.php?lid=25941</Url>
        <Speaker>Bakht Singh</Speaker>
        <Length>365Kb</Length>
        <Status>NOT_STARTED</Status>
        <isSermonSelected>false</isSermonSelected>
    </Sermon>
    <Sermon>
        <Title>(Pdf Book) High Way To Victory</Title>
        <Url>http://www.sermonindex.net/modules/mydownloads/visit.php?lid=25942</Url>
        <Speaker>Bakht Singh</Speaker>
        <Length>196Kb</Length>
        <Status>NOT_STARTED</Status>
        <isSermonSelected>false</isSermonSelected>
    </Sermon>
    <Sermon>
        <Title>(Pdf Book) How I got Joy Unspeakable and Full and Glory</Title>
        <Url>http://www.sermonindex.net/modules/mydownloads/visit.php?lid=25944</Url>
        <Speaker>Bakht Singh</Speaker>
        <Length>63Kb</Length>
        <Status>NOT_STARTED</Status>
        <isSermonSelected>false</isSermonSelected>
    </Sermon>
    <Sermon>
        <Title>(Pdf Book) How To Find God’s Will</Title>
        <Url>http://www.sermonindex.net/modules/mydownloads/visit.php?lid=25945</Url>
        <Speaker>Bakht Singh</Speaker>
        <Length>116Kb</Length>
        <Status>NOT_STARTED</Status>
        <isSermonSelected>false</isSermonSelected>
    </Sermon>
    <Sermon>
        <Title>(Pdf Book) Looking Unto Jesus</Title>
        <Url>http://www.sermonindex.net/modules/mydownloads/visit.php?lid=25946</Url>
        <Speaker>Bakht Singh</Speaker>
        <Length>128Kb</Length>
        <Status>NOT_STARTED</Status>
        <isSermonSelected>false</isSermonSelected>
    </Sermon>
    <Sermon>
        <Title>(Pdf Book) Much Business</Title>
        <Url>http://www.sermonindex.net/modules/mydownloads/visit.php?lid=25947</Url>
        <Speaker>Bakht Singh</Speaker>
        <Length>123Kb</Length>
        <Status>NOT_STARTED</Status>
        <isSermonSelected>false</isSermonSelected>
    </Sermon>
    <Sermon>
        <Title>(Pdf Book) My Chosen</Title>
        <Url>http://www.sermonindex.net/modules/mydownloads/visit.php?lid=25948</Url>
        <Speaker>Bakht Singh</Speaker>
        <Length>204Kb</Length>
        <Status>NOT_STARTED</Status>
        <isSermonSelected>false</isSermonSelected>
    </Sermon>
    <Sermon>
        <Title>(Pdf Book) Our Inheritance</Title>
        <Url>http://www.sermonindex.net/modules/mydownloads/visit.php?lid=25949</Url>
        <Speaker>Bakht Singh</Speaker>
        <Length>526Kb</Length>
        <Status>NOT_STARTED</Status>
        <isSermonSelected>false</isSermonSelected>
    </Sermon>
    <Sermon>
        <Title>(Pdf Book) Perfect Security</Title>
        <Url>http://www.sermonindex.net/modules/mydownloads/visit.php?lid=25951</Url>
        <Speaker>Bakht Singh</Speaker>
        <Length>213Kb</Length>
        <Status>NOT_STARTED</Status>
        <isSermonSelected>false</isSermonSelected>
    </Sermon>
    <Sermon>
        <Title>(Pdf Book) Seven Heavenly Things</Title>
        <Url>http://www.sermonindex.net/modules/mydownloads/visit.php?lid=25953</Url>
        <Speaker>Bakht Singh</Speaker>
        <Length>67Kb</Length>
        <Status>NOT_STARTED</Status>
        <isSermonSelected>false</isSermonSelected>
    </Sermon>
    <Sermon>
        <Title>(Pdf Book) Sharing God’s Secrets</Title>
        <Url>http://www.sermonindex.net/modules/mydownloads/visit.php?lid=25954</Url>
        <Speaker>Bakht Singh</Speaker>
        <Length>1.62Mb</Length>
        <Status>NOT_STARTED</Status>
        <isSermonSelected>false</isSermonSelected>
    </Sermon>
    <Sermon>
        <Title>(Pdf Book) So Great Salvation</Title>
        <Url>http://www.sermonindex.net/modules/mydownloads/visit.php?lid=25955</Url>
        <Speaker>Bakht Singh</Speaker>
        <Length>259Kb</Length>
        <Status>NOT_STARTED</Status>
        <isSermonSelected>false</isSermonSelected>
    </Sermon>
    <Sermon>
        <Title>(Pdf Book) The Greatest Secret</Title>
        <Url>http://www.sermonindex.net/modules/mydownloads/visit.php?lid=25956</Url>
        <Speaker>Bakht Singh</Speaker>
        <Length>1.87Mb</Length>
        <Status>NOT_STARTED</Status>
        <isSermonSelected>false</isSermonSelected>
    </Sermon>
    <Sermon>
        <Title>(Pdf Book) The Holy Spirit</Title>
        <Url>http://www.sermonindex.net/modules/mydownloads/visit.php?lid=25943</Url>
        <Speaker>Bakht Singh</Speaker>
        <Length>3.2Mb</Length>
        <Status>NOT_STARTED</Status>
        <isSermonSelected>false</isSermonSelected>
    </Sermon>
    <Sermon>
        <Title>(Pdf Book) The Joy of the Lord</Title>
        <Url>http://www.sermonindex.net/modules/mydownloads/visit.php?lid=25957</Url>
        <Speaker>Bakht Singh</Speaker>
        <Length>793Kb</Length>
        <Status>NOT_STARTED</Status>
        <isSermonSelected>false</isSermonSelected>
    </Sermon>
    <Sermon>
        <Title>(Pdf Book) The Overcomer’s Secret</Title>
        <Url>http://www.sermonindex.net/modules/mydownloads/visit.php?lid=25950</Url>
        <Speaker>Bakht Singh</Speaker>
        <Length>235Kb</Length>
        <Status>NOT_STARTED</Status>
        <isSermonSelected>false</isSermonSelected>
    </Sermon>
    <Sermon>
        <Title>(Pdf Book) The Return of God’s Glory</Title>
        <Url>http://www.sermonindex.net/modules/mydownloads/visit.php?lid=25952</Url>
        <Speaker>Bakht Singh</Speaker>
        <Length>1.73Mb</Length>
        <Status>NOT_STARTED</Status>
        <isSermonSelected>false</isSermonSelected>
    </Sermon>
    <Sermon>
        <Title>(Pdf Book) The Strong Foundation</Title>
        <Url>http://www.sermonindex.net/modules/mydownloads/visit.php?lid=25958</Url>
        <Speaker>Bakht Singh</Speaker>
        <Length>139Kb</Length>
        <Status>NOT_STARTED</Status>
        <isSermonSelected>false</isSermonSelected>
    </Sermon>
    <Sermon>
        <Title>(Pdf Book) The Voice of the Lord</Title>
        <Url>http://www.sermonindex.net/modules/mydownloads/visit.php?lid=25962</Url>
        <Speaker>Bakht Singh</Speaker>
        <Length>767Kb</Length>
        <Status>NOT_STARTED</Status>
        <isSermonSelected>false</isSermonSelected>
    </Sermon>
    <Sermon>
        <Title>(Pdf Book) True Liberty</Title>
        <Url>http://www.sermonindex.net/modules/mydownloads/visit.php?lid=25959</Url>
        <Speaker>Bakht Singh</Speaker>
        <Length>1.25Mb</Length>
        <Status>NOT_STARTED</Status>
        <isSermonSelected>false</isSermonSelected>
    </Sermon>
    <Sermon>
        <Title>(Pdf Book) True Salt</Title>
        <Url>http://www.sermonindex.net/modules/mydownloads/visit.php?lid=25960</Url>
        <Speaker>Bakht Singh</Speaker>
        <Length>265Kb</Length>
        <Status>NOT_STARTED</Status>
        <isSermonSelected>false</isSermonSelected>
    </Sermon>
    <Sermon>
        <Title>(Pdf Book) Unsearchable Greatness of the Salvation</Title>
        <Url>http://www.sermonindex.net/modules/mydownloads/visit.php?lid=25961</Url>
        <Speaker>Bakht Singh</Speaker>
        <Length>754Kb</Length>
        <Status>NOT_STARTED</Status>
        <isSermonSelected>false</isSermonSelected>
    </Sermon>
    <Sermon>
        <Title>(Pdf Book) Walk Before Me</Title>
        <Url>http://www.sermonindex.net/modules/mydownloads/visit.php?lid=25963</Url>
        <Speaker>Bakht Singh</Speaker>
        <Length>89Kb</Length>
        <Status>NOT_STARTED</Status>
        <isSermonSelected>false</isSermonSelected>
    </Sermon>
    <Sermon>
        <Title>A Living Church</Title>
        <Url>http://www.sermonindex.net/modules/mydownloads/visit.php?lid=18272</Url>
        <Speaker>Bakht Singh</Speaker>
        <Length>13.81Mb</Length>
        <Status>ALREADY_DONE</Status>
        <isSermonSelected>false</isSermonSelected>
    </Sermon>
    <Sermon>
        <Title>Bear ye Burdens</Title>
        <Url>http://www.sermonindex.net/modules/mydownloads/visit.php?lid=25660</Url>
        <Speaker>Bakht Singh</Speaker>
        <Length>54.93Mb</Length>
        <Status>NOT_STARTED</Status>
        <isSermonSelected>false</isSermonSelected>
    </Sermon>
    <Sermon>
        <Title>Beggarly</Title>
        <Url>http://www.sermonindex.net/modules/mydownloads/visit.php?lid=25668</Url>
        <Speaker>Bakht Singh</Speaker>
        <Length>72.96Mb</Length>
        <Status>NOT_STARTED</Status>
        <isSermonSelected>false</isSermonSelected>
    </Sermon>
    <Sermon>
        <Title>Behold I am Alive Evermore</Title>
        <Url>http://www.sermonindex.net/modules/mydownloads/visit.php?lid=25661</Url>
        <Speaker>Bakht Singh</Speaker>
        <Length>80.36Mb</Length>
        <Status>NOT_STARTED</Status>
        <isSermonSelected>false</isSermonSelected>
    </Sermon>
    <Sermon>
        <Title>Behold The Lamb</Title>
        <Url>http://www.sermonindex.net/modules/mydownloads/visit.php?lid=25696</Url>
        <Speaker>Bakht Singh</Speaker>
        <Length>79.56Mb</Length>
        <Status>NOT_STARTED</Status>
        <isSermonSelected>false</isSermonSelected>
    </Sermon>
    <Sermon>
        <Title>Bro. Bakht Singh's testimony - Part 1</Title>
        <Url>http://www.sermonindex.net/modules/mydownloads/visit.php?lid=25669</Url>
        <Speaker>Bakht Singh</Speaker>
        <Length>88.19Mb</Length>
        <Status>NOT_STARTED</Status>
        <isSermonSelected>false</isSermonSelected>
    </Sermon>
    <Sermon>
        <Title>Bro. Bakht Singh's testimony - Part 2</Title>
        <Url>http://www.sermonindex.net/modules/mydownloads/visit.php?lid=25670</Url>
        <Speaker>Bakht Singh</Speaker>
        <Length>29.79Mb</Length>
        <Status>NOT_STARTED</Status>
        <isSermonSelected>false</isSermonSelected>
    </Sermon>
    <Sermon>
        <Title>Building Broken Walls</Title>
        <Url>http://www.sermonindex.net/modules/mydownloads/visit.php?lid=25658</Url>
        <Speaker>Bakht Singh</Speaker>
        <Length>59.55Mb</Length>
        <Status>NOT_STARTED</Status>
        <isSermonSelected>false</isSermonSelected>
    </Sermon>
    <Sermon>
        <Title>David and Bathsheba</Title>
        <Url>http://www.sermonindex.net/modules/mydownloads/visit.php?lid=25671</Url>
        <Speaker>Bakht Singh</Speaker>
        <Length>68.36Mb</Length>
        <Status>NOT_STARTED</Status>
        <isSermonSelected>false</isSermonSelected>
    </Sermon>
    <Sermon>
        <Title>Demons and Chains</Title>
        <Url>http://www.sermonindex.net/modules/mydownloads/visit.php?lid=25663</Url>
        <Speaker>Bakht Singh</Speaker>
        <Length>55.97Mb</Length>
        <Status>NOT_STARTED</Status>
        <isSermonSelected>false</isSermonSelected>
    </Sermon>
    <Sermon>
        <Title>Five Stones - Part 1</Title>
        <Url>http://www.sermonindex.net/modules/mydownloads/visit.php?lid=25694</Url>
        <Speaker>Bakht Singh</Speaker>
        <Length>81.78Mb</Length>
        <Status>NOT_STARTED</Status>
        <isSermonSelected>false</isSermonSelected>
    </Sermon>
    <Sermon>
        <Title>Five Stones - Part 2</Title>
        <Url>http://www.sermonindex.net/modules/mydownloads/visit.php?lid=25695</Url>
        <Speaker>Bakht Singh</Speaker>
        <Length>27.27Mb</Length>
        <Status>NOT_STARTED</Status>
        <isSermonSelected>false</isSermonSelected>
    </Sermon>
    <Sermon>
        <Title>Foolish,Weak,Despised vessel</Title>
        <Url>http://www.sermonindex.net/modules/mydownloads/visit.php?lid=25672</Url>
        <Speaker>Bakht Singh</Speaker>
        <Length>75.31Mb</Length>
        <Status>NOT_STARTED</Status>
        <isSermonSelected>false</isSermonSelected>
    </Sermon>
    <Sermon>
        <Title>Fruit Bearing Palm Tree 1968 - Part 1</Title>
        <Url>http://www.sermonindex.net/modules/mydownloads/visit.php?lid=25677</Url>
        <Speaker>Bakht Singh</Speaker>
        <Length>91.32Mb</Length>
        <Status>NOT_STARTED</Status>
        <isSermonSelected>false</isSermonSelected>
    </Sermon>
    <Sermon>
        <Title>Fruit Bearing Palm Tree 1968 - Part 2</Title>
        <Url>http://www.sermonindex.net/modules/mydownloads/visit.php?lid=25678</Url>
        <Speaker>Bakht Singh</Speaker>
        <Length>82.14Mb</Length>
        <Status>NOT_STARTED</Status>
        <isSermonSelected>false</isSermonSelected>
    </Sermon>
    <Sermon>
        <Title>Fruit Bearing Palm Tree 1968 - Part 3</Title>
        <Url>http://www.sermonindex.net/modules/mydownloads/visit.php?lid=25679</Url>
        <Speaker>Bakht Singh</Speaker>
        <Length>76.81Mb</Length>
        <Status>NOT_STARTED</Status>
        <isSermonSelected>false</isSermonSelected>
    </Sermon>
    <Sermon>
        <Title>God's Glory</Title>
        <Url>http://www.sermonindex.net/modules/mydownloads/visit.php?lid=2104</Url>
        <Speaker>Bakht Singh</Speaker>
        <Length>6.6Mb</Length>
        <Status>ALREADY_DONE</Status>
        <isSermonSelected>false</isSermonSelected>
    </Sermon>
    <Sermon>
        <Title>Headship of the Lord Jesus Christ</Title>
        <Url>http://www.sermonindex.net/modules/mydownloads/visit.php?lid=25667</Url>
        <Speaker>Bakht Singh</Speaker>
        <Length>56.3Mb</Length>
        <Status>NOT_STARTED</Status>
        <isSermonSelected>false</isSermonSelected>
    </Sermon>
    <Sermon>
        <Title>Hebron Dedication - Part 1</Title>
        <Url>http://www.sermonindex.net/modules/mydownloads/visit.php?lid=25686</Url>
        <Speaker>Bakht Singh</Speaker>
        <Length>47.43Mb</Length>
        <Status>NOT_STARTED</Status>
        <isSermonSelected>false</isSermonSelected>
    </Sermon>
    <Sermon>
        <Title>Hebron Dedication - Part 2</Title>
        <Url>http://www.sermonindex.net/modules/mydownloads/visit.php?lid=25687</Url>
        <Speaker>Bakht Singh</Speaker>
        <Length>42.67Mb</Length>
        <Status>NOT_STARTED</Status>
        <isSermonSelected>false</isSermonSelected>
    </Sermon>
    <Sermon>
        <Title>Hebron Dedication - Part 3</Title>
        <Url>http://www.sermonindex.net/modules/mydownloads/visit.php?lid=25688</Url>
        <Speaker>Bakht Singh</Speaker>
        <Length>34.22Mb</Length>
        <Status>NOT_STARTED</Status>
        <isSermonSelected>false</isSermonSelected>
    </Sermon>
    <Sermon>
        <Title>Hebron Silver Jubilee - Part 1</Title>
        <Url>http://www.sermonindex.net/modules/mydownloads/visit.php?lid=25683</Url>
        <Speaker>Bakht Singh</Speaker>
        <Length>88.78Mb</Length>
        <Status>NOT_STARTED</Status>
        <isSermonSelected>false</isSermonSelected>
    </Sermon>
    <Sermon>
        <Title>Hebron Silver Jubilee - Part 2</Title>
        <Url>http://www.sermonindex.net/modules/mydownloads/visit.php?lid=25684</Url>
        <Speaker>Bakht Singh</Speaker>
        <Length>52.89Mb</Length>
        <Status>NOT_STARTED</Status>
        <isSermonSelected>false</isSermonSelected>
    </Sermon>
    <Sermon>
        <Title>Hebron Silver Jubilee - Part 3</Title>
        <Url>http://www.sermonindex.net/modules/mydownloads/visit.php?lid=25685</Url>
        <Speaker>Bakht Singh</Speaker>
        <Length>52.54Mb</Length>
        <Status>NOT_STARTED</Status>
        <isSermonSelected>false</isSermonSelected>
    </Sermon>
    <Sermon>
        <Title>Hidden Treasure &amp; Strange gods &amp; Mountain Peaks - Part 1</Title>
        <Url>http://www.sermonindex.net/modules/mydownloads/visit.php?lid=25689</Url>
        <Speaker>Bakht Singh</Speaker>
        <Length>67.71Mb</Length>
        <Status>NOT_STARTED</Status>
        <isSermonSelected>false</isSermonSelected>
    </Sermon>
    <Sermon>
        <Title>Hidden Treasure &amp; Strange gods &amp; Mountain Peaks - Part 3</Title>
        <Url>http://www.sermonindex.net/modules/mydownloads/visit.php?lid=25690</Url>
        <Speaker>Bakht Singh</Speaker>
        <Length>58.02Mb</Length>
        <Status>NOT_STARTED</Status>
        <isSermonSelected>false</isSermonSelected>
    </Sermon>
    <Sermon>
        <Title>Hidden Treasure &amp; Strange gods &amp; Mountain Peaks - Part 5</Title>
        <Url>http://www.sermonindex.net/modules/mydownloads/visit.php?lid=25691</Url>
        <Speaker>Bakht Singh</Speaker>
        <Length>51.13Mb</Length>
        <Status>NOT_STARTED</Status>
        <isSermonSelected>false</isSermonSelected>
    </Sermon>
    <Sermon>
        <Title>How to find Gods will - Part 1</Title>
        <Url>http://www.sermonindex.net/modules/mydownloads/visit.php?lid=25692</Url>
        <Speaker>Bakht Singh</Speaker>
        <Length>54.15Mb</Length>
        <Status>NOT_STARTED</Status>
        <isSermonSelected>false</isSermonSelected>
    </Sermon>
    <Sermon>
        <Title>How to find Gods will - Part 2</Title>
        <Url>http://www.sermonindex.net/modules/mydownloads/visit.php?lid=25693</Url>
        <Speaker>Bakht Singh</Speaker>
        <Length>55.3Mb</Length>
        <Status>NOT_STARTED</Status>
        <isSermonSelected>false</isSermonSelected>
    </Sermon>
    <Sermon>
        <Title>Ichabod: The Glory Departed</Title>
        <Url>http://www.sermonindex.net/modules/mydownloads/visit.php?lid=25657</Url>
        <Speaker>Bakht Singh</Speaker>
        <Length>53.96Mb</Length>
        <Status>NOT_STARTED</Status>
        <isSermonSelected>false</isSermonSelected>
    </Sermon>
    <Sermon>
        <Title>Jacob’s Well</Title>
        <Url>http://www.sermonindex.net/modules/mydownloads/visit.php?lid=25673</Url>
        <Speaker>Bakht Singh</Speaker>
        <Length>104.88Mb</Length>
        <Status>NOT_STARTED</Status>
        <isSermonSelected>false</isSermonSelected>
    </Sermon>
    <Sermon>
        <Title>Lamb and Bride's Preparation</Title>
        <Url>http://www.sermonindex.net/modules/mydownloads/visit.php?lid=25697</Url>
        <Speaker>Bakht Singh</Speaker>
        <Length>105.93Mb</Length>
        <Status>NOT_STARTED</Status>
        <isSermonSelected>false</isSermonSelected>
    </Sermon>
    <Sermon>
        <Title>My Joy, My Peace and My Victory - Part 2</Title>
        <Url>http://www.sermonindex.net/modules/mydownloads/visit.php?lid=25698</Url>
        <Speaker>Bakht Singh</Speaker>
        <Length>83.74Mb</Length>
        <Status>NOT_STARTED</Status>
        <isSermonSelected>false</isSermonSelected>
    </Sermon>
    <Sermon>
        <Title>My Joy, My Peace and My Victory - Part 3</Title>
        <Url>http://www.sermonindex.net/modules/mydownloads/visit.php?lid=25699</Url>
        <Speaker>Bakht Singh</Speaker>
        <Length>64.72Mb</Length>
        <Status>NOT_STARTED</Status>
        <isSermonSelected>false</isSermonSelected>
    </Sermon>
    <Sermon>
        <Title>My Joy, My Peace and My Victory - Part 4</Title>
        <Url>http://www.sermonindex.net/modules/mydownloads/visit.php?lid=25700</Url>
        <Speaker>Bakht Singh</Speaker>
        <Length>91.9Mb</Length>
        <Status>NOT_STARTED</Status>
        <isSermonSelected>false</isSermonSelected>
    </Sermon>
    <Sermon>
        <Title>Names of the Holy Sprit</Title>
        <Url>http://www.sermonindex.net/modules/mydownloads/visit.php?lid=25664</Url>
        <Speaker>Bakht Singh</Speaker>
        <Length>18.27Mb</Length>
        <Status>NOT_STARTED</Status>
        <isSermonSelected>false</isSermonSelected>
    </Sermon>
    <Sermon>
        <Title>On Baptism</Title>
        <Url>http://www.sermonindex.net/modules/mydownloads/visit.php?lid=2106</Url>
        <Speaker>Bakht Singh</Speaker>
        <Length>1.38Mb</Length>
        <Status>ALREADY_DONE</Status>
        <isSermonSelected>false</isSermonSelected>
    </Sermon>
    <Sermon>
        <Title>Peter's House</Title>
        <Url>http://www.sermonindex.net/modules/mydownloads/visit.php?lid=25659</Url>
        <Speaker>Bakht Singh</Speaker>
        <Length>44.11Mb</Length>
        <Status>NOT_STARTED</Status>
        <isSermonSelected>false</isSermonSelected>
    </Sermon>
    <Sermon>
        <Title>Psalm 34:1</Title>
        <Url>http://www.sermonindex.net/modules/mydownloads/visit.php?lid=25662</Url>
        <Speaker>Bakht Singh</Speaker>
        <Length>58.34Mb</Length>
        <Status>NOT_STARTED</Status>
        <isSermonSelected>false</isSermonSelected>
    </Sermon>
    <Sermon>
        <Title>Salvation For Eternity</Title>
        <Url>http://www.sermonindex.net/modules/mydownloads/visit.php?lid=25666</Url>
        <Speaker>Bakht Singh</Speaker>
        <Length>78.52Mb</Length>
        <Status>NOT_STARTED</Status>
        <isSermonSelected>false</isSermonSelected>
    </Sermon>
    <Sermon>
        <Title>Straw Rags, Wilderness</Title>
        <Url>http://www.sermonindex.net/modules/mydownloads/visit.php?lid=25674</Url>
        <Speaker>Bakht Singh</Speaker>
        <Length>70.58Mb</Length>
        <Status>NOT_STARTED</Status>
        <isSermonSelected>false</isSermonSelected>
    </Sermon>
    <Sermon>
        <Title>The hour of His Judgement is Come</Title>
        <Url>http://www.sermonindex.net/modules/mydownloads/visit.php?lid=25665</Url>
        <Speaker>Bakht Singh</Speaker>
        <Length>86.85Mb</Length>
        <Status>NOT_STARTED</Status>
        <isSermonSelected>false</isSermonSelected>
    </Sermon>
    <Sermon>
        <Title>Trials and Afflictions</Title>
        <Url>http://www.sermonindex.net/modules/mydownloads/visit.php?lid=2107</Url>
        <Speaker>Bakht Singh</Speaker>
        <Length>3.78Mb</Length>
        <Status>ALREADY_DONE</Status>
        <isSermonSelected>false</isSermonSelected>
    </Sermon>
    <Sermon>
        <Title>Victory through our Lord Jesus Christ - Part 1</Title>
        <Url>http://www.sermonindex.net/modules/mydownloads/visit.php?lid=25701</Url>
        <Speaker>Bakht Singh</Speaker>
        <Length>81.02Mb</Length>
        <Status>NOT_STARTED</Status>
        <isSermonSelected>false</isSermonSelected>
    </Sermon>
    <Sermon>
        <Title>Victory through our Lord Jesus Christ - Part 2</Title>
        <Url>http://www.sermonindex.net/modules/mydownloads/visit.php?lid=25702</Url>
        <Speaker>Bakht Singh</Speaker>
        <Length>78.64Mb</Length>
        <Status>NOT_STARTED</Status>
        <isSermonSelected>false</isSermonSelected>
    </Sermon>
    <Sermon>
        <Title>Victory through our Lord Jesus Christ - Part 3</Title>
        <Url>http://www.sermonindex.net/modules/mydownloads/visit.php?lid=25703</Url>
        <Speaker>Bakht Singh</Speaker>
        <Length>111.07Mb</Length>
        <Status>NOT_STARTED</Status>
        <isSermonSelected>false</isSermonSelected>
    </Sermon>
    <Sermon>
        <Title>We would like to see Jesus</Title>
        <Url>http://www.sermonindex.net/modules/mydownloads/visit.php?lid=25704</Url>
        <Speaker>Bakht Singh</Speaker>
        <Length>55.07Mb</Length>
        <Status>NOT_STARTED</Status>
        <isSermonSelected>false</isSermonSelected>
    </Sermon>
    <Sermon>
        <Title>Worship and Lord's Table - Part 2</Title>
        <Url>http://www.sermonindex.net/modules/mydownloads/visit.php?lid=25705</Url>
        <Speaker>Bakht Singh</Speaker>
        <Length>42.13Mb</Length>
        <Status>NOT_STARTED</Status>
        <isSermonSelected>false</isSermonSelected>
    </Sermon>
    <Sermon>
        <Title>Worship and Lord's Table - Part 3</Title>
        <Url>http://www.sermonindex.net/modules/mydownloads/visit.php?lid=25706</Url>
        <Speaker>Bakht Singh</Speaker>
        <Length>28.68Mb</Length>
        <Status>NOT_STARTED</Status>
        <isSermonSelected>false</isSermonSelected>
    </Sermon>
    <Sermon>
        <Title>Worship and Lord's Table - Part 4</Title>
        <Url>http://www.sermonindex.net/modules/mydownloads/visit.php?lid=25707</Url>
        <Speaker>Bakht Singh</Speaker>
        <Length>14.91Mb</Length>
        <Status>NOT_STARTED</Status>
        <isSermonSelected>false</isSermonSelected>
    </Sermon>
    <Sermon>
        <Title>Worship and Lord's Table - Part 5</Title>
        <Url>http://www.sermonindex.net/modules/mydownloads/visit.php?lid=25708</Url>
        <Speaker>Bakht Singh</Speaker>
        <Length>30.9Mb</Length>
        <Status>NOT_STARTED</Status>
        <isSermonSelected>false</isSermonSelected>
    </Sermon>
    <Sermon>
        <Title>Worship and Lord's Table - Part 6</Title>
        <Url>http://www.sermonindex.net/modules/mydownloads/visit.php?lid=25709</Url>
        <Speaker>Bakht Singh</Speaker>
        <Length>20.13Mb</Length>
        <Status>NOT_STARTED</Status>
        <isSermonSelected>false</isSermonSelected>
    </Sermon>
    <Sermon>
        <Title>Worship and Lord's Table - Part 7</Title>
        <Url>http://www.sermonindex.net/modules/mydownloads/visit.php?lid=25710</Url>
        <Speaker>Bakht Singh</Speaker>
        <Length>9.99Mb</Length>
        <Status>NOT_STARTED</Status>
        <isSermonSelected>false</isSermonSelected>
    </Sermon>
    <Sermon>
        <Title>Worship Message</Title>
        <Url>http://www.sermonindex.net/modules/mydownloads/visit.php?lid=2105</Url>
        <Speaker>Bakht Singh</Speaker>
        <Length>3.1Mb</Length>
        <Status>ALREADY_DONE</Status>
        <isSermonSelected>false</isSermonSelected>
    </Sermon>
</Sermons>
