<?xml version="1.0" encoding="UTF-8" standalone="yes"?>
<Sermons>
    <Sermon>
        <Title>False Gods</Title>
        <Url>http://www.sermonindex.net/modules/mydownloads/visit.php?lid=17037</Url>
        <Speaker>B.B. Caldwell</Speaker>
        <Length>5.21Mb</Length>
        <Status>NOT_STARTED</Status>
        <isSermonSelected>false</isSermonSelected>
    </Sermon>
    <Sermon>
        <Title>How God Saves Sinners</Title>
        <Url>http://www.sermonindex.net/modules/mydownloads/visit.php?lid=1778</Url>
        <Speaker>B.B. Caldwell</Speaker>
        <Length>5.25Mb</Length>
        <Status>NOT_STARTED</Status>
        <isSermonSelected>false</isSermonSelected>
    </Sermon>
    <Sermon>
        <Title>Physicians Of No Value</Title>
        <Url>http://www.sermonindex.net/modules/mydownloads/visit.php?lid=1780</Url>
        <Speaker>B.B. Caldwell</Speaker>
        <Length>6.43Mb</Length>
        <Status>NOT_STARTED</Status>
        <isSermonSelected>false</isSermonSelected>
    </Sermon>
    <Sermon>
        <Title>Salvation</Title>
        <Url>http://www.sermonindex.net/modules/mydownloads/visit.php?lid=1779</Url>
        <Speaker>B.B. Caldwell</Speaker>
        <Length>5.29Mb</Length>
        <Status>NOT_STARTED</Status>
        <isSermonSelected>false</isSermonSelected>
    </Sermon>
    <Sermon>
        <Title>The Deadly Danger of Humanism</Title>
        <Url>http://www.sermonindex.net/modules/mydownloads/visit.php?lid=13539</Url>
        <Speaker>B.B. Caldwell</Speaker>
        <Length>4.71Mb</Length>
        <Status>NOT_STARTED</Status>
        <isSermonSelected>false</isSermonSelected>
    </Sermon>
    <Sermon>
        <Title>The Lordship of Christ</Title>
        <Url>http://www.sermonindex.net/modules/mydownloads/visit.php?lid=13540</Url>
        <Speaker>B.B. Caldwell</Speaker>
        <Length>5.15Mb</Length>
        <Status>NOT_STARTED</Status>
        <isSermonSelected>false</isSermonSelected>
    </Sermon>
    <Sermon>
        <Title>Will God's Elect Be Deceived?</Title>
        <Url>http://www.sermonindex.net/modules/mydownloads/visit.php?lid=1777</Url>
        <Speaker>B.B. Caldwell</Speaker>
        <Length>5.35Mb</Length>
        <Status>NOT_STARTED</Status>
        <isSermonSelected>false</isSermonSelected>
    </Sermon>
    <Sermon>
        <Title>With Nothing But God</Title>
        <Url>http://www.sermonindex.net/modules/mydownloads/visit.php?lid=1776</Url>
        <Speaker>B.B. Caldwell</Speaker>
        <Length>4.89Mb</Length>
        <Status>NOT_STARTED</Status>
        <isSermonSelected>false</isSermonSelected>
    </Sermon>
</Sermons>
