<?xml version="1.0" encoding="UTF-8" standalone="yes"?>
<Sermons>
    <Sermon>
        <Title>01 - The Hope For Revival In North Korea</Title>
        <Url>http://www.sermonindex.net/modules/mydownloads/visit.php?lid=24266</Url>
        <Speaker>Ben Torrey</Speaker>
        <Length>2.19Mb</Length>
        <Status>NOT_STARTED</Status>
        <isSermonSelected>false</isSermonSelected>
    </Sermon>
    <Sermon>
        <Title>02 - The 100 year anniversary of the North Korea Revival</Title>
        <Url>http://www.sermonindex.net/modules/mydownloads/visit.php?lid=24278</Url>
        <Speaker>Ben Torrey</Speaker>
        <Length>1.87Mb</Length>
        <Status>NOT_STARTED</Status>
        <isSermonSelected>false</isSermonSelected>
    </Sermon>
    <Sermon>
        <Title>03 - A Call to pray for North Korea: The Jerusalem of the East</Title>
        <Url>http://www.sermonindex.net/modules/mydownloads/visit.php?lid=24280</Url>
        <Speaker>Ben Torrey</Speaker>
        <Length>2.04Mb</Length>
        <Status>NOT_STARTED</Status>
        <isSermonSelected>false</isSermonSelected>
    </Sermon>
    <Sermon>
        <Title>04 - Prepare The Way For An Open North Korea</Title>
        <Url>http://www.sermonindex.net/modules/mydownloads/visit.php?lid=24281</Url>
        <Speaker>Ben Torrey</Speaker>
        <Length>1.66Mb</Length>
        <Status>NOT_STARTED</Status>
        <isSermonSelected>false</isSermonSelected>
    </Sermon>
    <Sermon>
        <Title>05 - Unity For The Mission Of The Church</Title>
        <Url>http://www.sermonindex.net/modules/mydownloads/visit.php?lid=24282</Url>
        <Speaker>Ben Torrey</Speaker>
        <Length>1.95Mb</Length>
        <Status>NOT_STARTED</Status>
        <isSermonSelected>false</isSermonSelected>
    </Sermon>
    <Sermon>
        <Title>06 - True Unity In The Body Of Christ</Title>
        <Url>http://www.sermonindex.net/modules/mydownloads/visit.php?lid=24283</Url>
        <Speaker>Ben Torrey</Speaker>
        <Length>2.05Mb</Length>
        <Status>NOT_STARTED</Status>
        <isSermonSelected>false</isSermonSelected>
    </Sermon>
    <Sermon>
        <Title>07 - New Commandment Love</Title>
        <Url>http://www.sermonindex.net/modules/mydownloads/visit.php?lid=24284</Url>
        <Speaker>Ben Torrey</Speaker>
        <Length>1.77Mb</Length>
        <Status>NOT_STARTED</Status>
        <isSermonSelected>false</isSermonSelected>
    </Sermon>
    <Sermon>
        <Title>08 - Respect For Teachers: A Guise of Disunity</Title>
        <Url>http://www.sermonindex.net/modules/mydownloads/visit.php?lid=24285</Url>
        <Speaker>Ben Torrey</Speaker>
        <Length>1.64Mb</Length>
        <Status>NOT_STARTED</Status>
        <isSermonSelected>false</isSermonSelected>
    </Sermon>
    <Sermon>
        <Title>09 - Falling away from the Church and Divisions</Title>
        <Url>http://www.sermonindex.net/modules/mydownloads/visit.php?lid=24286</Url>
        <Speaker>Ben Torrey</Speaker>
        <Length>2.04Mb</Length>
        <Status>NOT_STARTED</Status>
        <isSermonSelected>false</isSermonSelected>
    </Sermon>
    <Sermon>
        <Title>10 - Education And Its Purpose</Title>
        <Url>http://www.sermonindex.net/modules/mydownloads/visit.php?lid=24287</Url>
        <Speaker>Ben Torrey</Speaker>
        <Length>1.57Mb</Length>
        <Status>NOT_STARTED</Status>
        <isSermonSelected>false</isSermonSelected>
    </Sermon>
    <Sermon>
        <Title>11 - Education And The Future of Nations</Title>
        <Url>http://www.sermonindex.net/modules/mydownloads/visit.php?lid=24288</Url>
        <Speaker>Ben Torrey</Speaker>
        <Length>2.07Mb</Length>
        <Status>NOT_STARTED</Status>
        <isSermonSelected>false</isSermonSelected>
    </Sermon>
    <Sermon>
        <Title>12 - The Process Of Learning And Teaching</Title>
        <Url>http://www.sermonindex.net/modules/mydownloads/visit.php?lid=24289</Url>
        <Speaker>Ben Torrey</Speaker>
        <Length>1.94Mb</Length>
        <Status>NOT_STARTED</Status>
        <isSermonSelected>false</isSermonSelected>
    </Sermon>
    <Sermon>
        <Title>13 - Pioneering New Education Systems</Title>
        <Url>http://www.sermonindex.net/modules/mydownloads/visit.php?lid=24290</Url>
        <Speaker>Ben Torrey</Speaker>
        <Length>1.94Mb</Length>
        <Status>NOT_STARTED</Status>
        <isSermonSelected>false</isSermonSelected>
    </Sermon>
    <Sermon>
        <Title>14 - Living On Faith: Faith Missions</Title>
        <Url>http://www.sermonindex.net/modules/mydownloads/visit.php?lid=24291</Url>
        <Speaker>Ben Torrey</Speaker>
        <Length>1.83Mb</Length>
        <Status>NOT_STARTED</Status>
        <isSermonSelected>false</isSermonSelected>
    </Sermon>
    <Sermon>
        <Title>15 - Principles For Living In God's Economy</Title>
        <Url>http://www.sermonindex.net/modules/mydownloads/visit.php?lid=24292</Url>
        <Speaker>Ben Torrey</Speaker>
        <Length>2.08Mb</Length>
        <Status>NOT_STARTED</Status>
        <isSermonSelected>false</isSermonSelected>
    </Sermon>
    <Sermon>
        <Title>16 - Living And Working By Faith</Title>
        <Url>http://www.sermonindex.net/modules/mydownloads/visit.php?lid=24293</Url>
        <Speaker>Ben Torrey</Speaker>
        <Length>2.23Mb</Length>
        <Status>NOT_STARTED</Status>
        <isSermonSelected>false</isSermonSelected>
    </Sermon>
    <Sermon>
        <Title>17 - God's Exacting Provision</Title>
        <Url>http://www.sermonindex.net/modules/mydownloads/visit.php?lid=24294</Url>
        <Speaker>Ben Torrey</Speaker>
        <Length>2.26Mb</Length>
        <Status>NOT_STARTED</Status>
        <isSermonSelected>false</isSermonSelected>
    </Sermon>
    <Sermon>
        <Title>18 - A Testimony of Jesus Abbey</Title>
        <Url>http://www.sermonindex.net/modules/mydownloads/visit.php?lid=24295</Url>
        <Speaker>Ben Torrey</Speaker>
        <Length>2.18Mb</Length>
        <Status>NOT_STARTED</Status>
        <isSermonSelected>false</isSermonSelected>
    </Sermon>
    <Sermon>
        <Title>19 - Continued Testimony of Jesus Abbey</Title>
        <Url>http://www.sermonindex.net/modules/mydownloads/visit.php?lid=24296</Url>
        <Speaker>Ben Torrey</Speaker>
        <Length>2.13Mb</Length>
        <Status>NOT_STARTED</Status>
        <isSermonSelected>false</isSermonSelected>
    </Sermon>
    <Sermon>
        <Title>20 - A Trip To North Korea</Title>
        <Url>http://www.sermonindex.net/modules/mydownloads/visit.php?lid=24297</Url>
        <Speaker>Ben Torrey</Speaker>
        <Length>2Mb</Length>
        <Status>NOT_STARTED</Status>
        <isSermonSelected>false</isSermonSelected>
    </Sermon>
    <Sermon>
        <Title>21 - More reflects on trip to North Korea</Title>
        <Url>http://www.sermonindex.net/modules/mydownloads/visit.php?lid=24298</Url>
        <Speaker>Ben Torrey</Speaker>
        <Length>1.97Mb</Length>
        <Status>NOT_STARTED</Status>
        <isSermonSelected>false</isSermonSelected>
    </Sermon>
    <Sermon>
        <Title>22 - Answering Questions to Problems</Title>
        <Url>http://www.sermonindex.net/modules/mydownloads/visit.php?lid=24304</Url>
        <Speaker>Ben Torrey</Speaker>
        <Length>2.16Mb</Length>
        <Status>NOT_STARTED</Status>
        <isSermonSelected>false</isSermonSelected>
    </Sermon>
    <Sermon>
        <Title>23 - The Ways God Has Worked</Title>
        <Url>http://www.sermonindex.net/modules/mydownloads/visit.php?lid=24305</Url>
        <Speaker>Ben Torrey</Speaker>
        <Length>7.01Mb</Length>
        <Status>NOT_STARTED</Status>
        <isSermonSelected>false</isSermonSelected>
    </Sermon>
    <Sermon>
        <Title>24 - God's Provision for the three C's school</Title>
        <Url>http://www.sermonindex.net/modules/mydownloads/visit.php?lid=24306</Url>
        <Speaker>Ben Torrey</Speaker>
        <Length>7.02Mb</Length>
        <Status>NOT_STARTED</Status>
        <isSermonSelected>false</isSermonSelected>
    </Sermon>
    <Sermon>
        <Title>25 - All About Work And Prayer</Title>
        <Url>http://www.sermonindex.net/modules/mydownloads/visit.php?lid=24307</Url>
        <Speaker>Ben Torrey</Speaker>
        <Length>7.48Mb</Length>
        <Status>NOT_STARTED</Status>
        <isSermonSelected>false</isSermonSelected>
    </Sermon>
    <Sermon>
        <Title>26 - A Specific Prayer</Title>
        <Url>http://www.sermonindex.net/modules/mydownloads/visit.php?lid=24308</Url>
        <Speaker>Ben Torrey</Speaker>
        <Length>6.38Mb</Length>
        <Status>NOT_STARTED</Status>
        <isSermonSelected>false</isSermonSelected>
    </Sermon>
    <Sermon>
        <Title>27 - Ministry Plans for Work Camp Schools</Title>
        <Url>http://www.sermonindex.net/modules/mydownloads/visit.php?lid=24309</Url>
        <Speaker>Ben Torrey</Speaker>
        <Length>6.78Mb</Length>
        <Status>NOT_STARTED</Status>
        <isSermonSelected>false</isSermonSelected>
    </Sermon>
    <Sermon>
        <Title>28 - Vision of Development for youth training centre</Title>
        <Url>http://www.sermonindex.net/modules/mydownloads/visit.php?lid=24310</Url>
        <Speaker>Ben Torrey</Speaker>
        <Length>7.8Mb</Length>
        <Status>NOT_STARTED</Status>
        <isSermonSelected>false</isSermonSelected>
    </Sermon>
    <Sermon>
        <Title>29 - Having The Right People Involved In Ministry</Title>
        <Url>http://www.sermonindex.net/modules/mydownloads/visit.php?lid=24311</Url>
        <Speaker>Ben Torrey</Speaker>
        <Length>8.65Mb</Length>
        <Status>NOT_STARTED</Status>
        <isSermonSelected>false</isSermonSelected>
    </Sermon>
    <Sermon>
        <Title>30 - Testimony of Some of God's Workers</Title>
        <Url>http://www.sermonindex.net/modules/mydownloads/visit.php?lid=24312</Url>
        <Speaker>Ben Torrey</Speaker>
        <Length>7.49Mb</Length>
        <Status>NOT_STARTED</Status>
        <isSermonSelected>false</isSermonSelected>
    </Sermon>
    <Sermon>
        <Title>31 - Loving Your Neighbour as Yourself</Title>
        <Url>http://www.sermonindex.net/modules/mydownloads/visit.php?lid=24313</Url>
        <Speaker>Ben Torrey</Speaker>
        <Length>8.52Mb</Length>
        <Status>NOT_STARTED</Status>
        <isSermonSelected>false</isSermonSelected>
    </Sermon>
    <Sermon>
        <Title>32 - The Unity Of Christ's Body</Title>
        <Url>http://www.sermonindex.net/modules/mydownloads/visit.php?lid=24314</Url>
        <Speaker>Ben Torrey</Speaker>
        <Length>9.16Mb</Length>
        <Status>NOT_STARTED</Status>
        <isSermonSelected>false</isSermonSelected>
    </Sermon>
    <Sermon>
        <Title>33 - The Unity of the Church of Christ</Title>
        <Url>http://www.sermonindex.net/modules/mydownloads/visit.php?lid=24315</Url>
        <Speaker>Ben Torrey</Speaker>
        <Length>9.34Mb</Length>
        <Status>NOT_STARTED</Status>
        <isSermonSelected>false</isSermonSelected>
    </Sermon>
    <Sermon>
        <Title>34 - Forgiveness</Title>
        <Url>http://www.sermonindex.net/modules/mydownloads/visit.php?lid=24316</Url>
        <Speaker>Ben Torrey</Speaker>
        <Length>7.93Mb</Length>
        <Status>NOT_STARTED</Status>
        <isSermonSelected>false</isSermonSelected>
    </Sermon>
    <Sermon>
        <Title>35 - Koinonia - True Fellowship</Title>
        <Url>http://www.sermonindex.net/modules/mydownloads/visit.php?lid=24317</Url>
        <Speaker>Ben Torrey</Speaker>
        <Length>8.18Mb</Length>
        <Status>NOT_STARTED</Status>
        <isSermonSelected>false</isSermonSelected>
    </Sermon>
    <Sermon>
        <Title>36 - How Christ's Body Functions</Title>
        <Url>http://www.sermonindex.net/modules/mydownloads/visit.php?lid=24318</Url>
        <Speaker>Ben Torrey</Speaker>
        <Length>7.97Mb</Length>
        <Status>NOT_STARTED</Status>
        <isSermonSelected>false</isSermonSelected>
    </Sermon>
    <Sermon>
        <Title>37 - Body Ministry And Relationships In The Church</Title>
        <Url>http://www.sermonindex.net/modules/mydownloads/visit.php?lid=24319</Url>
        <Speaker>Ben Torrey</Speaker>
        <Length>8.84Mb</Length>
        <Status>NOT_STARTED</Status>
        <isSermonSelected>false</isSermonSelected>
    </Sermon>
    <Sermon>
        <Title>38 - Being Made A Part Of Each Other</Title>
        <Url>http://www.sermonindex.net/modules/mydownloads/visit.php?lid=24320</Url>
        <Speaker>Ben Torrey</Speaker>
        <Length>8.24Mb</Length>
        <Status>NOT_STARTED</Status>
        <isSermonSelected>false</isSermonSelected>
    </Sermon>
    <Sermon>
        <Title>39 - Feast Of Tabernacles</Title>
        <Url>http://www.sermonindex.net/modules/mydownloads/visit.php?lid=24321</Url>
        <Speaker>Ben Torrey</Speaker>
        <Length>8.65Mb</Length>
        <Status>NOT_STARTED</Status>
        <isSermonSelected>false</isSermonSelected>
    </Sermon>
    <Sermon>
        <Title>40 - The Prepared People Groups</Title>
        <Url>http://www.sermonindex.net/modules/mydownloads/visit.php?lid=24322</Url>
        <Speaker>Ben Torrey</Speaker>
        <Length>7.81Mb</Length>
        <Status>NOT_STARTED</Status>
        <isSermonSelected>false</isSermonSelected>
    </Sermon>
    <Sermon>
        <Title>41 - Preparation Questions for North Korea Opening</Title>
        <Url>http://www.sermonindex.net/modules/mydownloads/visit.php?lid=24323</Url>
        <Speaker>Ben Torrey</Speaker>
        <Length>7.69Mb</Length>
        <Status>NOT_STARTED</Status>
        <isSermonSelected>false</isSermonSelected>
    </Sermon>
    <Sermon>
        <Title>42 - Language Questions for North Korea Opening</Title>
        <Url>http://www.sermonindex.net/modules/mydownloads/visit.php?lid=24324</Url>
        <Speaker>Ben Torrey</Speaker>
        <Length>7.19Mb</Length>
        <Status>NOT_STARTED</Status>
        <isSermonSelected>false</isSermonSelected>
    </Sermon>
    <Sermon>
        <Title>43 - Questions on North Korean Religion</Title>
        <Url>http://www.sermonindex.net/modules/mydownloads/visit.php?lid=24325</Url>
        <Speaker>Ben Torrey</Speaker>
        <Length>7.31Mb</Length>
        <Status>NOT_STARTED</Status>
        <isSermonSelected>false</isSermonSelected>
    </Sermon>
    <Sermon>
        <Title>44 - Family Structure And culture in North Korea</Title>
        <Url>http://www.sermonindex.net/modules/mydownloads/visit.php?lid=24326</Url>
        <Speaker>Ben Torrey</Speaker>
        <Length>7.72Mb</Length>
        <Status>NOT_STARTED</Status>
        <isSermonSelected>false</isSermonSelected>
    </Sermon>
    <Sermon>
        <Title>45 - Socialism, Communism and Central planning</Title>
        <Url>http://www.sermonindex.net/modules/mydownloads/visit.php?lid=24327</Url>
        <Speaker>Ben Torrey</Speaker>
        <Length>7.05Mb</Length>
        <Status>NOT_STARTED</Status>
        <isSermonSelected>false</isSermonSelected>
    </Sermon>
    <Sermon>
        <Title>46 - Questions on the Church response to the opening of North Korea</Title>
        <Url>http://www.sermonindex.net/modules/mydownloads/visit.php?lid=24328</Url>
        <Speaker>Ben Torrey</Speaker>
        <Length>6.37Mb</Length>
        <Status>NOT_STARTED</Status>
        <isSermonSelected>false</isSermonSelected>
    </Sermon>
    <Sermon>
        <Title>47 - Integrating North and South Korea</Title>
        <Url>http://www.sermonindex.net/modules/mydownloads/visit.php?lid=24329</Url>
        <Speaker>Ben Torrey</Speaker>
        <Length>6.48Mb</Length>
        <Status>NOT_STARTED</Status>
        <isSermonSelected>false</isSermonSelected>
    </Sermon>
    <Sermon>
        <Title>48 - How Can Christians bring the Good News to North Korea</Title>
        <Url>http://www.sermonindex.net/modules/mydownloads/visit.php?lid=24330</Url>
        <Speaker>Ben Torrey</Speaker>
        <Length>7.08Mb</Length>
        <Status>NOT_STARTED</Status>
        <isSermonSelected>false</isSermonSelected>
    </Sermon>
    <Sermon>
        <Title>49 - Personal Preparing To be a missionary to North Korea</Title>
        <Url>http://www.sermonindex.net/modules/mydownloads/visit.php?lid=24331</Url>
        <Speaker>Ben Torrey</Speaker>
        <Length>7.94Mb</Length>
        <Status>NOT_STARTED</Status>
        <isSermonSelected>false</isSermonSelected>
    </Sermon>
    <Sermon>
        <Title>50 - Practical steps to be a witness to North Korea</Title>
        <Url>http://www.sermonindex.net/modules/mydownloads/visit.php?lid=24332</Url>
        <Speaker>Ben Torrey</Speaker>
        <Length>6.93Mb</Length>
        <Status>NOT_STARTED</Status>
        <isSermonSelected>false</isSermonSelected>
    </Sermon>
    <Sermon>
        <Title>51 - Related Matters in God's Work</Title>
        <Url>http://www.sermonindex.net/modules/mydownloads/visit.php?lid=24333</Url>
        <Speaker>Ben Torrey</Speaker>
        <Length>7.61Mb</Length>
        <Status>NOT_STARTED</Status>
        <isSermonSelected>false</isSermonSelected>
    </Sermon>
    <Sermon>
        <Title>52 - Christmas A Church Practice?</Title>
        <Url>http://www.sermonindex.net/modules/mydownloads/visit.php?lid=24334</Url>
        <Speaker>Ben Torrey</Speaker>
        <Length>7.99Mb</Length>
        <Status>NOT_STARTED</Status>
        <isSermonSelected>false</isSermonSelected>
    </Sermon>
    <Sermon>
        <Title>53 - A New Years reflection</Title>
        <Url>http://www.sermonindex.net/modules/mydownloads/visit.php?lid=24335</Url>
        <Speaker>Ben Torrey</Speaker>
        <Length>6.84Mb</Length>
        <Status>NOT_STARTED</Status>
        <isSermonSelected>false</isSermonSelected>
    </Sermon>
</Sermons>
