<?xml version="1.0" encoding="UTF-8" standalone="yes"?>
<Sermons>
    <Sermon>
        <Title>09-10-80 10a Part I</Title>
        <Url>http://www.sermonindex.net/modules/mydownloads/visit.php?lid=23006</Url>
        <Speaker>Bertha Smith</Speaker>
        <Length>12.73Mb</Length>
        <Status>NOT_STARTED</Status>
        <isSermonSelected>false</isSermonSelected>
    </Sermon>
    <Sermon>
        <Title>09-10-80 10a Part II</Title>
        <Url>http://www.sermonindex.net/modules/mydownloads/visit.php?lid=22998</Url>
        <Speaker>Bertha Smith</Speaker>
        <Length>10.31Mb</Length>
        <Status>NOT_STARTED</Status>
        <isSermonSelected>false</isSermonSelected>
    </Sermon>
    <Sermon>
        <Title>09-10-80 7p Part I</Title>
        <Url>http://www.sermonindex.net/modules/mydownloads/visit.php?lid=22990</Url>
        <Speaker>Bertha Smith</Speaker>
        <Length>7.92Mb</Length>
        <Status>NOT_STARTED</Status>
        <isSermonSelected>false</isSermonSelected>
    </Sermon>
    <Sermon>
        <Title>09-10-80 7p Part II</Title>
        <Url>http://www.sermonindex.net/modules/mydownloads/visit.php?lid=22991</Url>
        <Speaker>Bertha Smith</Speaker>
        <Length>5.18Mb</Length>
        <Status>NOT_STARTED</Status>
        <isSermonSelected>false</isSermonSelected>
    </Sermon>
    <Sermon>
        <Title>09-11-80 10a Part I</Title>
        <Url>http://www.sermonindex.net/modules/mydownloads/visit.php?lid=23001</Url>
        <Speaker>Bertha Smith</Speaker>
        <Length>10.75Mb</Length>
        <Status>NOT_STARTED</Status>
        <isSermonSelected>false</isSermonSelected>
    </Sermon>
    <Sermon>
        <Title>09-11-80 10a Part II</Title>
        <Url>http://www.sermonindex.net/modules/mydownloads/visit.php?lid=22992</Url>
        <Speaker>Bertha Smith</Speaker>
        <Length>6.69Mb</Length>
        <Status>NOT_STARTED</Status>
        <isSermonSelected>false</isSermonSelected>
    </Sermon>
    <Sermon>
        <Title>A Rich Young Man</Title>
        <Url>http://www.sermonindex.net/modules/mydownloads/visit.php?lid=23007</Url>
        <Speaker>Bertha Smith</Speaker>
        <Length>13.18Mb</Length>
        <Status>NOT_STARTED</Status>
        <isSermonSelected>false</isSermonSelected>
    </Sermon>
    <Sermon>
        <Title>A Time To Go Home</Title>
        <Url>http://www.sermonindex.net/modules/mydownloads/visit.php?lid=23008</Url>
        <Speaker>Bertha Smith</Speaker>
        <Length>13.96Mb</Length>
        <Status>NOT_STARTED</Status>
        <isSermonSelected>false</isSermonSelected>
    </Sermon>
    <Sermon>
        <Title>Be a Holy People</Title>
        <Url>http://www.sermonindex.net/modules/mydownloads/visit.php?lid=16404</Url>
        <Speaker>Bertha Smith</Speaker>
        <Length>47.76Mb</Length>
        <Status>NOT_STARTED</Status>
        <isSermonSelected>false</isSermonSelected>
    </Sermon>
    <Sermon>
        <Title>God Directs His Children [part 1]</Title>
        <Url>http://www.sermonindex.net/modules/mydownloads/visit.php?lid=23004</Url>
        <Speaker>Bertha Smith</Speaker>
        <Length>10.84Mb</Length>
        <Status>NOT_STARTED</Status>
        <isSermonSelected>false</isSermonSelected>
    </Sermon>
    <Sermon>
        <Title>God Directs His Children [part 2]</Title>
        <Url>http://www.sermonindex.net/modules/mydownloads/visit.php?lid=22997</Url>
        <Speaker>Bertha Smith</Speaker>
        <Length>9.43Mb</Length>
        <Status>NOT_STARTED</Status>
        <isSermonSelected>false</isSermonSelected>
    </Sermon>
    <Sermon>
        <Title>Holy of Holies Part I</Title>
        <Url>http://www.sermonindex.net/modules/mydownloads/visit.php?lid=23003</Url>
        <Speaker>Bertha Smith</Speaker>
        <Length>10.83Mb</Length>
        <Status>NOT_STARTED</Status>
        <isSermonSelected>false</isSermonSelected>
    </Sermon>
    <Sermon>
        <Title>Holy of Holies Part II</Title>
        <Url>http://www.sermonindex.net/modules/mydownloads/visit.php?lid=22996</Url>
        <Speaker>Bertha Smith</Speaker>
        <Length>9.43Mb</Length>
        <Status>NOT_STARTED</Status>
        <isSermonSelected>false</isSermonSelected>
    </Sermon>
    <Sermon>
        <Title>Naaman Healed of Leprosy Part 2</Title>
        <Url>http://www.sermonindex.net/modules/mydownloads/visit.php?lid=22995</Url>
        <Speaker>Bertha Smith</Speaker>
        <Length>7.22Mb</Length>
        <Status>NOT_STARTED</Status>
        <isSermonSelected>false</isSermonSelected>
    </Sermon>
    <Sermon>
        <Title>Naaman Healed of Leprosy [part 1]</Title>
        <Url>http://www.sermonindex.net/modules/mydownloads/visit.php?lid=22994</Url>
        <Speaker>Bertha Smith</Speaker>
        <Length>7.21Mb</Length>
        <Status>NOT_STARTED</Status>
        <isSermonSelected>false</isSermonSelected>
    </Sermon>
    <Sermon>
        <Title>Praying for Reviving</Title>
        <Url>http://www.sermonindex.net/modules/mydownloads/visit.php?lid=22999</Url>
        <Speaker>Bertha Smith</Speaker>
        <Length>10.44Mb</Length>
        <Status>NOT_STARTED</Status>
        <isSermonSelected>false</isSermonSelected>
    </Sermon>
    <Sermon>
        <Title>Reviving Prayers Answered blend</Title>
        <Url>http://www.sermonindex.net/modules/mydownloads/visit.php?lid=23005</Url>
        <Speaker>Bertha Smith</Speaker>
        <Length>11.79Mb</Length>
        <Status>NOT_STARTED</Status>
        <isSermonSelected>false</isSermonSelected>
    </Sermon>
    <Sermon>
        <Title>Shantung Revival</Title>
        <Url>http://www.sermonindex.net/modules/mydownloads/visit.php?lid=16403</Url>
        <Speaker>Bertha Smith</Speaker>
        <Length>23.63Mb</Length>
        <Status>NOT_STARTED</Status>
        <isSermonSelected>false</isSermonSelected>
    </Sermon>
    <Sermon>
        <Title>The Promises of the Lord Part I</Title>
        <Url>http://www.sermonindex.net/modules/mydownloads/visit.php?lid=23000</Url>
        <Speaker>Bertha Smith</Speaker>
        <Length>10.74Mb</Length>
        <Status>NOT_STARTED</Status>
        <isSermonSelected>false</isSermonSelected>
    </Sermon>
    <Sermon>
        <Title>The Promises of the Lord Part II</Title>
        <Url>http://www.sermonindex.net/modules/mydownloads/visit.php?lid=23002</Url>
        <Speaker>Bertha Smith</Speaker>
        <Length>10.78Mb</Length>
        <Status>NOT_STARTED</Status>
        <isSermonSelected>false</isSermonSelected>
    </Sermon>
    <Sermon>
        <Title>Why Did God Make Us Like We Are - Part 1</Title>
        <Url>http://www.sermonindex.net/modules/mydownloads/visit.php?lid=22993</Url>
        <Speaker>Bertha Smith</Speaker>
        <Length>7.01Mb</Length>
        <Status>NOT_STARTED</Status>
        <isSermonSelected>false</isSermonSelected>
    </Sermon>
    <Sermon>
        <Title>Why Did God Make Us Like We Are - Part 2</Title>
        <Url>http://www.sermonindex.net/modules/mydownloads/visit.php?lid=23009</Url>
        <Speaker>Bertha Smith</Speaker>
        <Length>14.25Mb</Length>
        <Status>NOT_STARTED</Status>
        <isSermonSelected>false</isSermonSelected>
    </Sermon>
</Sermons>
