<?xml version="1.0" encoding="UTF-8" standalone="yes"?>
<Sermons>
    <Sermon>
        <Title>(Europe 2008) Session 1 - A Man sent from God</Title>
        <Url>http://www.sermonindex.net/modules/mydownloads/visit.php?lid=18223</Url>
        <Speaker>B.H. Clendennen</Speaker>
        <Length>24.63Mb</Length>
        <Status>NOT_STARTED</Status>
        <isSermonSelected>false</isSermonSelected>
    </Sermon>
    <Sermon>
        <Title>(Europe 2008) Session 2 - Cleansing the Temple</Title>
        <Url>http://www.sermonindex.net/modules/mydownloads/visit.php?lid=18224</Url>
        <Speaker>B.H. Clendennen</Speaker>
        <Length>17Mb</Length>
        <Status>NOT_STARTED</Status>
        <isSermonSelected>false</isSermonSelected>
    </Sermon>
    <Sermon>
        <Title>(Europe 2008) Session 3 - The Spirit of Life</Title>
        <Url>http://www.sermonindex.net/modules/mydownloads/visit.php?lid=18225</Url>
        <Speaker>B.H. Clendennen</Speaker>
        <Length>29.14Mb</Length>
        <Status>NOT_STARTED</Status>
        <isSermonSelected>false</isSermonSelected>
    </Sermon>
    <Sermon>
        <Title>(Europe 2008) Session 4 - Assuming the Ministry of Christ</Title>
        <Url>http://www.sermonindex.net/modules/mydownloads/visit.php?lid=18226</Url>
        <Speaker>B.H. Clendennen</Speaker>
        <Length>27.63Mb</Length>
        <Status>NOT_STARTED</Status>
        <isSermonSelected>false</isSermonSelected>
    </Sermon>
    <Sermon>
        <Title>(Europe 2008) Session 5 - Establishing the Kingdom</Title>
        <Url>http://www.sermonindex.net/modules/mydownloads/visit.php?lid=18227</Url>
        <Speaker>B.H. Clendennen</Speaker>
        <Length>28.43Mb</Length>
        <Status>NOT_STARTED</Status>
        <isSermonSelected>false</isSermonSelected>
    </Sermon>
    <Sermon>
        <Title>(Europe 2008) Session 6 - The Revelation of God in man</Title>
        <Url>http://www.sermonindex.net/modules/mydownloads/visit.php?lid=18228</Url>
        <Speaker>B.H. Clendennen</Speaker>
        <Length>26.01Mb</Length>
        <Status>NOT_STARTED</Status>
        <isSermonSelected>false</isSermonSelected>
    </Sermon>
    <Sermon>
        <Title>(Europe 2008) Session 7 - As He is, so are we</Title>
        <Url>http://www.sermonindex.net/modules/mydownloads/visit.php?lid=18229</Url>
        <Speaker>B.H. Clendennen</Speaker>
        <Length>25.12Mb</Length>
        <Status>NOT_STARTED</Status>
        <isSermonSelected>false</isSermonSelected>
    </Sermon>
    <Sermon>
        <Title>(Europe 2008) Session 8 - When Truth is in the house</Title>
        <Url>http://www.sermonindex.net/modules/mydownloads/visit.php?lid=18230</Url>
        <Speaker>B.H. Clendennen</Speaker>
        <Length>24.63Mb</Length>
        <Status>NOT_STARTED</Status>
        <isSermonSelected>false</isSermonSelected>
    </Sermon>
    <Sermon>
        <Title>(Europe 2008) Session 9 - A Closed Book</Title>
        <Url>http://www.sermonindex.net/modules/mydownloads/visit.php?lid=18231</Url>
        <Speaker>B.H. Clendennen</Speaker>
        <Length>28.96Mb</Length>
        <Status>NOT_STARTED</Status>
        <isSermonSelected>false</isSermonSelected>
    </Sermon>
    <Sermon>
        <Title>(Forging the Vessel of Recovery) 1- The Success of the First Century Church</Title>
        <Url>http://www.sermonindex.net/modules/mydownloads/visit.php?lid=10128</Url>
        <Speaker>B.H. Clendennen</Speaker>
        <Length>9.71Mb</Length>
        <Status>NOT_STARTED</Status>
        <isSermonSelected>false</isSermonSelected>
    </Sermon>
    <Sermon>
        <Title>(Forging the Vessel of Recovery) 2- The New Cruse</Title>
        <Url>http://www.sermonindex.net/modules/mydownloads/visit.php?lid=10129</Url>
        <Speaker>B.H. Clendennen</Speaker>
        <Length>11.58Mb</Length>
        <Status>NOT_STARTED</Status>
        <isSermonSelected>false</isSermonSelected>
    </Sermon>
    <Sermon>
        <Title>(Forging the Vessel of Recovery) 3- A New Beginning</Title>
        <Url>http://www.sermonindex.net/modules/mydownloads/visit.php?lid=10130</Url>
        <Speaker>B.H. Clendennen</Speaker>
        <Length>9.85Mb</Length>
        <Status>NOT_STARTED</Status>
        <isSermonSelected>false</isSermonSelected>
    </Sermon>
    <Sermon>
        <Title>(Forging the Vessel of Recovery) 4- Features of the vessel</Title>
        <Url>http://www.sermonindex.net/modules/mydownloads/visit.php?lid=10131</Url>
        <Speaker>B.H. Clendennen</Speaker>
        <Length>9.82Mb</Length>
        <Status>NOT_STARTED</Status>
        <isSermonSelected>false</isSermonSelected>
    </Sermon>
    <Sermon>
        <Title>(Forging the Vessel of Recovery) 5- A Vessel Of Glory</Title>
        <Url>http://www.sermonindex.net/modules/mydownloads/visit.php?lid=10132</Url>
        <Speaker>B.H. Clendennen</Speaker>
        <Length>9.88Mb</Length>
        <Status>NOT_STARTED</Status>
        <isSermonSelected>false</isSermonSelected>
    </Sermon>
    <Sermon>
        <Title>(Forging the Vessel of Recovery) 6- Recovery of Real Faith</Title>
        <Url>http://www.sermonindex.net/modules/mydownloads/visit.php?lid=10133</Url>
        <Speaker>B.H. Clendennen</Speaker>
        <Length>9.89Mb</Length>
        <Status>NOT_STARTED</Status>
        <isSermonSelected>false</isSermonSelected>
    </Sermon>
    <Sermon>
        <Title>A Bride for Christ</Title>
        <Url>http://www.sermonindex.net/modules/mydownloads/visit.php?lid=10117</Url>
        <Speaker>B.H. Clendennen</Speaker>
        <Length>10.04Mb</Length>
        <Status>NOT_STARTED</Status>
        <isSermonSelected>false</isSermonSelected>
    </Sermon>
    <Sermon>
        <Title>A Distinct Culture</Title>
        <Url>http://www.sermonindex.net/modules/mydownloads/visit.php?lid=10118</Url>
        <Speaker>B.H. Clendennen</Speaker>
        <Length>11.76Mb</Length>
        <Status>NOT_STARTED</Status>
        <isSermonSelected>false</isSermonSelected>
    </Sermon>
    <Sermon>
        <Title>Forsaking God</Title>
        <Url>http://www.sermonindex.net/modules/mydownloads/visit.php?lid=10119</Url>
        <Speaker>B.H. Clendennen</Speaker>
        <Length>8.4Mb</Length>
        <Status>NOT_STARTED</Status>
        <isSermonSelected>false</isSermonSelected>
    </Sermon>
    <Sermon>
        <Title>God has spoken</Title>
        <Url>http://www.sermonindex.net/modules/mydownloads/visit.php?lid=10120</Url>
        <Speaker>B.H. Clendennen</Speaker>
        <Length>13.28Mb</Length>
        <Status>NOT_STARTED</Status>
        <isSermonSelected>false</isSermonSelected>
    </Sermon>
    <Sermon>
        <Title>God's Provision For Holiness</Title>
        <Url>http://www.sermonindex.net/modules/mydownloads/visit.php?lid=15221</Url>
        <Speaker>B.H. Clendennen</Speaker>
        <Length>10.69Mb</Length>
        <Status>NOT_STARTED</Status>
        <isSermonSelected>false</isSermonSelected>
    </Sermon>
    <Sermon>
        <Title>Hearing His voice</Title>
        <Url>http://www.sermonindex.net/modules/mydownloads/visit.php?lid=10121</Url>
        <Speaker>B.H. Clendennen</Speaker>
        <Length>10.78Mb</Length>
        <Status>NOT_STARTED</Status>
        <isSermonSelected>false</isSermonSelected>
    </Sermon>
    <Sermon>
        <Title>Holiness and Obedience</Title>
        <Url>http://www.sermonindex.net/modules/mydownloads/visit.php?lid=10122</Url>
        <Speaker>B.H. Clendennen</Speaker>
        <Length>9.65Mb</Length>
        <Status>NOT_STARTED</Status>
        <isSermonSelected>false</isSermonSelected>
    </Sermon>
    <Sermon>
        <Title>Holiness and Redemption</Title>
        <Url>http://www.sermonindex.net/modules/mydownloads/visit.php?lid=15619</Url>
        <Speaker>B.H. Clendennen</Speaker>
        <Length>39.1Mb</Length>
        <Status>NOT_STARTED</Status>
        <isSermonSelected>false</isSermonSelected>
    </Sermon>
    <Sermon>
        <Title>Holiness And Revelation</Title>
        <Url>http://www.sermonindex.net/modules/mydownloads/visit.php?lid=15222</Url>
        <Speaker>B.H. Clendennen</Speaker>
        <Length>9.17Mb</Length>
        <Status>NOT_STARTED</Status>
        <isSermonSelected>false</isSermonSelected>
    </Sermon>
    <Sermon>
        <Title>Holy In Christ</Title>
        <Url>http://www.sermonindex.net/modules/mydownloads/visit.php?lid=15618</Url>
        <Speaker>B.H. Clendennen</Speaker>
        <Length>41.02Mb</Length>
        <Status>NOT_STARTED</Status>
        <isSermonSelected>false</isSermonSelected>
    </Sermon>
    <Sermon>
        <Title>It is finished</Title>
        <Url>http://www.sermonindex.net/modules/mydownloads/visit.php?lid=10123</Url>
        <Speaker>B.H. Clendennen</Speaker>
        <Length>11.06Mb</Length>
        <Status>NOT_STARTED</Status>
        <isSermonSelected>false</isSermonSelected>
    </Sermon>
    <Sermon>
        <Title>Prayer Is a Warfare</Title>
        <Url>http://www.sermonindex.net/modules/mydownloads/visit.php?lid=18528</Url>
        <Speaker>B.H. Clendennen</Speaker>
        <Length>33.17Mb</Length>
        <Status>NOT_STARTED</Status>
        <isSermonSelected>false</isSermonSelected>
    </Sermon>
    <Sermon>
        <Title>Prodigal Church</Title>
        <Url>http://www.sermonindex.net/modules/mydownloads/visit.php?lid=5114</Url>
        <Speaker>B.H. Clendennen</Speaker>
        <Length>10.87Mb</Length>
        <Status>NOT_STARTED</Status>
        <isSermonSelected>false</isSermonSelected>
    </Sermon>
    <Sermon>
        <Title>Soldier</Title>
        <Url>http://www.sermonindex.net/modules/mydownloads/visit.php?lid=11916</Url>
        <Speaker>B.H. Clendennen</Speaker>
        <Length>12.86Mb</Length>
        <Status>NOT_STARTED</Status>
        <isSermonSelected>false</isSermonSelected>
    </Sermon>
    <Sermon>
        <Title>Soldiers</Title>
        <Url>http://www.sermonindex.net/modules/mydownloads/visit.php?lid=5115</Url>
        <Speaker>B.H. Clendennen</Speaker>
        <Length>13.12Mb</Length>
        <Status>NOT_STARTED</Status>
        <isSermonSelected>false</isSermonSelected>
    </Sermon>
    <Sermon>
        <Title>Soldiers Hymn</Title>
        <Url>http://www.sermonindex.net/modules/mydownloads/visit.php?lid=10124</Url>
        <Speaker>B.H. Clendennen</Speaker>
        <Length>2.83Mb</Length>
        <Status>NOT_STARTED</Status>
        <isSermonSelected>false</isSermonSelected>
    </Sermon>
    <Sermon>
        <Title>The Bride Hath Made Herself Ready</Title>
        <Url>http://www.sermonindex.net/modules/mydownloads/visit.php?lid=5116</Url>
        <Speaker>B.H. Clendennen</Speaker>
        <Length>13.59Mb</Length>
        <Status>NOT_STARTED</Status>
        <isSermonSelected>false</isSermonSelected>
    </Sermon>
    <Sermon>
        <Title>The Dreamer</Title>
        <Url>http://www.sermonindex.net/modules/mydownloads/visit.php?lid=13547</Url>
        <Speaker>B.H. Clendennen</Speaker>
        <Length>12.28Mb</Length>
        <Status>NOT_STARTED</Status>
        <isSermonSelected>false</isSermonSelected>
    </Sermon>
    <Sermon>
        <Title>The Early and Latter Rain</Title>
        <Url>http://www.sermonindex.net/modules/mydownloads/visit.php?lid=5117</Url>
        <Speaker>B.H. Clendennen</Speaker>
        <Length>11.22Mb</Length>
        <Status>NOT_STARTED</Status>
        <isSermonSelected>false</isSermonSelected>
    </Sermon>
    <Sermon>
        <Title>The Overcoming saint</Title>
        <Url>http://www.sermonindex.net/modules/mydownloads/visit.php?lid=10125</Url>
        <Speaker>B.H. Clendennen</Speaker>
        <Length>12.16Mb</Length>
        <Status>NOT_STARTED</Status>
        <isSermonSelected>false</isSermonSelected>
    </Sermon>
    <Sermon>
        <Title>The word of God searches the heart</Title>
        <Url>http://www.sermonindex.net/modules/mydownloads/visit.php?lid=10126</Url>
        <Speaker>B.H. Clendennen</Speaker>
        <Length>10.06Mb</Length>
        <Status>NOT_STARTED</Status>
        <isSermonSelected>false</isSermonSelected>
    </Sermon>
    <Sermon>
        <Title>What it Means to Pray Through</Title>
        <Url>http://www.sermonindex.net/modules/mydownloads/visit.php?lid=5113</Url>
        <Speaker>B.H. Clendennen</Speaker>
        <Length>12.32Mb</Length>
        <Status>NOT_STARTED</Status>
        <isSermonSelected>false</isSermonSelected>
    </Sermon>
    <Sermon>
        <Title>Without Spot or Wrinkle</Title>
        <Url>http://www.sermonindex.net/modules/mydownloads/visit.php?lid=5118</Url>
        <Speaker>B.H. Clendennen</Speaker>
        <Length>11.42Mb</Length>
        <Status>NOT_STARTED</Status>
        <isSermonSelected>false</isSermonSelected>
    </Sermon>
</Sermons>
