<?xml version="1.0" encoding="UTF-8" standalone="yes"?>
<Sermons>
    <Sermon>
        <Title>How You Can Help Fulfill The Great Commission</Title>
        <Url>http://www.sermonindex.net/modules/mydownloads/visit.php?lid=17286</Url>
        <Speaker>Bill Bright</Speaker>
        <Length>7.78Mb</Length>
        <Status>ALREADY_DONE</Status>
        <isSermonSelected>false</isSermonSelected>
    </Sermon>
    <Sermon>
        <Title>How You Can Walk In The Spirit</Title>
        <Url>http://www.sermonindex.net/modules/mydownloads/visit.php?lid=17285</Url>
        <Speaker>Bill Bright</Speaker>
        <Length>7.66Mb</Length>
        <Status>ALREADY_DONE</Status>
        <isSermonSelected>false</isSermonSelected>
    </Sermon>
    <Sermon>
        <Title>The Uniqueness of Christ</Title>
        <Url>http://www.sermonindex.net/modules/mydownloads/visit.php?lid=23155</Url>
        <Speaker>Bill Bright</Speaker>
        <Length>6.7Mb</Length>
        <Status>ALREADY_DONE</Status>
        <isSermonSelected>false</isSermonSelected>
    </Sermon>
</Sermons>
