<?xml version="1.0" encoding="UTF-8" standalone="yes"?>
<Sermons>
    <Sermon>
        <Title>A Two-Edged Sword</Title>
        <Url>http://www.sermonindex.net/modules/mydownloads/visit.php?lid=19534</Url>
        <Speaker>Bill Wright</Speaker>
        <Length>14.86Mb</Length>
        <Status>NOT_STARTED</Status>
        <isSermonSelected>false</isSermonSelected>
    </Sermon>
    <Sermon>
        <Title>God - No Absentee Landlord</Title>
        <Url>http://www.sermonindex.net/modules/mydownloads/visit.php?lid=20853</Url>
        <Speaker>Bill Wright</Speaker>
        <Length>10.68Mb</Length>
        <Status>NOT_STARTED</Status>
        <isSermonSelected>false</isSermonSelected>
    </Sermon>
    <Sermon>
        <Title>What Revival Taught Me About God and His Church</Title>
        <Url>http://www.sermonindex.net/modules/mydownloads/visit.php?lid=19652</Url>
        <Speaker>Bill Wright</Speaker>
        <Length>14.86Mb</Length>
        <Status>NOT_STARTED</Status>
        <isSermonSelected>false</isSermonSelected>
    </Sermon>
</Sermons>
