<?xml version="1.0" encoding="UTF-8" standalone="yes"?>
<Sermons>
    <Sermon>
        <Title>Anti-booze efforts</Title>
        <Url>http://www.sermonindex.net/modules/mydownloads/visit.php?lid=4705</Url>
        <Speaker>Billy Sunday</Speaker>
        <Length>170Kb</Length>
        <Status>NOT_STARTED</Status>
        <isSermonSelected>false</isSermonSelected>
    </Sermon>
    <Sermon>
        <Title>Preaching Prohibition</Title>
        <Url>http://www.sermonindex.net/modules/mydownloads/visit.php?lid=41</Url>
        <Speaker>Billy Sunday</Speaker>
        <Length>246Kb</Length>
        <Status>NOT_STARTED</Status>
        <isSermonSelected>false</isSermonSelected>
    </Sermon>
    <Sermon>
        <Title>Prohibition</Title>
        <Url>http://www.sermonindex.net/modules/mydownloads/visit.php?lid=42</Url>
        <Speaker>Billy Sunday</Speaker>
        <Length>128Kb</Length>
        <Status>NOT_STARTED</Status>
        <isSermonSelected>false</isSermonSelected>
    </Sermon>
    <Sermon>
        <Title>Prohibition (edited)</Title>
        <Url>http://www.sermonindex.net/modules/mydownloads/visit.php?lid=3092</Url>
        <Speaker>Billy Sunday</Speaker>
        <Length>511Kb</Length>
        <Status>NOT_STARTED</Status>
        <isSermonSelected>false</isSermonSelected>
    </Sermon>
</Sermons>
