<?xml version="1.0" encoding="UTF-8" standalone="yes"?>
<Sermons>
    <Sermon>
        <Title>Christ Our Passover</Title>
        <Url>http://www.sermonindex.net/modules/mydownloads/visit.php?lid=20073</Url>
        <Speaker>Bill Stafford</Speaker>
        <Length>18.81Mb</Length>
        <Status>NOT_STARTED</Status>
        <isSermonSelected>false</isSermonSelected>
    </Sermon>
    <Sermon>
        <Title>God Is Our Sufficiency</Title>
        <Url>http://www.sermonindex.net/modules/mydownloads/visit.php?lid=22919</Url>
        <Speaker>Bill Stafford</Speaker>
        <Length>13.88Mb</Length>
        <Status>NOT_STARTED</Status>
        <isSermonSelected>false</isSermonSelected>
    </Sermon>
    <Sermon>
        <Title>Obedience</Title>
        <Url>http://www.sermonindex.net/modules/mydownloads/visit.php?lid=22920</Url>
        <Speaker>Bill Stafford</Speaker>
        <Length>15.78Mb</Length>
        <Status>NOT_STARTED</Status>
        <isSermonSelected>false</isSermonSelected>
    </Sermon>
    <Sermon>
        <Title>Permanency Of The Covenant</Title>
        <Url>http://www.sermonindex.net/modules/mydownloads/visit.php?lid=20074</Url>
        <Speaker>Bill Stafford</Speaker>
        <Length>25.13Mb</Length>
        <Status>NOT_STARTED</Status>
        <isSermonSelected>false</isSermonSelected>
    </Sermon>
    <Sermon>
        <Title>Person Of The Covenant</Title>
        <Url>http://www.sermonindex.net/modules/mydownloads/visit.php?lid=20078</Url>
        <Speaker>Bill Stafford</Speaker>
        <Length>18.72Mb</Length>
        <Status>NOT_STARTED</Status>
        <isSermonSelected>false</isSermonSelected>
    </Sermon>
    <Sermon>
        <Title>Provision Of The Covenant - Part 1</Title>
        <Url>http://www.sermonindex.net/modules/mydownloads/visit.php?lid=20076</Url>
        <Speaker>Bill Stafford</Speaker>
        <Length>26.67Mb</Length>
        <Status>NOT_STARTED</Status>
        <isSermonSelected>false</isSermonSelected>
    </Sermon>
    <Sermon>
        <Title>Provision Of The Covenant - Part 2</Title>
        <Url>http://www.sermonindex.net/modules/mydownloads/visit.php?lid=20077</Url>
        <Speaker>Bill Stafford</Speaker>
        <Length>23.47Mb</Length>
        <Status>NOT_STARTED</Status>
        <isSermonSelected>false</isSermonSelected>
    </Sermon>
    <Sermon>
        <Title>Revival</Title>
        <Url>http://www.sermonindex.net/modules/mydownloads/visit.php?lid=22918</Url>
        <Speaker>Bill Stafford</Speaker>
        <Length>27.46Mb</Length>
        <Status>NOT_STARTED</Status>
        <isSermonSelected>false</isSermonSelected>
    </Sermon>
    <Sermon>
        <Title>The Purpose Of The Covenant</Title>
        <Url>http://www.sermonindex.net/modules/mydownloads/visit.php?lid=20075</Url>
        <Speaker>Bill Stafford</Speaker>
        <Length>26.66Mb</Length>
        <Status>NOT_STARTED</Status>
        <isSermonSelected>false</isSermonSelected>
    </Sermon>
</Sermons>
