<?xml version="1.0" encoding="UTF-8" standalone="yes"?>
<Sermons>
    <Sermon>
        <Title>1 Peter 1; Minneapolis Conference</Title>
        <Url>http://www.sermonindex.net/modules/mydownloads/visit.php?lid=9676</Url>
        <Speaker>Bob Bruton</Speaker>
        <Length>5.08Mb</Length>
        <Status>NOT_STARTED</Status>
        <isSermonSelected>false</isSermonSelected>
    </Sermon>
    <Sermon>
        <Title>Haggai 2</Title>
        <Url>http://www.sermonindex.net/modules/mydownloads/visit.php?lid=9677</Url>
        <Speaker>Bob Bruton</Speaker>
        <Length>4.88Mb</Length>
        <Status>NOT_STARTED</Status>
        <isSermonSelected>false</isSermonSelected>
    </Sermon>
    <Sermon>
        <Title>Luke 13:25</Title>
        <Url>http://www.sermonindex.net/modules/mydownloads/visit.php?lid=9678</Url>
        <Speaker>Bob Bruton</Speaker>
        <Length>6.18Mb</Length>
        <Status>NOT_STARTED</Status>
        <isSermonSelected>false</isSermonSelected>
    </Sermon>
    <Sermon>
        <Title>Spiritual Gifts</Title>
        <Url>http://www.sermonindex.net/modules/mydownloads/visit.php?lid=9679</Url>
        <Speaker>Bob Bruton</Speaker>
        <Length>2.85Mb</Length>
        <Status>NOT_STARTED</Status>
        <isSermonSelected>false</isSermonSelected>
    </Sermon>
    <Sermon>
        <Title>The Holy Spirit</Title>
        <Url>http://www.sermonindex.net/modules/mydownloads/visit.php?lid=9680</Url>
        <Speaker>Bob Bruton</Speaker>
        <Length>2.37Mb</Length>
        <Status>NOT_STARTED</Status>
        <isSermonSelected>false</isSermonSelected>
    </Sermon>
    <Sermon>
        <Title>The Renunciation Chapter</Title>
        <Url>http://www.sermonindex.net/modules/mydownloads/visit.php?lid=9681</Url>
        <Speaker>Bob Bruton</Speaker>
        <Length>4.98Mb</Length>
        <Status>NOT_STARTED</Status>
        <isSermonSelected>false</isSermonSelected>
    </Sermon>
    <Sermon>
        <Title>The Unpardonable Sin</Title>
        <Url>http://www.sermonindex.net/modules/mydownloads/visit.php?lid=9682</Url>
        <Speaker>Bob Bruton</Speaker>
        <Length>6.34Mb</Length>
        <Status>NOT_STARTED</Status>
        <isSermonSelected>false</isSermonSelected>
    </Sermon>
    <Sermon>
        <Title>To The Beloved Gaius</Title>
        <Url>http://www.sermonindex.net/modules/mydownloads/visit.php?lid=9683</Url>
        <Speaker>Bob Bruton</Speaker>
        <Length>2.09Mb</Length>
        <Status>NOT_STARTED</Status>
        <isSermonSelected>false</isSermonSelected>
    </Sermon>
    <Sermon>
        <Title>To The Elect Lady</Title>
        <Url>http://www.sermonindex.net/modules/mydownloads/visit.php?lid=9684</Url>
        <Speaker>Bob Bruton</Speaker>
        <Length>2.47Mb</Length>
        <Status>NOT_STARTED</Status>
        <isSermonSelected>false</isSermonSelected>
    </Sermon>
</Sermons>
