<?xml version="1.0" encoding="UTF-8" standalone="yes"?>
<Sermons>
    <Sermon>
        <Title>America's Greatest Baptist Revival</Title>
        <Url>http://www.sermonindex.net/modules/mydownloads/visit.php?lid=14573</Url>
        <Speaker>Bob Doom</Speaker>
        <Length>5.84Mb</Length>
        <Status>NOT_STARTED</Status>
        <isSermonSelected>false</isSermonSelected>
    </Sermon>
    <Sermon>
        <Title>The Great Welsh Revival</Title>
        <Url>http://www.sermonindex.net/modules/mydownloads/visit.php?lid=14574</Url>
        <Speaker>Bob Doom</Speaker>
        <Length>4.95Mb</Length>
        <Status>NOT_STARTED</Status>
        <isSermonSelected>false</isSermonSelected>
    </Sermon>
</Sermons>
