<?xml version="1.0" encoding="UTF-8" standalone="yes"?>
<Sermons>
    <Sermon>
        <Title>Family God's Way #1 - Two Becoming One</Title>
        <Url>http://www.sermonindex.net/modules/mydownloads/visit.php?lid=11258</Url>
        <Speaker>Bob Hoekstra</Speaker>
        <Length>14.09Mb</Length>
        <Status>NOT_STARTED</Status>
        <isSermonSelected>false</isSermonSelected>
    </Sermon>
    <Sermon>
        <Title>Family God's Way #2 - Family Life</Title>
        <Url>http://www.sermonindex.net/modules/mydownloads/visit.php?lid=11259</Url>
        <Speaker>Bob Hoekstra</Speaker>
        <Length>14.21Mb</Length>
        <Status>NOT_STARTED</Status>
        <isSermonSelected>false</isSermonSelected>
    </Sermon>
    <Sermon>
        <Title>Family God's Way #3 - Worldly Threats to Family</Title>
        <Url>http://www.sermonindex.net/modules/mydownloads/visit.php?lid=11260</Url>
        <Speaker>Bob Hoekstra</Speaker>
        <Length>13.4Mb</Length>
        <Status>NOT_STARTED</Status>
        <isSermonSelected>false</isSermonSelected>
    </Sermon>
    <Sermon>
        <Title>Family God's Way #4 - Husbands and Wives</Title>
        <Url>http://www.sermonindex.net/modules/mydownloads/visit.php?lid=11261</Url>
        <Speaker>Bob Hoekstra</Speaker>
        <Length>14.03Mb</Length>
        <Status>NOT_STARTED</Status>
        <isSermonSelected>false</isSermonSelected>
    </Sermon>
    <Sermon>
        <Title>Family God's Way #5 - Parents and Children</Title>
        <Url>http://www.sermonindex.net/modules/mydownloads/visit.php?lid=11262</Url>
        <Speaker>Bob Hoekstra</Speaker>
        <Length>14.15Mb</Length>
        <Status>NOT_STARTED</Status>
        <isSermonSelected>false</isSermonSelected>
    </Sermon>
    <Sermon>
        <Title>Family God's Way #6 - The Lord as Home-Builder</Title>
        <Url>http://www.sermonindex.net/modules/mydownloads/visit.php?lid=11263</Url>
        <Speaker>Bob Hoekstra</Speaker>
        <Length>12.55Mb</Length>
        <Status>NOT_STARTED</Status>
        <isSermonSelected>false</isSermonSelected>
    </Sermon>
    <Sermon>
        <Title>Growing in Grace #1 - The Law of God</Title>
        <Url>http://www.sermonindex.net/modules/mydownloads/visit.php?lid=11341</Url>
        <Speaker>Bob Hoekstra</Speaker>
        <Length>11Mb</Length>
        <Status>NOT_STARTED</Status>
        <isSermonSelected>false</isSermonSelected>
    </Sermon>
    <Sermon>
        <Title>Growing in Grace #2 - The Grace of God</Title>
        <Url>http://www.sermonindex.net/modules/mydownloads/visit.php?lid=11342</Url>
        <Speaker>Bob Hoekstra</Speaker>
        <Length>13.52Mb</Length>
        <Status>NOT_STARTED</Status>
        <isSermonSelected>false</isSermonSelected>
    </Sermon>
    <Sermon>
        <Title>Growing in Grace #3 - Living Daily By The Grace of God</Title>
        <Url>http://www.sermonindex.net/modules/mydownloads/visit.php?lid=11343</Url>
        <Speaker>Bob Hoekstra</Speaker>
        <Length>13.71Mb</Length>
        <Status>NOT_STARTED</Status>
        <isSermonSelected>false</isSermonSelected>
    </Sermon>
    <Sermon>
        <Title>Growing in Grace #4 - The Holy Spirit and the Grace of God</Title>
        <Url>http://www.sermonindex.net/modules/mydownloads/visit.php?lid=11344</Url>
        <Speaker>Bob Hoekstra</Speaker>
        <Length>12.26Mb</Length>
        <Status>NOT_STARTED</Status>
        <isSermonSelected>false</isSermonSelected>
    </Sermon>
    <Sermon>
        <Title>Growing in Grace #5 - Grace for Knowing God</Title>
        <Url>http://www.sermonindex.net/modules/mydownloads/visit.php?lid=11345</Url>
        <Speaker>Bob Hoekstra</Speaker>
        <Length>13.52Mb</Length>
        <Status>NOT_STARTED</Status>
        <isSermonSelected>false</isSermonSelected>
    </Sermon>
    <Sermon>
        <Title>Growing in Grace #6 - The "Much More" Grace of God</Title>
        <Url>http://www.sermonindex.net/modules/mydownloads/visit.php?lid=11346</Url>
        <Speaker>Bob Hoekstra</Speaker>
        <Length>14.59Mb</Length>
        <Status>NOT_STARTED</Status>
        <isSermonSelected>false</isSermonSelected>
    </Sermon>
    <Sermon>
        <Title>Growing in the Grace of God #01 - The New Covenant Part 1</Title>
        <Url>http://www.sermonindex.net/modules/mydownloads/visit.php?lid=11234</Url>
        <Speaker>Bob Hoekstra</Speaker>
        <Length>8Mb</Length>
        <Status>NOT_STARTED</Status>
        <isSermonSelected>false</isSermonSelected>
    </Sermon>
    <Sermon>
        <Title>Growing in the Grace of God #02 - The New Covenant Part 2</Title>
        <Url>http://www.sermonindex.net/modules/mydownloads/visit.php?lid=11235</Url>
        <Speaker>Bob Hoekstra</Speaker>
        <Length>12.12Mb</Length>
        <Status>NOT_STARTED</Status>
        <isSermonSelected>false</isSermonSelected>
    </Sermon>
    <Sermon>
        <Title>Growing in the Grace of God #03 - The Old Covenant of Law</Title>
        <Url>http://www.sermonindex.net/modules/mydownloads/visit.php?lid=11236</Url>
        <Speaker>Bob Hoekstra</Speaker>
        <Length>11.2Mb</Length>
        <Status>NOT_STARTED</Status>
        <isSermonSelected>false</isSermonSelected>
    </Sermon>
    <Sermon>
        <Title>Growing in the Grace of God #04 - The Old Covenant of Law</Title>
        <Url>http://www.sermonindex.net/modules/mydownloads/visit.php?lid=11237</Url>
        <Speaker>Bob Hoekstra</Speaker>
        <Length>9.47Mb</Length>
        <Status>NOT_STARTED</Status>
        <isSermonSelected>false</isSermonSelected>
    </Sermon>
    <Sermon>
        <Title>Growing in the Grace of God #05 - The New Covenant of Grace</Title>
        <Url>http://www.sermonindex.net/modules/mydownloads/visit.php?lid=11238</Url>
        <Speaker>Bob Hoekstra</Speaker>
        <Length>12.79Mb</Length>
        <Status>NOT_STARTED</Status>
        <isSermonSelected>false</isSermonSelected>
    </Sermon>
    <Sermon>
        <Title>Growing in the Grace of God #06 - The New Covenant of Grace</Title>
        <Url>http://www.sermonindex.net/modules/mydownloads/visit.php?lid=11239</Url>
        <Speaker>Bob Hoekstra</Speaker>
        <Length>10.82Mb</Length>
        <Status>NOT_STARTED</Status>
        <isSermonSelected>false</isSermonSelected>
    </Sermon>
    <Sermon>
        <Title>Growing in the Grace of God #07 - The Holy Spirit Covenant Part 1</Title>
        <Url>http://www.sermonindex.net/modules/mydownloads/visit.php?lid=11240</Url>
        <Speaker>Bob Hoekstra</Speaker>
        <Length>12.3Mb</Length>
        <Status>NOT_STARTED</Status>
        <isSermonSelected>false</isSermonSelected>
    </Sermon>
    <Sermon>
        <Title>Growing in the Grace of God #08 - The Holy Spirit Covenant Part 2</Title>
        <Url>http://www.sermonindex.net/modules/mydownloads/visit.php?lid=11241</Url>
        <Speaker>Bob Hoekstra</Speaker>
        <Length>11.32Mb</Length>
        <Status>NOT_STARTED</Status>
        <isSermonSelected>false</isSermonSelected>
    </Sermon>
    <Sermon>
        <Title>Growing in the Grace of God #09 - The Resurrection Covenant Part 1</Title>
        <Url>http://www.sermonindex.net/modules/mydownloads/visit.php?lid=11242</Url>
        <Speaker>Bob Hoekstra</Speaker>
        <Length>17.24Mb</Length>
        <Status>NOT_STARTED</Status>
        <isSermonSelected>false</isSermonSelected>
    </Sermon>
    <Sermon>
        <Title>Growing in the Grace of God #10 - The Resurrection Covenant Part 2</Title>
        <Url>http://www.sermonindex.net/modules/mydownloads/visit.php?lid=11243</Url>
        <Speaker>Bob Hoekstra</Speaker>
        <Length>10.26Mb</Length>
        <Status>NOT_STARTED</Status>
        <isSermonSelected>false</isSermonSelected>
    </Sermon>
    <Sermon>
        <Title>Growing in the Grace of God #11 - A Covenant of Relationship Part 1</Title>
        <Url>http://www.sermonindex.net/modules/mydownloads/visit.php?lid=11244</Url>
        <Speaker>Bob Hoekstra</Speaker>
        <Length>13.77Mb</Length>
        <Status>NOT_STARTED</Status>
        <isSermonSelected>false</isSermonSelected>
    </Sermon>
    <Sermon>
        <Title>Growing in the Grace of God #12 - A Covenant of Relationship Part 2</Title>
        <Url>http://www.sermonindex.net/modules/mydownloads/visit.php?lid=11245</Url>
        <Speaker>Bob Hoekstra</Speaker>
        <Length>9.29Mb</Length>
        <Status>NOT_STARTED</Status>
        <isSermonSelected>false</isSermonSelected>
    </Sermon>
    <Sermon>
        <Title>Growing in the Grace of God #13 - Characters of New Covenant Life &amp; Service Part 1</Title>
        <Url>http://www.sermonindex.net/modules/mydownloads/visit.php?lid=11246</Url>
        <Speaker>Bob Hoekstra</Speaker>
        <Length>11.28Mb</Length>
        <Status>NOT_STARTED</Status>
        <isSermonSelected>false</isSermonSelected>
    </Sermon>
    <Sermon>
        <Title>Growing in the Grace of God #14 - Characters of New Covenant Life &amp; Service Part 2</Title>
        <Url>http://www.sermonindex.net/modules/mydownloads/visit.php?lid=11247</Url>
        <Speaker>Bob Hoekstra</Speaker>
        <Length>10.83Mb</Length>
        <Status>NOT_STARTED</Status>
        <isSermonSelected>false</isSermonSelected>
    </Sermon>
    <Sermon>
        <Title>Growing in the Grace of God #15 - Contrasts Between the Old &amp; New Covenant Part 1</Title>
        <Url>http://www.sermonindex.net/modules/mydownloads/visit.php?lid=11248</Url>
        <Speaker>Bob Hoekstra</Speaker>
        <Length>12.7Mb</Length>
        <Status>NOT_STARTED</Status>
        <isSermonSelected>false</isSermonSelected>
    </Sermon>
    <Sermon>
        <Title>Growing in the Grace of God #16 - Contrasts Between the Old &amp; New Covenant Part 2</Title>
        <Url>http://www.sermonindex.net/modules/mydownloads/visit.php?lid=11249</Url>
        <Speaker>Bob Hoekstra</Speaker>
        <Length>9.83Mb</Length>
        <Status>NOT_STARTED</Status>
        <isSermonSelected>false</isSermonSelected>
    </Sermon>
    <Sermon>
        <Title>Growing in the Grace of God #17 - More Characteristics of New Covenant Living Part 1</Title>
        <Url>http://www.sermonindex.net/modules/mydownloads/visit.php?lid=11250</Url>
        <Speaker>Bob Hoekstra</Speaker>
        <Length>10.77Mb</Length>
        <Status>NOT_STARTED</Status>
        <isSermonSelected>false</isSermonSelected>
    </Sermon>
    <Sermon>
        <Title>Growing in the Grace of God #18 - More Characteristics of New Covenant Living Part 2</Title>
        <Url>http://www.sermonindex.net/modules/mydownloads/visit.php?lid=11251</Url>
        <Speaker>Bob Hoekstra</Speaker>
        <Length>12.41Mb</Length>
        <Status>NOT_STARTED</Status>
        <isSermonSelected>false</isSermonSelected>
    </Sermon>
    <Sermon>
        <Title>Growing in the Grace of God #19 - New Covenant Obedience Part 1</Title>
        <Url>http://www.sermonindex.net/modules/mydownloads/visit.php?lid=11252</Url>
        <Speaker>Bob Hoekstra</Speaker>
        <Length>11.97Mb</Length>
        <Status>NOT_STARTED</Status>
        <isSermonSelected>false</isSermonSelected>
    </Sermon>
    <Sermon>
        <Title>Growing in the Grace of God #20 - New Covenant Obedience Part 2</Title>
        <Url>http://www.sermonindex.net/modules/mydownloads/visit.php?lid=11253</Url>
        <Speaker>Bob Hoekstra</Speaker>
        <Length>12.83Mb</Length>
        <Status>NOT_STARTED</Status>
        <isSermonSelected>false</isSermonSelected>
    </Sermon>
    <Sermon>
        <Title>Growing in the Grace of God #21 - A Covenant of Better Promises Part 1</Title>
        <Url>http://www.sermonindex.net/modules/mydownloads/visit.php?lid=11254</Url>
        <Speaker>Bob Hoekstra</Speaker>
        <Length>13.08Mb</Length>
        <Status>NOT_STARTED</Status>
        <isSermonSelected>false</isSermonSelected>
    </Sermon>
    <Sermon>
        <Title>Growing in the Grace of God #22 - A Covenant of Better Promises Part 2</Title>
        <Url>http://www.sermonindex.net/modules/mydownloads/visit.php?lid=11255</Url>
        <Speaker>Bob Hoekstra</Speaker>
        <Length>11.7Mb</Length>
        <Status>NOT_STARTED</Status>
        <isSermonSelected>false</isSermonSelected>
    </Sermon>
    <Sermon>
        <Title>Growing in the Grace of God #23 - Various Aspects of New Covenant Grace Part 1</Title>
        <Url>http://www.sermonindex.net/modules/mydownloads/visit.php?lid=11256</Url>
        <Speaker>Bob Hoekstra</Speaker>
        <Length>11.77Mb</Length>
        <Status>NOT_STARTED</Status>
        <isSermonSelected>false</isSermonSelected>
    </Sermon>
    <Sermon>
        <Title>Growing in the Grace of God #24 - Various Aspects of New Covenant Grace Part 2</Title>
        <Url>http://www.sermonindex.net/modules/mydownloads/visit.php?lid=11257</Url>
        <Speaker>Bob Hoekstra</Speaker>
        <Length>12.43Mb</Length>
        <Status>NOT_STARTED</Status>
        <isSermonSelected>false</isSermonSelected>
    </Sermon>
    <Sermon>
        <Title>Pressing on to Know the Lord</Title>
        <Url>http://www.sermonindex.net/modules/mydownloads/visit.php?lid=11348</Url>
        <Speaker>Bob Hoekstra</Speaker>
        <Length>11.74Mb</Length>
        <Status>NOT_STARTED</Status>
        <isSermonSelected>false</isSermonSelected>
    </Sermon>
    <Sermon>
        <Title>Promise Believers #1 - Man's Promises or God's Promises</Title>
        <Url>http://www.sermonindex.net/modules/mydownloads/visit.php?lid=11264</Url>
        <Speaker>Bob Hoekstra</Speaker>
        <Length>12.49Mb</Length>
        <Status>NOT_STARTED</Status>
        <isSermonSelected>false</isSermonSelected>
    </Sermon>
    <Sermon>
        <Title>Promise Believers #2 - A God of Promise (Old Testament)</Title>
        <Url>http://www.sermonindex.net/modules/mydownloads/visit.php?lid=11265</Url>
        <Speaker>Bob Hoekstra</Speaker>
        <Length>14.61Mb</Length>
        <Status>NOT_STARTED</Status>
        <isSermonSelected>false</isSermonSelected>
    </Sermon>
    <Sermon>
        <Title>Promise Believers #3 - A God of Promise (New Testament)</Title>
        <Url>http://www.sermonindex.net/modules/mydownloads/visit.php?lid=11266</Url>
        <Speaker>Bob Hoekstra</Speaker>
        <Length>11.57Mb</Length>
        <Status>NOT_STARTED</Status>
        <isSermonSelected>false</isSermonSelected>
    </Sermon>
    <Sermon>
        <Title>Promise Believers #4 - Unpopular Promises</Title>
        <Url>http://www.sermonindex.net/modules/mydownloads/visit.php?lid=11267</Url>
        <Speaker>Bob Hoekstra</Speaker>
        <Length>13.13Mb</Length>
        <Status>NOT_STARTED</Status>
        <isSermonSelected>false</isSermonSelected>
    </Sermon>
    <Sermon>
        <Title>Promise Believers #5 - Children of Promise</Title>
        <Url>http://www.sermonindex.net/modules/mydownloads/visit.php?lid=11268</Url>
        <Speaker>Bob Hoekstra</Speaker>
        <Length>13.08Mb</Length>
        <Status>NOT_STARTED</Status>
        <isSermonSelected>false</isSermonSelected>
    </Sermon>
    <Sermon>
        <Title>Promise Believers #6 - Exceedingly Great and Precious Promises</Title>
        <Url>http://www.sermonindex.net/modules/mydownloads/visit.php?lid=11269</Url>
        <Speaker>Bob Hoekstra</Speaker>
        <Length>11.64Mb</Length>
        <Status>NOT_STARTED</Status>
        <isSermonSelected>false</isSermonSelected>
    </Sermon>
    <Sermon>
        <Title>Sufficiency for Godly Living #1 - Living by God's Sufficiency</Title>
        <Url>http://www.sermonindex.net/modules/mydownloads/visit.php?lid=11276</Url>
        <Speaker>Bob Hoekstra</Speaker>
        <Length>10.14Mb</Length>
        <Status>NOT_STARTED</Status>
        <isSermonSelected>false</isSermonSelected>
    </Sermon>
    <Sermon>
        <Title>Sufficiency for Godly Living #2 - Characteristics of Living by God's Sufficiency</Title>
        <Url>http://www.sermonindex.net/modules/mydownloads/visit.php?lid=11277</Url>
        <Speaker>Bob Hoekstra</Speaker>
        <Length>13.79Mb</Length>
        <Status>NOT_STARTED</Status>
        <isSermonSelected>false</isSermonSelected>
    </Sermon>
    <Sermon>
        <Title>Sufficiency for Godly Living #3 - Man's Sufficiency Vs. God's Sufficiency</Title>
        <Url>http://www.sermonindex.net/modules/mydownloads/visit.php?lid=11278</Url>
        <Speaker>Bob Hoekstra</Speaker>
        <Length>12.82Mb</Length>
        <Status>NOT_STARTED</Status>
        <isSermonSelected>false</isSermonSelected>
    </Sermon>
    <Sermon>
        <Title>Sufficiency for Godly Living #4 - Insufficient Vessels Containing Sufficient Treasure</Title>
        <Url>http://www.sermonindex.net/modules/mydownloads/visit.php?lid=11279</Url>
        <Speaker>Bob Hoekstra</Speaker>
        <Length>11.74Mb</Length>
        <Status>NOT_STARTED</Status>
        <isSermonSelected>false</isSermonSelected>
    </Sermon>
    <Sermon>
        <Title>Sufficiency for Godly Living #5 - Old Testament Examples of God's Sufficiency</Title>
        <Url>http://www.sermonindex.net/modules/mydownloads/visit.php?lid=11280</Url>
        <Speaker>Bob Hoekstra</Speaker>
        <Length>10.41Mb</Length>
        <Status>NOT_STARTED</Status>
        <isSermonSelected>false</isSermonSelected>
    </Sermon>
    <Sermon>
        <Title>Sufficiency for Godly Living #6 - Resurrected Living by God's Sufficiency</Title>
        <Url>http://www.sermonindex.net/modules/mydownloads/visit.php?lid=11281</Url>
        <Speaker>Bob Hoekstra</Speaker>
        <Length>13.91Mb</Length>
        <Status>NOT_STARTED</Status>
        <isSermonSelected>false</isSermonSelected>
    </Sermon>
    <Sermon>
        <Title>The Church: How Jesus Builds It #1 - Nature, Purpose and Function</Title>
        <Url>http://www.sermonindex.net/modules/mydownloads/visit.php?lid=11270</Url>
        <Speaker>Bob Hoekstra</Speaker>
        <Length>10.04Mb</Length>
        <Status>NOT_STARTED</Status>
        <isSermonSelected>false</isSermonSelected>
    </Sermon>
    <Sermon>
        <Title>The Church: How Jesus Builds It #2 - The Head and the Body</Title>
        <Url>http://www.sermonindex.net/modules/mydownloads/visit.php?lid=11271</Url>
        <Speaker>Bob Hoekstra</Speaker>
        <Length>10.57Mb</Length>
        <Status>NOT_STARTED</Status>
        <isSermonSelected>false</isSermonSelected>
    </Sermon>
    <Sermon>
        <Title>The Church: How Jesus Builds It #3 - Gifts and Fruit in Ministry</Title>
        <Url>http://www.sermonindex.net/modules/mydownloads/visit.php?lid=11272</Url>
        <Speaker>Bob Hoekstra</Speaker>
        <Length>13.85Mb</Length>
        <Status>NOT_STARTED</Status>
        <isSermonSelected>false</isSermonSelected>
    </Sermon>
    <Sermon>
        <Title>The Church: How Jesus Builds It #4 - Ministry to the Church</Title>
        <Url>http://www.sermonindex.net/modules/mydownloads/visit.php?lid=11273</Url>
        <Speaker>Bob Hoekstra</Speaker>
        <Length>8.91Mb</Length>
        <Status>NOT_STARTED</Status>
        <isSermonSelected>false</isSermonSelected>
    </Sermon>
    <Sermon>
        <Title>The Church: How Jesus Builds It #5 - Ministry to the World</Title>
        <Url>http://www.sermonindex.net/modules/mydownloads/visit.php?lid=11274</Url>
        <Speaker>Bob Hoekstra</Speaker>
        <Length>12.4Mb</Length>
        <Status>NOT_STARTED</Status>
        <isSermonSelected>false</isSermonSelected>
    </Sermon>
    <Sermon>
        <Title>The Church: How Jesus Builds It #6 - Being Equipped for Ministry</Title>
        <Url>http://www.sermonindex.net/modules/mydownloads/visit.php?lid=11275</Url>
        <Speaker>Bob Hoekstra</Speaker>
        <Length>8.71Mb</Length>
        <Status>NOT_STARTED</Status>
        <isSermonSelected>false</isSermonSelected>
    </Sermon>
    <Sermon>
        <Title>The Highest Priority</Title>
        <Url>http://www.sermonindex.net/modules/mydownloads/visit.php?lid=11347</Url>
        <Speaker>Bob Hoekstra</Speaker>
        <Length>14.21Mb</Length>
        <Status>NOT_STARTED</Status>
        <isSermonSelected>false</isSermonSelected>
    </Sermon>
    <Sermon>
        <Title>The Sovereignty Of God And The Responsibility Of Man - Part 1</Title>
        <Url>http://www.sermonindex.net/modules/mydownloads/visit.php?lid=18025</Url>
        <Speaker>Bob Hoekstra</Speaker>
        <Length>17.52Mb</Length>
        <Status>NOT_STARTED</Status>
        <isSermonSelected>false</isSermonSelected>
    </Sermon>
    <Sermon>
        <Title>The Sovereignty Of God And The Responsibility Of Man - Part 2</Title>
        <Url>http://www.sermonindex.net/modules/mydownloads/visit.php?lid=18026</Url>
        <Speaker>Bob Hoekstra</Speaker>
        <Length>11.8Mb</Length>
        <Status>NOT_STARTED</Status>
        <isSermonSelected>false</isSermonSelected>
    </Sermon>
</Sermons>
