<?xml version="1.0" encoding="UTF-8" standalone="yes"?>
<Sermons>
    <Sermon>
        <Title>(2006 Heart-Cry) Prayer</Title>
        <Url>http://www.sermonindex.net/modules/mydownloads/visit.php?lid=13742</Url>
        <Speaker>Bob Jennings</Speaker>
        <Length>6.07Mb</Length>
        <Status>ALREADY_DONE</Status>
        <isSermonSelected>false</isSermonSelected>
    </Sermon>
    <Sermon>
        <Title>(2006 Heart-Cry) Prayer and Revivel through history</Title>
        <Url>http://www.sermonindex.net/modules/mydownloads/visit.php?lid=13739</Url>
        <Speaker>Bob Jennings</Speaker>
        <Length>5.54Mb</Length>
        <Status>ALREADY_DONE</Status>
        <isSermonSelected>false</isSermonSelected>
    </Sermon>
    <Sermon>
        <Title>Able to Save to the Uttermost</Title>
        <Url>http://www.sermonindex.net/modules/mydownloads/visit.php?lid=12869</Url>
        <Speaker>Bob Jennings</Speaker>
        <Length>4.16Mb</Length>
        <Status>ALREADY_DONE</Status>
        <isSermonSelected>false</isSermonSelected>
    </Sermon>
    <Sermon>
        <Title>Besetting Sin</Title>
        <Url>http://www.sermonindex.net/modules/mydownloads/visit.php?lid=12870</Url>
        <Speaker>Bob Jennings</Speaker>
        <Length>15.29Mb</Length>
        <Status>ALREADY_DONE</Status>
        <isSermonSelected>false</isSermonSelected>
    </Sermon>
    <Sermon>
        <Title>Christ's Legacy of Peace</Title>
        <Url>http://www.sermonindex.net/modules/mydownloads/visit.php?lid=18339</Url>
        <Speaker>Bob Jennings</Speaker>
        <Length>8.34Mb</Length>
        <Status>ALREADY_DONE</Status>
        <isSermonSelected>false</isSermonSelected>
    </Sermon>
    <Sermon>
        <Title>Cut Off Goliath's Head</Title>
        <Url>http://www.sermonindex.net/modules/mydownloads/visit.php?lid=20509</Url>
        <Speaker>Bob Jennings</Speaker>
        <Length>11.76Mb</Length>
        <Status>ALREADY_DONE</Status>
        <isSermonSelected>false</isSermonSelected>
    </Sermon>
    <Sermon>
        <Title>Do Not Quench the Spirit</Title>
        <Url>http://www.sermonindex.net/modules/mydownloads/visit.php?lid=27643</Url>
        <Speaker>Bob Jennings</Speaker>
        <Length>18.38Mb</Length>
        <Status>NOT_STARTED</Status>
        <isSermonSelected>false</isSermonSelected>
    </Sermon>
    <Sermon>
        <Title>Faithfulness-God, Christ, Man</Title>
        <Url>http://www.sermonindex.net/modules/mydownloads/visit.php?lid=18340</Url>
        <Speaker>Bob Jennings</Speaker>
        <Length>10.53Mb</Length>
        <Status>ALREADY_DONE</Status>
        <isSermonSelected>false</isSermonSelected>
    </Sermon>
    <Sermon>
        <Title>I Press On</Title>
        <Url>http://www.sermonindex.net/modules/mydownloads/visit.php?lid=18338</Url>
        <Speaker>Bob Jennings</Speaker>
        <Length>12.58Mb</Length>
        <Status>ALREADY_DONE</Status>
        <isSermonSelected>false</isSermonSelected>
    </Sermon>
    <Sermon>
        <Title>Prayer</Title>
        <Url>http://www.sermonindex.net/modules/mydownloads/visit.php?lid=12889</Url>
        <Speaker>Bob Jennings</Speaker>
        <Length>5.23Mb</Length>
        <Status>ALREADY_DONE</Status>
        <isSermonSelected>false</isSermonSelected>
    </Sermon>
    <Sermon>
        <Title>Seeking God</Title>
        <Url>http://www.sermonindex.net/modules/mydownloads/visit.php?lid=8314</Url>
        <Speaker>Bob Jennings</Speaker>
        <Length>6.75Mb</Length>
        <Status>ALREADY_DONE</Status>
        <isSermonSelected>false</isSermonSelected>
    </Sermon>
    <Sermon>
        <Title>Self-Exaltation and Humility</Title>
        <Url>http://www.sermonindex.net/modules/mydownloads/visit.php?lid=24231</Url>
        <Speaker>Bob Jennings</Speaker>
        <Length>16.36Mb</Length>
        <Status>ALREADY_DONE</Status>
        <isSermonSelected>false</isSermonSelected>
    </Sermon>
    <Sermon>
        <Title>The Prayer Meeting</Title>
        <Url>http://www.sermonindex.net/modules/mydownloads/visit.php?lid=18341</Url>
        <Speaker>Bob Jennings</Speaker>
        <Length>8.17Mb</Length>
        <Status>ALREADY_DONE</Status>
        <isSermonSelected>false</isSermonSelected>
    </Sermon>
    <Sermon>
        <Title>The Pursuit of Joy</Title>
        <Url>http://www.sermonindex.net/modules/mydownloads/visit.php?lid=18337</Url>
        <Speaker>Bob Jennings</Speaker>
        <Length>10.21Mb</Length>
        <Status>ALREADY_DONE</Status>
        <isSermonSelected>false</isSermonSelected>
    </Sermon>
</Sermons>
