<?xml version="1.0" encoding="UTF-8" standalone="yes"?>
<Sermons>
    <Sermon>
        <Title>Joshuas Divine Commission</Title>
        <Url>http://www.sermonindex.net/modules/mydownloads/visit.php?lid=22724</Url>
        <Speaker>Brent Yim</Speaker>
        <Length>23.5Mb</Length>
        <Status>NOT_STARTED</Status>
        <isSermonSelected>false</isSermonSelected>
    </Sermon>
    <Sermon>
        <Title>Living in Light of Eternity</Title>
        <Url>http://www.sermonindex.net/modules/mydownloads/visit.php?lid=21704</Url>
        <Speaker>Brent Yim</Speaker>
        <Length>21.5Mb</Length>
        <Status>NOT_STARTED</Status>
        <isSermonSelected>false</isSermonSelected>
    </Sermon>
    <Sermon>
        <Title>The Sanctity of Life</Title>
        <Url>http://www.sermonindex.net/modules/mydownloads/visit.php?lid=21703</Url>
        <Speaker>Brent Yim</Speaker>
        <Length>21.44Mb</Length>
        <Status>NOT_STARTED</Status>
        <isSermonSelected>false</isSermonSelected>
    </Sermon>
</Sermons>
