<?xml version="1.0" encoding="UTF-8" standalone="yes"?>
<Sermons>
    <Sermon>
        <Title>A Special Message (1st service)</Title>
        <Url>http://www.sermonindex.net/modules/mydownloads/visit.php?lid=2931</Url>
        <Speaker>Brother Andrew</Speaker>
        <Length>8.27Mb</Length>
        <Status>NOT_STARTED</Status>
        <isSermonSelected>false</isSermonSelected>
    </Sermon>
    <Sermon>
        <Title>Brother Andrew and Dan Wooding Interview</Title>
        <Url>http://www.sermonindex.net/modules/mydownloads/visit.php?lid=6036</Url>
        <Speaker>Brother Andrew</Speaker>
        <Length>9.17Mb</Length>
        <Status>NOT_STARTED</Status>
        <isSermonSelected>false</isSermonSelected>
    </Sermon>
    <Sermon>
        <Title>God's Smuggler</Title>
        <Url>http://www.sermonindex.net/modules/mydownloads/visit.php?lid=4128</Url>
        <Speaker>Brother Andrew</Speaker>
        <Length>17.5Mb</Length>
        <Status>NOT_STARTED</Status>
        <isSermonSelected>false</isSermonSelected>
    </Sermon>
    <Sermon>
        <Title>Human Rights</Title>
        <Url>http://www.sermonindex.net/modules/mydownloads/visit.php?lid=245</Url>
        <Speaker>Brother Andrew</Speaker>
        <Length>8.71Mb</Length>
        <Status>NOT_STARTED</Status>
        <isSermonSelected>false</isSermonSelected>
    </Sermon>
    <Sermon>
        <Title>People God Can Use - Part 1</Title>
        <Url>http://www.sermonindex.net/modules/mydownloads/visit.php?lid=2244</Url>
        <Speaker>Brother Andrew</Speaker>
        <Length>25.49Mb</Length>
        <Status>NOT_STARTED</Status>
        <isSermonSelected>false</isSermonSelected>
    </Sermon>
    <Sermon>
        <Title>People God Can Use - Part 2</Title>
        <Url>http://www.sermonindex.net/modules/mydownloads/visit.php?lid=2245</Url>
        <Speaker>Brother Andrew</Speaker>
        <Length>16.95Mb</Length>
        <Status>NOT_STARTED</Status>
        <isSermonSelected>false</isSermonSelected>
    </Sermon>
    <Sermon>
        <Title>The Lordship of Christ</Title>
        <Url>http://www.sermonindex.net/modules/mydownloads/visit.php?lid=23163</Url>
        <Speaker>Brother Andrew</Speaker>
        <Length>11.13Mb</Length>
        <Status>NOT_STARTED</Status>
        <isSermonSelected>false</isSermonSelected>
    </Sermon>
    <Sermon>
        <Title>Things God Wants Us To Know - Part 1</Title>
        <Url>http://www.sermonindex.net/modules/mydownloads/visit.php?lid=1553</Url>
        <Speaker>Brother Andrew</Speaker>
        <Length>8.74Mb</Length>
        <Status>NOT_STARTED</Status>
        <isSermonSelected>false</isSermonSelected>
    </Sermon>
    <Sermon>
        <Title>Things God Wants Us To Know - Part 2</Title>
        <Url>http://www.sermonindex.net/modules/mydownloads/visit.php?lid=1554</Url>
        <Speaker>Brother Andrew</Speaker>
        <Length>8Mb</Length>
        <Status>NOT_STARTED</Status>
        <isSermonSelected>false</isSermonSelected>
    </Sermon>
    <Sermon>
        <Title>Unhindered</Title>
        <Url>http://www.sermonindex.net/modules/mydownloads/visit.php?lid=246</Url>
        <Speaker>Brother Andrew</Speaker>
        <Length>5.74Mb</Length>
        <Status>NOT_STARTED</Status>
        <isSermonSelected>false</isSermonSelected>
    </Sermon>
    <Sermon>
        <Title>What is a Missionary - Part 1</Title>
        <Url>http://www.sermonindex.net/modules/mydownloads/visit.php?lid=2246</Url>
        <Speaker>Brother Andrew</Speaker>
        <Length>29.56Mb</Length>
        <Status>NOT_STARTED</Status>
        <isSermonSelected>false</isSermonSelected>
    </Sermon>
    <Sermon>
        <Title>What is a Missionary - Part 2</Title>
        <Url>http://www.sermonindex.net/modules/mydownloads/visit.php?lid=2247</Url>
        <Speaker>Brother Andrew</Speaker>
        <Length>28.72Mb</Length>
        <Status>NOT_STARTED</Status>
        <isSermonSelected>false</isSermonSelected>
    </Sermon>
    <Sermon>
        <Title>Who has Authority today</Title>
        <Url>http://www.sermonindex.net/modules/mydownloads/visit.php?lid=23164</Url>
        <Speaker>Brother Andrew</Speaker>
        <Length>9.69Mb</Length>
        <Status>NOT_STARTED</Status>
        <isSermonSelected>false</isSermonSelected>
    </Sermon>
</Sermons>
