<?xml version="1.0" encoding="UTF-8" standalone="yes"?>
<Sermons>
    <Sermon>
        <Title>Brother Yun - Heavenly Man</Title>
        <Url>http://www.sermonindex.net/modules/mydownloads/visit.php?lid=3910</Url>
        <Speaker>Brother Yun</Speaker>
        <Length>9.35Mb</Length>
        <Status>NOT_STARTED</Status>
        <isSermonSelected>false</isSermonSelected>
    </Sermon>
    <Sermon>
        <Title>Don't Be Afraid</Title>
        <Url>http://www.sermonindex.net/modules/mydownloads/visit.php?lid=25049</Url>
        <Speaker>Brother Yun</Speaker>
        <Length>38.18Mb</Length>
        <Status>NOT_STARTED</Status>
        <isSermonSelected>false</isSermonSelected>
    </Sermon>
    <Sermon>
        <Title>God Loves China Testimony</Title>
        <Url>http://www.sermonindex.net/modules/mydownloads/visit.php?lid=11835</Url>
        <Speaker>Brother Yun</Speaker>
        <Length>4.83Mb</Length>
        <Status>NOT_STARTED</Status>
        <isSermonSelected>false</isSermonSelected>
    </Sermon>
    <Sermon>
        <Title>God’s New Thing</Title>
        <Url>http://www.sermonindex.net/modules/mydownloads/visit.php?lid=25050</Url>
        <Speaker>Brother Yun</Speaker>
        <Length>40.82Mb</Length>
        <Status>NOT_STARTED</Status>
        <isSermonSelected>false</isSermonSelected>
    </Sermon>
    <Sermon>
        <Title>Introducing Brother Yun</Title>
        <Url>http://www.sermonindex.net/modules/mydownloads/visit.php?lid=3908</Url>
        <Speaker>Brother Yun</Speaker>
        <Length>2.89Mb</Length>
        <Status>NOT_STARTED</Status>
        <isSermonSelected>false</isSermonSelected>
    </Sermon>
    <Sermon>
        <Title>Peter Xu</Title>
        <Url>http://www.sermonindex.net/modules/mydownloads/visit.php?lid=3909</Url>
        <Speaker>Brother Yun</Speaker>
        <Length>9.1Mb</Length>
        <Status>NOT_STARTED</Status>
        <isSermonSelected>false</isSermonSelected>
    </Sermon>
    <Sermon>
        <Title>When Jesus Appears</Title>
        <Url>http://www.sermonindex.net/modules/mydownloads/visit.php?lid=25051</Url>
        <Speaker>Brother Yun</Speaker>
        <Length>27.67Mb</Length>
        <Status>NOT_STARTED</Status>
        <isSermonSelected>false</isSermonSelected>
    </Sermon>
</Sermons>
