<?xml version="1.0" encoding="UTF-8" standalone="yes"?>
<Sermons>
    <Sermon>
        <Title>Jesus Christ: The Foundation</Title>
        <Url>http://www.sermonindex.net/modules/mydownloads/visit.php?lid=22749</Url>
        <Speaker>Bryan Anthony</Speaker>
        <Length>30.45Mb</Length>
        <Status>NOT_STARTED</Status>
        <isSermonSelected>false</isSermonSelected>
    </Sermon>
    <Sermon>
        <Title>The Holy One of Israel</Title>
        <Url>http://www.sermonindex.net/modules/mydownloads/visit.php?lid=23496</Url>
        <Speaker>Bryan Anthony</Speaker>
        <Length>32.41Mb</Length>
        <Status>NOT_STARTED</Status>
        <isSermonSelected>false</isSermonSelected>
    </Sermon>
    <Sermon>
        <Title>The Knowledge of God in Actuality</Title>
        <Url>http://www.sermonindex.net/modules/mydownloads/visit.php?lid=22759</Url>
        <Speaker>Bryan Anthony</Speaker>
        <Length>32.63Mb</Length>
        <Status>NOT_STARTED</Status>
        <isSermonSelected>false</isSermonSelected>
    </Sermon>
    <Sermon>
        <Title>The Lord Is Coming With Fire</Title>
        <Url>http://www.sermonindex.net/modules/mydownloads/visit.php?lid=22798</Url>
        <Speaker>Bryan Anthony</Speaker>
        <Length>36.55Mb</Length>
        <Status>NOT_STARTED</Status>
        <isSermonSelected>false</isSermonSelected>
    </Sermon>
</Sermons>
