<?xml version="1.0" encoding="UTF-8" standalone="yes"?>
<Sermons>
    <Sermon>
        <Title>The Missionary and His Health</Title>
        <Url>http://www.sermonindex.net/modules/mydownloads/visit.php?lid=16307</Url>
        <Speaker>Bud Elford</Speaker>
        <Length>47.73Mb</Length>
        <Status>NOT_STARTED</Status>
        <isSermonSelected>false</isSermonSelected>
    </Sermon>
    <Sermon>
        <Title>The Missionary and His Money</Title>
        <Url>http://www.sermonindex.net/modules/mydownloads/visit.php?lid=16308</Url>
        <Speaker>Bud Elford</Speaker>
        <Length>45.58Mb</Length>
        <Status>NOT_STARTED</Status>
        <isSermonSelected>false</isSermonSelected>
    </Sermon>
    <Sermon>
        <Title>The Missionary and His Worship/Raising and Maintaining Your Support</Title>
        <Url>http://www.sermonindex.net/modules/mydownloads/visit.php?lid=16306</Url>
        <Speaker>Bud Elford</Speaker>
        <Length>40.33Mb</Length>
        <Status>NOT_STARTED</Status>
        <isSermonSelected>false</isSermonSelected>
    </Sermon>
    <Sermon>
        <Title>The Missionary When He is Alone</Title>
        <Url>http://www.sermonindex.net/modules/mydownloads/visit.php?lid=16309</Url>
        <Speaker>Bud Elford</Speaker>
        <Length>50.56Mb</Length>
        <Status>NOT_STARTED</Status>
        <isSermonSelected>false</isSermonSelected>
    </Sermon>
</Sermons>
