<?xml version="1.0" encoding="UTF-8" standalone="yes"?>
<Sermons>
    <Sermon>
        <Title>Count Your Many Blessings</Title>
        <Url>http://www.sermonindex.net/modules/mydownloads/visit.php?lid=20995</Url>
        <Speaker>Catherine &amp;amp; Bill Cox</Speaker>
        <Length>2.42Mb</Length>
        <Status>NOT_STARTED</Status>
        <isSermonSelected>false</isSermonSelected>
    </Sermon>
    <Sermon>
        <Title>Follow Me</Title>
        <Url>http://www.sermonindex.net/modules/mydownloads/visit.php?lid=21004</Url>
        <Speaker>Catherine &amp;amp; Bill Cox</Speaker>
        <Length>2.77Mb</Length>
        <Status>NOT_STARTED</Status>
        <isSermonSelected>false</isSermonSelected>
    </Sermon>
    <Sermon>
        <Title>He Lifted Me</Title>
        <Url>http://www.sermonindex.net/modules/mydownloads/visit.php?lid=21003</Url>
        <Speaker>Catherine &amp;amp; Bill Cox</Speaker>
        <Length>1.94Mb</Length>
        <Status>NOT_STARTED</Status>
        <isSermonSelected>false</isSermonSelected>
    </Sermon>
    <Sermon>
        <Title>I Am Persuaded</Title>
        <Url>http://www.sermonindex.net/modules/mydownloads/visit.php?lid=21007</Url>
        <Speaker>Catherine &amp;amp; Bill Cox</Speaker>
        <Length>2.34Mb</Length>
        <Status>NOT_STARTED</Status>
        <isSermonSelected>false</isSermonSelected>
    </Sermon>
    <Sermon>
        <Title>In The Garden</Title>
        <Url>http://www.sermonindex.net/modules/mydownloads/visit.php?lid=20996</Url>
        <Speaker>Catherine &amp;amp; Bill Cox</Speaker>
        <Length>2.8Mb</Length>
        <Status>NOT_STARTED</Status>
        <isSermonSelected>false</isSermonSelected>
    </Sermon>
    <Sermon>
        <Title>It Is Well With My Soul</Title>
        <Url>http://www.sermonindex.net/modules/mydownloads/visit.php?lid=20998</Url>
        <Speaker>Catherine &amp;amp; Bill Cox</Speaker>
        <Length>1.64Mb</Length>
        <Status>NOT_STARTED</Status>
        <isSermonSelected>false</isSermonSelected>
    </Sermon>
    <Sermon>
        <Title>Jesus Loves Me</Title>
        <Url>http://www.sermonindex.net/modules/mydownloads/visit.php?lid=20994</Url>
        <Speaker>Catherine &amp;amp; Bill Cox</Speaker>
        <Length>2.78Mb</Length>
        <Status>NOT_STARTED</Status>
        <isSermonSelected>false</isSermonSelected>
    </Sermon>
    <Sermon>
        <Title>Leave It There</Title>
        <Url>http://www.sermonindex.net/modules/mydownloads/visit.php?lid=21002</Url>
        <Speaker>Catherine &amp;amp; Bill Cox</Speaker>
        <Length>2.54Mb</Length>
        <Status>NOT_STARTED</Status>
        <isSermonSelected>false</isSermonSelected>
    </Sermon>
    <Sermon>
        <Title>My Jesus I Love Thee</Title>
        <Url>http://www.sermonindex.net/modules/mydownloads/visit.php?lid=20999</Url>
        <Speaker>Catherine &amp;amp; Bill Cox</Speaker>
        <Length>1.37Mb</Length>
        <Status>NOT_STARTED</Status>
        <isSermonSelected>false</isSermonSelected>
    </Sermon>
    <Sermon>
        <Title>Springs Of Living Water</Title>
        <Url>http://www.sermonindex.net/modules/mydownloads/visit.php?lid=20997</Url>
        <Speaker>Catherine &amp;amp; Bill Cox</Speaker>
        <Length>762Kb</Length>
        <Status>NOT_STARTED</Status>
        <isSermonSelected>false</isSermonSelected>
    </Sermon>
    <Sermon>
        <Title>Sweet Beulah Land</Title>
        <Url>http://www.sermonindex.net/modules/mydownloads/visit.php?lid=21005</Url>
        <Speaker>Catherine &amp;amp; Bill Cox</Speaker>
        <Length>2.06Mb</Length>
        <Status>NOT_STARTED</Status>
        <isSermonSelected>false</isSermonSelected>
    </Sermon>
    <Sermon>
        <Title>The Way He Loves</Title>
        <Url>http://www.sermonindex.net/modules/mydownloads/visit.php?lid=21001</Url>
        <Speaker>Catherine &amp;amp; Bill Cox</Speaker>
        <Length>1.81Mb</Length>
        <Status>NOT_STARTED</Status>
        <isSermonSelected>false</isSermonSelected>
    </Sermon>
    <Sermon>
        <Title>When They Ring Those Bells</Title>
        <Url>http://www.sermonindex.net/modules/mydownloads/visit.php?lid=21006</Url>
        <Speaker>Catherine &amp;amp; Bill Cox</Speaker>
        <Length>3.09Mb</Length>
        <Status>NOT_STARTED</Status>
        <isSermonSelected>false</isSermonSelected>
    </Sermon>
    <Sermon>
        <Title>Whispering Home</Title>
        <Url>http://www.sermonindex.net/modules/mydownloads/visit.php?lid=21000</Url>
        <Speaker>Catherine &amp;amp; Bill Cox</Speaker>
        <Length>1.32Mb</Length>
        <Status>NOT_STARTED</Status>
        <isSermonSelected>false</isSermonSelected>
    </Sermon>
</Sermons>
