<?xml version="1.0" encoding="UTF-8" standalone="yes"?>
<Sermons>
    <Sermon>
        <Title>Do Not Be Slothful In Zeal</Title>
        <Url>http://www.sermonindex.net/modules/mydownloads/visit.php?lid=21954</Url>
        <Speaker>Chad Thompson</Speaker>
        <Length>5.67Mb</Length>
        <Status>NOT_STARTED</Status>
        <isSermonSelected>false</isSermonSelected>
    </Sermon>
    <Sermon>
        <Title>Hindrances to Prayer</Title>
        <Url>http://www.sermonindex.net/modules/mydownloads/visit.php?lid=21955</Url>
        <Speaker>Chad Thompson</Speaker>
        <Length>18.43Mb</Length>
        <Status>NOT_STARTED</Status>
        <isSermonSelected>false</isSermonSelected>
    </Sermon>
</Sermons>
