<?xml version="1.0" encoding="UTF-8" standalone="yes"?>
<Sermons>
    <Sermon>
        <Title>Counterfeit Christians</Title>
        <Url>http://www.sermonindex.net/modules/mydownloads/visit.php?lid=20855</Url>
        <Speaker>Charlie Orr</Speaker>
        <Length>11.94Mb</Length>
        <Status>NOT_STARTED</Status>
        <isSermonSelected>false</isSermonSelected>
    </Sermon>
    <Sermon>
        <Title>Freedom From Fear and Worry</Title>
        <Url>http://www.sermonindex.net/modules/mydownloads/visit.php?lid=19494</Url>
        <Speaker>Charlie Orr</Speaker>
        <Length>13.78Mb</Length>
        <Status>NOT_STARTED</Status>
        <isSermonSelected>false</isSermonSelected>
    </Sermon>
    <Sermon>
        <Title>God Blessed Him There</Title>
        <Url>http://www.sermonindex.net/modules/mydownloads/visit.php?lid=19495</Url>
        <Speaker>Charlie Orr</Speaker>
        <Length>12.41Mb</Length>
        <Status>NOT_STARTED</Status>
        <isSermonSelected>false</isSermonSelected>
    </Sermon>
    <Sermon>
        <Title>How to Comment Spiritual Suicide</Title>
        <Url>http://www.sermonindex.net/modules/mydownloads/visit.php?lid=19496</Url>
        <Speaker>Charlie Orr</Speaker>
        <Length>10.02Mb</Length>
        <Status>NOT_STARTED</Status>
        <isSermonSelected>false</isSermonSelected>
    </Sermon>
    <Sermon>
        <Title>How to Get Along With Everybody All The Time</Title>
        <Url>http://www.sermonindex.net/modules/mydownloads/visit.php?lid=19497</Url>
        <Speaker>Charlie Orr</Speaker>
        <Length>16.26Mb</Length>
        <Status>NOT_STARTED</Status>
        <isSermonSelected>false</isSermonSelected>
    </Sermon>
    <Sermon>
        <Title>The Presence of God</Title>
        <Url>http://www.sermonindex.net/modules/mydownloads/visit.php?lid=19498</Url>
        <Speaker>Charlie Orr</Speaker>
        <Length>13.49Mb</Length>
        <Status>NOT_STARTED</Status>
        <isSermonSelected>false</isSermonSelected>
    </Sermon>
    <Sermon>
        <Title>The Winable War</Title>
        <Url>http://www.sermonindex.net/modules/mydownloads/visit.php?lid=20856</Url>
        <Speaker>Charlie Orr</Speaker>
        <Length>7.47Mb</Length>
        <Status>NOT_STARTED</Status>
        <isSermonSelected>false</isSermonSelected>
    </Sermon>
    <Sermon>
        <Title>Time To Grow Up</Title>
        <Url>http://www.sermonindex.net/modules/mydownloads/visit.php?lid=19499</Url>
        <Speaker>Charlie Orr</Speaker>
        <Length>15.96Mb</Length>
        <Status>NOT_STARTED</Status>
        <isSermonSelected>false</isSermonSelected>
    </Sermon>
</Sermons>
