<?xml version="1.0" encoding="UTF-8" standalone="yes"?>
<Sermons>
    <Sermon>
        <Title>A Cry from Torment</Title>
        <Url>http://www.sermonindex.net/modules/mydownloads/visit.php?lid=23795</Url>
        <Speaker>Charles Stanley</Speaker>
        <Length>10.16Mb</Length>
        <Status>NOT_STARTED</Status>
        <isSermonSelected>false</isSermonSelected>
    </Sermon>
    <Sermon>
        <Title>A Life Changing Prayer</Title>
        <Url>http://www.sermonindex.net/modules/mydownloads/visit.php?lid=1942</Url>
        <Speaker>Charles Stanley</Speaker>
        <Length>3.59Mb</Length>
        <Status>NOT_STARTED</Status>
        <isSermonSelected>false</isSermonSelected>
    </Sermon>
    <Sermon>
        <Title>A Passion To Know Him</Title>
        <Url>http://www.sermonindex.net/modules/mydownloads/visit.php?lid=21608</Url>
        <Speaker>Charles Stanley</Speaker>
        <Length>14.58Mb</Length>
        <Status>NOT_STARTED</Status>
        <isSermonSelected>false</isSermonSelected>
    </Sermon>
    <Sermon>
        <Title>A Passion To Obey Him</Title>
        <Url>http://www.sermonindex.net/modules/mydownloads/visit.php?lid=21609</Url>
        <Speaker>Charles Stanley</Speaker>
        <Length>14.15Mb</Length>
        <Status>NOT_STARTED</Status>
        <isSermonSelected>false</isSermonSelected>
    </Sermon>
    <Sermon>
        <Title>A Satanic Deception Regarding Salvation</Title>
        <Url>http://www.sermonindex.net/modules/mydownloads/visit.php?lid=21610</Url>
        <Speaker>Charles Stanley</Speaker>
        <Length>10.17Mb</Length>
        <Status>NOT_STARTED</Status>
        <isSermonSelected>false</isSermonSelected>
    </Sermon>
    <Sermon>
        <Title>After We Fail What Then</Title>
        <Url>http://www.sermonindex.net/modules/mydownloads/visit.php?lid=1941</Url>
        <Speaker>Charles Stanley</Speaker>
        <Length>4.62Mb</Length>
        <Status>NOT_STARTED</Status>
        <isSermonSelected>false</isSermonSelected>
    </Sermon>
    <Sermon>
        <Title>Anxiety</Title>
        <Url>http://www.sermonindex.net/modules/mydownloads/visit.php?lid=1940</Url>
        <Speaker>Charles Stanley</Speaker>
        <Length>3.28Mb</Length>
        <Status>NOT_STARTED</Status>
        <isSermonSelected>false</isSermonSelected>
    </Sermon>
    <Sermon>
        <Title>Baptism Obligation Or Option</Title>
        <Url>http://www.sermonindex.net/modules/mydownloads/visit.php?lid=1939</Url>
        <Speaker>Charles Stanley</Speaker>
        <Length>4.63Mb</Length>
        <Status>NOT_STARTED</Status>
        <isSermonSelected>false</isSermonSelected>
    </Sermon>
    <Sermon>
        <Title>Behaviors That Bind Us</Title>
        <Url>http://www.sermonindex.net/modules/mydownloads/visit.php?lid=1271</Url>
        <Speaker>Charles Stanley</Speaker>
        <Length>4.29Mb</Length>
        <Status>NOT_STARTED</Status>
        <isSermonSelected>false</isSermonSelected>
    </Sermon>
    <Sermon>
        <Title>Brokenness Study #1 - The Principle</Title>
        <Url>http://www.sermonindex.net/modules/mydownloads/visit.php?lid=681</Url>
        <Speaker>Charles Stanley</Speaker>
        <Length>10.77Mb</Length>
        <Status>NOT_STARTED</Status>
        <isSermonSelected>false</isSermonSelected>
    </Sermon>
    <Sermon>
        <Title>Brokenness Study #2 - The Purpose</Title>
        <Url>http://www.sermonindex.net/modules/mydownloads/visit.php?lid=682</Url>
        <Speaker>Charles Stanley</Speaker>
        <Length>11.59Mb</Length>
        <Status>NOT_STARTED</Status>
        <isSermonSelected>false</isSermonSelected>
    </Sermon>
    <Sermon>
        <Title>Brokenness Study #3 - The Process</Title>
        <Url>http://www.sermonindex.net/modules/mydownloads/visit.php?lid=683</Url>
        <Speaker>Charles Stanley</Speaker>
        <Length>11.01Mb</Length>
        <Status>NOT_STARTED</Status>
        <isSermonSelected>false</isSermonSelected>
    </Sermon>
    <Sermon>
        <Title>Brokenness Study #4 - The Protest</Title>
        <Url>http://www.sermonindex.net/modules/mydownloads/visit.php?lid=684</Url>
        <Speaker>Charles Stanley</Speaker>
        <Length>11.34Mb</Length>
        <Status>NOT_STARTED</Status>
        <isSermonSelected>false</isSermonSelected>
    </Sermon>
    <Sermon>
        <Title>Brokenness Study #5 - The Promise</Title>
        <Url>http://www.sermonindex.net/modules/mydownloads/visit.php?lid=685</Url>
        <Speaker>Charles Stanley</Speaker>
        <Length>11.05Mb</Length>
        <Status>NOT_STARTED</Status>
        <isSermonSelected>false</isSermonSelected>
    </Sermon>
    <Sermon>
        <Title>Brokenness Study #6 - After Brokenness What Then?</Title>
        <Url>http://www.sermonindex.net/modules/mydownloads/visit.php?lid=686</Url>
        <Speaker>Charles Stanley</Speaker>
        <Length>11.61Mb</Length>
        <Status>NOT_STARTED</Status>
        <isSermonSelected>false</isSermonSelected>
    </Sermon>
    <Sermon>
        <Title>Children</Title>
        <Url>http://www.sermonindex.net/modules/mydownloads/visit.php?lid=1937</Url>
        <Speaker>Charles Stanley</Speaker>
        <Length>4.12Mb</Length>
        <Status>NOT_STARTED</Status>
        <isSermonSelected>false</isSermonSelected>
    </Sermon>
    <Sermon>
        <Title>Dealing with the Pressure of Time</Title>
        <Url>http://www.sermonindex.net/modules/mydownloads/visit.php?lid=23794</Url>
        <Speaker>Charles Stanley</Speaker>
        <Length>13.97Mb</Length>
        <Status>NOT_STARTED</Status>
        <isSermonSelected>false</isSermonSelected>
    </Sermon>
    <Sermon>
        <Title>Intimacy With God</Title>
        <Url>http://www.sermonindex.net/modules/mydownloads/visit.php?lid=19345</Url>
        <Speaker>Charles Stanley</Speaker>
        <Length>12.74Mb</Length>
        <Status>NOT_STARTED</Status>
        <isSermonSelected>false</isSermonSelected>
    </Sermon>
    <Sermon>
        <Title>Valley Experiences</Title>
        <Url>http://www.sermonindex.net/modules/mydownloads/visit.php?lid=2849</Url>
        <Speaker>Charles Stanley</Speaker>
        <Length>12.5Mb</Length>
        <Status>NOT_STARTED</Status>
        <isSermonSelected>false</isSermonSelected>
    </Sermon>
</Sermons>
