<?xml version="1.0" encoding="UTF-8" standalone="yes"?>
<Sermons>
    <Sermon>
        <Title>Prayer &amp; Golden Rule</Title>
        <Url>http://www.sermonindex.net/modules/mydownloads/visit.php?lid=7610</Url>
        <Speaker>Charles Ryrie</Speaker>
        <Length>3.39Mb</Length>
        <Status>NOT_STARTED</Status>
        <isSermonSelected>false</isSermonSelected>
    </Sermon>
    <Sermon>
        <Title>The Holy God</Title>
        <Url>http://www.sermonindex.net/modules/mydownloads/visit.php?lid=7611</Url>
        <Speaker>Charles Ryrie</Speaker>
        <Length>4.64Mb</Length>
        <Status>NOT_STARTED</Status>
        <isSermonSelected>false</isSermonSelected>
    </Sermon>
    <Sermon>
        <Title>The Millenium</Title>
        <Url>http://www.sermonindex.net/modules/mydownloads/visit.php?lid=7614</Url>
        <Speaker>Charles Ryrie</Speaker>
        <Length>4.28Mb</Length>
        <Status>NOT_STARTED</Status>
        <isSermonSelected>false</isSermonSelected>
    </Sermon>
    <Sermon>
        <Title>The Prophecy Of Our Lord</Title>
        <Url>http://www.sermonindex.net/modules/mydownloads/visit.php?lid=7612</Url>
        <Speaker>Charles Ryrie</Speaker>
        <Length>4.17Mb</Length>
        <Status>NOT_STARTED</Status>
        <isSermonSelected>false</isSermonSelected>
    </Sermon>
    <Sermon>
        <Title>Times Of The Gentile</Title>
        <Url>http://www.sermonindex.net/modules/mydownloads/visit.php?lid=7613</Url>
        <Speaker>Charles Ryrie</Speaker>
        <Length>5.39Mb</Length>
        <Status>NOT_STARTED</Status>
        <isSermonSelected>false</isSermonSelected>
    </Sermon>
    <Sermon>
        <Title>What Jesus Believed</Title>
        <Url>http://www.sermonindex.net/modules/mydownloads/visit.php?lid=7609</Url>
        <Speaker>Charles Ryrie</Speaker>
        <Length>3.25Mb</Length>
        <Status>NOT_STARTED</Status>
        <isSermonSelected>false</isSermonSelected>
    </Sermon>
</Sermons>
