<?xml version="1.0" encoding="UTF-8" standalone="yes"?>
<Sermons>
    <Sermon>
        <Title>(A Sermon) God Cannot Please Sinners</Title>
        <Url>http://www.sermonindex.net/modules/mydownloads/visit.php?lid=27672</Url>
        <Speaker>Charles Finney</Speaker>
        <Length>9.38Mb</Length>
        <Status>NOT_STARTED</Status>
        <isSermonSelected>false</isSermonSelected>
    </Sermon>
    <Sermon>
        <Title>(A Sermon) How to Change Your Heart</Title>
        <Url>http://www.sermonindex.net/modules/mydownloads/visit.php?lid=27673</Url>
        <Speaker>Charles Finney</Speaker>
        <Length>13.78Mb</Length>
        <Status>NOT_STARTED</Status>
        <isSermonSelected>false</isSermonSelected>
    </Sermon>
    <Sermon>
        <Title>(Lectures on Revival) 01. What a Revival of Religion Is</Title>
        <Url>http://www.sermonindex.net/modules/mydownloads/visit.php?lid=27737</Url>
        <Speaker>Charles Finney</Speaker>
        <Length>5.31Mb</Length>
        <Status>NOT_STARTED</Status>
        <isSermonSelected>false</isSermonSelected>
    </Sermon>
    <Sermon>
        <Title>(Lectures on Revival) 02. When a Revival is to be Expected</Title>
        <Url>http://www.sermonindex.net/modules/mydownloads/visit.php?lid=27675</Url>
        <Speaker>Charles Finney</Speaker>
        <Length>5.29Mb</Length>
        <Status>NOT_STARTED</Status>
        <isSermonSelected>false</isSermonSelected>
    </Sermon>
    <Sermon>
        <Title>(Lectures on Revival) 03. How to Promote a Revival</Title>
        <Url>http://www.sermonindex.net/modules/mydownloads/visit.php?lid=27676</Url>
        <Speaker>Charles Finney</Speaker>
        <Length>5.27Mb</Length>
        <Status>NOT_STARTED</Status>
        <isSermonSelected>false</isSermonSelected>
    </Sermon>
    <Sermon>
        <Title>(Lectures on Revival) 04. Prevailing Prayer</Title>
        <Url>http://www.sermonindex.net/modules/mydownloads/visit.php?lid=27677</Url>
        <Speaker>Charles Finney</Speaker>
        <Length>8.74Mb</Length>
        <Status>NOT_STARTED</Status>
        <isSermonSelected>false</isSermonSelected>
    </Sermon>
    <Sermon>
        <Title>(Lectures on Revival) 05. The Prayer of Faith</Title>
        <Url>http://www.sermonindex.net/modules/mydownloads/visit.php?lid=27678</Url>
        <Speaker>Charles Finney</Speaker>
        <Length>7.26Mb</Length>
        <Status>NOT_STARTED</Status>
        <isSermonSelected>false</isSermonSelected>
    </Sermon>
    <Sermon>
        <Title>(Lectures on Revival) 06. The Spirit of Prayer</Title>
        <Url>http://www.sermonindex.net/modules/mydownloads/visit.php?lid=27679</Url>
        <Speaker>Charles Finney</Speaker>
        <Length>7.74Mb</Length>
        <Status>NOT_STARTED</Status>
        <isSermonSelected>false</isSermonSelected>
    </Sermon>
    <Sermon>
        <Title>(Lectures on Revival) 07. On Being Filled with the Spirit</Title>
        <Url>http://www.sermonindex.net/modules/mydownloads/visit.php?lid=27680</Url>
        <Speaker>Charles Finney</Speaker>
        <Length>7.59Mb</Length>
        <Status>NOT_STARTED</Status>
        <isSermonSelected>false</isSermonSelected>
    </Sermon>
    <Sermon>
        <Title>(Lectures on Revival) 08. Meetings for Prayer</Title>
        <Url>http://www.sermonindex.net/modules/mydownloads/visit.php?lid=27681</Url>
        <Speaker>Charles Finney</Speaker>
        <Length>6.57Mb</Length>
        <Status>NOT_STARTED</Status>
        <isSermonSelected>false</isSermonSelected>
    </Sermon>
    <Sermon>
        <Title>(Lectures on Revival) 09. Means to be Used with Sinners</Title>
        <Url>http://www.sermonindex.net/modules/mydownloads/visit.php?lid=27682</Url>
        <Speaker>Charles Finney</Speaker>
        <Length>6.57Mb</Length>
        <Status>NOT_STARTED</Status>
        <isSermonSelected>false</isSermonSelected>
    </Sermon>
    <Sermon>
        <Title>(Lectures on Revival) 10. To Win Souls Requires Wisdom</Title>
        <Url>http://www.sermonindex.net/modules/mydownloads/visit.php?lid=27683</Url>
        <Speaker>Charles Finney</Speaker>
        <Length>7.39Mb</Length>
        <Status>NOT_STARTED</Status>
        <isSermonSelected>false</isSermonSelected>
    </Sermon>
    <Sermon>
        <Title>(Lectures on Revival) 11. A Wise Minister Will Be Successful</Title>
        <Url>http://www.sermonindex.net/modules/mydownloads/visit.php?lid=27684</Url>
        <Speaker>Charles Finney</Speaker>
        <Length>8.1Mb</Length>
        <Status>NOT_STARTED</Status>
        <isSermonSelected>false</isSermonSelected>
    </Sermon>
    <Sermon>
        <Title>(Lectures on Revival) 12. How to Preach the Gospel</Title>
        <Url>http://www.sermonindex.net/modules/mydownloads/visit.php?lid=27685</Url>
        <Speaker>Charles Finney</Speaker>
        <Length>10.94Mb</Length>
        <Status>NOT_STARTED</Status>
        <isSermonSelected>false</isSermonSelected>
    </Sermon>
    <Sermon>
        <Title>(Lectures on Revival) 13. How Churches Can Help Ministers</Title>
        <Url>http://www.sermonindex.net/modules/mydownloads/visit.php?lid=27686</Url>
        <Speaker>Charles Finney</Speaker>
        <Length>10.06Mb</Length>
        <Status>NOT_STARTED</Status>
        <isSermonSelected>false</isSermonSelected>
    </Sermon>
    <Sermon>
        <Title>(Lectures on Revival) 14. Measures to Promote Revivals</Title>
        <Url>http://www.sermonindex.net/modules/mydownloads/visit.php?lid=27687</Url>
        <Speaker>Charles Finney</Speaker>
        <Length>10.15Mb</Length>
        <Status>NOT_STARTED</Status>
        <isSermonSelected>false</isSermonSelected>
    </Sermon>
    <Sermon>
        <Title>(Lectures on Revival) 15. Hindrances to Revivals</Title>
        <Url>http://www.sermonindex.net/modules/mydownloads/visit.php?lid=27688</Url>
        <Speaker>Charles Finney</Speaker>
        <Length>12.68Mb</Length>
        <Status>NOT_STARTED</Status>
        <isSermonSelected>false</isSermonSelected>
    </Sermon>
    <Sermon>
        <Title>(Lectures on Revival) 16. The Necessity and Effect of Union</Title>
        <Url>http://www.sermonindex.net/modules/mydownloads/visit.php?lid=27689</Url>
        <Speaker>Charles Finney</Speaker>
        <Length>9.24Mb</Length>
        <Status>NOT_STARTED</Status>
        <isSermonSelected>false</isSermonSelected>
    </Sermon>
    <Sermon>
        <Title>(Lectures on Revival) 17. False Comfort for Sinners</Title>
        <Url>http://www.sermonindex.net/modules/mydownloads/visit.php?lid=27690</Url>
        <Speaker>Charles Finney</Speaker>
        <Length>11.76Mb</Length>
        <Status>NOT_STARTED</Status>
        <isSermonSelected>false</isSermonSelected>
    </Sermon>
    <Sermon>
        <Title>(Lectures on Revival) 18. Directions to Sinners</Title>
        <Url>http://www.sermonindex.net/modules/mydownloads/visit.php?lid=27691</Url>
        <Speaker>Charles Finney</Speaker>
        <Length>8.15Mb</Length>
        <Status>NOT_STARTED</Status>
        <isSermonSelected>false</isSermonSelected>
    </Sermon>
    <Sermon>
        <Title>(Lectures on Revival) 19. Instructions to Converts</Title>
        <Url>http://www.sermonindex.net/modules/mydownloads/visit.php?lid=27692</Url>
        <Speaker>Charles Finney</Speaker>
        <Length>11.67Mb</Length>
        <Status>NOT_STARTED</Status>
        <isSermonSelected>false</isSermonSelected>
    </Sermon>
    <Sermon>
        <Title>(Lectures on Revival) 20. Instructions to Converts [continued]</Title>
        <Url>http://www.sermonindex.net/modules/mydownloads/visit.php?lid=27693</Url>
        <Speaker>Charles Finney</Speaker>
        <Length>8.18Mb</Length>
        <Status>NOT_STARTED</Status>
        <isSermonSelected>false</isSermonSelected>
    </Sermon>
    <Sermon>
        <Title>(Lectures on Revival) 21. The Backslider in Heart</Title>
        <Url>http://www.sermonindex.net/modules/mydownloads/visit.php?lid=27694</Url>
        <Speaker>Charles Finney</Speaker>
        <Length>6.65Mb</Length>
        <Status>NOT_STARTED</Status>
        <isSermonSelected>false</isSermonSelected>
    </Sermon>
    <Sermon>
        <Title>(Lectures on Revival) 22. Growth in Grace</Title>
        <Url>http://www.sermonindex.net/modules/mydownloads/visit.php?lid=27695</Url>
        <Speaker>Charles Finney</Speaker>
        <Length>7.73Mb</Length>
        <Status>NOT_STARTED</Status>
        <isSermonSelected>false</isSermonSelected>
    </Sermon>
    <Sermon>
        <Title>(Memoirs) 01. Birth and Education</Title>
        <Url>http://www.sermonindex.net/modules/mydownloads/visit.php?lid=27696</Url>
        <Speaker>Charles Finney</Speaker>
        <Length>3.54Mb</Length>
        <Status>NOT_STARTED</Status>
        <isSermonSelected>false</isSermonSelected>
    </Sermon>
    <Sermon>
        <Title>(Memoirs) 02. Conversion to Christ</Title>
        <Url>http://www.sermonindex.net/modules/mydownloads/visit.php?lid=27697</Url>
        <Speaker>Charles Finney</Speaker>
        <Length>4.17Mb</Length>
        <Status>NOT_STARTED</Status>
        <isSermonSelected>false</isSermonSelected>
    </Sermon>
    <Sermon>
        <Title>(Memoirs) 03. Beginning of His Work</Title>
        <Url>http://www.sermonindex.net/modules/mydownloads/visit.php?lid=27698</Url>
        <Speaker>Charles Finney</Speaker>
        <Length>5.78Mb</Length>
        <Status>NOT_STARTED</Status>
        <isSermonSelected>false</isSermonSelected>
    </Sermon>
    <Sermon>
        <Title>(Memoirs) 04. His Doctrinal Education and Other Experiences at Adams</Title>
        <Url>http://www.sermonindex.net/modules/mydownloads/visit.php?lid=27699</Url>
        <Speaker>Charles Finney</Speaker>
        <Length>6.38Mb</Length>
        <Status>NOT_STARTED</Status>
        <isSermonSelected>false</isSermonSelected>
    </Sermon>
    <Sermon>
        <Title>(Memoirs) 05. Preaching as a Missionary</Title>
        <Url>http://www.sermonindex.net/modules/mydownloads/visit.php?lid=27700</Url>
        <Speaker>Charles Finney</Speaker>
        <Length>3.79Mb</Length>
        <Status>NOT_STARTED</Status>
        <isSermonSelected>false</isSermonSelected>
    </Sermon>
    <Sermon>
        <Title>(Memoirs) 06. Revival at Evans' Mills and its Results</Title>
        <Url>http://www.sermonindex.net/modules/mydownloads/visit.php?lid=27701</Url>
        <Speaker>Charles Finney</Speaker>
        <Length>3.66Mb</Length>
        <Status>NOT_STARTED</Status>
        <isSermonSelected>false</isSermonSelected>
    </Sermon>
    <Sermon>
        <Title>(Memoirs) 07. Remarks upon Ministerial Education</Title>
        <Url>http://www.sermonindex.net/modules/mydownloads/visit.php?lid=27702</Url>
        <Speaker>Charles Finney</Speaker>
        <Length>5.88Mb</Length>
        <Status>NOT_STARTED</Status>
        <isSermonSelected>false</isSermonSelected>
    </Sermon>
    <Sermon>
        <Title>(Memoirs) 08. Revival at Antwerp</Title>
        <Url>http://www.sermonindex.net/modules/mydownloads/visit.php?lid=27703</Url>
        <Speaker>Charles Finney</Speaker>
        <Length>4.54Mb</Length>
        <Status>NOT_STARTED</Status>
        <isSermonSelected>false</isSermonSelected>
    </Sermon>
    <Sermon>
        <Title>(Memoirs) 09. Return to Evans' Mills</Title>
        <Url>http://www.sermonindex.net/modules/mydownloads/visit.php?lid=27704</Url>
        <Speaker>Charles Finney</Speaker>
        <Length>2.24Mb</Length>
        <Status>NOT_STARTED</Status>
        <isSermonSelected>false</isSermonSelected>
    </Sermon>
    <Sermon>
        <Title>(Memoirs) 10. Revival at Gouverneur</Title>
        <Url>http://www.sermonindex.net/modules/mydownloads/visit.php?lid=27705</Url>
        <Speaker>Charles Finney</Speaker>
        <Length>6.14Mb</Length>
        <Status>NOT_STARTED</Status>
        <isSermonSelected>false</isSermonSelected>
    </Sermon>
    <Sermon>
        <Title>(Memoirs) 11. Revival at De Kalb</Title>
        <Url>http://www.sermonindex.net/modules/mydownloads/visit.php?lid=27706</Url>
        <Speaker>Charles Finney</Speaker>
        <Length>2.46Mb</Length>
        <Status>NOT_STARTED</Status>
        <isSermonSelected>false</isSermonSelected>
    </Sermon>
    <Sermon>
        <Title>(Memoirs) 12. Revival at Western</Title>
        <Url>http://www.sermonindex.net/modules/mydownloads/visit.php?lid=27707</Url>
        <Speaker>Charles Finney</Speaker>
        <Length>5.08Mb</Length>
        <Status>NOT_STARTED</Status>
        <isSermonSelected>false</isSermonSelected>
    </Sermon>
    <Sermon>
        <Title>(Memoirs) 13. Revival at Rome</Title>
        <Url>http://www.sermonindex.net/modules/mydownloads/visit.php?lid=27708</Url>
        <Speaker>Charles Finney</Speaker>
        <Length>5.27Mb</Length>
        <Status>NOT_STARTED</Status>
        <isSermonSelected>false</isSermonSelected>
    </Sermon>
    <Sermon>
        <Title>(Memoirs) 14. Revival at Utica</Title>
        <Url>http://www.sermonindex.net/modules/mydownloads/visit.php?lid=27709</Url>
        <Speaker>Charles Finney</Speaker>
        <Length>5.49Mb</Length>
        <Status>NOT_STARTED</Status>
        <isSermonSelected>false</isSermonSelected>
    </Sermon>
    <Sermon>
        <Title>(Memoirs) 15. Revival at Auburn in 1826</Title>
        <Url>http://www.sermonindex.net/modules/mydownloads/visit.php?lid=27710</Url>
        <Speaker>Charles Finney</Speaker>
        <Length>3.22Mb</Length>
        <Status>NOT_STARTED</Status>
        <isSermonSelected>false</isSermonSelected>
    </Sermon>
    <Sermon>
        <Title>(Memoirs) 16. Revival at Troy, and at New Lebanon</Title>
        <Url>http://www.sermonindex.net/modules/mydownloads/visit.php?lid=27711</Url>
        <Speaker>Charles Finney</Speaker>
        <Length>8.45Mb</Length>
        <Status>NOT_STARTED</Status>
        <isSermonSelected>false</isSermonSelected>
    </Sermon>
    <Sermon>
        <Title>(Memoirs) 17. Revival in Stephentown</Title>
        <Url>http://www.sermonindex.net/modules/mydownloads/visit.php?lid=27712</Url>
        <Speaker>Charles Finney</Speaker>
        <Length>2.33Mb</Length>
        <Status>NOT_STARTED</Status>
        <isSermonSelected>false</isSermonSelected>
    </Sermon>
    <Sermon>
        <Title>(Memoirs) 18. Revivals at Wilmington and Philadelphia</Title>
        <Url>http://www.sermonindex.net/modules/mydownloads/visit.php?lid=27713</Url>
        <Speaker>Charles Finney</Speaker>
        <Length>7.34Mb</Length>
        <Status>NOT_STARTED</Status>
        <isSermonSelected>false</isSermonSelected>
    </Sermon>
    <Sermon>
        <Title>(Memoirs) 19. Revival at Reading, Pennsylvania</Title>
        <Url>http://www.sermonindex.net/modules/mydownloads/visit.php?lid=27714</Url>
        <Speaker>Charles Finney</Speaker>
        <Length>5.38Mb</Length>
        <Status>NOT_STARTED</Status>
        <isSermonSelected>false</isSermonSelected>
    </Sermon>
    <Sermon>
        <Title>(Memoirs) 20. Revivals in Columbia, and in New York City</Title>
        <Url>http://www.sermonindex.net/modules/mydownloads/visit.php?lid=27715</Url>
        <Speaker>Charles Finney</Speaker>
        <Length>3.76Mb</Length>
        <Status>NOT_STARTED</Status>
        <isSermonSelected>false</isSermonSelected>
    </Sermon>
    <Sermon>
        <Title>(Memoirs) 21. Revival in Rochester, 1830</Title>
        <Url>http://www.sermonindex.net/modules/mydownloads/visit.php?lid=27716</Url>
        <Speaker>Charles Finney</Speaker>
        <Length>5.83Mb</Length>
        <Status>NOT_STARTED</Status>
        <isSermonSelected>false</isSermonSelected>
    </Sermon>
    <Sermon>
        <Title>(Memoirs) 22. Revivals in Auburn, Buffalo, Providence and Boston</Title>
        <Url>http://www.sermonindex.net/modules/mydownloads/visit.php?lid=27717</Url>
        <Speaker>Charles Finney</Speaker>
        <Length>6.06Mb</Length>
        <Status>NOT_STARTED</Status>
        <isSermonSelected>false</isSermonSelected>
    </Sermon>
    <Sermon>
        <Title>(Memoirs) 23. Labors in New York City in 1832, and Onward</Title>
        <Url>http://www.sermonindex.net/modules/mydownloads/visit.php?lid=27718</Url>
        <Speaker>Charles Finney</Speaker>
        <Length>5.06Mb</Length>
        <Status>NOT_STARTED</Status>
        <isSermonSelected>false</isSermonSelected>
    </Sermon>
    <Sermon>
        <Title>(Memoirs) 24. Early Labors in Oberlin</Title>
        <Url>http://www.sermonindex.net/modules/mydownloads/visit.php?lid=27719</Url>
        <Speaker>Charles Finney</Speaker>
        <Length>5.13Mb</Length>
        <Status>NOT_STARTED</Status>
        <isSermonSelected>false</isSermonSelected>
    </Sermon>
    <Sermon>
        <Title>(Memoirs) 25. Labors in Boston and Providence</Title>
        <Url>http://www.sermonindex.net/modules/mydownloads/visit.php?lid=27720</Url>
        <Speaker>Charles Finney</Speaker>
        <Length>1.76Mb</Length>
        <Status>NOT_STARTED</Status>
        <isSermonSelected>false</isSermonSelected>
    </Sermon>
    <Sermon>
        <Title>(Memoirs) 26. The Revival in Rochester in 1842</Title>
        <Url>http://www.sermonindex.net/modules/mydownloads/visit.php?lid=27721</Url>
        <Speaker>Charles Finney</Speaker>
        <Length>3.93Mb</Length>
        <Status>NOT_STARTED</Status>
        <isSermonSelected>false</isSermonSelected>
    </Sermon>
    <Sermon>
        <Title>(Memoirs) 27. Another Winter in Boston</Title>
        <Url>http://www.sermonindex.net/modules/mydownloads/visit.php?lid=27722</Url>
        <Speaker>Charles Finney</Speaker>
        <Length>5.67Mb</Length>
        <Status>NOT_STARTED</Status>
        <isSermonSelected>false</isSermonSelected>
    </Sermon>
    <Sermon>
        <Title>(Memoirs) 28. First Visit to England</Title>
        <Url>http://www.sermonindex.net/modules/mydownloads/visit.php?lid=27723</Url>
        <Speaker>Charles Finney</Speaker>
        <Length>5.43Mb</Length>
        <Status>NOT_STARTED</Status>
        <isSermonSelected>false</isSermonSelected>
    </Sermon>
    <Sermon>
        <Title>(Memoirs) 29. Labors in the Tabernacle, Moorfields, London</Title>
        <Url>http://www.sermonindex.net/modules/mydownloads/visit.php?lid=27724</Url>
        <Speaker>Charles Finney</Speaker>
        <Length>4.33Mb</Length>
        <Status>NOT_STARTED</Status>
        <isSermonSelected>false</isSermonSelected>
    </Sermon>
    <Sermon>
        <Title>(Memoirs) 30. Labors in Hartford and in Syracuse</Title>
        <Url>http://www.sermonindex.net/modules/mydownloads/visit.php?lid=27725</Url>
        <Speaker>Charles Finney</Speaker>
        <Length>4.09Mb</Length>
        <Status>NOT_STARTED</Status>
        <isSermonSelected>false</isSermonSelected>
    </Sermon>
    <Sermon>
        <Title>(Memoirs) 31. Labors in Western and in Rome, 1854-5</Title>
        <Url>http://www.sermonindex.net/modules/mydownloads/visit.php?lid=27726</Url>
        <Speaker>Charles Finney</Speaker>
        <Length>2.26Mb</Length>
        <Status>NOT_STARTED</Status>
        <isSermonSelected>false</isSermonSelected>
    </Sermon>
    <Sermon>
        <Title>(Memoirs) 32. Revival in Rochester in 1855</Title>
        <Url>http://www.sermonindex.net/modules/mydownloads/visit.php?lid=27727</Url>
        <Speaker>Charles Finney</Speaker>
        <Length>1.83Mb</Length>
        <Status>NOT_STARTED</Status>
        <isSermonSelected>false</isSermonSelected>
    </Sermon>
    <Sermon>
        <Title>(Memoirs) 33. Revivals in Boston in 1856-57-58</Title>
        <Url>http://www.sermonindex.net/modules/mydownloads/visit.php?lid=27728</Url>
        <Speaker>Charles Finney</Speaker>
        <Length>2.05Mb</Length>
        <Status>NOT_STARTED</Status>
        <isSermonSelected>false</isSermonSelected>
    </Sermon>
    <Sermon>
        <Title>(Memoirs) 34. Second Visit to England</Title>
        <Url>http://www.sermonindex.net/modules/mydownloads/visit.php?lid=27729</Url>
        <Speaker>Charles Finney</Speaker>
        <Length>2.22Mb</Length>
        <Status>NOT_STARTED</Status>
        <isSermonSelected>false</isSermonSelected>
    </Sermon>
    <Sermon>
        <Title>(Memoirs) 35. Labors in England and Scotland</Title>
        <Url>http://www.sermonindex.net/modules/mydownloads/visit.php?lid=27730</Url>
        <Speaker>Charles Finney</Speaker>
        <Length>5.07Mb</Length>
        <Status>NOT_STARTED</Status>
        <isSermonSelected>false</isSermonSelected>
    </Sermon>
    <Sermon>
        <Title>(Memoirs) 36. Work at Home</Title>
        <Url>http://www.sermonindex.net/modules/mydownloads/visit.php?lid=27731</Url>
        <Speaker>Charles Finney</Speaker>
        <Length>2.2Mb</Length>
        <Status>NOT_STARTED</Status>
        <isSermonSelected>false</isSermonSelected>
    </Sermon>
</Sermons>
