<?xml version="1.0" encoding="UTF-8" standalone="yes"?>
<Sermons>
    <Sermon>
        <Title>Evening Session Singing</Title>
        <Url>http://www.sermonindex.net/modules/mydownloads/visit.php?lid=16506</Url>
        <Speaker>Charity Leadership 2008</Speaker>
        <Length>4.27Mb</Length>
        <Status>NOT_STARTED</Status>
        <isSermonSelected>false</isSermonSelected>
    </Sermon>
    <Sermon>
        <Title>Morning Session Singing</Title>
        <Url>http://www.sermonindex.net/modules/mydownloads/visit.php?lid=16505</Url>
        <Speaker>Charity Leadership 2008</Speaker>
        <Length>3.75Mb</Length>
        <Status>NOT_STARTED</Status>
        <isSermonSelected>false</isSermonSelected>
    </Sermon>
</Sermons>
