<?xml version="1.0" encoding="UTF-8" standalone="yes"?>
<Sermons>
    <Sermon>
        <Title>Brotherly Love</Title>
        <Url>http://www.sermonindex.net/modules/mydownloads/visit.php?lid=12326</Url>
        <Speaker>Charles E. Fuller</Speaker>
        <Length>8.75Mb</Length>
        <Status>NOT_STARTED</Status>
        <isSermonSelected>false</isSermonSelected>
    </Sermon>
    <Sermon>
        <Title>Conditions Of The World Today</Title>
        <Url>http://www.sermonindex.net/modules/mydownloads/visit.php?lid=12320</Url>
        <Speaker>Charles E. Fuller</Speaker>
        <Length>8.77Mb</Length>
        <Status>NOT_STARTED</Status>
        <isSermonSelected>false</isSermonSelected>
    </Sermon>
    <Sermon>
        <Title>Consider Your Ways</Title>
        <Url>http://www.sermonindex.net/modules/mydownloads/visit.php?lid=12343</Url>
        <Speaker>Charles E. Fuller</Speaker>
        <Length>8.69Mb</Length>
        <Status>NOT_STARTED</Status>
        <isSermonSelected>false</isSermonSelected>
    </Sermon>
    <Sermon>
        <Title>Dead in Trespasses And Sins</Title>
        <Url>http://www.sermonindex.net/modules/mydownloads/visit.php?lid=12321</Url>
        <Speaker>Charles E. Fuller</Speaker>
        <Length>8.91Mb</Length>
        <Status>NOT_STARTED</Status>
        <isSermonSelected>false</isSermonSelected>
    </Sermon>
    <Sermon>
        <Title>Death</Title>
        <Url>http://www.sermonindex.net/modules/mydownloads/visit.php?lid=12332</Url>
        <Speaker>Charles E. Fuller</Speaker>
        <Length>8.94Mb</Length>
        <Status>NOT_STARTED</Status>
        <isSermonSelected>false</isSermonSelected>
    </Sermon>
    <Sermon>
        <Title>Demons</Title>
        <Url>http://www.sermonindex.net/modules/mydownloads/visit.php?lid=12334</Url>
        <Speaker>Charles E. Fuller</Speaker>
        <Length>8.7Mb</Length>
        <Status>NOT_STARTED</Status>
        <isSermonSelected>false</isSermonSelected>
    </Sermon>
    <Sermon>
        <Title>Disease</Title>
        <Url>http://www.sermonindex.net/modules/mydownloads/visit.php?lid=12333</Url>
        <Speaker>Charles E. Fuller</Speaker>
        <Length>8.72Mb</Length>
        <Status>NOT_STARTED</Status>
        <isSermonSelected>false</isSermonSelected>
    </Sermon>
    <Sermon>
        <Title>Duty, Responsibility And Practice</Title>
        <Url>http://www.sermonindex.net/modules/mydownloads/visit.php?lid=12325</Url>
        <Speaker>Charles E. Fuller</Speaker>
        <Length>8.71Mb</Length>
        <Status>NOT_STARTED</Status>
        <isSermonSelected>false</isSermonSelected>
    </Sermon>
    <Sermon>
        <Title>Eight Questions</Title>
        <Url>http://www.sermonindex.net/modules/mydownloads/visit.php?lid=12342</Url>
        <Speaker>Charles E. Fuller</Speaker>
        <Length>8.72Mb</Length>
        <Status>NOT_STARTED</Status>
        <isSermonSelected>false</isSermonSelected>
    </Sermon>
    <Sermon>
        <Title>God's Riches In Glory</Title>
        <Url>http://www.sermonindex.net/modules/mydownloads/visit.php?lid=12319</Url>
        <Speaker>Charles E. Fuller</Speaker>
        <Length>8.7Mb</Length>
        <Status>NOT_STARTED</Status>
        <isSermonSelected>false</isSermonSelected>
    </Sermon>
    <Sermon>
        <Title>His Great Love</Title>
        <Url>http://www.sermonindex.net/modules/mydownloads/visit.php?lid=12318</Url>
        <Speaker>Charles E. Fuller</Speaker>
        <Length>8.75Mb</Length>
        <Status>NOT_STARTED</Status>
        <isSermonSelected>false</isSermonSelected>
    </Sermon>
    <Sermon>
        <Title>His Workmanship</Title>
        <Url>http://www.sermonindex.net/modules/mydownloads/visit.php?lid=12317</Url>
        <Speaker>Charles E. Fuller</Speaker>
        <Length>8.67Mb</Length>
        <Status>NOT_STARTED</Status>
        <isSermonSelected>false</isSermonSelected>
    </Sermon>
    <Sermon>
        <Title>Jehovah's Disobedient Servant</Title>
        <Url>http://www.sermonindex.net/modules/mydownloads/visit.php?lid=12339</Url>
        <Speaker>Charles E. Fuller</Speaker>
        <Length>8.79Mb</Length>
        <Status>NOT_STARTED</Status>
        <isSermonSelected>false</isSermonSelected>
    </Sermon>
    <Sermon>
        <Title>Jehovah's Obedient Servant</Title>
        <Url>http://www.sermonindex.net/modules/mydownloads/visit.php?lid=12338</Url>
        <Speaker>Charles E. Fuller</Speaker>
        <Length>8.56Mb</Length>
        <Status>NOT_STARTED</Status>
        <isSermonSelected>false</isSermonSelected>
    </Sermon>
    <Sermon>
        <Title>Leaven Of The Saducees</Title>
        <Url>http://www.sermonindex.net/modules/mydownloads/visit.php?lid=12330</Url>
        <Speaker>Charles E. Fuller</Speaker>
        <Length>8.71Mb</Length>
        <Status>NOT_STARTED</Status>
        <isSermonSelected>false</isSermonSelected>
    </Sermon>
    <Sermon>
        <Title>Multitudes In The Valley Of Decision</Title>
        <Url>http://www.sermonindex.net/modules/mydownloads/visit.php?lid=12341</Url>
        <Speaker>Charles E. Fuller</Speaker>
        <Length>8.63Mb</Length>
        <Status>NOT_STARTED</Status>
        <isSermonSelected>false</isSermonSelected>
    </Sermon>
    <Sermon>
        <Title>Parable Of The Sower</Title>
        <Url>http://www.sermonindex.net/modules/mydownloads/visit.php?lid=12331</Url>
        <Speaker>Charles E. Fuller</Speaker>
        <Length>8.71Mb</Length>
        <Status>NOT_STARTED</Status>
        <isSermonSelected>false</isSermonSelected>
    </Sermon>
    <Sermon>
        <Title>Redemption Through His Blood</Title>
        <Url>http://www.sermonindex.net/modules/mydownloads/visit.php?lid=12323</Url>
        <Speaker>Charles E. Fuller</Speaker>
        <Length>8.77Mb</Length>
        <Status>NOT_STARTED</Status>
        <isSermonSelected>false</isSermonSelected>
    </Sermon>
    <Sermon>
        <Title>Repent, Believe And The Gospel Of God</Title>
        <Url>http://www.sermonindex.net/modules/mydownloads/visit.php?lid=12335</Url>
        <Speaker>Charles E. Fuller</Speaker>
        <Length>8.82Mb</Length>
        <Status>NOT_STARTED</Status>
        <isSermonSelected>false</isSermonSelected>
    </Sermon>
    <Sermon>
        <Title>The Budding Of The Fig Tree</Title>
        <Url>http://www.sermonindex.net/modules/mydownloads/visit.php?lid=12328</Url>
        <Speaker>Charles E. Fuller</Speaker>
        <Length>7.26Mb</Length>
        <Status>NOT_STARTED</Status>
        <isSermonSelected>false</isSermonSelected>
    </Sermon>
    <Sermon>
        <Title>The Church</Title>
        <Url>http://www.sermonindex.net/modules/mydownloads/visit.php?lid=12324</Url>
        <Speaker>Charles E. Fuller</Speaker>
        <Length>8.93Mb</Length>
        <Status>NOT_STARTED</Status>
        <isSermonSelected>false</isSermonSelected>
    </Sermon>
    <Sermon>
        <Title>The Conversion Of Ninevah</Title>
        <Url>http://www.sermonindex.net/modules/mydownloads/visit.php?lid=12337</Url>
        <Speaker>Charles E. Fuller</Speaker>
        <Length>9.7Mb</Length>
        <Status>NOT_STARTED</Status>
        <isSermonSelected>false</isSermonSelected>
    </Sermon>
    <Sermon>
        <Title>The Gospel Of Jesus Christ</Title>
        <Url>http://www.sermonindex.net/modules/mydownloads/visit.php?lid=12336</Url>
        <Speaker>Charles E. Fuller</Speaker>
        <Length>8.45Mb</Length>
        <Status>NOT_STARTED</Status>
        <isSermonSelected>false</isSermonSelected>
    </Sermon>
    <Sermon>
        <Title>The Just Shall Live By Faith</Title>
        <Url>http://www.sermonindex.net/modules/mydownloads/visit.php?lid=12344</Url>
        <Speaker>Charles E. Fuller</Speaker>
        <Length>8.73Mb</Length>
        <Status>NOT_STARTED</Status>
        <isSermonSelected>false</isSermonSelected>
    </Sermon>
    <Sermon>
        <Title>The Path of Disobedience</Title>
        <Url>http://www.sermonindex.net/modules/mydownloads/visit.php?lid=12340</Url>
        <Speaker>Charles E. Fuller</Speaker>
        <Length>8.75Mb</Length>
        <Status>NOT_STARTED</Status>
        <isSermonSelected>false</isSermonSelected>
    </Sermon>
    <Sermon>
        <Title>The Resurrection &amp; The Believer</Title>
        <Url>http://www.sermonindex.net/modules/mydownloads/visit.php?lid=12327</Url>
        <Speaker>Charles E. Fuller</Speaker>
        <Length>8.58Mb</Length>
        <Status>NOT_STARTED</Status>
        <isSermonSelected>false</isSermonSelected>
    </Sermon>
    <Sermon>
        <Title>The Return of Christ</Title>
        <Url>http://www.sermonindex.net/modules/mydownloads/visit.php?lid=12347</Url>
        <Speaker>Charles E. Fuller</Speaker>
        <Length>8.82Mb</Length>
        <Status>NOT_STARTED</Status>
        <isSermonSelected>false</isSermonSelected>
    </Sermon>
    <Sermon>
        <Title>The Sign Of The Lord's Return</Title>
        <Url>http://www.sermonindex.net/modules/mydownloads/visit.php?lid=12329</Url>
        <Speaker>Charles E. Fuller</Speaker>
        <Length>8.81Mb</Length>
        <Status>NOT_STARTED</Status>
        <isSermonSelected>false</isSermonSelected>
    </Sermon>
    <Sermon>
        <Title>The Work Of The Holy Spirit</Title>
        <Url>http://www.sermonindex.net/modules/mydownloads/visit.php?lid=12322</Url>
        <Speaker>Charles E. Fuller</Speaker>
        <Length>8.92Mb</Length>
        <Status>NOT_STARTED</Status>
        <isSermonSelected>false</isSermonSelected>
    </Sermon>
    <Sermon>
        <Title>Though He Slay Me, Yet Will I Trust Him</Title>
        <Url>http://www.sermonindex.net/modules/mydownloads/visit.php?lid=12345</Url>
        <Speaker>Charles E. Fuller</Speaker>
        <Length>8.79Mb</Length>
        <Status>NOT_STARTED</Status>
        <isSermonSelected>false</isSermonSelected>
    </Sermon>
    <Sermon>
        <Title>Why Does God Permit Evil In The World?</Title>
        <Url>http://www.sermonindex.net/modules/mydownloads/visit.php?lid=12346</Url>
        <Speaker>Charles E. Fuller</Speaker>
        <Length>7.06Mb</Length>
        <Status>NOT_STARTED</Status>
        <isSermonSelected>false</isSermonSelected>
    </Sermon>
</Sermons>
