<?xml version="1.0" encoding="UTF-8" standalone="yes"?>
<Sermons>
    <Sermon>
        <Title>At Every Motion Of Our Breath</Title>
        <Url>http://www.sermonindex.net/modules/mydownloads/visit.php?lid=22937</Url>
        <Speaker>Christian Hymnary</Speaker>
        <Length>1.86Mb</Length>
        <Status>ALREADY_DONE</Status>
        <isSermonSelected>false</isSermonSelected>
    </Sermon>
    <Sermon>
        <Title>Come Brethren, Let Us Go!</Title>
        <Url>http://www.sermonindex.net/modules/mydownloads/visit.php?lid=22936</Url>
        <Speaker>Christian Hymnary</Speaker>
        <Length>3.29Mb</Length>
        <Status>ALREADY_DONE</Status>
        <isSermonSelected>false</isSermonSelected>
    </Sermon>
    <Sermon>
        <Title>I Will Press On To Perfection</Title>
        <Url>http://www.sermonindex.net/modules/mydownloads/visit.php?lid=22938</Url>
        <Speaker>Christian Hymnary</Speaker>
        <Length>897Kb</Length>
        <Status>ALREADY_DONE</Status>
        <isSermonSelected>false</isSermonSelected>
    </Sermon>
    <Sermon>
        <Title>In The Hour Of Trial</Title>
        <Url>http://www.sermonindex.net/modules/mydownloads/visit.php?lid=22939</Url>
        <Speaker>Christian Hymnary</Speaker>
        <Length>3Mb</Length>
        <Status>NOT_STARTED</Status>
        <isSermonSelected>false</isSermonSelected>
    </Sermon>
    <Sermon>
        <Title>Jesus, Keep Me Near The Cross</Title>
        <Url>http://www.sermonindex.net/modules/mydownloads/visit.php?lid=22940</Url>
        <Speaker>Christian Hymnary</Speaker>
        <Length>3.52Mb</Length>
        <Status>NOT_STARTED</Status>
        <isSermonSelected>false</isSermonSelected>
    </Sermon>
    <Sermon>
        <Title>My God, Where Shall I Wend My Flight</Title>
        <Url>http://www.sermonindex.net/modules/mydownloads/visit.php?lid=22941</Url>
        <Speaker>Christian Hymnary</Speaker>
        <Length>4Mb</Length>
        <Status>NOT_STARTED</Status>
        <isSermonSelected>false</isSermonSelected>
    </Sermon>
    <Sermon>
        <Title>Pardon Me, O My God</Title>
        <Url>http://www.sermonindex.net/modules/mydownloads/visit.php?lid=22942</Url>
        <Speaker>Christian Hymnary</Speaker>
        <Length>2.89Mb</Length>
        <Status>NOT_STARTED</Status>
        <isSermonSelected>false</isSermonSelected>
    </Sermon>
    <Sermon>
        <Title>Pilgrim Seek Not Yet Repose</Title>
        <Url>http://www.sermonindex.net/modules/mydownloads/visit.php?lid=22943</Url>
        <Speaker>Christian Hymnary</Speaker>
        <Length>1.86Mb</Length>
        <Status>NOT_STARTED</Status>
        <isSermonSelected>false</isSermonSelected>
    </Sermon>
    <Sermon>
        <Title>Teach Me, O Lord</Title>
        <Url>http://www.sermonindex.net/modules/mydownloads/visit.php?lid=22944</Url>
        <Speaker>Christian Hymnary</Speaker>
        <Length>2.29Mb</Length>
        <Status>NOT_STARTED</Status>
        <isSermonSelected>false</isSermonSelected>
    </Sermon>
</Sermons>
