<?xml version="1.0" encoding="UTF-8" standalone="yes"?>
<Sermons>
    <Sermon>
        <Title>'Til You Hear the Summons</Title>
        <Url>http://www.sermonindex.net/modules/mydownloads/visit.php?lid=22867</Url>
        <Speaker>Church Of God</Speaker>
        <Length>3.02Mb</Length>
        <Status>NOT_STARTED</Status>
        <isSermonSelected>false</isSermonSelected>
    </Sermon>
    <Sermon>
        <Title>Bible Saints</Title>
        <Url>http://www.sermonindex.net/modules/mydownloads/visit.php?lid=22868</Url>
        <Speaker>Church Of God</Speaker>
        <Length>5.34Mb</Length>
        <Status>ALREADY_DONE</Status>
        <isSermonSelected>false</isSermonSelected>
    </Sermon>
    <Sermon>
        <Title>Days Of Elijah</Title>
        <Url>http://www.sermonindex.net/modules/mydownloads/visit.php?lid=22836</Url>
        <Speaker>Church Of God</Speaker>
        <Length>6.05Mb</Length>
        <Status>NOT_STARTED</Status>
        <isSermonSelected>false</isSermonSelected>
    </Sermon>
    <Sermon>
        <Title>Faith Is Singing</Title>
        <Url>http://www.sermonindex.net/modules/mydownloads/visit.php?lid=22869</Url>
        <Speaker>Church Of God</Speaker>
        <Length>3.7Mb</Length>
        <Status>NOT_STARTED</Status>
        <isSermonSelected>false</isSermonSelected>
    </Sermon>
    <Sermon>
        <Title>From Babel to Zion</Title>
        <Url>http://www.sermonindex.net/modules/mydownloads/visit.php?lid=22870</Url>
        <Speaker>Church Of God</Speaker>
        <Length>3.11Mb</Length>
        <Status>NOT_STARTED</Status>
        <isSermonSelected>false</isSermonSelected>
    </Sermon>
    <Sermon>
        <Title>Hailstones of Truth</Title>
        <Url>http://www.sermonindex.net/modules/mydownloads/visit.php?lid=22883</Url>
        <Speaker>Church Of God</Speaker>
        <Length>2.69Mb</Length>
        <Status>NOT_STARTED</Status>
        <isSermonSelected>false</isSermonSelected>
    </Sermon>
    <Sermon>
        <Title>Have You A Welcome</Title>
        <Url>http://www.sermonindex.net/modules/mydownloads/visit.php?lid=22871</Url>
        <Speaker>Church Of God</Speaker>
        <Length>3.11Mb</Length>
        <Status>NOT_STARTED</Status>
        <isSermonSelected>false</isSermonSelected>
    </Sermon>
    <Sermon>
        <Title>He Loves Me</Title>
        <Url>http://www.sermonindex.net/modules/mydownloads/visit.php?lid=22872</Url>
        <Speaker>Church Of God</Speaker>
        <Length>2.09Mb</Length>
        <Status>NOT_STARTED</Status>
        <isSermonSelected>false</isSermonSelected>
    </Sermon>
    <Sermon>
        <Title>I Made It</Title>
        <Url>http://www.sermonindex.net/modules/mydownloads/visit.php?lid=22837</Url>
        <Speaker>Church Of God</Speaker>
        <Length>6.16Mb</Length>
        <Status>NOT_STARTED</Status>
        <isSermonSelected>false</isSermonSelected>
    </Sermon>
    <Sermon>
        <Title>I'm A Citizen</Title>
        <Url>http://www.sermonindex.net/modules/mydownloads/visit.php?lid=22873</Url>
        <Speaker>Church Of God</Speaker>
        <Length>6.88Mb</Length>
        <Status>NOT_STARTED</Status>
        <isSermonSelected>false</isSermonSelected>
    </Sermon>
    <Sermon>
        <Title>I'm Still Here</Title>
        <Url>http://www.sermonindex.net/modules/mydownloads/visit.php?lid=22838</Url>
        <Speaker>Church Of God</Speaker>
        <Length>6.39Mb</Length>
        <Status>NOT_STARTED</Status>
        <isSermonSelected>false</isSermonSelected>
    </Sermon>
    <Sermon>
        <Title>If that isn't love</Title>
        <Url>http://www.sermonindex.net/modules/mydownloads/visit.php?lid=19005</Url>
        <Speaker>Church Of God</Speaker>
        <Length>3.4Mb</Length>
        <Status>NOT_STARTED</Status>
        <isSermonSelected>false</isSermonSelected>
    </Sermon>
    <Sermon>
        <Title>In the Realm of Grace</Title>
        <Url>http://www.sermonindex.net/modules/mydownloads/visit.php?lid=22874</Url>
        <Speaker>Church Of God</Speaker>
        <Length>2.52Mb</Length>
        <Status>NOT_STARTED</Status>
        <isSermonSelected>false</isSermonSelected>
    </Sermon>
    <Sermon>
        <Title>In times like these</Title>
        <Url>http://www.sermonindex.net/modules/mydownloads/visit.php?lid=19006</Url>
        <Speaker>Church Of God</Speaker>
        <Length>2.23Mb</Length>
        <Status>NOT_STARTED</Status>
        <isSermonSelected>false</isSermonSelected>
    </Sermon>
    <Sermon>
        <Title>Keep Singing</Title>
        <Url>http://www.sermonindex.net/modules/mydownloads/visit.php?lid=22875</Url>
        <Speaker>Church Of God</Speaker>
        <Length>5.95Mb</Length>
        <Status>NOT_STARTED</Status>
        <isSermonSelected>false</isSermonSelected>
    </Sermon>
    <Sermon>
        <Title>Lead Me Lord</Title>
        <Url>http://www.sermonindex.net/modules/mydownloads/visit.php?lid=22839</Url>
        <Speaker>Church Of God</Speaker>
        <Length>5.06Mb</Length>
        <Status>NOT_STARTED</Status>
        <isSermonSelected>false</isSermonSelected>
    </Sermon>
    <Sermon>
        <Title>Lord, I'm coming home</Title>
        <Url>http://www.sermonindex.net/modules/mydownloads/visit.php?lid=19007</Url>
        <Speaker>Church Of God</Speaker>
        <Length>2.93Mb</Length>
        <Status>NOT_STARTED</Status>
        <isSermonSelected>false</isSermonSelected>
    </Sermon>
    <Sermon>
        <Title>Make the Promise Your Trust</Title>
        <Url>http://www.sermonindex.net/modules/mydownloads/visit.php?lid=22876</Url>
        <Speaker>Church Of God</Speaker>
        <Length>2.39Mb</Length>
        <Status>NOT_STARTED</Status>
        <isSermonSelected>false</isSermonSelected>
    </Sermon>
    <Sermon>
        <Title>My Help Cometh From The Lord</Title>
        <Url>http://www.sermonindex.net/modules/mydownloads/visit.php?lid=22840</Url>
        <Speaker>Church Of God</Speaker>
        <Length>4.54Mb</Length>
        <Status>NOT_STARTED</Status>
        <isSermonSelected>false</isSermonSelected>
    </Sermon>
    <Sermon>
        <Title>My Life Is In Your Hands</Title>
        <Url>http://www.sermonindex.net/modules/mydownloads/visit.php?lid=22841</Url>
        <Speaker>Church Of God</Speaker>
        <Length>4.84Mb</Length>
        <Status>NOT_STARTED</Status>
        <isSermonSelected>false</isSermonSelected>
    </Sermon>
    <Sermon>
        <Title>New Heavens</Title>
        <Url>http://www.sermonindex.net/modules/mydownloads/visit.php?lid=22877</Url>
        <Speaker>Church Of God</Speaker>
        <Length>3.73Mb</Length>
        <Status>NOT_STARTED</Status>
        <isSermonSelected>false</isSermonSelected>
    </Sermon>
    <Sermon>
        <Title>Order My Steps</Title>
        <Url>http://www.sermonindex.net/modules/mydownloads/visit.php?lid=22842</Url>
        <Speaker>Church Of God</Speaker>
        <Length>5.75Mb</Length>
        <Status>NOT_STARTED</Status>
        <isSermonSelected>false</isSermonSelected>
    </Sermon>
    <Sermon>
        <Title>Revelation 7</Title>
        <Url>http://www.sermonindex.net/modules/mydownloads/visit.php?lid=22843</Url>
        <Speaker>Church Of God</Speaker>
        <Length>3.72Mb</Length>
        <Status>NOT_STARTED</Status>
        <isSermonSelected>false</isSermonSelected>
    </Sermon>
    <Sermon>
        <Title>Saved</Title>
        <Url>http://www.sermonindex.net/modules/mydownloads/visit.php?lid=22844</Url>
        <Speaker>Church Of God</Speaker>
        <Length>6.67Mb</Length>
        <Status>NOT_STARTED</Status>
        <isSermonSelected>false</isSermonSelected>
    </Sermon>
    <Sermon>
        <Title>So You Would Know</Title>
        <Url>http://www.sermonindex.net/modules/mydownloads/visit.php?lid=22845</Url>
        <Speaker>Church Of God</Speaker>
        <Length>5.16Mb</Length>
        <Status>NOT_STARTED</Status>
        <isSermonSelected>false</isSermonSelected>
    </Sermon>
    <Sermon>
        <Title>Stand</Title>
        <Url>http://www.sermonindex.net/modules/mydownloads/visit.php?lid=22846</Url>
        <Speaker>Church Of God</Speaker>
        <Length>3.45Mb</Length>
        <Status>NOT_STARTED</Status>
        <isSermonSelected>false</isSermonSelected>
    </Sermon>
    <Sermon>
        <Title>Thanks</Title>
        <Url>http://www.sermonindex.net/modules/mydownloads/visit.php?lid=22847</Url>
        <Speaker>Church Of God</Speaker>
        <Length>3.11Mb</Length>
        <Status>NOT_STARTED</Status>
        <isSermonSelected>false</isSermonSelected>
    </Sermon>
    <Sermon>
        <Title>The Land of Slumber</Title>
        <Url>http://www.sermonindex.net/modules/mydownloads/visit.php?lid=22878</Url>
        <Speaker>Church Of God</Speaker>
        <Length>4.83Mb</Length>
        <Status>NOT_STARTED</Status>
        <isSermonSelected>false</isSermonSelected>
    </Sermon>
    <Sermon>
        <Title>There Is One Body</Title>
        <Url>http://www.sermonindex.net/modules/mydownloads/visit.php?lid=22848</Url>
        <Speaker>Church Of God</Speaker>
        <Length>4.99Mb</Length>
        <Status>NOT_STARTED</Status>
        <isSermonSelected>false</isSermonSelected>
    </Sermon>
    <Sermon>
        <Title>Thine Is the Power</Title>
        <Url>http://www.sermonindex.net/modules/mydownloads/visit.php?lid=22879</Url>
        <Speaker>Church Of God</Speaker>
        <Length>4.5Mb</Length>
        <Status>NOT_STARTED</Status>
        <isSermonSelected>false</isSermonSelected>
    </Sermon>
    <Sermon>
        <Title>Together</Title>
        <Url>http://www.sermonindex.net/modules/mydownloads/visit.php?lid=22880</Url>
        <Speaker>Church Of God</Speaker>
        <Length>4.54Mb</Length>
        <Status>NOT_STARTED</Status>
        <isSermonSelected>false</isSermonSelected>
    </Sermon>
    <Sermon>
        <Title>Vain</Title>
        <Url>http://www.sermonindex.net/modules/mydownloads/visit.php?lid=22882</Url>
        <Speaker>Church Of God</Speaker>
        <Length>3.04Mb</Length>
        <Status>NOT_STARTED</Status>
        <isSermonSelected>false</isSermonSelected>
    </Sermon>
    <Sermon>
        <Title>Vale of Eden</Title>
        <Url>http://www.sermonindex.net/modules/mydownloads/visit.php?lid=22881</Url>
        <Speaker>Church Of God</Speaker>
        <Length>4.13Mb</Length>
        <Status>NOT_STARTED</Status>
        <isSermonSelected>false</isSermonSelected>
    </Sermon>
    <Sermon>
        <Title>What a gathering that will be</Title>
        <Url>http://www.sermonindex.net/modules/mydownloads/visit.php?lid=19008</Url>
        <Speaker>Church Of God</Speaker>
        <Length>2.9Mb</Length>
        <Status>NOT_STARTED</Status>
        <isSermonSelected>false</isSermonSelected>
    </Sermon>
    <Sermon>
        <Title>When we all get to heaven</Title>
        <Url>http://www.sermonindex.net/modules/mydownloads/visit.php?lid=19009</Url>
        <Speaker>Church Of God</Speaker>
        <Length>3.25Mb</Length>
        <Status>NOT_STARTED</Status>
        <isSermonSelected>false</isSermonSelected>
    </Sermon>
</Sermons>
