<?xml version="1.0" encoding="UTF-8" standalone="yes"?>
<Sermons>
    <Sermon>
        <Title>A Close Watch On Doctrine</Title>
        <Url>http://www.sermonindex.net/modules/mydownloads/visit.php?lid=20015</Url>
        <Speaker>C.J. Mahaney</Speaker>
        <Length>10.05Mb</Length>
        <Status>NOT_STARTED</Status>
        <isSermonSelected>false</isSermonSelected>
    </Sermon>
    <Sermon>
        <Title>Called</Title>
        <Url>http://www.sermonindex.net/modules/mydownloads/visit.php?lid=21932</Url>
        <Speaker>C.J. Mahaney</Speaker>
        <Length>11.96Mb</Length>
        <Status>NOT_STARTED</Status>
        <isSermonSelected>false</isSermonSelected>
    </Sermon>
    <Sermon>
        <Title>Death Swallowed Up in Victory</Title>
        <Url>http://www.sermonindex.net/modules/mydownloads/visit.php?lid=21934</Url>
        <Speaker>C.J. Mahaney</Speaker>
        <Length>12.12Mb</Length>
        <Status>NOT_STARTED</Status>
        <isSermonSelected>false</isSermonSelected>
    </Sermon>
    <Sermon>
        <Title>Deflating the Puffed Up Church</Title>
        <Url>http://www.sermonindex.net/modules/mydownloads/visit.php?lid=21937</Url>
        <Speaker>C.J. Mahaney</Speaker>
        <Length>10.52Mb</Length>
        <Status>NOT_STARTED</Status>
        <isSermonSelected>false</isSermonSelected>
    </Sermon>
    <Sermon>
        <Title>Extravagant Devotion</Title>
        <Url>http://www.sermonindex.net/modules/mydownloads/visit.php?lid=21936</Url>
        <Speaker>C.J. Mahaney</Speaker>
        <Length>15.06Mb</Length>
        <Status>NOT_STARTED</Status>
        <isSermonSelected>false</isSermonSelected>
    </Sermon>
    <Sermon>
        <Title>Gethsemane</Title>
        <Url>http://www.sermonindex.net/modules/mydownloads/visit.php?lid=21931</Url>
        <Speaker>C.J. Mahaney</Speaker>
        <Length>11.49Mb</Length>
        <Status>NOT_STARTED</Status>
        <isSermonSelected>false</isSermonSelected>
    </Sermon>
    <Sermon>
        <Title>Grace and the Adventure of Leadership</Title>
        <Url>http://www.sermonindex.net/modules/mydownloads/visit.php?lid=21938</Url>
        <Speaker>C.J. Mahaney</Speaker>
        <Length>14.71Mb</Length>
        <Status>NOT_STARTED</Status>
        <isSermonSelected>false</isSermonSelected>
    </Sermon>
    <Sermon>
        <Title>Hidden in Plain Sight</Title>
        <Url>http://www.sermonindex.net/modules/mydownloads/visit.php?lid=21935</Url>
        <Speaker>C.J. Mahaney</Speaker>
        <Length>10.83Mb</Length>
        <Status>NOT_STARTED</Status>
        <isSermonSelected>false</isSermonSelected>
    </Sermon>
    <Sermon>
        <Title>Holiness Of God</Title>
        <Url>http://www.sermonindex.net/modules/mydownloads/visit.php?lid=21941</Url>
        <Speaker>C.J. Mahaney</Speaker>
        <Length>73.6Mb</Length>
        <Status>NOT_STARTED</Status>
        <isSermonSelected>false</isSermonSelected>
    </Sermon>
    <Sermon>
        <Title>Humility - True Greatness</Title>
        <Url>http://www.sermonindex.net/modules/mydownloads/visit.php?lid=21940</Url>
        <Speaker>C.J. Mahaney</Speaker>
        <Length>13.03Mb</Length>
        <Status>NOT_STARTED</Status>
        <isSermonSelected>false</isSermonSelected>
    </Sermon>
    <Sermon>
        <Title>Lost and Found: The Prostitute</Title>
        <Url>http://www.sermonindex.net/modules/mydownloads/visit.php?lid=12848</Url>
        <Speaker>C.J. Mahaney</Speaker>
        <Length>11.07Mb</Length>
        <Status>NOT_STARTED</Status>
        <isSermonSelected>false</isSermonSelected>
    </Sermon>
    <Sermon>
        <Title>Sovereign Grace</Title>
        <Url>http://www.sermonindex.net/modules/mydownloads/visit.php?lid=21939</Url>
        <Speaker>C.J. Mahaney</Speaker>
        <Length>11.79Mb</Length>
        <Status>NOT_STARTED</Status>
        <isSermonSelected>false</isSermonSelected>
    </Sermon>
    <Sermon>
        <Title>The Danger of Dissing Lady Wisdom</Title>
        <Url>http://www.sermonindex.net/modules/mydownloads/visit.php?lid=21933</Url>
        <Speaker>C.J. Mahaney</Speaker>
        <Length>12.12Mb</Length>
        <Status>NOT_STARTED</Status>
        <isSermonSelected>false</isSermonSelected>
    </Sermon>
    <Sermon>
        <Title>The Soul Of Modesty</Title>
        <Url>http://www.sermonindex.net/modules/mydownloads/visit.php?lid=21942</Url>
        <Speaker>C.J. Mahaney</Speaker>
        <Length>15.65Mb</Length>
        <Status>NOT_STARTED</Status>
        <isSermonSelected>false</isSermonSelected>
    </Sermon>
    <Sermon>
        <Title>When Someone Doubts</Title>
        <Url>http://www.sermonindex.net/modules/mydownloads/visit.php?lid=21927</Url>
        <Speaker>C.J. Mahaney</Speaker>
        <Length>24.83Mb</Length>
        <Status>NOT_STARTED</Status>
        <isSermonSelected>false</isSermonSelected>
    </Sermon>
</Sermons>
