<?xml version="1.0" encoding="UTF-8" standalone="yes"?>
<Sermons>
    <Sermon>
        <Title>Clement to the Corinthians - Chapters 1-10</Title>
        <Url>http://www.sermonindex.net/modules/mydownloads/visit.php?lid=25915</Url>
        <Speaker>Clement of Rome</Speaker>
        <Length>6.36Mb</Length>
        <Status>NOT_STARTED</Status>
        <isSermonSelected>false</isSermonSelected>
    </Sermon>
    <Sermon>
        <Title>Clement to the Corinthians - Chapters 11-20</Title>
        <Url>http://www.sermonindex.net/modules/mydownloads/visit.php?lid=25916</Url>
        <Speaker>Clement of Rome</Speaker>
        <Length>7.37Mb</Length>
        <Status>NOT_STARTED</Status>
        <isSermonSelected>false</isSermonSelected>
    </Sermon>
    <Sermon>
        <Title>Clement to the Corinthians - Chapters 21-30</Title>
        <Url>http://www.sermonindex.net/modules/mydownloads/visit.php?lid=25917</Url>
        <Speaker>Clement of Rome</Speaker>
        <Length>5.33Mb</Length>
        <Status>NOT_STARTED</Status>
        <isSermonSelected>false</isSermonSelected>
    </Sermon>
    <Sermon>
        <Title>Clement to the Corinthians - Chapters 31-40</Title>
        <Url>http://www.sermonindex.net/modules/mydownloads/visit.php?lid=25918</Url>
        <Speaker>Clement of Rome</Speaker>
        <Length>6.71Mb</Length>
        <Status>NOT_STARTED</Status>
        <isSermonSelected>false</isSermonSelected>
    </Sermon>
    <Sermon>
        <Title>Clement to the Corinthians - Chapters 41-50</Title>
        <Url>http://www.sermonindex.net/modules/mydownloads/visit.php?lid=25919</Url>
        <Speaker>Clement of Rome</Speaker>
        <Length>6.57Mb</Length>
        <Status>NOT_STARTED</Status>
        <isSermonSelected>false</isSermonSelected>
    </Sermon>
    <Sermon>
        <Title>Clement to the Corinthians - Chapters 51-59</Title>
        <Url>http://www.sermonindex.net/modules/mydownloads/visit.php?lid=25920</Url>
        <Speaker>Clement of Rome</Speaker>
        <Length>5.4Mb</Length>
        <Status>NOT_STARTED</Status>
        <isSermonSelected>false</isSermonSelected>
    </Sermon>
</Sermons>
