<?xml version="1.0" encoding="UTF-8" standalone="yes"?>
<Sermons>
    <Sermon>
        <Title>All To Jesus I Surrender</Title>
        <Url>http://www.sermonindex.net/modules/mydownloads/visit.php?lid=9171</Url>
        <Speaker>COL - Live Worship</Speaker>
        <Length>4.91Mb</Length>
        <Status>NOT_STARTED</Status>
        <isSermonSelected>false</isSermonSelected>
    </Sermon>
    <Sermon>
        <Title>Amazing Grace (Live - Acappella)</Title>
        <Url>http://www.sermonindex.net/modules/mydownloads/visit.php?lid=9410</Url>
        <Speaker>COL - Live Worship</Speaker>
        <Length>3.23Mb</Length>
        <Status>NOT_STARTED</Status>
        <isSermonSelected>false</isSermonSelected>
    </Sermon>
    <Sermon>
        <Title>Amazing Grace (Live)</Title>
        <Url>http://www.sermonindex.net/modules/mydownloads/visit.php?lid=9404</Url>
        <Speaker>COL - Live Worship</Speaker>
        <Length>3.82Mb</Length>
        <Status>NOT_STARTED</Status>
        <isSermonSelected>false</isSermonSelected>
    </Sermon>
    <Sermon>
        <Title>Are You Washed (Live)</Title>
        <Url>http://www.sermonindex.net/modules/mydownloads/visit.php?lid=10929</Url>
        <Speaker>COL - Live Worship</Speaker>
        <Length>2.44Mb</Length>
        <Status>NOT_STARTED</Status>
        <isSermonSelected>false</isSermonSelected>
    </Sermon>
    <Sermon>
        <Title>Battle Song</Title>
        <Url>http://www.sermonindex.net/modules/mydownloads/visit.php?lid=9178</Url>
        <Speaker>COL - Live Worship</Speaker>
        <Length>4.45Mb</Length>
        <Status>NOT_STARTED</Status>
        <isSermonSelected>false</isSermonSelected>
    </Sermon>
    <Sermon>
        <Title>Battle Song</Title>
        <Url>http://www.sermonindex.net/modules/mydownloads/visit.php?lid=15760</Url>
        <Speaker>COL - Live Worship</Speaker>
        <Length>7.09Mb</Length>
        <Status>NOT_STARTED</Status>
        <isSermonSelected>false</isSermonSelected>
    </Sermon>
    <Sermon>
        <Title>Be Thou My Vision</Title>
        <Url>http://www.sermonindex.net/modules/mydownloads/visit.php?lid=9172</Url>
        <Speaker>COL - Live Worship</Speaker>
        <Length>2Mb</Length>
        <Status>NOT_STARTED</Status>
        <isSermonSelected>false</isSermonSelected>
    </Sermon>
    <Sermon>
        <Title>Beatitudes</Title>
        <Url>http://www.sermonindex.net/modules/mydownloads/visit.php?lid=9179</Url>
        <Speaker>COL - Live Worship</Speaker>
        <Length>2.52Mb</Length>
        <Status>NOT_STARTED</Status>
        <isSermonSelected>false</isSermonSelected>
    </Sermon>
    <Sermon>
        <Title>Behold The Lamb's Humility</Title>
        <Url>http://www.sermonindex.net/modules/mydownloads/visit.php?lid=19416</Url>
        <Speaker>COL - Live Worship</Speaker>
        <Length>5.21Mb</Length>
        <Status>NOT_STARTED</Status>
        <isSermonSelected>false</isSermonSelected>
    </Sermon>
    <Sermon>
        <Title>Behold The Lamb's Humility</Title>
        <Url>http://www.sermonindex.net/modules/mydownloads/visit.php?lid=26740</Url>
        <Speaker>COL - Live Worship</Speaker>
        <Length>6.98Mb</Length>
        <Status>NOT_STARTED</Status>
        <isSermonSelected>false</isSermonSelected>
    </Sermon>
    <Sermon>
        <Title>Cry Aloud</Title>
        <Url>http://www.sermonindex.net/modules/mydownloads/visit.php?lid=9184</Url>
        <Speaker>COL - Live Worship</Speaker>
        <Length>4.1Mb</Length>
        <Status>NOT_STARTED</Status>
        <isSermonSelected>false</isSermonSelected>
    </Sermon>
    <Sermon>
        <Title>Cry Aloud (Live)</Title>
        <Url>http://www.sermonindex.net/modules/mydownloads/visit.php?lid=9388</Url>
        <Speaker>COL - Live Worship</Speaker>
        <Length>4.1Mb</Length>
        <Status>NOT_STARTED</Status>
        <isSermonSelected>false</isSermonSelected>
    </Sermon>
    <Sermon>
        <Title>Cry For Humility</Title>
        <Url>http://www.sermonindex.net/modules/mydownloads/visit.php?lid=9193</Url>
        <Speaker>COL - Live Worship</Speaker>
        <Length>2.84Mb</Length>
        <Status>NOT_STARTED</Status>
        <isSermonSelected>false</isSermonSelected>
    </Sermon>
    <Sermon>
        <Title>Death To Life</Title>
        <Url>http://www.sermonindex.net/modules/mydownloads/visit.php?lid=9195</Url>
        <Speaker>COL - Live Worship</Speaker>
        <Length>2.64Mb</Length>
        <Status>NOT_STARTED</Status>
        <isSermonSelected>false</isSermonSelected>
    </Sermon>
    <Sermon>
        <Title>Everlasting Arms (Live)</Title>
        <Url>http://www.sermonindex.net/modules/mydownloads/visit.php?lid=10930</Url>
        <Speaker>COL - Live Worship</Speaker>
        <Length>2.66Mb</Length>
        <Status>NOT_STARTED</Status>
        <isSermonSelected>false</isSermonSelected>
    </Sermon>
    <Sermon>
        <Title>Faith Is The Victory</Title>
        <Url>http://www.sermonindex.net/modules/mydownloads/visit.php?lid=14768</Url>
        <Speaker>COL - Live Worship</Speaker>
        <Length>5.07Mb</Length>
        <Status>NOT_STARTED</Status>
        <isSermonSelected>false</isSermonSelected>
    </Sermon>
    <Sermon>
        <Title>Fire Of God</Title>
        <Url>http://www.sermonindex.net/modules/mydownloads/visit.php?lid=9190</Url>
        <Speaker>COL - Live Worship</Speaker>
        <Length>6.36Mb</Length>
        <Status>NOT_STARTED</Status>
        <isSermonSelected>false</isSermonSelected>
    </Sermon>
    <Sermon>
        <Title>Fire Of God (Live)</Title>
        <Url>http://www.sermonindex.net/modules/mydownloads/visit.php?lid=9387</Url>
        <Speaker>COL - Live Worship</Speaker>
        <Length>4.18Mb</Length>
        <Status>NOT_STARTED</Status>
        <isSermonSelected>false</isSermonSelected>
    </Sermon>
    <Sermon>
        <Title>From Death To Life (Live)</Title>
        <Url>http://www.sermonindex.net/modules/mydownloads/visit.php?lid=10927</Url>
        <Speaker>COL - Live Worship</Speaker>
        <Length>3.77Mb</Length>
        <Status>NOT_STARTED</Status>
        <isSermonSelected>false</isSermonSelected>
    </Sermon>
    <Sermon>
        <Title>From Glory To Glory</Title>
        <Url>http://www.sermonindex.net/modules/mydownloads/visit.php?lid=15759</Url>
        <Speaker>COL - Live Worship</Speaker>
        <Length>7.23Mb</Length>
        <Status>NOT_STARTED</Status>
        <isSermonSelected>false</isSermonSelected>
    </Sermon>
    <Sermon>
        <Title>He Who Overcomes</Title>
        <Url>http://www.sermonindex.net/modules/mydownloads/visit.php?lid=13528</Url>
        <Speaker>COL - Live Worship</Speaker>
        <Length>2.88Mb</Length>
        <Status>NOT_STARTED</Status>
        <isSermonSelected>false</isSermonSelected>
    </Sermon>
    <Sermon>
        <Title>He Who Overcomes (Live)</Title>
        <Url>http://www.sermonindex.net/modules/mydownloads/visit.php?lid=13572</Url>
        <Speaker>COL - Live Worship</Speaker>
        <Length>2.88Mb</Length>
        <Status>NOT_STARTED</Status>
        <isSermonSelected>false</isSermonSelected>
    </Sermon>
    <Sermon>
        <Title>He Will Deliver Us (No drums)</Title>
        <Url>http://www.sermonindex.net/modules/mydownloads/visit.php?lid=21674</Url>
        <Speaker>COL - Live Worship</Speaker>
        <Length>7.58Mb</Length>
        <Status>NOT_STARTED</Status>
        <isSermonSelected>false</isSermonSelected>
    </Sermon>
    <Sermon>
        <Title>Here Comes The Ark Of God</Title>
        <Url>http://www.sermonindex.net/modules/mydownloads/visit.php?lid=9176</Url>
        <Speaker>COL - Live Worship</Speaker>
        <Length>4.09Mb</Length>
        <Status>NOT_STARTED</Status>
        <isSermonSelected>false</isSermonSelected>
    </Sermon>
    <Sermon>
        <Title>Here Comes The Ark Of God (Live)</Title>
        <Url>http://www.sermonindex.net/modules/mydownloads/visit.php?lid=9408</Url>
        <Speaker>COL - Live Worship</Speaker>
        <Length>2.98Mb</Length>
        <Status>NOT_STARTED</Status>
        <isSermonSelected>false</isSermonSelected>
    </Sermon>
    <Sermon>
        <Title>I Come To The Light</Title>
        <Url>http://www.sermonindex.net/modules/mydownloads/visit.php?lid=9187</Url>
        <Speaker>COL - Live Worship</Speaker>
        <Length>3.54Mb</Length>
        <Status>NOT_STARTED</Status>
        <isSermonSelected>false</isSermonSelected>
    </Sermon>
    <Sermon>
        <Title>I Come To The Light (Live)</Title>
        <Url>http://www.sermonindex.net/modules/mydownloads/visit.php?lid=9396</Url>
        <Speaker>COL - Live Worship</Speaker>
        <Length>2.51Mb</Length>
        <Status>NOT_STARTED</Status>
        <isSermonSelected>false</isSermonSelected>
    </Sermon>
    <Sermon>
        <Title>I Count All Things Loss</Title>
        <Url>http://www.sermonindex.net/modules/mydownloads/visit.php?lid=13574</Url>
        <Speaker>COL - Live Worship</Speaker>
        <Length>2.87Mb</Length>
        <Status>NOT_STARTED</Status>
        <isSermonSelected>false</isSermonSelected>
    </Sermon>
    <Sermon>
        <Title>I Have Decided To Follow Jesus (Live)</Title>
        <Url>http://www.sermonindex.net/modules/mydownloads/visit.php?lid=9393</Url>
        <Speaker>COL - Live Worship</Speaker>
        <Length>3.32Mb</Length>
        <Status>NOT_STARTED</Status>
        <isSermonSelected>false</isSermonSelected>
    </Sermon>
    <Sermon>
        <Title>I Have Decided To Follow Jesus (Live)</Title>
        <Url>http://www.sermonindex.net/modules/mydownloads/visit.php?lid=9399</Url>
        <Speaker>COL - Live Worship</Speaker>
        <Length>2.31Mb</Length>
        <Status>NOT_STARTED</Status>
        <isSermonSelected>false</isSermonSelected>
    </Sermon>
    <Sermon>
        <Title>I Will Wait</Title>
        <Url>http://www.sermonindex.net/modules/mydownloads/visit.php?lid=17547</Url>
        <Speaker>COL - Live Worship</Speaker>
        <Length>6.78Mb</Length>
        <Status>NOT_STARTED</Status>
        <isSermonSelected>false</isSermonSelected>
    </Sermon>
    <Sermon>
        <Title>Jesus, You Are Wonderful (Live)</Title>
        <Url>http://www.sermonindex.net/modules/mydownloads/visit.php?lid=13624</Url>
        <Speaker>COL - Live Worship</Speaker>
        <Length>4.91Mb</Length>
        <Status>NOT_STARTED</Status>
        <isSermonSelected>false</isSermonSelected>
    </Sermon>
    <Sermon>
        <Title>Jesus, You Are Wonderful (Live)</Title>
        <Url>http://www.sermonindex.net/modules/mydownloads/visit.php?lid=13752</Url>
        <Speaker>COL - Live Worship</Speaker>
        <Length>4.91Mb</Length>
        <Status>NOT_STARTED</Status>
        <isSermonSelected>false</isSermonSelected>
    </Sermon>
    <Sermon>
        <Title>John</Title>
        <Url>http://www.sermonindex.net/modules/mydownloads/visit.php?lid=9185</Url>
        <Speaker>COL - Live Worship</Speaker>
        <Length>2.37Mb</Length>
        <Status>NOT_STARTED</Status>
        <isSermonSelected>false</isSermonSelected>
    </Sermon>
    <Sermon>
        <Title>John (Live)</Title>
        <Url>http://www.sermonindex.net/modules/mydownloads/visit.php?lid=9390</Url>
        <Speaker>COL - Live Worship</Speaker>
        <Length>2.4Mb</Length>
        <Status>NOT_STARTED</Status>
        <isSermonSelected>false</isSermonSelected>
    </Sermon>
    <Sermon>
        <Title>John 2 (Live)</Title>
        <Url>http://www.sermonindex.net/modules/mydownloads/visit.php?lid=9403</Url>
        <Speaker>COL - Live Worship</Speaker>
        <Length>2.84Mb</Length>
        <Status>NOT_STARTED</Status>
        <isSermonSelected>false</isSermonSelected>
    </Sermon>
    <Sermon>
        <Title>Let me see Thy face and die (Words by John Wesley)</Title>
        <Url>http://www.sermonindex.net/modules/mydownloads/visit.php?lid=9196</Url>
        <Speaker>COL - Live Worship</Speaker>
        <Length>5.86Mb</Length>
        <Status>NOT_STARTED</Status>
        <isSermonSelected>false</isSermonSelected>
    </Sermon>
    <Sermon>
        <Title>Let The Children Come (Live)</Title>
        <Url>http://www.sermonindex.net/modules/mydownloads/visit.php?lid=13961</Url>
        <Speaker>COL - Live Worship</Speaker>
        <Length>3.3Mb</Length>
        <Status>NOT_STARTED</Status>
        <isSermonSelected>false</isSermonSelected>
    </Sermon>
    <Sermon>
        <Title>Let The Lord Be Magnified</Title>
        <Url>http://www.sermonindex.net/modules/mydownloads/visit.php?lid=9181</Url>
        <Speaker>COL - Live Worship</Speaker>
        <Length>4.6Mb</Length>
        <Status>NOT_STARTED</Status>
        <isSermonSelected>false</isSermonSelected>
    </Sermon>
    <Sermon>
        <Title>Living Sacrifice</Title>
        <Url>http://www.sermonindex.net/modules/mydownloads/visit.php?lid=9189</Url>
        <Speaker>COL - Live Worship</Speaker>
        <Length>5.87Mb</Length>
        <Status>NOT_STARTED</Status>
        <isSermonSelected>false</isSermonSelected>
    </Sermon>
    <Sermon>
        <Title>Living Sacrifice (Live)</Title>
        <Url>http://www.sermonindex.net/modules/mydownloads/visit.php?lid=9402</Url>
        <Speaker>COL - Live Worship</Speaker>
        <Length>5.48Mb</Length>
        <Status>NOT_STARTED</Status>
        <isSermonSelected>false</isSermonSelected>
    </Sermon>
    <Sermon>
        <Title>Living Sacrifice (Live)</Title>
        <Url>http://www.sermonindex.net/modules/mydownloads/visit.php?lid=9407</Url>
        <Speaker>COL - Live Worship</Speaker>
        <Length>4.3Mb</Length>
        <Status>NOT_STARTED</Status>
        <isSermonSelected>false</isSermonSelected>
    </Sermon>
    <Sermon>
        <Title>Love Never Fails</Title>
        <Url>http://www.sermonindex.net/modules/mydownloads/visit.php?lid=9197</Url>
        <Speaker>COL - Live Worship</Speaker>
        <Length>3.96Mb</Length>
        <Status>NOT_STARTED</Status>
        <isSermonSelected>false</isSermonSelected>
    </Sermon>
    <Sermon>
        <Title>Majesty, Woship His (Acapella - Live)</Title>
        <Url>http://www.sermonindex.net/modules/mydownloads/visit.php?lid=9386</Url>
        <Speaker>COL - Live Worship</Speaker>
        <Length>1.62Mb</Length>
        <Status>NOT_STARTED</Status>
        <isSermonSelected>false</isSermonSelected>
    </Sermon>
    <Sermon>
        <Title>Man Of Sorrows</Title>
        <Url>http://www.sermonindex.net/modules/mydownloads/visit.php?lid=9198</Url>
        <Speaker>COL - Live Worship</Speaker>
        <Length>3.69Mb</Length>
        <Status>NOT_STARTED</Status>
        <isSermonSelected>false</isSermonSelected>
    </Sermon>
    <Sermon>
        <Title>Man Of Sorrows (Live)</Title>
        <Url>http://www.sermonindex.net/modules/mydownloads/visit.php?lid=9411</Url>
        <Speaker>COL - Live Worship</Speaker>
        <Length>3.76Mb</Length>
        <Status>NOT_STARTED</Status>
        <isSermonSelected>false</isSermonSelected>
    </Sermon>
    <Sermon>
        <Title>Man Of Sorrows, Nothing But The Blood (Live)</Title>
        <Url>http://www.sermonindex.net/modules/mydownloads/visit.php?lid=9415</Url>
        <Speaker>COL - Live Worship</Speaker>
        <Length>6.36Mb</Length>
        <Status>NOT_STARTED</Status>
        <isSermonSelected>false</isSermonSelected>
    </Sermon>
    <Sermon>
        <Title>My Hope Is Built On Nothing Less (Live)</Title>
        <Url>http://www.sermonindex.net/modules/mydownloads/visit.php?lid=9397</Url>
        <Speaker>COL - Live Worship</Speaker>
        <Length>4.32Mb</Length>
        <Status>NOT_STARTED</Status>
        <isSermonSelected>false</isSermonSelected>
    </Sermon>
    <Sermon>
        <Title>Nothing But The Blood</Title>
        <Url>http://www.sermonindex.net/modules/mydownloads/visit.php?lid=9173</Url>
        <Speaker>COL - Live Worship</Speaker>
        <Length>4.5Mb</Length>
        <Status>NOT_STARTED</Status>
        <isSermonSelected>false</isSermonSelected>
    </Sermon>
    <Sermon>
        <Title>Now Is The Time</Title>
        <Url>http://www.sermonindex.net/modules/mydownloads/visit.php?lid=9186</Url>
        <Speaker>COL - Live Worship</Speaker>
        <Length>4.46Mb</Length>
        <Status>NOT_STARTED</Status>
        <isSermonSelected>false</isSermonSelected>
    </Sermon>
    <Sermon>
        <Title>Now Is The Time (Live)</Title>
        <Url>http://www.sermonindex.net/modules/mydownloads/visit.php?lid=9389</Url>
        <Speaker>COL - Live Worship</Speaker>
        <Length>4.1Mb</Length>
        <Status>NOT_STARTED</Status>
        <isSermonSelected>false</isSermonSelected>
    </Sermon>
    <Sermon>
        <Title>O The Grace That Saves</Title>
        <Url>http://www.sermonindex.net/modules/mydownloads/visit.php?lid=11233</Url>
        <Speaker>COL - Live Worship</Speaker>
        <Length>4.05Mb</Length>
        <Status>NOT_STARTED</Status>
        <isSermonSelected>false</isSermonSelected>
    </Sermon>
    <Sermon>
        <Title>Owe Nothing</Title>
        <Url>http://www.sermonindex.net/modules/mydownloads/visit.php?lid=15758</Url>
        <Speaker>COL - Live Worship</Speaker>
        <Length>2.25Mb</Length>
        <Status>NOT_STARTED</Status>
        <isSermonSelected>false</isSermonSelected>
    </Sermon>
    <Sermon>
        <Title>Praise To The Lord (Live)</Title>
        <Url>http://www.sermonindex.net/modules/mydownloads/visit.php?lid=9405</Url>
        <Speaker>COL - Live Worship</Speaker>
        <Length>5.06Mb</Length>
        <Status>NOT_STARTED</Status>
        <isSermonSelected>false</isSermonSelected>
    </Sermon>
    <Sermon>
        <Title>Proverbs 3</Title>
        <Url>http://www.sermonindex.net/modules/mydownloads/visit.php?lid=9180</Url>
        <Speaker>COL - Live Worship</Speaker>
        <Length>3.7Mb</Length>
        <Status>NOT_STARTED</Status>
        <isSermonSelected>false</isSermonSelected>
    </Sermon>
    <Sermon>
        <Title>Psalm 103</Title>
        <Url>http://www.sermonindex.net/modules/mydownloads/visit.php?lid=9177</Url>
        <Speaker>COL - Live Worship</Speaker>
        <Length>3.04Mb</Length>
        <Status>NOT_STARTED</Status>
        <isSermonSelected>false</isSermonSelected>
    </Sermon>
    <Sermon>
        <Title>Psalm 103 (Live)</Title>
        <Url>http://www.sermonindex.net/modules/mydownloads/visit.php?lid=9398</Url>
        <Speaker>COL - Live Worship</Speaker>
        <Length>2.15Mb</Length>
        <Status>NOT_STARTED</Status>
        <isSermonSelected>false</isSermonSelected>
    </Sermon>
    <Sermon>
        <Title>Psalm 103 2 (Live)</Title>
        <Url>http://www.sermonindex.net/modules/mydownloads/visit.php?lid=9409</Url>
        <Speaker>COL - Live Worship</Speaker>
        <Length>1.95Mb</Length>
        <Status>NOT_STARTED</Status>
        <isSermonSelected>false</isSermonSelected>
    </Sermon>
    <Sermon>
        <Title>Psalm 23</Title>
        <Url>http://www.sermonindex.net/modules/mydownloads/visit.php?lid=9199</Url>
        <Speaker>COL - Live Worship</Speaker>
        <Length>3.37Mb</Length>
        <Status>NOT_STARTED</Status>
        <isSermonSelected>false</isSermonSelected>
    </Sermon>
    <Sermon>
        <Title>Psalm 23 (Live)</Title>
        <Url>http://www.sermonindex.net/modules/mydownloads/visit.php?lid=9412</Url>
        <Speaker>COL - Live Worship</Speaker>
        <Length>2.68Mb</Length>
        <Status>NOT_STARTED</Status>
        <isSermonSelected>false</isSermonSelected>
    </Sermon>
    <Sermon>
        <Title>Psalm 92</Title>
        <Url>http://www.sermonindex.net/modules/mydownloads/visit.php?lid=16568</Url>
        <Speaker>COL - Live Worship</Speaker>
        <Length>6.25Mb</Length>
        <Status>NOT_STARTED</Status>
        <isSermonSelected>false</isSermonSelected>
    </Sermon>
    <Sermon>
        <Title>Resurrection Day</Title>
        <Url>http://www.sermonindex.net/modules/mydownloads/visit.php?lid=9200</Url>
        <Speaker>COL - Live Worship</Speaker>
        <Length>3.67Mb</Length>
        <Status>NOT_STARTED</Status>
        <isSermonSelected>false</isSermonSelected>
    </Sermon>
    <Sermon>
        <Title>Resurrection Day (Live incl SW)</Title>
        <Url>http://www.sermonindex.net/modules/mydownloads/visit.php?lid=9414</Url>
        <Speaker>COL - Live Worship</Speaker>
        <Length>3.14Mb</Length>
        <Status>NOT_STARTED</Status>
        <isSermonSelected>false</isSermonSelected>
    </Sermon>
    <Sermon>
        <Title>Resurrection Song (Live)</Title>
        <Url>http://www.sermonindex.net/modules/mydownloads/visit.php?lid=10926</Url>
        <Speaker>COL - Live Worship</Speaker>
        <Length>1.99Mb</Length>
        <Status>NOT_STARTED</Status>
        <isSermonSelected>false</isSermonSelected>
    </Sermon>
    <Sermon>
        <Title>Search Me</Title>
        <Url>http://www.sermonindex.net/modules/mydownloads/visit.php?lid=13529</Url>
        <Speaker>COL - Live Worship</Speaker>
        <Length>3.2Mb</Length>
        <Status>NOT_STARTED</Status>
        <isSermonSelected>false</isSermonSelected>
    </Sermon>
    <Sermon>
        <Title>Search Me (Live)</Title>
        <Url>http://www.sermonindex.net/modules/mydownloads/visit.php?lid=13573</Url>
        <Speaker>COL - Live Worship</Speaker>
        <Length>3.84Mb</Length>
        <Status>NOT_STARTED</Status>
        <isSermonSelected>false</isSermonSelected>
    </Sermon>
    <Sermon>
        <Title>Show Me Your Ways</Title>
        <Url>http://www.sermonindex.net/modules/mydownloads/visit.php?lid=22352</Url>
        <Speaker>COL - Live Worship</Speaker>
        <Length>8.47Mb</Length>
        <Status>NOT_STARTED</Status>
        <isSermonSelected>false</isSermonSelected>
    </Sermon>
    <Sermon>
        <Title>Show Your Kindness</Title>
        <Url>http://www.sermonindex.net/modules/mydownloads/visit.php?lid=16566</Url>
        <Speaker>COL - Live Worship</Speaker>
        <Length>2.22Mb</Length>
        <Status>NOT_STARTED</Status>
        <isSermonSelected>false</isSermonSelected>
    </Sermon>
    <Sermon>
        <Title>There's Power In The Blood</Title>
        <Url>http://www.sermonindex.net/modules/mydownloads/visit.php?lid=9175</Url>
        <Speaker>COL - Live Worship</Speaker>
        <Length>2.8Mb</Length>
        <Status>NOT_STARTED</Status>
        <isSermonSelected>false</isSermonSelected>
    </Sermon>
    <Sermon>
        <Title>There's Power In The Blood (Live)</Title>
        <Url>http://www.sermonindex.net/modules/mydownloads/visit.php?lid=9400</Url>
        <Speaker>COL - Live Worship</Speaker>
        <Length>4.81Mb</Length>
        <Status>NOT_STARTED</Status>
        <isSermonSelected>false</isSermonSelected>
    </Sermon>
    <Sermon>
        <Title>Tis So Sweet To Trust In Jesus</Title>
        <Url>http://www.sermonindex.net/modules/mydownloads/visit.php?lid=9174</Url>
        <Speaker>COL - Live Worship</Speaker>
        <Length>3.79Mb</Length>
        <Status>NOT_STARTED</Status>
        <isSermonSelected>false</isSermonSelected>
    </Sermon>
    <Sermon>
        <Title>Tis So Sweet To Trust In Jesus (Live)</Title>
        <Url>http://www.sermonindex.net/modules/mydownloads/visit.php?lid=9385</Url>
        <Speaker>COL - Live Worship</Speaker>
        <Length>3.64Mb</Length>
        <Status>NOT_STARTED</Status>
        <isSermonSelected>false</isSermonSelected>
    </Sermon>
    <Sermon>
        <Title>Treasure</Title>
        <Url>http://www.sermonindex.net/modules/mydownloads/visit.php?lid=9194</Url>
        <Speaker>COL - Live Worship</Speaker>
        <Length>2.83Mb</Length>
        <Status>NOT_STARTED</Status>
        <isSermonSelected>false</isSermonSelected>
    </Sermon>
    <Sermon>
        <Title>Trust And Obey (Live)</Title>
        <Url>http://www.sermonindex.net/modules/mydownloads/visit.php?lid=9406</Url>
        <Speaker>COL - Live Worship</Speaker>
        <Length>3.93Mb</Length>
        <Status>NOT_STARTED</Status>
        <isSermonSelected>false</isSermonSelected>
    </Sermon>
    <Sermon>
        <Title>We Are Glad</Title>
        <Url>http://www.sermonindex.net/modules/mydownloads/visit.php?lid=12131</Url>
        <Speaker>COL - Live Worship</Speaker>
        <Length>5.4Mb</Length>
        <Status>NOT_STARTED</Status>
        <isSermonSelected>false</isSermonSelected>
    </Sermon>
    <Sermon>
        <Title>What A Friend We Have In Jesus (Live)</Title>
        <Url>http://www.sermonindex.net/modules/mydownloads/visit.php?lid=9413</Url>
        <Speaker>COL - Live Worship</Speaker>
        <Length>2.61Mb</Length>
        <Status>NOT_STARTED</Status>
        <isSermonSelected>false</isSermonSelected>
    </Sermon>
    <Sermon>
        <Title>Whiter Than Snow (Live)</Title>
        <Url>http://www.sermonindex.net/modules/mydownloads/visit.php?lid=10931</Url>
        <Speaker>COL - Live Worship</Speaker>
        <Length>5.84Mb</Length>
        <Status>NOT_STARTED</Status>
        <isSermonSelected>false</isSermonSelected>
    </Sermon>
    <Sermon>
        <Title>Who Is Like The Lord</Title>
        <Url>http://www.sermonindex.net/modules/mydownloads/visit.php?lid=16821</Url>
        <Speaker>COL - Live Worship</Speaker>
        <Length>6.54Mb</Length>
        <Status>NOT_STARTED</Status>
        <isSermonSelected>false</isSermonSelected>
    </Sermon>
    <Sermon>
        <Title>Why Do The Nations Rage? (live)</Title>
        <Url>http://www.sermonindex.net/modules/mydownloads/visit.php?lid=14043</Url>
        <Speaker>COL - Live Worship</Speaker>
        <Length>4.84Mb</Length>
        <Status>NOT_STARTED</Status>
        <isSermonSelected>false</isSermonSelected>
    </Sermon>
    <Sermon>
        <Title>Worship Medley (Name Is Great, John, Follow Jesus)</Title>
        <Url>http://www.sermonindex.net/modules/mydownloads/visit.php?lid=9394</Url>
        <Speaker>COL - Live Worship</Speaker>
        <Length>11.41Mb</Length>
        <Status>NOT_STARTED</Status>
        <isSermonSelected>false</isSermonSelected>
    </Sermon>
    <Sermon>
        <Title>Yes And Amen</Title>
        <Url>http://www.sermonindex.net/modules/mydownloads/visit.php?lid=9191</Url>
        <Speaker>COL - Live Worship</Speaker>
        <Length>4.19Mb</Length>
        <Status>NOT_STARTED</Status>
        <isSermonSelected>false</isSermonSelected>
    </Sermon>
    <Sermon>
        <Title>Yes And Amen (Live)</Title>
        <Url>http://www.sermonindex.net/modules/mydownloads/visit.php?lid=9392</Url>
        <Speaker>COL - Live Worship</Speaker>
        <Length>5.51Mb</Length>
        <Status>NOT_STARTED</Status>
        <isSermonSelected>false</isSermonSelected>
    </Sermon>
    <Sermon>
        <Title>Yes And Amen (Live)</Title>
        <Url>http://www.sermonindex.net/modules/mydownloads/visit.php?lid=9401</Url>
        <Speaker>COL - Live Worship</Speaker>
        <Length>5.51Mb</Length>
        <Status>NOT_STARTED</Status>
        <isSermonSelected>false</isSermonSelected>
    </Sermon>
    <Sermon>
        <Title>You Are</Title>
        <Url>http://www.sermonindex.net/modules/mydownloads/visit.php?lid=9192</Url>
        <Speaker>COL - Live Worship</Speaker>
        <Length>3.49Mb</Length>
        <Status>NOT_STARTED</Status>
        <isSermonSelected>false</isSermonSelected>
    </Sermon>
    <Sermon>
        <Title>You Do All Things Well (Live)</Title>
        <Url>http://www.sermonindex.net/modules/mydownloads/visit.php?lid=13753</Url>
        <Speaker>COL - Live Worship</Speaker>
        <Length>4.35Mb</Length>
        <Status>NOT_STARTED</Status>
        <isSermonSelected>false</isSermonSelected>
    </Sermon>
    <Sermon>
        <Title>You Love Righteousness</Title>
        <Url>http://www.sermonindex.net/modules/mydownloads/visit.php?lid=9188</Url>
        <Speaker>COL - Live Worship</Speaker>
        <Length>4.35Mb</Length>
        <Status>NOT_STARTED</Status>
        <isSermonSelected>false</isSermonSelected>
    </Sermon>
    <Sermon>
        <Title>You Love Righteousness (Live)</Title>
        <Url>http://www.sermonindex.net/modules/mydownloads/visit.php?lid=10928</Url>
        <Speaker>COL - Live Worship</Speaker>
        <Length>4.49Mb</Length>
        <Status>NOT_STARTED</Status>
        <isSermonSelected>false</isSermonSelected>
    </Sermon>
    <Sermon>
        <Title>Your Lovingkindness</Title>
        <Url>http://www.sermonindex.net/modules/mydownloads/visit.php?lid=16567</Url>
        <Speaker>COL - Live Worship</Speaker>
        <Length>4.53Mb</Length>
        <Status>NOT_STARTED</Status>
        <isSermonSelected>false</isSermonSelected>
    </Sermon>
    <Sermon>
        <Title>Your Name Is Great</Title>
        <Url>http://www.sermonindex.net/modules/mydownloads/visit.php?lid=9182</Url>
        <Speaker>COL - Live Worship</Speaker>
        <Length>4.48Mb</Length>
        <Status>NOT_STARTED</Status>
        <isSermonSelected>false</isSermonSelected>
    </Sermon>
    <Sermon>
        <Title>Your Name Is Great (Live )</Title>
        <Url>http://www.sermonindex.net/modules/mydownloads/visit.php?lid=9395</Url>
        <Speaker>COL - Live Worship</Speaker>
        <Length>5.08Mb</Length>
        <Status>NOT_STARTED</Status>
        <isSermonSelected>false</isSermonSelected>
    </Sermon>
    <Sermon>
        <Title>Your Name Is Great (Live incl SW)</Title>
        <Url>http://www.sermonindex.net/modules/mydownloads/visit.php?lid=9391</Url>
        <Speaker>COL - Live Worship</Speaker>
        <Length>7.56Mb</Length>
        <Status>NOT_STARTED</Status>
        <isSermonSelected>false</isSermonSelected>
    </Sermon>
</Sermons>
