<?xml version="1.0" encoding="UTF-8" standalone="yes"?>
<Sermons>
    <Sermon>
        <Title>Anständige Sünde (german)</Title>
        <Url>http://www.sermonindex.net/modules/mydownloads/visit.php?lid=27199</Url>
        <Speaker>Corrie Ten Boom</Speaker>
        <Length>16.05Mb</Length>
        <Status>NOT_STARTED</Status>
        <isSermonSelected>false</isSermonSelected>
    </Sermon>
    <Sermon>
        <Title>Auf Reisen für Jesus (german)</Title>
        <Url>http://www.sermonindex.net/modules/mydownloads/visit.php?lid=27192</Url>
        <Speaker>Corrie Ten Boom</Speaker>
        <Length>4.6Mb</Length>
        <Status>NOT_STARTED</Status>
        <isSermonSelected>false</isSermonSelected>
    </Sermon>
    <Sermon>
        <Title>Authority Over Demons</Title>
        <Url>http://www.sermonindex.net/modules/mydownloads/visit.php?lid=4130</Url>
        <Speaker>Corrie Ten Boom</Speaker>
        <Length>12.25Mb</Length>
        <Status>NOT_STARTED</Status>
        <isSermonSelected>false</isSermonSelected>
    </Sermon>
    <Sermon>
        <Title>Bist Du wiedergeboren? (german)</Title>
        <Url>http://www.sermonindex.net/modules/mydownloads/visit.php?lid=27194</Url>
        <Speaker>Corrie Ten Boom</Speaker>
        <Length>14.46Mb</Length>
        <Status>NOT_STARTED</Status>
        <isSermonSelected>false</isSermonSelected>
    </Sermon>
    <Sermon>
        <Title>Burn, Burn Your Black and White Sins</Title>
        <Url>http://www.sermonindex.net/modules/mydownloads/visit.php?lid=21563</Url>
        <Speaker>Corrie Ten Boom</Speaker>
        <Length>9.38Mb</Length>
        <Status>NOT_STARTED</Status>
        <isSermonSelected>false</isSermonSelected>
    </Sermon>
    <Sermon>
        <Title>Das Problem deiner Sünde (german)</Title>
        <Url>http://www.sermonindex.net/modules/mydownloads/visit.php?lid=27193</Url>
        <Speaker>Corrie Ten Boom</Speaker>
        <Length>10.52Mb</Length>
        <Status>NOT_STARTED</Status>
        <isSermonSelected>false</isSermonSelected>
    </Sermon>
    <Sermon>
        <Title>Der wiederkommende Herr (german)</Title>
        <Url>http://www.sermonindex.net/modules/mydownloads/visit.php?lid=27196</Url>
        <Speaker>Corrie Ten Boom</Speaker>
        <Length>11.57Mb</Length>
        <Status>NOT_STARTED</Status>
        <isSermonSelected>false</isSermonSelected>
    </Sermon>
    <Sermon>
        <Title>Door of Repentance</Title>
        <Url>http://www.sermonindex.net/modules/mydownloads/visit.php?lid=667</Url>
        <Speaker>Corrie Ten Boom</Speaker>
        <Length>9.18Mb</Length>
        <Status>NOT_STARTED</Status>
        <isSermonSelected>false</isSermonSelected>
    </Sermon>
    <Sermon>
        <Title>Effectual Fervent Prayer</Title>
        <Url>http://www.sermonindex.net/modules/mydownloads/visit.php?lid=3979</Url>
        <Speaker>Corrie Ten Boom</Speaker>
        <Length>11.54Mb</Length>
        <Status>NOT_STARTED</Status>
        <isSermonSelected>false</isSermonSelected>
    </Sermon>
    <Sermon>
        <Title>Gebet und Sorgengeist (german)</Title>
        <Url>http://www.sermonindex.net/modules/mydownloads/visit.php?lid=27197</Url>
        <Speaker>Corrie Ten Boom</Speaker>
        <Length>7.42Mb</Length>
        <Status>NOT_STARTED</Status>
        <isSermonSelected>false</isSermonSelected>
    </Sermon>
    <Sermon>
        <Title>Gods Love</Title>
        <Url>http://www.sermonindex.net/modules/mydownloads/visit.php?lid=4146</Url>
        <Speaker>Corrie Ten Boom</Speaker>
        <Length>10.8Mb</Length>
        <Status>NOT_STARTED</Status>
        <isSermonSelected>false</isSermonSelected>
    </Sermon>
    <Sermon>
        <Title>Greatest of These Is Love</Title>
        <Url>http://www.sermonindex.net/modules/mydownloads/visit.php?lid=21564</Url>
        <Speaker>Corrie Ten Boom</Speaker>
        <Length>8.68Mb</Length>
        <Status>NOT_STARTED</Status>
        <isSermonSelected>false</isSermonSelected>
    </Sermon>
    <Sermon>
        <Title>Hast du dein Leben ganz ausgeliefert? (german)</Title>
        <Url>http://www.sermonindex.net/modules/mydownloads/visit.php?lid=27198</Url>
        <Speaker>Corrie Ten Boom</Speaker>
        <Length>5.94Mb</Length>
        <Status>NOT_STARTED</Status>
        <isSermonSelected>false</isSermonSelected>
    </Sermon>
    <Sermon>
        <Title>Hiding Place</Title>
        <Url>http://www.sermonindex.net/modules/mydownloads/visit.php?lid=21565</Url>
        <Speaker>Corrie Ten Boom</Speaker>
        <Length>13.55Mb</Length>
        <Status>NOT_STARTED</Status>
        <isSermonSelected>false</isSermonSelected>
    </Sermon>
    <Sermon>
        <Title>How To Forgive</Title>
        <Url>http://www.sermonindex.net/modules/mydownloads/visit.php?lid=4145</Url>
        <Speaker>Corrie Ten Boom</Speaker>
        <Length>11.78Mb</Length>
        <Status>NOT_STARTED</Status>
        <isSermonSelected>false</isSermonSelected>
    </Sermon>
    <Sermon>
        <Title>I Was In Prison</Title>
        <Url>http://www.sermonindex.net/modules/mydownloads/visit.php?lid=21566</Url>
        <Speaker>Corrie Ten Boom</Speaker>
        <Length>13.55Mb</Length>
        <Status>NOT_STARTED</Status>
        <isSermonSelected>false</isSermonSelected>
    </Sermon>
    <Sermon>
        <Title>Im Dschungel von Vietnam (german)</Title>
        <Url>http://www.sermonindex.net/modules/mydownloads/visit.php?lid=27202</Url>
        <Speaker>Corrie Ten Boom</Speaker>
        <Length>4.4Mb</Length>
        <Status>NOT_STARTED</Status>
        <isSermonSelected>false</isSermonSelected>
    </Sermon>
    <Sermon>
        <Title>Interviewen (Dutch)</Title>
        <Url>http://www.sermonindex.net/modules/mydownloads/visit.php?lid=27028</Url>
        <Speaker>Corrie Ten Boom</Speaker>
        <Length>4.56Mb</Length>
        <Status>NOT_STARTED</Status>
        <isSermonSelected>false</isSermonSelected>
    </Sermon>
    <Sermon>
        <Title>Kannst du für alles beten? (german)</Title>
        <Url>http://www.sermonindex.net/modules/mydownloads/visit.php?lid=27201</Url>
        <Speaker>Corrie Ten Boom</Speaker>
        <Length>14.26Mb</Length>
        <Status>NOT_STARTED</Status>
        <isSermonSelected>false</isSermonSelected>
    </Sermon>
    <Sermon>
        <Title>Keep Looking to Jesus</Title>
        <Url>http://www.sermonindex.net/modules/mydownloads/visit.php?lid=4242</Url>
        <Speaker>Corrie Ten Boom</Speaker>
        <Length>10.22Mb</Length>
        <Status>NOT_STARTED</Status>
        <isSermonSelected>false</isSermonSelected>
    </Sermon>
    <Sermon>
        <Title>Keep Looking To Jesus (alternative)</Title>
        <Url>http://www.sermonindex.net/modules/mydownloads/visit.php?lid=18960</Url>
        <Speaker>Corrie Ten Boom</Speaker>
        <Length>8.4Mb</Length>
        <Status>NOT_STARTED</Status>
        <isSermonSelected>false</isSermonSelected>
    </Sermon>
    <Sermon>
        <Title>Meerdere gesprekken (Dutch)</Title>
        <Url>http://www.sermonindex.net/modules/mydownloads/visit.php?lid=27027</Url>
        <Speaker>Corrie Ten Boom</Speaker>
        <Length>6.05Mb</Length>
        <Status>NOT_STARTED</Status>
        <isSermonSelected>false</isSermonSelected>
    </Sermon>
    <Sermon>
        <Title>Power in Prayer</Title>
        <Url>http://www.sermonindex.net/modules/mydownloads/visit.php?lid=247</Url>
        <Speaker>Corrie Ten Boom</Speaker>
        <Length>5.14Mb</Length>
        <Status>NOT_STARTED</Status>
        <isSermonSelected>false</isSermonSelected>
    </Sermon>
    <Sermon>
        <Title>Power Over Demons</Title>
        <Url>http://www.sermonindex.net/modules/mydownloads/visit.php?lid=4233</Url>
        <Speaker>Corrie Ten Boom</Speaker>
        <Length>10.66Mb</Length>
        <Status>NOT_STARTED</Status>
        <isSermonSelected>false</isSermonSelected>
    </Sermon>
    <Sermon>
        <Title>Powerful Testimony</Title>
        <Url>http://www.sermonindex.net/modules/mydownloads/visit.php?lid=43</Url>
        <Speaker>Corrie Ten Boom</Speaker>
        <Length>5.03Mb</Length>
        <Status>NOT_STARTED</Status>
        <isSermonSelected>false</isSermonSelected>
    </Sermon>
    <Sermon>
        <Title>Professer or Possessor</Title>
        <Url>http://www.sermonindex.net/modules/mydownloads/visit.php?lid=4144</Url>
        <Speaker>Corrie Ten Boom</Speaker>
        <Length>12.32Mb</Length>
        <Status>NOT_STARTED</Status>
        <isSermonSelected>false</isSermonSelected>
    </Sermon>
    <Sermon>
        <Title>Surrendered Will</Title>
        <Url>http://www.sermonindex.net/modules/mydownloads/visit.php?lid=21567</Url>
        <Speaker>Corrie Ten Boom</Speaker>
        <Length>11.32Mb</Length>
        <Status>NOT_STARTED</Status>
        <isSermonSelected>false</isSermonSelected>
    </Sermon>
    <Sermon>
        <Title>Testimony</Title>
        <Url>http://www.sermonindex.net/modules/mydownloads/visit.php?lid=4142</Url>
        <Speaker>Corrie Ten Boom</Speaker>
        <Length>13.5Mb</Length>
        <Status>NOT_STARTED</Status>
        <isSermonSelected>false</isSermonSelected>
    </Sermon>
    <Sermon>
        <Title>Testimony - Part 1</Title>
        <Url>http://www.sermonindex.net/modules/mydownloads/visit.php?lid=248</Url>
        <Speaker>Corrie Ten Boom</Speaker>
        <Length>3.48Mb</Length>
        <Status>NOT_STARTED</Status>
        <isSermonSelected>false</isSermonSelected>
    </Sermon>
    <Sermon>
        <Title>Testimony - Part 2</Title>
        <Url>http://www.sermonindex.net/modules/mydownloads/visit.php?lid=249</Url>
        <Speaker>Corrie Ten Boom</Speaker>
        <Length>1.53Mb</Length>
        <Status>NOT_STARTED</Status>
        <isSermonSelected>false</isSermonSelected>
    </Sermon>
    <Sermon>
        <Title>The Greatest of These is Love</Title>
        <Url>http://www.sermonindex.net/modules/mydownloads/visit.php?lid=12129</Url>
        <Speaker>Corrie Ten Boom</Speaker>
        <Length>26.21Mb</Length>
        <Status>NOT_STARTED</Status>
        <isSermonSelected>false</isSermonSelected>
    </Sermon>
    <Sermon>
        <Title>The Holy Spirit Gives Power</Title>
        <Url>http://www.sermonindex.net/modules/mydownloads/visit.php?lid=20195</Url>
        <Speaker>Corrie Ten Boom</Speaker>
        <Length>5.08Mb</Length>
        <Status>NOT_STARTED</Status>
        <isSermonSelected>false</isSermonSelected>
    </Sermon>
    <Sermon>
        <Title>The Love Of Christ</Title>
        <Url>http://www.sermonindex.net/modules/mydownloads/visit.php?lid=7615</Url>
        <Speaker>Corrie Ten Boom</Speaker>
        <Length>6.57Mb</Length>
        <Status>NOT_STARTED</Status>
        <isSermonSelected>false</isSermonSelected>
    </Sermon>
    <Sermon>
        <Title>The Reality Of The Love Of Jesus Christ</Title>
        <Url>http://www.sermonindex.net/modules/mydownloads/visit.php?lid=668</Url>
        <Speaker>Corrie Ten Boom</Speaker>
        <Length>13.15Mb</Length>
        <Status>NOT_STARTED</Status>
        <isSermonSelected>false</isSermonSelected>
    </Sermon>
    <Sermon>
        <Title>The Secret Door</Title>
        <Url>http://www.sermonindex.net/modules/mydownloads/visit.php?lid=20467</Url>
        <Speaker>Corrie Ten Boom</Speaker>
        <Length>6.96Mb</Length>
        <Status>NOT_STARTED</Status>
        <isSermonSelected>false</isSermonSelected>
    </Sermon>
    <Sermon>
        <Title>Total Surrender</Title>
        <Url>http://www.sermonindex.net/modules/mydownloads/visit.php?lid=21568</Url>
        <Speaker>Corrie Ten Boom</Speaker>
        <Length>6.17Mb</Length>
        <Status>NOT_STARTED</Status>
        <isSermonSelected>false</isSermonSelected>
    </Sermon>
    <Sermon>
        <Title>Tribulation</Title>
        <Url>http://www.sermonindex.net/modules/mydownloads/visit.php?lid=21569</Url>
        <Speaker>Corrie Ten Boom</Speaker>
        <Length>10.9Mb</Length>
        <Status>NOT_STARTED</Status>
        <isSermonSelected>false</isSermonSelected>
    </Sermon>
    <Sermon>
        <Title>Vier Kommandos (german)</Title>
        <Url>http://www.sermonindex.net/modules/mydownloads/visit.php?lid=27200</Url>
        <Speaker>Corrie Ten Boom</Speaker>
        <Length>17.07Mb</Length>
        <Status>NOT_STARTED</Status>
        <isSermonSelected>false</isSermonSelected>
    </Sermon>
    <Sermon>
        <Title>Walking In the Light</Title>
        <Url>http://www.sermonindex.net/modules/mydownloads/visit.php?lid=21570</Url>
        <Speaker>Corrie Ten Boom</Speaker>
        <Length>13.71Mb</Length>
        <Status>NOT_STARTED</Status>
        <isSermonSelected>false</isSermonSelected>
    </Sermon>
    <Sermon>
        <Title>Werdet voll Heiligen Geistes (german)</Title>
        <Url>http://www.sermonindex.net/modules/mydownloads/visit.php?lid=27195</Url>
        <Speaker>Corrie Ten Boom</Speaker>
        <Length>10.75Mb</Length>
        <Status>NOT_STARTED</Status>
        <isSermonSelected>false</isSermonSelected>
    </Sermon>
    <Sermon>
        <Title>Youth For Christ Ladies</Title>
        <Url>http://www.sermonindex.net/modules/mydownloads/visit.php?lid=4122</Url>
        <Speaker>Corrie Ten Boom</Speaker>
        <Length>8.73Mb</Length>
        <Status>NOT_STARTED</Status>
        <isSermonSelected>false</isSermonSelected>
    </Sermon>
    <Sermon>
        <Title>Youth For Christ Rally</Title>
        <Url>http://www.sermonindex.net/modules/mydownloads/visit.php?lid=4140</Url>
        <Speaker>Corrie Ten Boom</Speaker>
        <Length>12.33Mb</Length>
        <Status>NOT_STARTED</Status>
        <isSermonSelected>false</isSermonSelected>
    </Sermon>
</Sermons>
