<?xml version="1.0" encoding="UTF-8" standalone="yes"?>
<Sermons>
    <Sermon>
        <Title>Shall We Continue In Sin?</Title>
        <Url>http://www.sermonindex.net/modules/mydownloads/visit.php?lid=15013</Url>
        <Speaker>Craig Strain</Speaker>
        <Length>8.43Mb</Length>
        <Status>NOT_STARTED</Status>
        <isSermonSelected>false</isSermonSelected>
    </Sermon>
    <Sermon>
        <Title>Who Are the Christians?</Title>
        <Url>http://www.sermonindex.net/modules/mydownloads/visit.php?lid=15012</Url>
        <Speaker>Craig Strain</Speaker>
        <Length>9.43Mb</Length>
        <Status>NOT_STARTED</Status>
        <isSermonSelected>false</isSermonSelected>
    </Sermon>
</Sermons>
