<?xml version="1.0" encoding="UTF-8" standalone="yes"?>
<Sermons>
    <Sermon>
        <Title>(Postmodern Times) Apostolic Evangelism</Title>
        <Url>http://www.sermonindex.net/modules/mydownloads/visit.php?lid=16626</Url>
        <Speaker>D.A. Carson</Speaker>
        <Length>5.99Mb</Length>
        <Status>NOT_STARTED</Status>
        <isSermonSelected>false</isSermonSelected>
    </Sermon>
    <Sermon>
        <Title>(Postmodern Times) Faith In The Cross of Christ</Title>
        <Url>http://www.sermonindex.net/modules/mydownloads/visit.php?lid=16627</Url>
        <Speaker>D.A. Carson</Speaker>
        <Length>0Kb</Length>
        <Status>NOT_STARTED</Status>
        <isSermonSelected>false</isSermonSelected>
    </Sermon>
    <Sermon>
        <Title>(Postmodern Times) First Steps Towards Regrouping</Title>
        <Url>http://www.sermonindex.net/modules/mydownloads/visit.php?lid=16624</Url>
        <Speaker>D.A. Carson</Speaker>
        <Length>8.95Mb</Length>
        <Status>NOT_STARTED</Status>
        <isSermonSelected>false</isSermonSelected>
    </Sermon>
    <Sermon>
        <Title>(Postmodern Times) Post Modernism and Biblical Literacy</Title>
        <Url>http://www.sermonindex.net/modules/mydownloads/visit.php?lid=16623</Url>
        <Speaker>D.A. Carson</Speaker>
        <Length>7.55Mb</Length>
        <Status>NOT_STARTED</Status>
        <isSermonSelected>false</isSermonSelected>
    </Sermon>
    <Sermon>
        <Title>(Postmodern Times) World View Evangelism</Title>
        <Url>http://www.sermonindex.net/modules/mydownloads/visit.php?lid=16625</Url>
        <Speaker>D.A. Carson</Speaker>
        <Length>5.97Mb</Length>
        <Status>NOT_STARTED</Status>
        <isSermonSelected>false</isSermonSelected>
    </Sermon>
</Sermons>
