<?xml version="1.0" encoding="UTF-8" standalone="yes"?>
<Sermons>
    <Sermon>
        <Title>Priciples that are alive</Title>
        <Url>http://www.sermonindex.net/modules/mydownloads/visit.php?lid=17941</Url>
        <Speaker>Dale Rhoton</Speaker>
        <Length>44.85Mb</Length>
        <Status>NOT_STARTED</Status>
        <isSermonSelected>false</isSermonSelected>
    </Sermon>
    <Sermon>
        <Title>Reproduction - Orientation</Title>
        <Url>http://www.sermonindex.net/modules/mydownloads/visit.php?lid=15200</Url>
        <Speaker>Dale Rhoton</Speaker>
        <Length>16.69Mb</Length>
        <Status>NOT_STARTED</Status>
        <isSermonSelected>false</isSermonSelected>
    </Sermon>
</Sermons>
