<?xml version="1.0" encoding="UTF-8" standalone="yes"?>
<Sermons>
    <Sermon>
        <Title>(Presenting Christ #1) The Need For Fullness</Title>
        <Url>http://www.sermonindex.net/modules/mydownloads/visit.php?lid=12861</Url>
        <Speaker>Dana Congdon</Speaker>
        <Length>15.23Mb</Length>
        <Status>NOT_STARTED</Status>
        <isSermonSelected>false</isSermonSelected>
    </Sermon>
    <Sermon>
        <Title>(Presenting Christ #2) Summing Up All Things In Christ Through The Word</Title>
        <Url>http://www.sermonindex.net/modules/mydownloads/visit.php?lid=12862</Url>
        <Speaker>Dana Congdon</Speaker>
        <Length>12.15Mb</Length>
        <Status>NOT_STARTED</Status>
        <isSermonSelected>false</isSermonSelected>
    </Sermon>
    <Sermon>
        <Title>(Presenting Christ #3) Fullness And Glory</Title>
        <Url>http://www.sermonindex.net/modules/mydownloads/visit.php?lid=12863</Url>
        <Speaker>Dana Congdon</Speaker>
        <Length>19.73Mb</Length>
        <Status>NOT_STARTED</Status>
        <isSermonSelected>false</isSermonSelected>
    </Sermon>
    <Sermon>
        <Title>(Spiritual Fullness #1) Supply Of The Spirit Of Jesus</Title>
        <Url>http://www.sermonindex.net/modules/mydownloads/visit.php?lid=12672</Url>
        <Speaker>Dana Congdon</Speaker>
        <Length>7.92Mb</Length>
        <Status>NOT_STARTED</Status>
        <isSermonSelected>false</isSermonSelected>
    </Sermon>
    <Sermon>
        <Title>(Spiritual Fullness #2) Have This Mind in You</Title>
        <Url>http://www.sermonindex.net/modules/mydownloads/visit.php?lid=12673</Url>
        <Speaker>Dana Congdon</Speaker>
        <Length>8.99Mb</Length>
        <Status>NOT_STARTED</Status>
        <isSermonSelected>false</isSermonSelected>
    </Sermon>
    <Sermon>
        <Title>1987 Hill Top 03 Kingdom Club Sandwich</Title>
        <Url>http://www.sermonindex.net/modules/mydownloads/visit.php?lid=15123</Url>
        <Speaker>Dana Congdon</Speaker>
        <Length>7.13Mb</Length>
        <Status>NOT_STARTED</Status>
        <isSermonSelected>false</isSermonSelected>
    </Sermon>
    <Sermon>
        <Title>1987 Hill Top 04 Kingdom Club Sandwich</Title>
        <Url>http://www.sermonindex.net/modules/mydownloads/visit.php?lid=15124</Url>
        <Speaker>Dana Congdon</Speaker>
        <Length>9.96Mb</Length>
        <Status>NOT_STARTED</Status>
        <isSermonSelected>false</isSermonSelected>
    </Sermon>
    <Sermon>
        <Title>Called To Sonship</Title>
        <Url>http://www.sermonindex.net/modules/mydownloads/visit.php?lid=1295</Url>
        <Speaker>Dana Congdon</Speaker>
        <Length>8.43Mb</Length>
        <Status>NOT_STARTED</Status>
        <isSermonSelected>false</isSermonSelected>
    </Sermon>
    <Sermon>
        <Title>Eccentric Originality</Title>
        <Url>http://www.sermonindex.net/modules/mydownloads/visit.php?lid=15673</Url>
        <Speaker>Dana Congdon</Speaker>
        <Length>22.84Mb</Length>
        <Status>NOT_STARTED</Status>
        <isSermonSelected>false</isSermonSelected>
    </Sermon>
    <Sermon>
        <Title>Evangelism I</Title>
        <Url>http://www.sermonindex.net/modules/mydownloads/visit.php?lid=12669</Url>
        <Speaker>Dana Congdon</Speaker>
        <Length>8.63Mb</Length>
        <Status>NOT_STARTED</Status>
        <isSermonSelected>false</isSermonSelected>
    </Sermon>
    <Sermon>
        <Title>Evangelism II</Title>
        <Url>http://www.sermonindex.net/modules/mydownloads/visit.php?lid=12670</Url>
        <Speaker>Dana Congdon</Speaker>
        <Length>6.71Mb</Length>
        <Status>NOT_STARTED</Status>
        <isSermonSelected>false</isSermonSelected>
    </Sermon>
    <Sermon>
        <Title>Evangelism III</Title>
        <Url>http://www.sermonindex.net/modules/mydownloads/visit.php?lid=12671</Url>
        <Speaker>Dana Congdon</Speaker>
        <Length>7.41Mb</Length>
        <Status>NOT_STARTED</Status>
        <isSermonSelected>false</isSermonSelected>
    </Sermon>
    <Sermon>
        <Title>First Love: A Sign Of Sonship</Title>
        <Url>http://www.sermonindex.net/modules/mydownloads/visit.php?lid=1291</Url>
        <Speaker>Dana Congdon</Speaker>
        <Length>8.09Mb</Length>
        <Status>NOT_STARTED</Status>
        <isSermonSelected>false</isSermonSelected>
    </Sermon>
    <Sermon>
        <Title>God's Severe Mercy</Title>
        <Url>http://www.sermonindex.net/modules/mydownloads/visit.php?lid=1300</Url>
        <Speaker>Dana Congdon</Speaker>
        <Length>9Mb</Length>
        <Status>NOT_STARTED</Status>
        <isSermonSelected>false</isSermonSelected>
    </Sermon>
    <Sermon>
        <Title>Inexhaustable Emptying</Title>
        <Url>http://www.sermonindex.net/modules/mydownloads/visit.php?lid=15674</Url>
        <Speaker>Dana Congdon</Speaker>
        <Length>16.97Mb</Length>
        <Status>NOT_STARTED</Status>
        <isSermonSelected>false</isSermonSelected>
    </Sermon>
    <Sermon>
        <Title>The Way To Spiritual Ascendancy 1</Title>
        <Url>http://www.sermonindex.net/modules/mydownloads/visit.php?lid=12674</Url>
        <Speaker>Dana Congdon</Speaker>
        <Length>7.52Mb</Length>
        <Status>NOT_STARTED</Status>
        <isSermonSelected>false</isSermonSelected>
    </Sermon>
    <Sermon>
        <Title>The Way To Spiritual Ascendancy 2</Title>
        <Url>http://www.sermonindex.net/modules/mydownloads/visit.php?lid=12860</Url>
        <Speaker>Dana Congdon</Speaker>
        <Length>8.44Mb</Length>
        <Status>NOT_STARTED</Status>
        <isSermonSelected>false</isSermonSelected>
    </Sermon>
</Sermons>
