<?xml version="1.0" encoding="UTF-8" standalone="yes"?>
<Sermons>
    <Sermon>
        <Title>Helps For Your Prayer Life</Title>
        <Url>http://www.sermonindex.net/modules/mydownloads/visit.php?lid=20064</Url>
        <Speaker>Dan Biser</Speaker>
        <Length>16.5Mb</Length>
        <Status>NOT_STARTED</Status>
        <isSermonSelected>false</isSermonSelected>
    </Sermon>
    <Sermon>
        <Title>Psalm 119 Devotion</Title>
        <Url>http://www.sermonindex.net/modules/mydownloads/visit.php?lid=20063</Url>
        <Speaker>Dan Biser</Speaker>
        <Length>1.72Mb</Length>
        <Status>NOT_STARTED</Status>
        <isSermonSelected>false</isSermonSelected>
    </Sermon>
    <Sermon>
        <Title>The God Who Judges Kings And Nations Today</Title>
        <Url>http://www.sermonindex.net/modules/mydownloads/visit.php?lid=24374</Url>
        <Speaker>Dan Biser</Speaker>
        <Length>4.66Mb</Length>
        <Status>NOT_STARTED</Status>
        <isSermonSelected>false</isSermonSelected>
    </Sermon>
    <Sermon>
        <Title>You Ought Not To Have Left These Things Undone</Title>
        <Url>http://www.sermonindex.net/modules/mydownloads/visit.php?lid=24665</Url>
        <Speaker>Dan Biser</Speaker>
        <Length>12.71Mb</Length>
        <Status>NOT_STARTED</Status>
        <isSermonSelected>false</isSermonSelected>
    </Sermon>
</Sermons>
