<?xml version="1.0" encoding="UTF-8" standalone="yes"?>
<Sermons>
    <Sermon>
        <Title>Are You Going Fishing?</Title>
        <Url>http://www.sermonindex.net/modules/mydownloads/visit.php?lid=12508</Url>
        <Speaker>Daniel Kenaston</Speaker>
        <Length>11Mb</Length>
        <Status>NOT_STARTED</Status>
        <isSermonSelected>false</isSermonSelected>
    </Sermon>
    <Sermon>
        <Title>The Common Blasphemy</Title>
        <Url>http://www.sermonindex.net/modules/mydownloads/visit.php?lid=12511</Url>
        <Speaker>Daniel Kenaston</Speaker>
        <Length>9.5Mb</Length>
        <Status>NOT_STARTED</Status>
        <isSermonSelected>false</isSermonSelected>
    </Sermon>
</Sermons>
