<?xml version="1.0" encoding="UTF-8" standalone="yes"?>
<Sermons>
    <Sermon>
        <Title>Spiritual Deception</Title>
        <Url>http://www.sermonindex.net/modules/mydownloads/visit.php?lid=14536</Url>
        <Speaker>Darwin Hostetler</Speaker>
        <Length>7.22Mb</Length>
        <Status>NOT_STARTED</Status>
        <isSermonSelected>false</isSermonSelected>
    </Sermon>
    <Sermon>
        <Title>Tearing Down the Walls</Title>
        <Url>http://www.sermonindex.net/modules/mydownloads/visit.php?lid=16526</Url>
        <Speaker>Darwin Hostetler</Speaker>
        <Length>8.55Mb</Length>
        <Status>NOT_STARTED</Status>
        <isSermonSelected>false</isSermonSelected>
    </Sermon>
</Sermons>
