<?xml version="1.0" encoding="UTF-8" standalone="yes"?>
<Sermons>
    <Sermon>
        <Title>Outpouring in Papua New Guinea (Part 1)</Title>
        <Url>http://www.sermonindex.net/modules/mydownloads/visit.php?lid=14575</Url>
        <Speaker>David Sitton</Speaker>
        <Length>6.94Mb</Length>
        <Status>NOT_STARTED</Status>
        <isSermonSelected>false</isSermonSelected>
    </Sermon>
    <Sermon>
        <Title>Power Encounter in Papua New Guinea (Part 2)</Title>
        <Url>http://www.sermonindex.net/modules/mydownloads/visit.php?lid=14576</Url>
        <Speaker>David Sitton</Speaker>
        <Length>6.77Mb</Length>
        <Status>NOT_STARTED</Status>
        <isSermonSelected>false</isSermonSelected>
    </Sermon>
</Sermons>
