<?xml version="1.0" encoding="UTF-8" standalone="yes"?>
<Sermons>
    <Sermon>
        <Title>Giants in the Land</Title>
        <Url>http://www.sermonindex.net/modules/mydownloads/visit.php?lid=23581</Url>
        <Speaker>David Gardner</Speaker>
        <Length>16.65Mb</Length>
        <Status>NOT_STARTED</Status>
        <isSermonSelected>false</isSermonSelected>
    </Sermon>
    <Sermon>
        <Title>Moral Collapse</Title>
        <Url>http://www.sermonindex.net/modules/mydownloads/visit.php?lid=23580</Url>
        <Speaker>David Gardner</Speaker>
        <Length>11.09Mb</Length>
        <Status>NOT_STARTED</Status>
        <isSermonSelected>false</isSermonSelected>
    </Sermon>
    <Sermon>
        <Title>Thy Kingdom Come</Title>
        <Url>http://www.sermonindex.net/modules/mydownloads/visit.php?lid=23579</Url>
        <Speaker>David Gardner</Speaker>
        <Length>16.09Mb</Length>
        <Status>NOT_STARTED</Status>
        <isSermonSelected>false</isSermonSelected>
    </Sermon>
</Sermons>
