<?xml version="1.0" encoding="UTF-8" standalone="yes"?>
<Sermons>
    <Sermon>
        <Title>(1 Kings) A Great Victory, and the Aftermath of It</Title>
        <Url>http://www.sermonindex.net/modules/mydownloads/visit.php?lid=10619</Url>
        <Speaker>David Guzik</Speaker>
        <Length>8.2Mb</Length>
        <Status>NOT_STARTED</Status>
        <isSermonSelected>false</isSermonSelected>
    </Sermon>
    <Sermon>
        <Title>(1 Kings) Building Temples</Title>
        <Url>http://www.sermonindex.net/modules/mydownloads/visit.php?lid=10612</Url>
        <Speaker>David Guzik</Speaker>
        <Length>7.17Mb</Length>
        <Status>NOT_STARTED</Status>
        <isSermonSelected>false</isSermonSelected>
    </Sermon>
    <Sermon>
        <Title>(1 Kings) Dedicating the Temple</Title>
        <Url>http://www.sermonindex.net/modules/mydownloads/visit.php?lid=10613</Url>
        <Speaker>David Guzik</Speaker>
        <Length>6.86Mb</Length>
        <Status>NOT_STARTED</Status>
        <isSermonSelected>false</isSermonSelected>
    </Sermon>
    <Sermon>
        <Title>(1 Kings) Elijah's Early Ministry</Title>
        <Url>http://www.sermonindex.net/modules/mydownloads/visit.php?lid=10618</Url>
        <Speaker>David Guzik</Speaker>
        <Length>6.95Mb</Length>
        <Status>NOT_STARTED</Status>
        <isSermonSelected>false</isSermonSelected>
    </Sermon>
    <Sermon>
        <Title>(1 Kings) Signs of Danger</Title>
        <Url>http://www.sermonindex.net/modules/mydownloads/visit.php?lid=10614</Url>
        <Speaker>David Guzik</Speaker>
        <Length>5.78Mb</Length>
        <Status>NOT_STARTED</Status>
        <isSermonSelected>false</isSermonSelected>
    </Sermon>
    <Sermon>
        <Title>(1 Kings) Solomon Receives the Throne</Title>
        <Url>http://www.sermonindex.net/modules/mydownloads/visit.php?lid=10610</Url>
        <Speaker>David Guzik</Speaker>
        <Length>8.47Mb</Length>
        <Status>NOT_STARTED</Status>
        <isSermonSelected>false</isSermonSelected>
    </Sermon>
    <Sermon>
        <Title>(1 Kings) The End of King Ahab</Title>
        <Url>http://www.sermonindex.net/modules/mydownloads/visit.php?lid=10621</Url>
        <Speaker>David Guzik</Speaker>
        <Length>6.78Mb</Length>
        <Status>NOT_STARTED</Status>
        <isSermonSelected>false</isSermonSelected>
    </Sermon>
    <Sermon>
        <Title>(1 Kings) The Fall of Solomon and the United Monarchy</Title>
        <Url>http://www.sermonindex.net/modules/mydownloads/visit.php?lid=10615</Url>
        <Speaker>David Guzik</Speaker>
        <Length>7.48Mb</Length>
        <Status>NOT_STARTED</Status>
        <isSermonSelected>false</isSermonSelected>
    </Sermon>
    <Sermon>
        <Title>(1 Kings) The Wisdom of Solomon</Title>
        <Url>http://www.sermonindex.net/modules/mydownloads/visit.php?lid=10611</Url>
        <Speaker>David Guzik</Speaker>
        <Length>7.86Mb</Length>
        <Status>NOT_STARTED</Status>
        <isSermonSelected>false</isSermonSelected>
    </Sermon>
    <Sermon>
        <Title>(1 Kings) The Work of Unknown Prophets</Title>
        <Url>http://www.sermonindex.net/modules/mydownloads/visit.php?lid=10620</Url>
        <Speaker>David Guzik</Speaker>
        <Length>5.69Mb</Length>
        <Status>NOT_STARTED</Status>
        <isSermonSelected>false</isSermonSelected>
    </Sermon>
    <Sermon>
        <Title>(1 Kings) Wasted Potential</Title>
        <Url>http://www.sermonindex.net/modules/mydownloads/visit.php?lid=10616</Url>
        <Speaker>David Guzik</Speaker>
        <Length>0Kb</Length>
        <Status>NOT_STARTED</Status>
        <isSermonSelected>false</isSermonSelected>
    </Sermon>
    <Sermon>
        <Title>(1 Kings) Why Dynasties Come and Go</Title>
        <Url>http://www.sermonindex.net/modules/mydownloads/visit.php?lid=10617</Url>
        <Speaker>David Guzik</Speaker>
        <Length>0Kb</Length>
        <Status>NOT_STARTED</Status>
        <isSermonSelected>false</isSermonSelected>
    </Sermon>
    <Sermon>
        <Title>(1 Samuel) A Foolish Oath and Consequences</Title>
        <Url>http://www.sermonindex.net/modules/mydownloads/visit.php?lid=10530</Url>
        <Speaker>David Guzik</Speaker>
        <Length>0Kb</Length>
        <Status>NOT_STARTED</Status>
        <isSermonSelected>false</isSermonSelected>
    </Sermon>
    <Sermon>
        <Title>(1 Samuel) A Good Start for Saul</Title>
        <Url>http://www.sermonindex.net/modules/mydownloads/visit.php?lid=10524</Url>
        <Speaker>David Guzik</Speaker>
        <Length>5.04Mb</Length>
        <Status>NOT_STARTED</Status>
        <isSermonSelected>false</isSermonSelected>
    </Sermon>
    <Sermon>
        <Title>(1 Samuel) A Prophet Speaks to the Nation</Title>
        <Url>http://www.sermonindex.net/modules/mydownloads/visit.php?lid=10526</Url>
        <Speaker>David Guzik</Speaker>
        <Length>3.32Mb</Length>
        <Status>NOT_STARTED</Status>
        <isSermonSelected>false</isSermonSelected>
    </Sermon>
    <Sermon>
        <Title>(1 Samuel) Attacked, but Blessed</Title>
        <Url>http://www.sermonindex.net/modules/mydownloads/visit.php?lid=10539</Url>
        <Speaker>David Guzik</Speaker>
        <Length>4.28Mb</Length>
        <Status>NOT_STARTED</Status>
        <isSermonSelected>false</isSermonSelected>
    </Sermon>
    <Sermon>
        <Title>(1 Samuel) Blessed Sons and Wicked Sons</Title>
        <Url>http://www.sermonindex.net/modules/mydownloads/visit.php?lid=10514</Url>
        <Speaker>David Guzik</Speaker>
        <Length>4.34Mb</Length>
        <Status>NOT_STARTED</Status>
        <isSermonSelected>false</isSermonSelected>
    </Sermon>
    <Sermon>
        <Title>(1 Samuel) Blessings to a Bold Faith</Title>
        <Url>http://www.sermonindex.net/modules/mydownloads/visit.php?lid=10529</Url>
        <Speaker>David Guzik</Speaker>
        <Length>4.32Mb</Length>
        <Status>NOT_STARTED</Status>
        <isSermonSelected>false</isSermonSelected>
    </Sermon>
    <Sermon>
        <Title>(1 Samuel) Blessings to the Barren</Title>
        <Url>http://www.sermonindex.net/modules/mydownloads/visit.php?lid=10513</Url>
        <Speaker>David Guzik</Speaker>
        <Length>4.12Mb</Length>
        <Status>NOT_STARTED</Status>
        <isSermonSelected>false</isSermonSelected>
    </Sermon>
    <Sermon>
        <Title>(1 Samuel) Bottomed Out and Starting to Rise</Title>
        <Url>http://www.sermonindex.net/modules/mydownloads/visit.php?lid=10554</Url>
        <Speaker>David Guzik</Speaker>
        <Length>4.15Mb</Length>
        <Status>NOT_STARTED</Status>
        <isSermonSelected>false</isSermonSelected>
    </Sermon>
    <Sermon>
        <Title>(1 Samuel) David on the Decline</Title>
        <Url>http://www.sermonindex.net/modules/mydownloads/visit.php?lid=10543</Url>
        <Speaker>David Guzik</Speaker>
        <Length>3.6Mb</Length>
        <Status>NOT_STARTED</Status>
        <isSermonSelected>false</isSermonSelected>
    </Sermon>
    <Sermon>
        <Title>(1 Samuel) Discouraged and Running Away</Title>
        <Url>http://www.sermonindex.net/modules/mydownloads/visit.php?lid=10552</Url>
        <Speaker>David Guzik</Speaker>
        <Length>4.13Mb</Length>
        <Status>NOT_STARTED</Status>
        <isSermonSelected>false</isSermonSelected>
    </Sermon>
    <Sermon>
        <Title>(1 Samuel) God Blesses When We Get Right</Title>
        <Url>http://www.sermonindex.net/modules/mydownloads/visit.php?lid=10521</Url>
        <Speaker>David Guzik</Speaker>
        <Length>3.66Mb</Length>
        <Status>NOT_STARTED</Status>
        <isSermonSelected>false</isSermonSelected>
    </Sermon>
    <Sermon>
        <Title>(1 Samuel) God Guides the Unknowing</Title>
        <Url>http://www.sermonindex.net/modules/mydownloads/visit.php?lid=10523</Url>
        <Speaker>David Guzik</Speaker>
        <Length>4.47Mb</Length>
        <Status>NOT_STARTED</Status>
        <isSermonSelected>false</isSermonSelected>
    </Sermon>
    <Sermon>
        <Title>(1 Samuel) God Helps the Undeserving</Title>
        <Url>http://www.sermonindex.net/modules/mydownloads/visit.php?lid=10544</Url>
        <Speaker>David Guzik</Speaker>
        <Length>4.09Mb</Length>
        <Status>NOT_STARTED</Status>
        <isSermonSelected>false</isSermonSelected>
    </Sermon>
    <Sermon>
        <Title>(1 Samuel) Gods Idea of a Team</Title>
        <Url>http://www.sermonindex.net/modules/mydownloads/visit.php?lid=10545</Url>
        <Speaker>David Guzik</Speaker>
        <Length>4.68Mb</Length>
        <Status>NOT_STARTED</Status>
        <isSermonSelected>false</isSermonSelected>
    </Sermon>
    <Sermon>
        <Title>(1 Samuel) Gods Kind of King</Title>
        <Url>http://www.sermonindex.net/modules/mydownloads/visit.php?lid=10533</Url>
        <Speaker>David Guzik</Speaker>
        <Length>4.59Mb</Length>
        <Status>NOT_STARTED</Status>
        <isSermonSelected>false</isSermonSelected>
    </Sermon>
    <Sermon>
        <Title>(1 Samuel) Gods Worship Leader</Title>
        <Url>http://www.sermonindex.net/modules/mydownloads/visit.php?lid=10534</Url>
        <Speaker>David Guzik</Speaker>
        <Length>4.17Mb</Length>
        <Status>NOT_STARTED</Status>
        <isSermonSelected>false</isSermonSelected>
    </Sermon>
    <Sermon>
        <Title>(1 Samuel) Great Things God Has Done for Us</Title>
        <Url>http://www.sermonindex.net/modules/mydownloads/visit.php?lid=10527</Url>
        <Speaker>David Guzik</Speaker>
        <Length>3.32Mb</Length>
        <Status>NOT_STARTED</Status>
        <isSermonSelected>false</isSermonSelected>
    </Sermon>
    <Sermon>
        <Title>(1 Samuel) Has the Glory Departed?</Title>
        <Url>http://www.sermonindex.net/modules/mydownloads/visit.php?lid=10518</Url>
        <Speaker>David Guzik</Speaker>
        <Length>3.63Mb</Length>
        <Status>NOT_STARTED</Status>
        <isSermonSelected>false</isSermonSelected>
    </Sermon>
    <Sermon>
        <Title>(1 Samuel) How God Protects</Title>
        <Url>http://www.sermonindex.net/modules/mydownloads/visit.php?lid=10541</Url>
        <Speaker>David Guzik</Speaker>
        <Length>3.79Mb</Length>
        <Status>NOT_STARTED</Status>
        <isSermonSelected>false</isSermonSelected>
    </Sermon>
    <Sermon>
        <Title>(1 Samuel) How NOT to Respond to an Insult</Title>
        <Url>http://www.sermonindex.net/modules/mydownloads/visit.php?lid=10549</Url>
        <Speaker>David Guzik</Speaker>
        <Length>4.06Mb</Length>
        <Status>NOT_STARTED</Status>
        <isSermonSelected>false</isSermonSelected>
    </Sermon>
    <Sermon>
        <Title>(1 Samuel) How to Be Free From Bitterness</Title>
        <Url>http://www.sermonindex.net/modules/mydownloads/visit.php?lid=10556</Url>
        <Speaker>David Guzik</Speaker>
        <Length>4.26Mb</Length>
        <Status>NOT_STARTED</Status>
        <isSermonSelected>false</isSermonSelected>
    </Sermon>
    <Sermon>
        <Title>(1 Samuel) How to Be Rejected by God</Title>
        <Url>http://www.sermonindex.net/modules/mydownloads/visit.php?lid=10532</Url>
        <Speaker>David Guzik</Speaker>
        <Length>4.33Mb</Length>
        <Status>NOT_STARTED</Status>
        <isSermonSelected>false</isSermonSelected>
    </Sermon>
    <Sermon>
        <Title>(1 Samuel) How to Get an Answer from God</Title>
        <Url>http://www.sermonindex.net/modules/mydownloads/visit.php?lid=10546</Url>
        <Speaker>David Guzik</Speaker>
        <Length>3.13Mb</Length>
        <Status>NOT_STARTED</Status>
        <isSermonSelected>false</isSermonSelected>
    </Sermon>
    <Sermon>
        <Title>(1 Samuel) How to Kill a Giant</Title>
        <Url>http://www.sermonindex.net/modules/mydownloads/visit.php?lid=10536</Url>
        <Speaker>David Guzik</Speaker>
        <Length>5.08Mb</Length>
        <Status>NOT_STARTED</Status>
        <isSermonSelected>false</isSermonSelected>
    </Sermon>
    <Sermon>
        <Title>(1 Samuel) How to Not Fight Back</Title>
        <Url>http://www.sermonindex.net/modules/mydownloads/visit.php?lid=10538</Url>
        <Speaker>David Guzik</Speaker>
        <Length>3.76Mb</Length>
        <Status>NOT_STARTED</Status>
        <isSermonSelected>false</isSermonSelected>
    </Sermon>
    <Sermon>
        <Title>(1 Samuel) How to Overcome Evil with Good</Title>
        <Url>http://www.sermonindex.net/modules/mydownloads/visit.php?lid=10548</Url>
        <Speaker>David Guzik</Speaker>
        <Length>4.67Mb</Length>
        <Status>NOT_STARTED</Status>
        <isSermonSelected>false</isSermonSelected>
    </Sermon>
    <Sermon>
        <Title>(1 Samuel) Little Things Mean a Lot</Title>
        <Url>http://www.sermonindex.net/modules/mydownloads/visit.php?lid=10542</Url>
        <Speaker>David Guzik</Speaker>
        <Length>4.2Mb</Length>
        <Status>NOT_STARTED</Status>
        <isSermonSelected>false</isSermonSelected>
    </Sermon>
    <Sermon>
        <Title>(1 Samuel) Measure for Measure</Title>
        <Url>http://www.sermonindex.net/modules/mydownloads/visit.php?lid=10551</Url>
        <Speaker>David Guzik</Speaker>
        <Length>3.75Mb</Length>
        <Status>NOT_STARTED</Status>
        <isSermonSelected>false</isSermonSelected>
    </Sermon>
    <Sermon>
        <Title>(1 Samuel) Patching Things Up</Title>
        <Url>http://www.sermonindex.net/modules/mydownloads/visit.php?lid=10540</Url>
        <Speaker>David Guzik</Speaker>
        <Length>4.12Mb</Length>
        <Status>NOT_STARTED</Status>
        <isSermonSelected>false</isSermonSelected>
    </Sermon>
    <Sermon>
        <Title>(1 Samuel) Sauls Wise Early Years</Title>
        <Url>http://www.sermonindex.net/modules/mydownloads/visit.php?lid=10525</Url>
        <Speaker>David Guzik</Speaker>
        <Length>3.64Mb</Length>
        <Status>NOT_STARTED</Status>
        <isSermonSelected>false</isSermonSelected>
    </Sermon>
    <Sermon>
        <Title>(1 Samuel) Strengthening Your Hand In God</Title>
        <Url>http://www.sermonindex.net/modules/mydownloads/visit.php?lid=10547</Url>
        <Speaker>David Guzik</Speaker>
        <Length>4.03Mb</Length>
        <Status>NOT_STARTED</Status>
        <isSermonSelected>false</isSermonSelected>
    </Sermon>
    <Sermon>
        <Title>(1 Samuel) The Battle after the Battle</Title>
        <Url>http://www.sermonindex.net/modules/mydownloads/visit.php?lid=10537</Url>
        <Speaker>David Guzik</Speaker>
        <Length>4.14Mb</Length>
        <Status>NOT_STARTED</Status>
        <isSermonSelected>false</isSermonSelected>
    </Sermon>
    <Sermon>
        <Title>(1 Samuel) The Holiness of God</Title>
        <Url>http://www.sermonindex.net/modules/mydownloads/visit.php?lid=10520</Url>
        <Speaker>David Guzik</Speaker>
        <Length>4.43Mb</Length>
        <Status>NOT_STARTED</Status>
        <isSermonSelected>false</isSermonSelected>
    </Sermon>
    <Sermon>
        <Title>(1 Samuel) The Raiding of the Ark</Title>
        <Url>http://www.sermonindex.net/modules/mydownloads/visit.php?lid=10517</Url>
        <Speaker>David Guzik</Speaker>
        <Length>3.45Mb</Length>
        <Status>NOT_STARTED</Status>
        <isSermonSelected>false</isSermonSelected>
    </Sermon>
    <Sermon>
        <Title>(1 Samuel) The Training of a Prophet</Title>
        <Url>http://www.sermonindex.net/modules/mydownloads/visit.php?lid=10516</Url>
        <Speaker>David Guzik</Speaker>
        <Length>3.49Mb</Length>
        <Status>NOT_STARTED</Status>
        <isSermonSelected>false</isSermonSelected>
    </Sermon>
    <Sermon>
        <Title>(1 Samuel) Various Passages - Three Lives, Three Choices</Title>
        <Url>http://www.sermonindex.net/modules/mydownloads/visit.php?lid=10557</Url>
        <Speaker>David Guzik</Speaker>
        <Length>4.02Mb</Length>
        <Status>NOT_STARTED</Status>
        <isSermonSelected>false</isSermonSelected>
    </Sermon>
    <Sermon>
        <Title>(1 Samuel) What God Regrets</Title>
        <Url>http://www.sermonindex.net/modules/mydownloads/visit.php?lid=10531</Url>
        <Speaker>David Guzik</Speaker>
        <Length>4.41Mb</Length>
        <Status>NOT_STARTED</Status>
        <isSermonSelected>false</isSermonSelected>
    </Sermon>
    <Sermon>
        <Title>(1 Samuel) What Happens by Chance</Title>
        <Url>http://www.sermonindex.net/modules/mydownloads/visit.php?lid=10519</Url>
        <Speaker>David Guzik</Speaker>
        <Length>4.33Mb</Length>
        <Status>NOT_STARTED</Status>
        <isSermonSelected>false</isSermonSelected>
    </Sermon>
    <Sermon>
        <Title>(1 Samuel) What Submission Is and Is Not</Title>
        <Url>http://www.sermonindex.net/modules/mydownloads/visit.php?lid=10550</Url>
        <Speaker>David Guzik</Speaker>
        <Length>4.74Mb</Length>
        <Status>NOT_STARTED</Status>
        <isSermonSelected>false</isSermonSelected>
    </Sermon>
    <Sermon>
        <Title>(1 Samuel) When God Announces Judgment</Title>
        <Url>http://www.sermonindex.net/modules/mydownloads/visit.php?lid=10515</Url>
        <Speaker>David Guzik</Speaker>
        <Length>3.98Mb</Length>
        <Status>NOT_STARTED</Status>
        <isSermonSelected>false</isSermonSelected>
    </Sermon>
    <Sermon>
        <Title>(1 Samuel) When God Rejects a Leader</Title>
        <Url>http://www.sermonindex.net/modules/mydownloads/visit.php?lid=10528</Url>
        <Speaker>David Guzik</Speaker>
        <Length>3.62Mb</Length>
        <Status>NOT_STARTED</Status>
        <isSermonSelected>false</isSermonSelected>
    </Sermon>
    <Sermon>
        <Title>(1 Samuel) When God Wont Talk to You</Title>
        <Url>http://www.sermonindex.net/modules/mydownloads/visit.php?lid=10553</Url>
        <Speaker>David Guzik</Speaker>
        <Length>4.92Mb</Length>
        <Status>NOT_STARTED</Status>
        <isSermonSelected>false</isSermonSelected>
    </Sermon>
    <Sermon>
        <Title>(1 Samuel) When We Know Better Than God</Title>
        <Url>http://www.sermonindex.net/modules/mydownloads/visit.php?lid=10522</Url>
        <Speaker>David Guzik</Speaker>
        <Length>3.93Mb</Length>
        <Status>NOT_STARTED</Status>
        <isSermonSelected>false</isSermonSelected>
    </Sermon>
    <Sermon>
        <Title>(1 Samuel) Where the Battle Is Won</Title>
        <Url>http://www.sermonindex.net/modules/mydownloads/visit.php?lid=10535</Url>
        <Speaker>David Guzik</Speaker>
        <Length>4.06Mb</Length>
        <Status>NOT_STARTED</Status>
        <isSermonSelected>false</isSermonSelected>
    </Sermon>
    <Sermon>
        <Title>(1 Samuel) Winning Back More than You Lost</Title>
        <Url>http://www.sermonindex.net/modules/mydownloads/visit.php?lid=10555</Url>
        <Speaker>David Guzik</Speaker>
        <Length>4.64Mb</Length>
        <Status>NOT_STARTED</Status>
        <isSermonSelected>false</isSermonSelected>
    </Sermon>
    <Sermon>
        <Title>(2 Kings) A Prophet and His Protégé</Title>
        <Url>http://www.sermonindex.net/modules/mydownloads/visit.php?lid=10622</Url>
        <Speaker>David Guzik</Speaker>
        <Length>5.72Mb</Length>
        <Status>NOT_STARTED</Status>
        <isSermonSelected>false</isSermonSelected>
    </Sermon>
    <Sermon>
        <Title>(2 Kings) How to Prepare for Blessing</Title>
        <Url>http://www.sermonindex.net/modules/mydownloads/visit.php?lid=10623</Url>
        <Speaker>David Guzik</Speaker>
        <Length>6.86Mb</Length>
        <Status>NOT_STARTED</Status>
        <isSermonSelected>false</isSermonSelected>
    </Sermon>
    <Sermon>
        <Title>(2 Kings) Jehu: Zealous, but Not Enough</Title>
        <Url>http://www.sermonindex.net/modules/mydownloads/visit.php?lid=10626</Url>
        <Speaker>David Guzik</Speaker>
        <Length>6.49Mb</Length>
        <Status>NOT_STARTED</Status>
        <isSermonSelected>false</isSermonSelected>
    </Sermon>
    <Sermon>
        <Title>(2 Kings) Outcasts and Kings</Title>
        <Url>http://www.sermonindex.net/modules/mydownloads/visit.php?lid=10625</Url>
        <Speaker>David Guzik</Speaker>
        <Length>6.39Mb</Length>
        <Status>NOT_STARTED</Status>
        <isSermonSelected>false</isSermonSelected>
    </Sermon>
    <Sermon>
        <Title>(2 Kings) The Queen of Judah and the Boy King</Title>
        <Url>http://www.sermonindex.net/modules/mydownloads/visit.php?lid=10627</Url>
        <Speaker>David Guzik</Speaker>
        <Length>6.05Mb</Length>
        <Status>NOT_STARTED</Status>
        <isSermonSelected>false</isSermonSelected>
    </Sermon>
    <Sermon>
        <Title>(2 Kings) Two Lepers and the Blind Men</Title>
        <Url>http://www.sermonindex.net/modules/mydownloads/visit.php?lid=10624</Url>
        <Speaker>David Guzik</Speaker>
        <Length>6.07Mb</Length>
        <Status>NOT_STARTED</Status>
        <isSermonSelected>false</isSermonSelected>
    </Sermon>
    <Sermon>
        <Title>(2 Samuel) A Not-So-Sudden Fall</Title>
        <Url>http://www.sermonindex.net/modules/mydownloads/visit.php?lid=10595</Url>
        <Speaker>David Guzik</Speaker>
        <Length>3.86Mb</Length>
        <Status>NOT_STARTED</Status>
        <isSermonSelected>false</isSermonSelected>
    </Sermon>
    <Sermon>
        <Title>(2 Samuel) A Tale of Two Houses</Title>
        <Url>http://www.sermonindex.net/modules/mydownloads/visit.php?lid=10591</Url>
        <Speaker>David Guzik</Speaker>
        <Length>3.22Mb</Length>
        <Status>NOT_STARTED</Status>
        <isSermonSelected>false</isSermonSelected>
    </Sermon>
    <Sermon>
        <Title>(2 Samuel) Amnon, Tamar, and Absalom</Title>
        <Url>http://www.sermonindex.net/modules/mydownloads/visit.php?lid=10598</Url>
        <Speaker>David Guzik</Speaker>
        <Length>6.28Mb</Length>
        <Status>NOT_STARTED</Status>
        <isSermonSelected>false</isSermonSelected>
    </Sermon>
    <Sermon>
        <Title>(2 Samuel) Believing and Living</Title>
        <Url>http://www.sermonindex.net/modules/mydownloads/visit.php?lid=10587</Url>
        <Speaker>David Guzik</Speaker>
        <Length>4.3Mb</Length>
        <Status>NOT_STARTED</Status>
        <isSermonSelected>false</isSermonSelected>
    </Sermon>
    <Sermon>
        <Title>(2 Samuel) Bringing Back the Banished</Title>
        <Url>http://www.sermonindex.net/modules/mydownloads/visit.php?lid=10599</Url>
        <Speaker>David Guzik</Speaker>
        <Length>3.76Mb</Length>
        <Status>NOT_STARTED</Status>
        <isSermonSelected>false</isSermonSelected>
    </Sermon>
    <Sermon>
        <Title>(2 Samuel) Bringing Back the King</Title>
        <Url>http://www.sermonindex.net/modules/mydownloads/visit.php?lid=10604</Url>
        <Speaker>David Guzik</Speaker>
        <Length>4.46Mb</Length>
        <Status>NOT_STARTED</Status>
        <isSermonSelected>false</isSermonSelected>
    </Sermon>
    <Sermon>
        <Title>(2 Samuel) Caught in the Trap of Sin</Title>
        <Url>http://www.sermonindex.net/modules/mydownloads/visit.php?lid=10596</Url>
        <Speaker>David Guzik</Speaker>
        <Length>4.07Mb</Length>
        <Status>NOT_STARTED</Status>
        <isSermonSelected>false</isSermonSelected>
    </Sermon>
    <Sermon>
        <Title>(2 Samuel) Counselors and Comfort</Title>
        <Url>http://www.sermonindex.net/modules/mydownloads/visit.php?lid=10602</Url>
        <Speaker>David Guzik</Speaker>
        <Length>6.13Mb</Length>
        <Status>NOT_STARTED</Status>
        <isSermonSelected>false</isSermonSelected>
    </Sermon>
    <Sermon>
        <Title>(2 Samuel) David's Triumph</Title>
        <Url>http://www.sermonindex.net/modules/mydownloads/visit.php?lid=10592</Url>
        <Speaker>David Guzik</Speaker>
        <Length>3.72Mb</Length>
        <Status>NOT_STARTED</Status>
        <isSermonSelected>false</isSermonSelected>
    </Sermon>
    <Sermon>
        <Title>(2 Samuel) Doing Things God's Way</Title>
        <Url>http://www.sermonindex.net/modules/mydownloads/visit.php?lid=10590</Url>
        <Speaker>David Guzik</Speaker>
        <Length>4.61Mb</Length>
        <Status>NOT_STARTED</Status>
        <isSermonSelected>false</isSermonSelected>
    </Sermon>
    <Sermon>
        <Title>(2 Samuel) Fighting to Keep Unity</Title>
        <Url>http://www.sermonindex.net/modules/mydownloads/visit.php?lid=10605</Url>
        <Speaker>David Guzik</Speaker>
        <Length>5.65Mb</Length>
        <Status>NOT_STARTED</Status>
        <isSermonSelected>false</isSermonSelected>
    </Sermon>
    <Sermon>
        <Title>(2 Samuel) Free From Bitterness</Title>
        <Url>http://www.sermonindex.net/modules/mydownloads/visit.php?lid=10585</Url>
        <Speaker>David Guzik</Speaker>
        <Length>3.91Mb</Length>
        <Status>NOT_STARTED</Status>
        <isSermonSelected>false</isSermonSelected>
    </Sermon>
    <Sermon>
        <Title>(2 Samuel) How to Love an Enemy</Title>
        <Url>http://www.sermonindex.net/modules/mydownloads/visit.php?lid=10588</Url>
        <Speaker>David Guzik</Speaker>
        <Length>3.33Mb</Length>
        <Status>NOT_STARTED</Status>
        <isSermonSelected>false</isSermonSelected>
    </Sermon>
    <Sermon>
        <Title>(2 Samuel) In God's Hands</Title>
        <Url>http://www.sermonindex.net/modules/mydownloads/visit.php?lid=10609</Url>
        <Speaker>David Guzik</Speaker>
        <Length>4.46Mb</Length>
        <Status>NOT_STARTED</Status>
        <isSermonSelected>false</isSermonSelected>
    </Sermon>
    <Sermon>
        <Title>(2 Samuel) King David in Triumph</Title>
        <Url>http://www.sermonindex.net/modules/mydownloads/visit.php?lid=10589</Url>
        <Speaker>David Guzik</Speaker>
        <Length>3.85Mb</Length>
        <Status>NOT_STARTED</Status>
        <isSermonSelected>false</isSermonSelected>
    </Sermon>
    <Sermon>
        <Title>(2 Samuel) More Anointing, More War</Title>
        <Url>http://www.sermonindex.net/modules/mydownloads/visit.php?lid=10586</Url>
        <Speaker>David Guzik</Speaker>
        <Length>4Mb</Length>
        <Status>NOT_STARTED</Status>
        <isSermonSelected>false</isSermonSelected>
    </Sermon>
    <Sermon>
        <Title>(2 Samuel) Repentance and Restoration</Title>
        <Url>http://www.sermonindex.net/modules/mydownloads/visit.php?lid=10597</Url>
        <Speaker>David Guzik</Speaker>
        <Length>7.86Mb</Length>
        <Status>NOT_STARTED</Status>
        <isSermonSelected>false</isSermonSelected>
    </Sermon>
    <Sermon>
        <Title>(2 Samuel) Settling an Old Debt</Title>
        <Url>http://www.sermonindex.net/modules/mydownloads/visit.php?lid=10606</Url>
        <Speaker>David Guzik</Speaker>
        <Length>3.9Mb</Length>
        <Status>NOT_STARTED</Status>
        <isSermonSelected>false</isSermonSelected>
    </Sermon>
    <Sermon>
        <Title>(2 Samuel) The Army of Mighty Men</Title>
        <Url>http://www.sermonindex.net/modules/mydownloads/visit.php?lid=10594</Url>
        <Speaker>David Guzik</Speaker>
        <Length>2.76Mb</Length>
        <Status>NOT_STARTED</Status>
        <isSermonSelected>false</isSermonSelected>
    </Sermon>
    <Sermon>
        <Title>(2 Samuel) The Death of Absalom</Title>
        <Url>http://www.sermonindex.net/modules/mydownloads/visit.php?lid=10603</Url>
        <Speaker>David Guzik</Speaker>
        <Length>7.06Mb</Length>
        <Status>NOT_STARTED</Status>
        <isSermonSelected>false</isSermonSelected>
    </Sermon>
    <Sermon>
        <Title>(2 Samuel) The Grateful Retrospect</Title>
        <Url>http://www.sermonindex.net/modules/mydownloads/visit.php?lid=10607</Url>
        <Speaker>David Guzik</Speaker>
        <Length>6.66Mb</Length>
        <Status>NOT_STARTED</Status>
        <isSermonSelected>false</isSermonSelected>
    </Sermon>
    <Sermon>
        <Title>(2 Samuel) The Kindness of God</Title>
        <Url>http://www.sermonindex.net/modules/mydownloads/visit.php?lid=10593</Url>
        <Speaker>David Guzik</Speaker>
        <Length>3.89Mb</Length>
        <Status>NOT_STARTED</Status>
        <isSermonSelected>false</isSermonSelected>
    </Sermon>
    <Sermon>
        <Title>(2 Samuel) The Sweet Psalmist and the Mighty Men</Title>
        <Url>http://www.sermonindex.net/modules/mydownloads/visit.php?lid=10608</Url>
        <Speaker>David Guzik</Speaker>
        <Length>6.07Mb</Length>
        <Status>NOT_STARTED</Status>
        <isSermonSelected>false</isSermonSelected>
    </Sermon>
    <Sermon>
        <Title>(2 Samuel) Treachery and Loyalty</Title>
        <Url>http://www.sermonindex.net/modules/mydownloads/visit.php?lid=10600</Url>
        <Speaker>David Guzik</Speaker>
        <Length>7.11Mb</Length>
        <Status>NOT_STARTED</Status>
        <isSermonSelected>false</isSermonSelected>
    </Sermon>
    <Sermon>
        <Title>(2 Samuel) Trusting in Adversity</Title>
        <Url>http://www.sermonindex.net/modules/mydownloads/visit.php?lid=10601</Url>
        <Speaker>David Guzik</Speaker>
        <Length>2.96Mb</Length>
        <Status>NOT_STARTED</Status>
        <isSermonSelected>false</isSermonSelected>
    </Sermon>
    <Sermon>
        <Title>(Amos) Raising Up the Ruins</Title>
        <Url>http://www.sermonindex.net/modules/mydownloads/visit.php?lid=10941</Url>
        <Speaker>David Guzik</Speaker>
        <Length>7.11Mb</Length>
        <Status>NOT_STARTED</Status>
        <isSermonSelected>false</isSermonSelected>
    </Sermon>
    <Sermon>
        <Title>(Amos) The Logic of God's Judgment</Title>
        <Url>http://www.sermonindex.net/modules/mydownloads/visit.php?lid=10939</Url>
        <Speaker>David Guzik</Speaker>
        <Length>6.33Mb</Length>
        <Status>NOT_STARTED</Status>
        <isSermonSelected>false</isSermonSelected>
    </Sermon>
    <Sermon>
        <Title>(Amos) Yet You Have not Returned to Me</Title>
        <Url>http://www.sermonindex.net/modules/mydownloads/visit.php?lid=10940</Url>
        <Speaker>David Guzik</Speaker>
        <Length>6.17Mb</Length>
        <Status>NOT_STARTED</Status>
        <isSermonSelected>false</isSermonSelected>
    </Sermon>
    <Sermon>
        <Title>(Christian History) 1. The Early Church Daily Life and Persecution</Title>
        <Url>http://www.sermonindex.net/modules/mydownloads/visit.php?lid=18284</Url>
        <Speaker>David Guzik</Speaker>
        <Length>15.8Mb</Length>
        <Status>NOT_STARTED</Status>
        <isSermonSelected>false</isSermonSelected>
    </Sermon>
    <Sermon>
        <Title>(Christian History) 10. The Flagellants</Title>
        <Url>http://www.sermonindex.net/modules/mydownloads/visit.php?lid=18293</Url>
        <Speaker>David Guzik</Speaker>
        <Length>5.25Mb</Length>
        <Status>NOT_STARTED</Status>
        <isSermonSelected>false</isSermonSelected>
    </Sermon>
    <Sermon>
        <Title>(Christian History) 11. Foundations of the Reformation</Title>
        <Url>http://www.sermonindex.net/modules/mydownloads/visit.php?lid=18294</Url>
        <Speaker>David Guzik</Speaker>
        <Length>11.27Mb</Length>
        <Status>NOT_STARTED</Status>
        <isSermonSelected>false</isSermonSelected>
    </Sermon>
    <Sermon>
        <Title>(Christian History) 12. Martin Luther, Early Years</Title>
        <Url>http://www.sermonindex.net/modules/mydownloads/visit.php?lid=18295</Url>
        <Speaker>David Guzik</Speaker>
        <Length>8.21Mb</Length>
        <Status>NOT_STARTED</Status>
        <isSermonSelected>false</isSermonSelected>
    </Sermon>
    <Sermon>
        <Title>(Christian History) 13. The Reformation in Germany</Title>
        <Url>http://www.sermonindex.net/modules/mydownloads/visit.php?lid=18296</Url>
        <Speaker>David Guzik</Speaker>
        <Length>16.11Mb</Length>
        <Status>NOT_STARTED</Status>
        <isSermonSelected>false</isSermonSelected>
    </Sermon>
    <Sermon>
        <Title>(Christian History) 14. The Reformation Beyond Germany</Title>
        <Url>http://www.sermonindex.net/modules/mydownloads/visit.php?lid=18297</Url>
        <Speaker>David Guzik</Speaker>
        <Length>13.5Mb</Length>
        <Status>NOT_STARTED</Status>
        <isSermonSelected>false</isSermonSelected>
    </Sermon>
    <Sermon>
        <Title>(Christian History) 15. The Anabaptists, Radical Reformers</Title>
        <Url>http://www.sermonindex.net/modules/mydownloads/visit.php?lid=18298</Url>
        <Speaker>David Guzik</Speaker>
        <Length>14.06Mb</Length>
        <Status>NOT_STARTED</Status>
        <isSermonSelected>false</isSermonSelected>
    </Sermon>
    <Sermon>
        <Title>(Christian History) 16. The Counter-Reformation &amp; Thirty Years War</Title>
        <Url>http://www.sermonindex.net/modules/mydownloads/visit.php?lid=18299</Url>
        <Speaker>David Guzik</Speaker>
        <Length>5.27Mb</Length>
        <Status>NOT_STARTED</Status>
        <isSermonSelected>false</isSermonSelected>
    </Sermon>
    <Sermon>
        <Title>(Christian History) 17. Christianity in a More Modern World</Title>
        <Url>http://www.sermonindex.net/modules/mydownloads/visit.php?lid=18300</Url>
        <Speaker>David Guzik</Speaker>
        <Length>14.18Mb</Length>
        <Status>NOT_STARTED</Status>
        <isSermonSelected>false</isSermonSelected>
    </Sermon>
    <Sermon>
        <Title>(Christian History) 18. The Modern Missions Movement</Title>
        <Url>http://www.sermonindex.net/modules/mydownloads/visit.php?lid=18301</Url>
        <Speaker>David Guzik</Speaker>
        <Length>9.78Mb</Length>
        <Status>NOT_STARTED</Status>
        <isSermonSelected>false</isSermonSelected>
    </Sermon>
    <Sermon>
        <Title>(Christian History) 19. The Historical Phenomenon of Revival</Title>
        <Url>http://www.sermonindex.net/modules/mydownloads/visit.php?lid=18302</Url>
        <Speaker>David Guzik</Speaker>
        <Length>11.18Mb</Length>
        <Status>NOT_STARTED</Status>
        <isSermonSelected>false</isSermonSelected>
    </Sermon>
    <Sermon>
        <Title>(Christian History) 2. The Spread of the Gospel &amp; the Apologists</Title>
        <Url>http://www.sermonindex.net/modules/mydownloads/visit.php?lid=18285</Url>
        <Speaker>David Guzik</Speaker>
        <Length>15.22Mb</Length>
        <Status>NOT_STARTED</Status>
        <isSermonSelected>false</isSermonSelected>
    </Sermon>
    <Sermon>
        <Title>(Christian History) 20. The Welsh &amp; Worldwide Revival of the Early 20th Century</Title>
        <Url>http://www.sermonindex.net/modules/mydownloads/visit.php?lid=18303</Url>
        <Speaker>David Guzik</Speaker>
        <Length>13.06Mb</Length>
        <Status>NOT_STARTED</Status>
        <isSermonSelected>false</isSermonSelected>
    </Sermon>
    <Sermon>
        <Title>(Christian History) 3. The Montanists</Title>
        <Url>http://www.sermonindex.net/modules/mydownloads/visit.php?lid=18286</Url>
        <Speaker>David Guzik</Speaker>
        <Length>11.56Mb</Length>
        <Status>NOT_STARTED</Status>
        <isSermonSelected>false</isSermonSelected>
    </Sermon>
    <Sermon>
        <Title>(Christian History) 4. The Conversion of Constantine &amp; Its Aftermath</Title>
        <Url>http://www.sermonindex.net/modules/mydownloads/visit.php?lid=18287</Url>
        <Speaker>David Guzik</Speaker>
        <Length>11.24Mb</Length>
        <Status>NOT_STARTED</Status>
        <isSermonSelected>false</isSermonSelected>
    </Sermon>
    <Sermon>
        <Title>(Christian History) 5. The Roman Catholic Church &amp; the Papacy</Title>
        <Url>http://www.sermonindex.net/modules/mydownloads/visit.php?lid=18288</Url>
        <Speaker>David Guzik</Speaker>
        <Length>12.14Mb</Length>
        <Status>NOT_STARTED</Status>
        <isSermonSelected>false</isSermonSelected>
    </Sermon>
    <Sermon>
        <Title>(Christian History) 6. Important Events and Challenges</Title>
        <Url>http://www.sermonindex.net/modules/mydownloads/visit.php?lid=18289</Url>
        <Speaker>David Guzik</Speaker>
        <Length>10.09Mb</Length>
        <Status>NOT_STARTED</Status>
        <isSermonSelected>false</isSermonSelected>
    </Sermon>
    <Sermon>
        <Title>(Christian History) 7. Important People and Writings</Title>
        <Url>http://www.sermonindex.net/modules/mydownloads/visit.php?lid=18290</Url>
        <Speaker>David Guzik</Speaker>
        <Length>9.25Mb</Length>
        <Status>NOT_STARTED</Status>
        <isSermonSelected>false</isSermonSelected>
    </Sermon>
    <Sermon>
        <Title>(Christian History) 8. The Need for Reformation &amp; the Pilgrim Church</Title>
        <Url>http://www.sermonindex.net/modules/mydownloads/visit.php?lid=18291</Url>
        <Speaker>David Guzik</Speaker>
        <Length>10.23Mb</Length>
        <Status>NOT_STARTED</Status>
        <isSermonSelected>false</isSermonSelected>
    </Sermon>
    <Sermon>
        <Title>(Christian History) 9. Ideas of Reform and an Early Example of Reform</Title>
        <Url>http://www.sermonindex.net/modules/mydownloads/visit.php?lid=18292</Url>
        <Speaker>David Guzik</Speaker>
        <Length>11.43Mb</Length>
        <Status>NOT_STARTED</Status>
        <isSermonSelected>false</isSermonSelected>
    </Sermon>
    <Sermon>
        <Title>(Daniel) A Survey of Five World Empires</Title>
        <Url>http://www.sermonindex.net/modules/mydownloads/visit.php?lid=10640</Url>
        <Speaker>David Guzik</Speaker>
        <Length>6.35Mb</Length>
        <Status>NOT_STARTED</Status>
        <isSermonSelected>false</isSermonSelected>
    </Sermon>
    <Sermon>
        <Title>(Daniel) Antiochus and Antichrist</Title>
        <Url>http://www.sermonindex.net/modules/mydownloads/visit.php?lid=10641</Url>
        <Speaker>David Guzik</Speaker>
        <Length>6.46Mb</Length>
        <Status>NOT_STARTED</Status>
        <isSermonSelected>false</isSermonSelected>
    </Sermon>
    <Sermon>
        <Title>(Daniel) Antiochus and Antichrist Revisited</Title>
        <Url>http://www.sermonindex.net/modules/mydownloads/visit.php?lid=10644</Url>
        <Speaker>David Guzik</Speaker>
        <Length>6.84Mb</Length>
        <Status>NOT_STARTED</Status>
        <isSermonSelected>false</isSermonSelected>
    </Sermon>
    <Sermon>
        <Title>(Daniel) Daniel the Intercessor</Title>
        <Url>http://www.sermonindex.net/modules/mydownloads/visit.php?lid=10642</Url>
        <Speaker>David Guzik</Speaker>
        <Length>6.15Mb</Length>
        <Status>NOT_STARTED</Status>
        <isSermonSelected>false</isSermonSelected>
    </Sermon>
    <Sermon>
        <Title>(Daniel) In the Lion's Den</Title>
        <Url>http://www.sermonindex.net/modules/mydownloads/visit.php?lid=10639</Url>
        <Speaker>David Guzik</Speaker>
        <Length>5.23Mb</Length>
        <Status>NOT_STARTED</Status>
        <isSermonSelected>false</isSermonSelected>
    </Sermon>
    <Sermon>
        <Title>(Daniel) Israel's Time of Trouble</Title>
        <Url>http://www.sermonindex.net/modules/mydownloads/visit.php?lid=10645</Url>
        <Speaker>David Guzik</Speaker>
        <Length>4.89Mb</Length>
        <Status>NOT_STARTED</Status>
        <isSermonSelected>false</isSermonSelected>
    </Sermon>
    <Sermon>
        <Title>(Daniel) Nebuchadnezzar's Dream</Title>
        <Url>http://www.sermonindex.net/modules/mydownloads/visit.php?lid=10635</Url>
        <Speaker>David Guzik</Speaker>
        <Length>6.1Mb</Length>
        <Status>NOT_STARTED</Status>
        <isSermonSelected>false</isSermonSelected>
    </Sermon>
    <Sermon>
        <Title>(Daniel) Purity in the Face of Adversity</Title>
        <Url>http://www.sermonindex.net/modules/mydownloads/visit.php?lid=10634</Url>
        <Speaker>David Guzik</Speaker>
        <Length>5.97Mb</Length>
        <Status>NOT_STARTED</Status>
        <isSermonSelected>false</isSermonSelected>
    </Sermon>
    <Sermon>
        <Title>(Daniel) The 70 Weeks of Daniel</Title>
        <Url>http://www.sermonindex.net/modules/mydownloads/visit.php?lid=10643</Url>
        <Speaker>David Guzik</Speaker>
        <Length>7.34Mb</Length>
        <Status>NOT_STARTED</Status>
        <isSermonSelected>false</isSermonSelected>
    </Sermon>
    <Sermon>
        <Title>(Daniel) The Fall and Rise of Nebuchadnezzar</Title>
        <Url>http://www.sermonindex.net/modules/mydownloads/visit.php?lid=10637</Url>
        <Speaker>David Guzik</Speaker>
        <Length>4.98Mb</Length>
        <Status>NOT_STARTED</Status>
        <isSermonSelected>false</isSermonSelected>
    </Sermon>
    <Sermon>
        <Title>(Daniel) The Writing on the Wall</Title>
        <Url>http://www.sermonindex.net/modules/mydownloads/visit.php?lid=10638</Url>
        <Speaker>David Guzik</Speaker>
        <Length>5.76Mb</Length>
        <Status>NOT_STARTED</Status>
        <isSermonSelected>false</isSermonSelected>
    </Sermon>
    <Sermon>
        <Title>(Daniel) Wouldn't Bow, Wouldn't Bend, Wouldn't Burn</Title>
        <Url>http://www.sermonindex.net/modules/mydownloads/visit.php?lid=10636</Url>
        <Speaker>David Guzik</Speaker>
        <Length>5.68Mb</Length>
        <Status>NOT_STARTED</Status>
        <isSermonSelected>false</isSermonSelected>
    </Sermon>
    <Sermon>
        <Title>(Hosea) Come, Let Us Return to the Lord</Title>
        <Url>http://www.sermonindex.net/modules/mydownloads/visit.php?lid=10933</Url>
        <Speaker>David Guzik</Speaker>
        <Length>6.42Mb</Length>
        <Status>NOT_STARTED</Status>
        <isSermonSelected>false</isSermonSelected>
    </Sermon>
    <Sermon>
        <Title>(Hosea) Drawn with Gentle Cords</Title>
        <Url>http://www.sermonindex.net/modules/mydownloads/visit.php?lid=10935</Url>
        <Speaker>David Guzik</Speaker>
        <Length>6.16Mb</Length>
        <Status>NOT_STARTED</Status>
        <isSermonSelected>false</isSermonSelected>
    </Sermon>
    <Sermon>
        <Title>(Hosea) Reaping the Whirlwind</Title>
        <Url>http://www.sermonindex.net/modules/mydownloads/visit.php?lid=10934</Url>
        <Speaker>David Guzik</Speaker>
        <Length>5.71Mb</Length>
        <Status>NOT_STARTED</Status>
        <isSermonSelected>false</isSermonSelected>
    </Sermon>
    <Sermon>
        <Title>(Hosea) The Prophet and the Prostitute</Title>
        <Url>http://www.sermonindex.net/modules/mydownloads/visit.php?lid=10932</Url>
        <Speaker>David Guzik</Speaker>
        <Length>6.45Mb</Length>
        <Status>NOT_STARTED</Status>
        <isSermonSelected>false</isSermonSelected>
    </Sermon>
    <Sermon>
        <Title>(Hosea) True Wisdom Turns Us Back to God</Title>
        <Url>http://www.sermonindex.net/modules/mydownloads/visit.php?lid=10936</Url>
        <Speaker>David Guzik</Speaker>
        <Length>4.86Mb</Length>
        <Status>NOT_STARTED</Status>
        <isSermonSelected>false</isSermonSelected>
    </Sermon>
    <Sermon>
        <Title>(Isaiah) A Nation Ripe for Judgment</Title>
        <Url>http://www.sermonindex.net/modules/mydownloads/visit.php?lid=10648</Url>
        <Speaker>David Guzik</Speaker>
        <Length>7.25Mb</Length>
        <Status>NOT_STARTED</Status>
        <isSermonSelected>false</isSermonSelected>
    </Sermon>
    <Sermon>
        <Title>(Isaiah) All About Satan</Title>
        <Url>http://www.sermonindex.net/modules/mydownloads/visit.php?lid=10654</Url>
        <Speaker>David Guzik</Speaker>
        <Length>6.34Mb</Length>
        <Status>NOT_STARTED</Status>
        <isSermonSelected>false</isSermonSelected>
    </Sermon>
    <Sermon>
        <Title>(Isaiah) Conviction, Cleansing, and Call</Title>
        <Url>http://www.sermonindex.net/modules/mydownloads/visit.php?lid=10649</Url>
        <Speaker>David Guzik</Speaker>
        <Length>7.11Mb</Length>
        <Status>NOT_STARTED</Status>
        <isSermonSelected>false</isSermonSelected>
    </Sermon>
    <Sermon>
        <Title>(Isaiah) Gods Word to Drinkers</Title>
        <Url>http://www.sermonindex.net/modules/mydownloads/visit.php?lid=10660</Url>
        <Speaker>David Guzik</Speaker>
        <Length>6.18Mb</Length>
        <Status>NOT_STARTED</Status>
        <isSermonSelected>false</isSermonSelected>
    </Sermon>
    <Sermon>
        <Title>(Isaiah) Hope In the Midst of Judgment</Title>
        <Url>http://www.sermonindex.net/modules/mydownloads/visit.php?lid=10646</Url>
        <Speaker>David Guzik</Speaker>
        <Length>7.46Mb</Length>
        <Status>NOT_STARTED</Status>
        <isSermonSelected>false</isSermonSelected>
    </Sermon>
    <Sermon>
        <Title>(Isaiah) How to Have Perfect Peace</Title>
        <Url>http://www.sermonindex.net/modules/mydownloads/visit.php?lid=10659</Url>
        <Speaker>David Guzik</Speaker>
        <Length>5.01Mb</Length>
        <Status>NOT_STARTED</Status>
        <isSermonSelected>false</isSermonSelected>
    </Sermon>
    <Sermon>
        <Title>(Isaiah) How to Prepare for Gods Judgment</Title>
        <Url>http://www.sermonindex.net/modules/mydownloads/visit.php?lid=10650</Url>
        <Speaker>David Guzik</Speaker>
        <Length>6.04Mb</Length>
        <Status>NOT_STARTED</Status>
        <isSermonSelected>false</isSermonSelected>
    </Sermon>
    <Sermon>
        <Title>(Isaiah) Judgment and Praise in the Great Tribulation</Title>
        <Url>http://www.sermonindex.net/modules/mydownloads/visit.php?lid=10658</Url>
        <Speaker>David Guzik</Speaker>
        <Length>5.21Mb</Length>
        <Status>NOT_STARTED</Status>
        <isSermonSelected>false</isSermonSelected>
    </Sermon>
    <Sermon>
        <Title>(Isaiah) Judgment of the Nations</Title>
        <Url>http://www.sermonindex.net/modules/mydownloads/visit.php?lid=10656</Url>
        <Speaker>David Guzik</Speaker>
        <Length>5.49Mb</Length>
        <Status>NOT_STARTED</Status>
        <isSermonSelected>false</isSermonSelected>
    </Sermon>
    <Sermon>
        <Title>(Isaiah) Our Beautiful King</Title>
        <Url>http://www.sermonindex.net/modules/mydownloads/visit.php?lid=10663</Url>
        <Speaker>David Guzik</Speaker>
        <Length>6Mb</Length>
        <Status>NOT_STARTED</Status>
        <isSermonSelected>false</isSermonSelected>
    </Sermon>
    <Sermon>
        <Title>(Isaiah) Sins Judgment and Gods Restoration</Title>
        <Url>http://www.sermonindex.net/modules/mydownloads/visit.php?lid=10647</Url>
        <Speaker>David Guzik</Speaker>
        <Length>5.6Mb</Length>
        <Status>NOT_STARTED</Status>
        <isSermonSelected>false</isSermonSelected>
    </Sermon>
    <Sermon>
        <Title>(Isaiah) The Blessing of Looking to the Lord</Title>
        <Url>http://www.sermonindex.net/modules/mydownloads/visit.php?lid=10662</Url>
        <Speaker>David Guzik</Speaker>
        <Length>5.54Mb</Length>
        <Status>NOT_STARTED</Status>
        <isSermonSelected>false</isSermonSelected>
    </Sermon>
    <Sermon>
        <Title>(Isaiah) The Cause &amp; Cure of Spiritual Blindness</Title>
        <Url>http://www.sermonindex.net/modules/mydownloads/visit.php?lid=10661</Url>
        <Speaker>David Guzik</Speaker>
        <Length>6.46Mb</Length>
        <Status>NOT_STARTED</Status>
        <isSermonSelected>false</isSermonSelected>
    </Sermon>
    <Sermon>
        <Title>(Isaiah) The Glory of the Messiahs Character</Title>
        <Url>http://www.sermonindex.net/modules/mydownloads/visit.php?lid=10652</Url>
        <Speaker>David Guzik</Speaker>
        <Length>6.27Mb</Length>
        <Status>NOT_STARTED</Status>
        <isSermonSelected>false</isSermonSelected>
    </Sermon>
    <Sermon>
        <Title>(Isaiah) The Glory of the Messiahs Reign</Title>
        <Url>http://www.sermonindex.net/modules/mydownloads/visit.php?lid=10651</Url>
        <Speaker>David Guzik</Speaker>
        <Length>7.03Mb</Length>
        <Status>NOT_STARTED</Status>
        <isSermonSelected>false</isSermonSelected>
    </Sermon>
    <Sermon>
        <Title>(Isaiah) The Highway of Holiness</Title>
        <Url>http://www.sermonindex.net/modules/mydownloads/visit.php?lid=10664</Url>
        <Speaker>David Guzik</Speaker>
        <Length>5.76Mb</Length>
        <Status>NOT_STARTED</Status>
        <isSermonSelected>false</isSermonSelected>
    </Sermon>
    <Sermon>
        <Title>(Isaiah) The Pain of the Prophet</Title>
        <Url>http://www.sermonindex.net/modules/mydownloads/visit.php?lid=10655</Url>
        <Speaker>David Guzik</Speaker>
        <Length>6.7Mb</Length>
        <Status>NOT_STARTED</Status>
        <isSermonSelected>false</isSermonSelected>
    </Sermon>
    <Sermon>
        <Title>(Isaiah) The Words of a Worshipper</Title>
        <Url>http://www.sermonindex.net/modules/mydownloads/visit.php?lid=10653</Url>
        <Speaker>David Guzik</Speaker>
        <Length>5.28Mb</Length>
        <Status>NOT_STARTED</Status>
        <isSermonSelected>false</isSermonSelected>
    </Sermon>
    <Sermon>
        <Title>(Isaiah) What to Hang Your Life On</Title>
        <Url>http://www.sermonindex.net/modules/mydownloads/visit.php?lid=10657</Url>
        <Speaker>David Guzik</Speaker>
        <Length>5.2Mb</Length>
        <Status>NOT_STARTED</Status>
        <isSermonSelected>false</isSermonSelected>
    </Sermon>
    <Sermon>
        <Title>(Joel) Come, Let Us Return to the Lord</Title>
        <Url>http://www.sermonindex.net/modules/mydownloads/visit.php?lid=10938</Url>
        <Speaker>David Guzik</Speaker>
        <Length>6.62Mb</Length>
        <Status>NOT_STARTED</Status>
        <isSermonSelected>false</isSermonSelected>
    </Sermon>
    <Sermon>
        <Title>(Joel) The Day of the Lord Brings Judah Low</Title>
        <Url>http://www.sermonindex.net/modules/mydownloads/visit.php?lid=10937</Url>
        <Speaker>David Guzik</Speaker>
        <Length>5.77Mb</Length>
        <Status>NOT_STARTED</Status>
        <isSermonSelected>false</isSermonSelected>
    </Sermon>
    <Sermon>
        <Title>(Obadiah) How God Deals with Pride</Title>
        <Url>http://www.sermonindex.net/modules/mydownloads/visit.php?lid=10942</Url>
        <Speaker>David Guzik</Speaker>
        <Length>5.48Mb</Length>
        <Status>NOT_STARTED</Status>
        <isSermonSelected>false</isSermonSelected>
    </Sermon>
    <Sermon>
        <Title>A Confident Answer to An Agonized Plea</Title>
        <Url>http://www.sermonindex.net/modules/mydownloads/visit.php?lid=10633</Url>
        <Speaker>David Guzik</Speaker>
        <Length>3.4Mb</Length>
        <Status>NOT_STARTED</Status>
        <isSermonSelected>false</isSermonSelected>
    </Sermon>
    <Sermon>
        <Title>A Danger Signal: Unanswered Prayer</Title>
        <Url>http://www.sermonindex.net/modules/mydownloads/visit.php?lid=6656</Url>
        <Speaker>David Guzik</Speaker>
        <Length>7.21Mb</Length>
        <Status>NOT_STARTED</Status>
        <isSermonSelected>false</isSermonSelected>
    </Sermon>
    <Sermon>
        <Title>A Morning Prayer</Title>
        <Url>http://www.sermonindex.net/modules/mydownloads/visit.php?lid=10632</Url>
        <Speaker>David Guzik</Speaker>
        <Length>3.5Mb</Length>
        <Status>NOT_STARTED</Status>
        <isSermonSelected>false</isSermonSelected>
    </Sermon>
    <Sermon>
        <Title>A Prayer for Revival</Title>
        <Url>http://www.sermonindex.net/modules/mydownloads/visit.php?lid=6654</Url>
        <Speaker>David Guzik</Speaker>
        <Length>5.88Mb</Length>
        <Status>NOT_STARTED</Status>
        <isSermonSelected>false</isSermonSelected>
    </Sermon>
    <Sermon>
        <Title>About the Antichrist</Title>
        <Url>http://www.sermonindex.net/modules/mydownloads/visit.php?lid=10571</Url>
        <Speaker>David Guzik</Speaker>
        <Length>8.09Mb</Length>
        <Status>NOT_STARTED</Status>
        <isSermonSelected>false</isSermonSelected>
    </Sermon>
    <Sermon>
        <Title>Amos 9:13</Title>
        <Url>http://www.sermonindex.net/modules/mydownloads/visit.php?lid=11405</Url>
        <Speaker>David Guzik</Speaker>
        <Length>17.57Mb</Length>
        <Status>NOT_STARTED</Status>
        <isSermonSelected>false</isSermonSelected>
    </Sermon>
    <Sermon>
        <Title>Are the Gifts of the Spirit for Today?</Title>
        <Url>http://www.sermonindex.net/modules/mydownloads/visit.php?lid=6750</Url>
        <Speaker>David Guzik</Speaker>
        <Length>6.17Mb</Length>
        <Status>NOT_STARTED</Status>
        <isSermonSelected>false</isSermonSelected>
    </Sermon>
    <Sermon>
        <Title>As Secure as You Know How</Title>
        <Url>http://www.sermonindex.net/modules/mydownloads/visit.php?lid=10581</Url>
        <Speaker>David Guzik</Speaker>
        <Length>3.72Mb</Length>
        <Status>NOT_STARTED</Status>
        <isSermonSelected>false</isSermonSelected>
    </Sermon>
    <Sermon>
        <Title>Break Up Your Fallow Ground</Title>
        <Url>http://www.sermonindex.net/modules/mydownloads/visit.php?lid=10584</Url>
        <Speaker>David Guzik</Speaker>
        <Length>5.7Mb</Length>
        <Status>NOT_STARTED</Status>
        <isSermonSelected>false</isSermonSelected>
    </Sermon>
    <Sermon>
        <Title>Broken Vows</Title>
        <Url>http://www.sermonindex.net/modules/mydownloads/visit.php?lid=6651</Url>
        <Speaker>David Guzik</Speaker>
        <Length>5.36Mb</Length>
        <Status>NOT_STARTED</Status>
        <isSermonSelected>false</isSermonSelected>
    </Sermon>
    <Sermon>
        <Title>Broken Vows</Title>
        <Url>http://www.sermonindex.net/modules/mydownloads/visit.php?lid=6749</Url>
        <Speaker>David Guzik</Speaker>
        <Length>5.36Mb</Length>
        <Status>NOT_STARTED</Status>
        <isSermonSelected>false</isSermonSelected>
    </Sermon>
    <Sermon>
        <Title>Caesar and Jesus</Title>
        <Url>http://www.sermonindex.net/modules/mydownloads/visit.php?lid=10576</Url>
        <Speaker>David Guzik</Speaker>
        <Length>2.3Mb</Length>
        <Status>NOT_STARTED</Status>
        <isSermonSelected>false</isSermonSelected>
    </Sermon>
    <Sermon>
        <Title>Christian Combat - God's Armor: What to Have</Title>
        <Url>http://www.sermonindex.net/modules/mydownloads/visit.php?lid=6730</Url>
        <Speaker>David Guzik</Speaker>
        <Length>4.29Mb</Length>
        <Status>NOT_STARTED</Status>
        <isSermonSelected>false</isSermonSelected>
    </Sermon>
    <Sermon>
        <Title>Christian Combat - God's Armor: What to Take</Title>
        <Url>http://www.sermonindex.net/modules/mydownloads/visit.php?lid=6731</Url>
        <Speaker>David Guzik</Speaker>
        <Length>4Mb</Length>
        <Status>NOT_STARTED</Status>
        <isSermonSelected>false</isSermonSelected>
    </Sermon>
    <Sermon>
        <Title>Christian Combat - God's Strength and How to Get It</Title>
        <Url>http://www.sermonindex.net/modules/mydownloads/visit.php?lid=6727</Url>
        <Speaker>David Guzik</Speaker>
        <Length>4.76Mb</Length>
        <Status>NOT_STARTED</Status>
        <isSermonSelected>false</isSermonSelected>
    </Sermon>
    <Sermon>
        <Title>Christian Combat - The Fact and Foe of Christian Combat</Title>
        <Url>http://www.sermonindex.net/modules/mydownloads/visit.php?lid=6728</Url>
        <Speaker>David Guzik</Speaker>
        <Length>4.7Mb</Length>
        <Status>NOT_STARTED</Status>
        <isSermonSelected>false</isSermonSelected>
    </Sermon>
    <Sermon>
        <Title>Christian Combat - The Goal of Christian Combat: Stand</Title>
        <Url>http://www.sermonindex.net/modules/mydownloads/visit.php?lid=6729</Url>
        <Speaker>David Guzik</Speaker>
        <Length>4.33Mb</Length>
        <Status>NOT_STARTED</Status>
        <isSermonSelected>false</isSermonSelected>
    </Sermon>
    <Sermon>
        <Title>Christian Combat - What to do with God's Armor</Title>
        <Url>http://www.sermonindex.net/modules/mydownloads/visit.php?lid=6732</Url>
        <Speaker>David Guzik</Speaker>
        <Length>2.91Mb</Length>
        <Status>NOT_STARTED</Status>
        <isSermonSelected>false</isSermonSelected>
    </Sermon>
    <Sermon>
        <Title>Church Government: Jesus Style and Moses Style</Title>
        <Url>http://www.sermonindex.net/modules/mydownloads/visit.php?lid=6746</Url>
        <Speaker>David Guzik</Speaker>
        <Length>7.12Mb</Length>
        <Status>NOT_STARTED</Status>
        <isSermonSelected>false</isSermonSelected>
    </Sermon>
    <Sermon>
        <Title>Church History - 19th and 20th Centuries</Title>
        <Url>http://www.sermonindex.net/modules/mydownloads/visit.php?lid=6726</Url>
        <Speaker>David Guzik</Speaker>
        <Length>3.64Mb</Length>
        <Status>NOT_STARTED</Status>
        <isSermonSelected>false</isSermonSelected>
    </Sermon>
    <Sermon>
        <Title>Church History - Lutheranism after Luther</Title>
        <Url>http://www.sermonindex.net/modules/mydownloads/visit.php?lid=6724</Url>
        <Speaker>David Guzik</Speaker>
        <Length>3.29Mb</Length>
        <Status>NOT_STARTED</Status>
        <isSermonSelected>false</isSermonSelected>
    </Sermon>
    <Sermon>
        <Title>Church History - Martin Luther &amp; the Anabaptists</Title>
        <Url>http://www.sermonindex.net/modules/mydownloads/visit.php?lid=6722</Url>
        <Speaker>David Guzik</Speaker>
        <Length>4.23Mb</Length>
        <Status>NOT_STARTED</Status>
        <isSermonSelected>false</isSermonSelected>
    </Sermon>
    <Sermon>
        <Title>Church History - Martin Luther &amp; the German Reformation</Title>
        <Url>http://www.sermonindex.net/modules/mydownloads/visit.php?lid=6721</Url>
        <Speaker>David Guzik</Speaker>
        <Length>3.92Mb</Length>
        <Status>NOT_STARTED</Status>
        <isSermonSelected>false</isSermonSelected>
    </Sermon>
    <Sermon>
        <Title>Church History - Martin Luther &amp; the Problem of Indulgences</Title>
        <Url>http://www.sermonindex.net/modules/mydownloads/visit.php?lid=6720</Url>
        <Speaker>David Guzik</Speaker>
        <Length>3.92Mb</Length>
        <Status>NOT_STARTED</Status>
        <isSermonSelected>false</isSermonSelected>
    </Sermon>
    <Sermon>
        <Title>Church History - Orthodox Churches; Calvinism After Calvin</Title>
        <Url>http://www.sermonindex.net/modules/mydownloads/visit.php?lid=6725</Url>
        <Speaker>David Guzik</Speaker>
        <Length>0Kb</Length>
        <Status>NOT_STARTED</Status>
        <isSermonSelected>false</isSermonSelected>
    </Sermon>
    <Sermon>
        <Title>Church History - The Apostolic Church (33-100)</Title>
        <Url>http://www.sermonindex.net/modules/mydownloads/visit.php?lid=6710</Url>
        <Speaker>David Guzik</Speaker>
        <Length>5.21Mb</Length>
        <Status>NOT_STARTED</Status>
        <isSermonSelected>false</isSermonSelected>
    </Sermon>
    <Sermon>
        <Title>Church History - The Christian Empire Part 1 (312-1500)</Title>
        <Url>http://www.sermonindex.net/modules/mydownloads/visit.php?lid=6714</Url>
        <Speaker>David Guzik</Speaker>
        <Length>5.21Mb</Length>
        <Status>NOT_STARTED</Status>
        <isSermonSelected>false</isSermonSelected>
    </Sermon>
    <Sermon>
        <Title>Church History - The Christian Empire Part 2 (312-1500)</Title>
        <Url>http://www.sermonindex.net/modules/mydownloads/visit.php?lid=6715</Url>
        <Speaker>David Guzik</Speaker>
        <Length>5.25Mb</Length>
        <Status>NOT_STARTED</Status>
        <isSermonSelected>false</isSermonSelected>
    </Sermon>
    <Sermon>
        <Title>Church History - The Christian Empire Part 3 (312-1500)</Title>
        <Url>http://www.sermonindex.net/modules/mydownloads/visit.php?lid=6716</Url>
        <Speaker>David Guzik</Speaker>
        <Length>4.22Mb</Length>
        <Status>NOT_STARTED</Status>
        <isSermonSelected>false</isSermonSelected>
    </Sermon>
    <Sermon>
        <Title>Church History - The Early Church Part 1 (100-312)</Title>
        <Url>http://www.sermonindex.net/modules/mydownloads/visit.php?lid=6711</Url>
        <Speaker>David Guzik</Speaker>
        <Length>5.21Mb</Length>
        <Status>NOT_STARTED</Status>
        <isSermonSelected>false</isSermonSelected>
    </Sermon>
    <Sermon>
        <Title>Church History - The Early Church Part 2 (100-312)</Title>
        <Url>http://www.sermonindex.net/modules/mydownloads/visit.php?lid=6712</Url>
        <Speaker>David Guzik</Speaker>
        <Length>4.59Mb</Length>
        <Status>NOT_STARTED</Status>
        <isSermonSelected>false</isSermonSelected>
    </Sermon>
    <Sermon>
        <Title>Church History - The Early Church Part 3 (100-312)</Title>
        <Url>http://www.sermonindex.net/modules/mydownloads/visit.php?lid=6713</Url>
        <Speaker>David Guzik</Speaker>
        <Length>5.21Mb</Length>
        <Status>NOT_STARTED</Status>
        <isSermonSelected>false</isSermonSelected>
    </Sermon>
    <Sermon>
        <Title>Church History - The Early Reformers Part 1 (Waldo &amp; Wycliffe)</Title>
        <Url>http://www.sermonindex.net/modules/mydownloads/visit.php?lid=6718</Url>
        <Speaker>David Guzik</Speaker>
        <Length>4.1Mb</Length>
        <Status>NOT_STARTED</Status>
        <isSermonSelected>false</isSermonSelected>
    </Sermon>
    <Sermon>
        <Title>Church History - The Early Reformers Part 2 (Hus &amp; Erasmus)</Title>
        <Url>http://www.sermonindex.net/modules/mydownloads/visit.php?lid=6719</Url>
        <Speaker>David Guzik</Speaker>
        <Length>3.84Mb</Length>
        <Status>NOT_STARTED</Status>
        <isSermonSelected>false</isSermonSelected>
    </Sermon>
    <Sermon>
        <Title>Church History - The Need for Reformation</Title>
        <Url>http://www.sermonindex.net/modules/mydownloads/visit.php?lid=6717</Url>
        <Speaker>David Guzik</Speaker>
        <Length>4.42Mb</Length>
        <Status>NOT_STARTED</Status>
        <isSermonSelected>false</isSermonSelected>
    </Sermon>
    <Sermon>
        <Title>Church History - Zwingli, Calvin, &amp; the Counter-Reformation</Title>
        <Url>http://www.sermonindex.net/modules/mydownloads/visit.php?lid=6723</Url>
        <Speaker>David Guzik</Speaker>
        <Length>3.24Mb</Length>
        <Status>NOT_STARTED</Status>
        <isSermonSelected>false</isSermonSelected>
    </Sermon>
    <Sermon>
        <Title>Confession and Fellowship</Title>
        <Url>http://www.sermonindex.net/modules/mydownloads/visit.php?lid=6659</Url>
        <Speaker>David Guzik</Speaker>
        <Length>5.02Mb</Length>
        <Status>NOT_STARTED</Status>
        <isSermonSelected>false</isSermonSelected>
    </Sermon>
    <Sermon>
        <Title>Confession: Giving Glory to God</Title>
        <Url>http://www.sermonindex.net/modules/mydownloads/visit.php?lid=6661</Url>
        <Speaker>David Guzik</Speaker>
        <Length>6.56Mb</Length>
        <Status>NOT_STARTED</Status>
        <isSermonSelected>false</isSermonSelected>
    </Sermon>
    <Sermon>
        <Title>Do Good People Go to Heaven?</Title>
        <Url>http://www.sermonindex.net/modules/mydownloads/visit.php?lid=10558</Url>
        <Speaker>David Guzik</Speaker>
        <Length>5.05Mb</Length>
        <Status>NOT_STARTED</Status>
        <isSermonSelected>false</isSermonSelected>
    </Sermon>
    <Sermon>
        <Title>Drawing Near or Drawing Back?</Title>
        <Url>http://www.sermonindex.net/modules/mydownloads/visit.php?lid=6748</Url>
        <Speaker>David Guzik</Speaker>
        <Length>7.3Mb</Length>
        <Status>NOT_STARTED</Status>
        <isSermonSelected>false</isSermonSelected>
    </Sermon>
    <Sermon>
        <Title>Enemies in Ministry</Title>
        <Url>http://www.sermonindex.net/modules/mydownloads/visit.php?lid=6745</Url>
        <Speaker>David Guzik</Speaker>
        <Length>5.35Mb</Length>
        <Status>NOT_STARTED</Status>
        <isSermonSelected>false</isSermonSelected>
    </Sermon>
    <Sermon>
        <Title>Fellowship Facts</Title>
        <Url>http://www.sermonindex.net/modules/mydownloads/visit.php?lid=6660</Url>
        <Speaker>David Guzik</Speaker>
        <Length>5.03Mb</Length>
        <Status>NOT_STARTED</Status>
        <isSermonSelected>false</isSermonSelected>
    </Sermon>
    <Sermon>
        <Title>Forgiveness</Title>
        <Url>http://www.sermonindex.net/modules/mydownloads/visit.php?lid=6665</Url>
        <Speaker>David Guzik</Speaker>
        <Length>6Mb</Length>
        <Status>NOT_STARTED</Status>
        <isSermonSelected>false</isSermonSelected>
    </Sermon>
    <Sermon>
        <Title>From Genesis to Jesus</Title>
        <Url>http://www.sermonindex.net/modules/mydownloads/visit.php?lid=6744</Url>
        <Speaker>David Guzik</Speaker>
        <Length>6.38Mb</Length>
        <Status>NOT_STARTED</Status>
        <isSermonSelected>false</isSermonSelected>
    </Sermon>
    <Sermon>
        <Title>He Tabernacled Among Us</Title>
        <Url>http://www.sermonindex.net/modules/mydownloads/visit.php?lid=10574</Url>
        <Speaker>David Guzik</Speaker>
        <Length>3.9Mb</Length>
        <Status>NOT_STARTED</Status>
        <isSermonSelected>false</isSermonSelected>
    </Sermon>
    <Sermon>
        <Title>His Poverty, Our Riches</Title>
        <Url>http://www.sermonindex.net/modules/mydownloads/visit.php?lid=10577</Url>
        <Speaker>David Guzik</Speaker>
        <Length>3.53Mb</Length>
        <Status>NOT_STARTED</Status>
        <isSermonSelected>false</isSermonSelected>
    </Sermon>
    <Sermon>
        <Title>How Could God Allow This?</Title>
        <Url>http://www.sermonindex.net/modules/mydownloads/visit.php?lid=10561</Url>
        <Speaker>David Guzik</Speaker>
        <Length>5.05Mb</Length>
        <Status>NOT_STARTED</Status>
        <isSermonSelected>false</isSermonSelected>
    </Sermon>
    <Sermon>
        <Title>How to Pray for Revival</Title>
        <Url>http://www.sermonindex.net/modules/mydownloads/visit.php?lid=6652</Url>
        <Speaker>David Guzik</Speaker>
        <Length>6.17Mb</Length>
        <Status>NOT_STARTED</Status>
        <isSermonSelected>false</isSermonSelected>
    </Sermon>
    <Sermon>
        <Title>Is Jesus the Only Way?</Title>
        <Url>http://www.sermonindex.net/modules/mydownloads/visit.php?lid=10559</Url>
        <Speaker>David Guzik</Speaker>
        <Length>6.21Mb</Length>
        <Status>NOT_STARTED</Status>
        <isSermonSelected>false</isSermonSelected>
    </Sermon>
    <Sermon>
        <Title>Jesus Before Bethlehem</Title>
        <Url>http://www.sermonindex.net/modules/mydownloads/visit.php?lid=10575</Url>
        <Speaker>David Guzik</Speaker>
        <Length>4.33Mb</Length>
        <Status>NOT_STARTED</Status>
        <isSermonSelected>false</isSermonSelected>
    </Sermon>
    <Sermon>
        <Title>Jesus in the Center</Title>
        <Url>http://www.sermonindex.net/modules/mydownloads/visit.php?lid=10580</Url>
        <Speaker>David Guzik</Speaker>
        <Length>3.85Mb</Length>
        <Status>NOT_STARTED</Status>
        <isSermonSelected>false</isSermonSelected>
    </Sermon>
    <Sermon>
        <Title>Jesus Of Nazareth</Title>
        <Url>http://www.sermonindex.net/modules/mydownloads/visit.php?lid=18747</Url>
        <Speaker>David Guzik</Speaker>
        <Length>17.41Mb</Length>
        <Status>NOT_STARTED</Status>
        <isSermonSelected>false</isSermonSelected>
    </Sermon>
    <Sermon>
        <Title>Mark 8:34-9:13 - The Cross &amp; the Glory</Title>
        <Url>http://www.sermonindex.net/modules/mydownloads/visit.php?lid=12864</Url>
        <Speaker>David Guzik</Speaker>
        <Length>4.26Mb</Length>
        <Status>NOT_STARTED</Status>
        <isSermonSelected>false</isSermonSelected>
    </Sermon>
    <Sermon>
        <Title>Master of the House</Title>
        <Url>http://www.sermonindex.net/modules/mydownloads/visit.php?lid=10583</Url>
        <Speaker>David Guzik</Speaker>
        <Length>3.51Mb</Length>
        <Status>NOT_STARTED</Status>
        <isSermonSelected>false</isSermonSelected>
    </Sermon>
    <Sermon>
        <Title>Opening the Closed Heart</Title>
        <Url>http://www.sermonindex.net/modules/mydownloads/visit.php?lid=6664</Url>
        <Speaker>David Guzik</Speaker>
        <Length>4.87Mb</Length>
        <Status>NOT_STARTED</Status>
        <isSermonSelected>false</isSermonSelected>
    </Sermon>
    <Sermon>
        <Title>Outside the Gate</Title>
        <Url>http://www.sermonindex.net/modules/mydownloads/visit.php?lid=10578</Url>
        <Speaker>David Guzik</Speaker>
        <Length>2.99Mb</Length>
        <Status>NOT_STARTED</Status>
        <isSermonSelected>false</isSermonSelected>
    </Sermon>
    <Sermon>
        <Title>Peace in the Midst of the Storm</Title>
        <Url>http://www.sermonindex.net/modules/mydownloads/visit.php?lid=10630</Url>
        <Speaker>David Guzik</Speaker>
        <Length>2.21Mb</Length>
        <Status>NOT_STARTED</Status>
        <isSermonSelected>false</isSermonSelected>
    </Sermon>
    <Sermon>
        <Title>Question and Answer Evening - 7/31/02</Title>
        <Url>http://www.sermonindex.net/modules/mydownloads/visit.php?lid=6751</Url>
        <Speaker>David Guzik</Speaker>
        <Length>4.32Mb</Length>
        <Status>NOT_STARTED</Status>
        <isSermonSelected>false</isSermonSelected>
    </Sermon>
    <Sermon>
        <Title>Revelation - Chapter 1</Title>
        <Url>http://www.sermonindex.net/modules/mydownloads/visit.php?lid=18784</Url>
        <Speaker>David Guzik</Speaker>
        <Length>15.9Mb</Length>
        <Status>NOT_STARTED</Status>
        <isSermonSelected>false</isSermonSelected>
    </Sermon>
    <Sermon>
        <Title>Ruth - Chapter 1</Title>
        <Url>http://www.sermonindex.net/modules/mydownloads/visit.php?lid=18785</Url>
        <Speaker>David Guzik</Speaker>
        <Length>12.04Mb</Length>
        <Status>NOT_STARTED</Status>
        <isSermonSelected>false</isSermonSelected>
    </Sermon>
    <Sermon>
        <Title>Sanctification Three Ways</Title>
        <Url>http://www.sermonindex.net/modules/mydownloads/visit.php?lid=6657</Url>
        <Speaker>David Guzik</Speaker>
        <Length>5.15Mb</Length>
        <Status>NOT_STARTED</Status>
        <isSermonSelected>false</isSermonSelected>
    </Sermon>
    <Sermon>
        <Title>Small, But Crucial Differences</Title>
        <Url>http://www.sermonindex.net/modules/mydownloads/visit.php?lid=6743</Url>
        <Speaker>David Guzik</Speaker>
        <Length>0Kb</Length>
        <Status>NOT_STARTED</Status>
        <isSermonSelected>false</isSermonSelected>
    </Sermon>
    <Sermon>
        <Title>Talking to God and Men</Title>
        <Url>http://www.sermonindex.net/modules/mydownloads/visit.php?lid=10631</Url>
        <Speaker>David Guzik</Speaker>
        <Length>2.85Mb</Length>
        <Status>NOT_STARTED</Status>
        <isSermonSelected>false</isSermonSelected>
    </Sermon>
    <Sermon>
        <Title>The Battle for Grace and Graciousness</Title>
        <Url>http://www.sermonindex.net/modules/mydownloads/visit.php?lid=6742</Url>
        <Speaker>David Guzik</Speaker>
        <Length>6.66Mb</Length>
        <Status>NOT_STARTED</Status>
        <isSermonSelected>false</isSermonSelected>
    </Sermon>
    <Sermon>
        <Title>The Call to Faith</Title>
        <Url>http://www.sermonindex.net/modules/mydownloads/visit.php?lid=10563</Url>
        <Speaker>David Guzik</Speaker>
        <Length>4.11Mb</Length>
        <Status>NOT_STARTED</Status>
        <isSermonSelected>false</isSermonSelected>
    </Sermon>
    <Sermon>
        <Title>The Call to Faithfulness</Title>
        <Url>http://www.sermonindex.net/modules/mydownloads/visit.php?lid=10565</Url>
        <Speaker>David Guzik</Speaker>
        <Length>3.77Mb</Length>
        <Status>NOT_STARTED</Status>
        <isSermonSelected>false</isSermonSelected>
    </Sermon>
    <Sermon>
        <Title>The Call to Follow</Title>
        <Url>http://www.sermonindex.net/modules/mydownloads/visit.php?lid=10564</Url>
        <Speaker>David Guzik</Speaker>
        <Length>3.48Mb</Length>
        <Status>NOT_STARTED</Status>
        <isSermonSelected>false</isSermonSelected>
    </Sermon>
    <Sermon>
        <Title>The Call to Fruitfulness</Title>
        <Url>http://www.sermonindex.net/modules/mydownloads/visit.php?lid=10566</Url>
        <Speaker>David Guzik</Speaker>
        <Length>4.32Mb</Length>
        <Status>NOT_STARTED</Status>
        <isSermonSelected>false</isSermonSelected>
    </Sermon>
    <Sermon>
        <Title>The Defeated Christian Life</Title>
        <Url>http://www.sermonindex.net/modules/mydownloads/visit.php?lid=6662</Url>
        <Speaker>David Guzik</Speaker>
        <Length>6.16Mb</Length>
        <Status>NOT_STARTED</Status>
        <isSermonSelected>false</isSermonSelected>
    </Sermon>
    <Sermon>
        <Title>The Essential Work of the Holy Spirit</Title>
        <Url>http://www.sermonindex.net/modules/mydownloads/visit.php?lid=6655</Url>
        <Speaker>David Guzik</Speaker>
        <Length>7.21Mb</Length>
        <Status>NOT_STARTED</Status>
        <isSermonSelected>false</isSermonSelected>
    </Sermon>
    <Sermon>
        <Title>The First Word of the Gospel</Title>
        <Url>http://www.sermonindex.net/modules/mydownloads/visit.php?lid=6663</Url>
        <Speaker>David Guzik</Speaker>
        <Length>4.64Mb</Length>
        <Status>NOT_STARTED</Status>
        <isSermonSelected>false</isSermonSelected>
    </Sermon>
    <Sermon>
        <Title>The Man of the Millennium</Title>
        <Url>http://www.sermonindex.net/modules/mydownloads/visit.php?lid=10582</Url>
        <Speaker>David Guzik</Speaker>
        <Length>4.08Mb</Length>
        <Status>NOT_STARTED</Status>
        <isSermonSelected>false</isSermonSelected>
    </Sermon>
    <Sermon>
        <Title>The Meaning of the Millennium</Title>
        <Url>http://www.sermonindex.net/modules/mydownloads/visit.php?lid=10572</Url>
        <Speaker>David Guzik</Speaker>
        <Length>6.52Mb</Length>
        <Status>NOT_STARTED</Status>
        <isSermonSelected>false</isSermonSelected>
    </Sermon>
    <Sermon>
        <Title>The Prince of Life</Title>
        <Url>http://www.sermonindex.net/modules/mydownloads/visit.php?lid=10579</Url>
        <Speaker>David Guzik</Speaker>
        <Length>2.14Mb</Length>
        <Status>NOT_STARTED</Status>
        <isSermonSelected>false</isSermonSelected>
    </Sermon>
    <Sermon>
        <Title>The Reign of the Lord's Anointed</Title>
        <Url>http://www.sermonindex.net/modules/mydownloads/visit.php?lid=10629</Url>
        <Speaker>David Guzik</Speaker>
        <Length>2.66Mb</Length>
        <Status>NOT_STARTED</Status>
        <isSermonSelected>false</isSermonSelected>
    </Sermon>
    <Sermon>
        <Title>The Sense of Salvation</Title>
        <Url>http://www.sermonindex.net/modules/mydownloads/visit.php?lid=6653</Url>
        <Speaker>David Guzik</Speaker>
        <Length>4.32Mb</Length>
        <Status>NOT_STARTED</Status>
        <isSermonSelected>false</isSermonSelected>
    </Sermon>
    <Sermon>
        <Title>The Seventy Weeks of Daniel</Title>
        <Url>http://www.sermonindex.net/modules/mydownloads/visit.php?lid=10568</Url>
        <Speaker>David Guzik</Speaker>
        <Length>6.91Mb</Length>
        <Status>NOT_STARTED</Status>
        <isSermonSelected>false</isSermonSelected>
    </Sermon>
    <Sermon>
        <Title>The Story of Esther</Title>
        <Url>http://www.sermonindex.net/modules/mydownloads/visit.php?lid=11583</Url>
        <Speaker>David Guzik</Speaker>
        <Length>11.57Mb</Length>
        <Status>NOT_STARTED</Status>
        <isSermonSelected>false</isSermonSelected>
    </Sermon>
    <Sermon>
        <Title>The Truth of the Pre-Tribulation Rapture (1)</Title>
        <Url>http://www.sermonindex.net/modules/mydownloads/visit.php?lid=10569</Url>
        <Speaker>David Guzik</Speaker>
        <Length>6.47Mb</Length>
        <Status>NOT_STARTED</Status>
        <isSermonSelected>false</isSermonSelected>
    </Sermon>
    <Sermon>
        <Title>The Truth of the Pre-Tribulation Rapture (2)</Title>
        <Url>http://www.sermonindex.net/modules/mydownloads/visit.php?lid=10570</Url>
        <Speaker>David Guzik</Speaker>
        <Length>5.04Mb</Length>
        <Status>NOT_STARTED</Status>
        <isSermonSelected>false</isSermonSelected>
    </Sermon>
    <Sermon>
        <Title>The Way of the Righteous &amp; the Way of the Ungodly</Title>
        <Url>http://www.sermonindex.net/modules/mydownloads/visit.php?lid=10628</Url>
        <Speaker>David Guzik</Speaker>
        <Length>3.32Mb</Length>
        <Status>NOT_STARTED</Status>
        <isSermonSelected>false</isSermonSelected>
    </Sermon>
    <Sermon>
        <Title>Two Kings</Title>
        <Url>http://www.sermonindex.net/modules/mydownloads/visit.php?lid=10573</Url>
        <Speaker>David Guzik</Speaker>
        <Length>3.73Mb</Length>
        <Status>NOT_STARTED</Status>
        <isSermonSelected>false</isSermonSelected>
    </Sermon>
    <Sermon>
        <Title>Understanding Marriage - Oneness in Marriage</Title>
        <Url>http://www.sermonindex.net/modules/mydownloads/visit.php?lid=6740</Url>
        <Speaker>David Guzik</Speaker>
        <Length>4.12Mb</Length>
        <Status>NOT_STARTED</Status>
        <isSermonSelected>false</isSermonSelected>
    </Sermon>
    <Sermon>
        <Title>Understanding Marriage - Reasons for a Wife's Submission</Title>
        <Url>http://www.sermonindex.net/modules/mydownloads/visit.php?lid=6737</Url>
        <Speaker>David Guzik</Speaker>
        <Length>5.02Mb</Length>
        <Status>NOT_STARTED</Status>
        <isSermonSelected>false</isSermonSelected>
    </Sermon>
    <Sermon>
        <Title>Understanding Marriage - Spiritual Preparation for Marriage</Title>
        <Url>http://www.sermonindex.net/modules/mydownloads/visit.php?lid=6734</Url>
        <Speaker>David Guzik</Speaker>
        <Length>4.48Mb</Length>
        <Status>NOT_STARTED</Status>
        <isSermonSelected>false</isSermonSelected>
    </Sermon>
    <Sermon>
        <Title>Understanding Marriage - Submission in Marriage</Title>
        <Url>http://www.sermonindex.net/modules/mydownloads/visit.php?lid=6736</Url>
        <Speaker>David Guzik</Speaker>
        <Length>5.02Mb</Length>
        <Status>NOT_STARTED</Status>
        <isSermonSelected>false</isSermonSelected>
    </Sermon>
    <Sermon>
        <Title>Understanding Marriage - The Shared Life</Title>
        <Url>http://www.sermonindex.net/modules/mydownloads/visit.php?lid=6739</Url>
        <Speaker>David Guzik</Speaker>
        <Length>0Kb</Length>
        <Status>NOT_STARTED</Status>
        <isSermonSelected>false</isSermonSelected>
    </Sermon>
    <Sermon>
        <Title>Understanding Marriage - The Transformed Marriage</Title>
        <Url>http://www.sermonindex.net/modules/mydownloads/visit.php?lid=6741</Url>
        <Speaker>David Guzik</Speaker>
        <Length>4.99Mb</Length>
        <Status>NOT_STARTED</Status>
        <isSermonSelected>false</isSermonSelected>
    </Sermon>
    <Sermon>
        <Title>Understanding Marriage - Two Big Ideas</Title>
        <Url>http://www.sermonindex.net/modules/mydownloads/visit.php?lid=6733</Url>
        <Speaker>David Guzik</Speaker>
        <Length>3.85Mb</Length>
        <Status>NOT_STARTED</Status>
        <isSermonSelected>false</isSermonSelected>
    </Sermon>
    <Sermon>
        <Title>Understanding Marriage - What Love Is</Title>
        <Url>http://www.sermonindex.net/modules/mydownloads/visit.php?lid=6738</Url>
        <Speaker>David Guzik</Speaker>
        <Length>4.88Mb</Length>
        <Status>NOT_STARTED</Status>
        <isSermonSelected>false</isSermonSelected>
    </Sermon>
    <Sermon>
        <Title>Understanding Marriage - What Submission Is</Title>
        <Url>http://www.sermonindex.net/modules/mydownloads/visit.php?lid=6735</Url>
        <Speaker>David Guzik</Speaker>
        <Length>5.76Mb</Length>
        <Status>NOT_STARTED</Status>
        <isSermonSelected>false</isSermonSelected>
    </Sermon>
    <Sermon>
        <Title>What About Those Who Never Hear?</Title>
        <Url>http://www.sermonindex.net/modules/mydownloads/visit.php?lid=10560</Url>
        <Speaker>David Guzik</Speaker>
        <Length>4.94Mb</Length>
        <Status>NOT_STARTED</Status>
        <isSermonSelected>false</isSermonSelected>
    </Sermon>
    <Sermon>
        <Title>What is the Baptism of the Holy Spirit?</Title>
        <Url>http://www.sermonindex.net/modules/mydownloads/visit.php?lid=10562</Url>
        <Speaker>David Guzik</Speaker>
        <Length>6.34Mb</Length>
        <Status>NOT_STARTED</Status>
        <isSermonSelected>false</isSermonSelected>
    </Sermon>
    <Sermon>
        <Title>Wholly Following the Lord</Title>
        <Url>http://www.sermonindex.net/modules/mydownloads/visit.php?lid=6658</Url>
        <Speaker>David Guzik</Speaker>
        <Length>5.66Mb</Length>
        <Status>NOT_STARTED</Status>
        <isSermonSelected>false</isSermonSelected>
    </Sermon>
    <Sermon>
        <Title>Why I Believe Jesus is Coming Soon</Title>
        <Url>http://www.sermonindex.net/modules/mydownloads/visit.php?lid=10567</Url>
        <Speaker>David Guzik</Speaker>
        <Length>4.47Mb</Length>
        <Status>NOT_STARTED</Status>
        <isSermonSelected>false</isSermonSelected>
    </Sermon>
    <Sermon>
        <Title>Why You Were Saved (a brief devotional)</Title>
        <Url>http://www.sermonindex.net/modules/mydownloads/visit.php?lid=6747</Url>
        <Speaker>David Guzik</Speaker>
        <Length>716Kb</Length>
        <Status>NOT_STARTED</Status>
        <isSermonSelected>false</isSermonSelected>
    </Sermon>
</Sermons>
