<?xml version="1.0" encoding="UTF-8" standalone="yes"?>
<Sermons>
    <Sermon>
        <Title>Facing The Face That We Seek</Title>
        <Url>http://www.sermonindex.net/modules/mydownloads/visit.php?lid=9326</Url>
        <Speaker>David Bryant</Speaker>
        <Length>16.44Mb</Length>
        <Status>NOT_STARTED</Status>
        <isSermonSelected>false</isSermonSelected>
    </Sermon>
    <Sermon>
        <Title>How to Prepare the Way for a Christ Awakening</Title>
        <Url>http://www.sermonindex.net/modules/mydownloads/visit.php?lid=9325</Url>
        <Speaker>David Bryant</Speaker>
        <Length>7.05Mb</Length>
        <Status>NOT_STARTED</Status>
        <isSermonSelected>false</isSermonSelected>
    </Sermon>
    <Sermon>
        <Title>The Anatomy of a Christ Awakening</Title>
        <Url>http://www.sermonindex.net/modules/mydownloads/visit.php?lid=9323</Url>
        <Speaker>David Bryant</Speaker>
        <Length>7.09Mb</Length>
        <Status>NOT_STARTED</Status>
        <isSermonSelected>false</isSermonSelected>
    </Sermon>
    <Sermon>
        <Title>The Crisis That Demands a Christ Awakening</Title>
        <Url>http://www.sermonindex.net/modules/mydownloads/visit.php?lid=9324</Url>
        <Speaker>David Bryant</Speaker>
        <Length>6.95Mb</Length>
        <Status>NOT_STARTED</Status>
        <isSermonSelected>false</isSermonSelected>
    </Sermon>
</Sermons>
