<?xml version="1.0" encoding="UTF-8" standalone="yes"?>
<Sermons>
    <Sermon>
        <Title>Sleepy Land - The Believer's Enemy</Title>
        <Url>http://www.sermonindex.net/modules/mydownloads/visit.php?lid=19341</Url>
        <Speaker>David Rubio</Speaker>
        <Length>8.85Mb</Length>
        <Status>NOT_STARTED</Status>
        <isSermonSelected>false</isSermonSelected>
    </Sermon>
    <Sermon>
        <Title>Standing Against Misunderstandings</Title>
        <Url>http://www.sermonindex.net/modules/mydownloads/visit.php?lid=20122</Url>
        <Speaker>David Rubio</Speaker>
        <Length>9.01Mb</Length>
        <Status>NOT_STARTED</Status>
        <isSermonSelected>false</isSermonSelected>
    </Sermon>
    <Sermon>
        <Title>The Overwhelmed Heart</Title>
        <Url>http://www.sermonindex.net/modules/mydownloads/visit.php?lid=16465</Url>
        <Speaker>David Rubio</Speaker>
        <Length>10.38Mb</Length>
        <Status>NOT_STARTED</Status>
        <isSermonSelected>false</isSermonSelected>
    </Sermon>
    <Sermon>
        <Title>Who Shall Bring Me Down?</Title>
        <Url>http://www.sermonindex.net/modules/mydownloads/visit.php?lid=18028</Url>
        <Speaker>David Rubio</Speaker>
        <Length>9.73Mb</Length>
        <Status>NOT_STARTED</Status>
        <isSermonSelected>false</isSermonSelected>
    </Sermon>
</Sermons>
