<?xml version="1.0" encoding="UTF-8" standalone="yes"?>
<Sermons>
    <Sermon>
        <Title>Is Hell a Reality</Title>
        <Url>http://www.sermonindex.net/modules/mydownloads/visit.php?lid=23254</Url>
        <Speaker>David Gooding</Speaker>
        <Length>9.57Mb</Length>
        <Status>NOT_STARTED</Status>
        <isSermonSelected>false</isSermonSelected>
    </Sermon>
    <Sermon>
        <Title>Is there life after death</Title>
        <Url>http://www.sermonindex.net/modules/mydownloads/visit.php?lid=23172</Url>
        <Speaker>David Gooding</Speaker>
        <Length>10.67Mb</Length>
        <Status>NOT_STARTED</Status>
        <isSermonSelected>false</isSermonSelected>
    </Sermon>
    <Sermon>
        <Title>JOHN 14v15</Title>
        <Url>http://www.sermonindex.net/modules/mydownloads/visit.php?lid=23173</Url>
        <Speaker>David Gooding</Speaker>
        <Length>12.53Mb</Length>
        <Status>NOT_STARTED</Status>
        <isSermonSelected>false</isSermonSelected>
    </Sermon>
    <Sermon>
        <Title>The Gift of the Holy Spirit</Title>
        <Url>http://www.sermonindex.net/modules/mydownloads/visit.php?lid=23171</Url>
        <Speaker>David Gooding</Speaker>
        <Length>10.37Mb</Length>
        <Status>NOT_STARTED</Status>
        <isSermonSelected>false</isSermonSelected>
    </Sermon>
    <Sermon>
        <Title>The Lords Supper</Title>
        <Url>http://www.sermonindex.net/modules/mydownloads/visit.php?lid=23174</Url>
        <Speaker>David Gooding</Speaker>
        <Length>9.57Mb</Length>
        <Status>NOT_STARTED</Status>
        <isSermonSelected>false</isSermonSelected>
    </Sermon>
    <Sermon>
        <Title>The Person of Christ</Title>
        <Url>http://www.sermonindex.net/modules/mydownloads/visit.php?lid=23256</Url>
        <Speaker>David Gooding</Speaker>
        <Length>5.84Mb</Length>
        <Status>NOT_STARTED</Status>
        <isSermonSelected>false</isSermonSelected>
    </Sermon>
    <Sermon>
        <Title>The Second Death</Title>
        <Url>http://www.sermonindex.net/modules/mydownloads/visit.php?lid=23175</Url>
        <Speaker>David Gooding</Speaker>
        <Length>11.15Mb</Length>
        <Status>NOT_STARTED</Status>
        <isSermonSelected>false</isSermonSelected>
    </Sermon>
    <Sermon>
        <Title>The Servant God</Title>
        <Url>http://www.sermonindex.net/modules/mydownloads/visit.php?lid=23255</Url>
        <Speaker>David Gooding</Speaker>
        <Length>7.14Mb</Length>
        <Status>NOT_STARTED</Status>
        <isSermonSelected>false</isSermonSelected>
    </Sermon>
</Sermons>
