<?xml version="1.0" encoding="UTF-8" standalone="yes"?>
<Sermons>
    <Sermon>
        <Title>Absolutes - Part 1</Title>
        <Url>http://www.sermonindex.net/modules/mydownloads/visit.php?lid=7544</Url>
        <Speaker>David Adams</Speaker>
        <Length>4.88Mb</Length>
        <Status>NOT_STARTED</Status>
        <isSermonSelected>false</isSermonSelected>
    </Sermon>
    <Sermon>
        <Title>Absolutes - Part 2</Title>
        <Url>http://www.sermonindex.net/modules/mydownloads/visit.php?lid=7545</Url>
        <Speaker>David Adams</Speaker>
        <Length>4.11Mb</Length>
        <Status>NOT_STARTED</Status>
        <isSermonSelected>false</isSermonSelected>
    </Sermon>
    <Sermon>
        <Title>Absolutes - Part 3</Title>
        <Url>http://www.sermonindex.net/modules/mydownloads/visit.php?lid=7546</Url>
        <Speaker>David Adams</Speaker>
        <Length>5.27Mb</Length>
        <Status>NOT_STARTED</Status>
        <isSermonSelected>false</isSermonSelected>
    </Sermon>
    <Sermon>
        <Title>Absolutes - Part 4</Title>
        <Url>http://www.sermonindex.net/modules/mydownloads/visit.php?lid=7547</Url>
        <Speaker>David Adams</Speaker>
        <Length>4.95Mb</Length>
        <Status>NOT_STARTED</Status>
        <isSermonSelected>false</isSermonSelected>
    </Sermon>
    <Sermon>
        <Title>Revelations Of God - Part 1</Title>
        <Url>http://www.sermonindex.net/modules/mydownloads/visit.php?lid=7524</Url>
        <Speaker>David Adams</Speaker>
        <Length>3.72Mb</Length>
        <Status>NOT_STARTED</Status>
        <isSermonSelected>false</isSermonSelected>
    </Sermon>
    <Sermon>
        <Title>Revelations Of God - Part 2</Title>
        <Url>http://www.sermonindex.net/modules/mydownloads/visit.php?lid=7525</Url>
        <Speaker>David Adams</Speaker>
        <Length>4.64Mb</Length>
        <Status>NOT_STARTED</Status>
        <isSermonSelected>false</isSermonSelected>
    </Sermon>
    <Sermon>
        <Title>Revelations Of God - Part 3</Title>
        <Url>http://www.sermonindex.net/modules/mydownloads/visit.php?lid=7526</Url>
        <Speaker>David Adams</Speaker>
        <Length>4.78Mb</Length>
        <Status>NOT_STARTED</Status>
        <isSermonSelected>false</isSermonSelected>
    </Sermon>
    <Sermon>
        <Title>Revelations Of God - Part 4</Title>
        <Url>http://www.sermonindex.net/modules/mydownloads/visit.php?lid=7527</Url>
        <Speaker>David Adams</Speaker>
        <Length>5.01Mb</Length>
        <Status>NOT_STARTED</Status>
        <isSermonSelected>false</isSermonSelected>
    </Sermon>
    <Sermon>
        <Title>Revelations Of God - Part 5</Title>
        <Url>http://www.sermonindex.net/modules/mydownloads/visit.php?lid=7528</Url>
        <Speaker>David Adams</Speaker>
        <Length>5.11Mb</Length>
        <Status>NOT_STARTED</Status>
        <isSermonSelected>false</isSermonSelected>
    </Sermon>
    <Sermon>
        <Title>Stewardship - Part 1</Title>
        <Url>http://www.sermonindex.net/modules/mydownloads/visit.php?lid=7529</Url>
        <Speaker>David Adams</Speaker>
        <Length>3.69Mb</Length>
        <Status>NOT_STARTED</Status>
        <isSermonSelected>false</isSermonSelected>
    </Sermon>
    <Sermon>
        <Title>Stewardship - Part 2</Title>
        <Url>http://www.sermonindex.net/modules/mydownloads/visit.php?lid=7530</Url>
        <Speaker>David Adams</Speaker>
        <Length>4.18Mb</Length>
        <Status>NOT_STARTED</Status>
        <isSermonSelected>false</isSermonSelected>
    </Sermon>
    <Sermon>
        <Title>Stewardship - Part 3</Title>
        <Url>http://www.sermonindex.net/modules/mydownloads/visit.php?lid=7531</Url>
        <Speaker>David Adams</Speaker>
        <Length>5.55Mb</Length>
        <Status>NOT_STARTED</Status>
        <isSermonSelected>false</isSermonSelected>
    </Sermon>
    <Sermon>
        <Title>Stewardship - Part 4</Title>
        <Url>http://www.sermonindex.net/modules/mydownloads/visit.php?lid=7532</Url>
        <Speaker>David Adams</Speaker>
        <Length>5.51Mb</Length>
        <Status>NOT_STARTED</Status>
        <isSermonSelected>false</isSermonSelected>
    </Sermon>
    <Sermon>
        <Title>Stewardship - Part 5</Title>
        <Url>http://www.sermonindex.net/modules/mydownloads/visit.php?lid=7533</Url>
        <Speaker>David Adams</Speaker>
        <Length>5.83Mb</Length>
        <Status>NOT_STARTED</Status>
        <isSermonSelected>false</isSermonSelected>
    </Sermon>
    <Sermon>
        <Title>The Lord's Prayer - Part 1</Title>
        <Url>http://www.sermonindex.net/modules/mydownloads/visit.php?lid=7534</Url>
        <Speaker>David Adams</Speaker>
        <Length>5.26Mb</Length>
        <Status>NOT_STARTED</Status>
        <isSermonSelected>false</isSermonSelected>
    </Sermon>
    <Sermon>
        <Title>The Lord's Prayer - Part 2</Title>
        <Url>http://www.sermonindex.net/modules/mydownloads/visit.php?lid=7535</Url>
        <Speaker>David Adams</Speaker>
        <Length>4.72Mb</Length>
        <Status>NOT_STARTED</Status>
        <isSermonSelected>false</isSermonSelected>
    </Sermon>
    <Sermon>
        <Title>The Lord's Prayer - Part 3</Title>
        <Url>http://www.sermonindex.net/modules/mydownloads/visit.php?lid=7536</Url>
        <Speaker>David Adams</Speaker>
        <Length>4.58Mb</Length>
        <Status>NOT_STARTED</Status>
        <isSermonSelected>false</isSermonSelected>
    </Sermon>
    <Sermon>
        <Title>The Lord's Prayer - Part 4</Title>
        <Url>http://www.sermonindex.net/modules/mydownloads/visit.php?lid=7537</Url>
        <Speaker>David Adams</Speaker>
        <Length>4.14Mb</Length>
        <Status>NOT_STARTED</Status>
        <isSermonSelected>false</isSermonSelected>
    </Sermon>
    <Sermon>
        <Title>The Lord's Prayer - Part 5</Title>
        <Url>http://www.sermonindex.net/modules/mydownloads/visit.php?lid=7538</Url>
        <Speaker>David Adams</Speaker>
        <Length>5.17Mb</Length>
        <Status>NOT_STARTED</Status>
        <isSermonSelected>false</isSermonSelected>
    </Sermon>
    <Sermon>
        <Title>Triologies In Life Of Christ - Part 1</Title>
        <Url>http://www.sermonindex.net/modules/mydownloads/visit.php?lid=7539</Url>
        <Speaker>David Adams</Speaker>
        <Length>4.6Mb</Length>
        <Status>NOT_STARTED</Status>
        <isSermonSelected>false</isSermonSelected>
    </Sermon>
    <Sermon>
        <Title>Triologies In Life Of Christ - Part 2</Title>
        <Url>http://www.sermonindex.net/modules/mydownloads/visit.php?lid=7540</Url>
        <Speaker>David Adams</Speaker>
        <Length>4.61Mb</Length>
        <Status>NOT_STARTED</Status>
        <isSermonSelected>false</isSermonSelected>
    </Sermon>
    <Sermon>
        <Title>Triologies In Life Of Christ - Part 3</Title>
        <Url>http://www.sermonindex.net/modules/mydownloads/visit.php?lid=7541</Url>
        <Speaker>David Adams</Speaker>
        <Length>5.18Mb</Length>
        <Status>NOT_STARTED</Status>
        <isSermonSelected>false</isSermonSelected>
    </Sermon>
    <Sermon>
        <Title>Triologies In Life Of Christ - Part 4</Title>
        <Url>http://www.sermonindex.net/modules/mydownloads/visit.php?lid=7542</Url>
        <Speaker>David Adams</Speaker>
        <Length>5.46Mb</Length>
        <Status>NOT_STARTED</Status>
        <isSermonSelected>false</isSermonSelected>
    </Sermon>
    <Sermon>
        <Title>Triologies In Life Of Christ - Part 5</Title>
        <Url>http://www.sermonindex.net/modules/mydownloads/visit.php?lid=7543</Url>
        <Speaker>David Adams</Speaker>
        <Length>4.5Mb</Length>
        <Status>NOT_STARTED</Status>
        <isSermonSelected>false</isSermonSelected>
    </Sermon>
    <Sermon>
        <Title>Visions Of God - Part 1</Title>
        <Url>http://www.sermonindex.net/modules/mydownloads/visit.php?lid=7519</Url>
        <Speaker>David Adams</Speaker>
        <Length>3.5Mb</Length>
        <Status>NOT_STARTED</Status>
        <isSermonSelected>false</isSermonSelected>
    </Sermon>
    <Sermon>
        <Title>Visions Of God - Part 2</Title>
        <Url>http://www.sermonindex.net/modules/mydownloads/visit.php?lid=7520</Url>
        <Speaker>David Adams</Speaker>
        <Length>4.28Mb</Length>
        <Status>NOT_STARTED</Status>
        <isSermonSelected>false</isSermonSelected>
    </Sermon>
    <Sermon>
        <Title>Visions Of God - Part 3</Title>
        <Url>http://www.sermonindex.net/modules/mydownloads/visit.php?lid=7521</Url>
        <Speaker>David Adams</Speaker>
        <Length>4.49Mb</Length>
        <Status>NOT_STARTED</Status>
        <isSermonSelected>false</isSermonSelected>
    </Sermon>
    <Sermon>
        <Title>Visions Of God - Part 4</Title>
        <Url>http://www.sermonindex.net/modules/mydownloads/visit.php?lid=7522</Url>
        <Speaker>David Adams</Speaker>
        <Length>5.66Mb</Length>
        <Status>NOT_STARTED</Status>
        <isSermonSelected>false</isSermonSelected>
    </Sermon>
    <Sermon>
        <Title>Visions Of God - Part 5</Title>
        <Url>http://www.sermonindex.net/modules/mydownloads/visit.php?lid=7523</Url>
        <Speaker>David Adams</Speaker>
        <Length>4.54Mb</Length>
        <Status>NOT_STARTED</Status>
        <isSermonSelected>false</isSermonSelected>
    </Sermon>
</Sermons>
