<?xml version="1.0" encoding="UTF-8" standalone="yes"?>
<Sermons>
    <Sermon>
        <Title>(The Role Of Demons In Today's Society) Part 1</Title>
        <Url>http://www.sermonindex.net/modules/mydownloads/visit.php?lid=15025</Url>
        <Speaker>Dean Hochstetler</Speaker>
        <Length>6.51Mb</Length>
        <Status>NOT_STARTED</Status>
        <isSermonSelected>false</isSermonSelected>
    </Sermon>
    <Sermon>
        <Title>(The Role Of Demons In Today's Society) Part 2</Title>
        <Url>http://www.sermonindex.net/modules/mydownloads/visit.php?lid=15026</Url>
        <Speaker>Dean Hochstetler</Speaker>
        <Length>6.71Mb</Length>
        <Status>NOT_STARTED</Status>
        <isSermonSelected>false</isSermonSelected>
    </Sermon>
    <Sermon>
        <Title>(The Role Of Demons In Today's Society) Part 3</Title>
        <Url>http://www.sermonindex.net/modules/mydownloads/visit.php?lid=15027</Url>
        <Speaker>Dean Hochstetler</Speaker>
        <Length>7.86Mb</Length>
        <Status>NOT_STARTED</Status>
        <isSermonSelected>false</isSermonSelected>
    </Sermon>
    <Sermon>
        <Title>(The Role Of Demons In Today's Society) Part 4</Title>
        <Url>http://www.sermonindex.net/modules/mydownloads/visit.php?lid=15028</Url>
        <Speaker>Dean Hochstetler</Speaker>
        <Length>5.89Mb</Length>
        <Status>NOT_STARTED</Status>
        <isSermonSelected>false</isSermonSelected>
    </Sermon>
    <Sermon>
        <Title>(The Role Of Demons In Today's Society) Part 5</Title>
        <Url>http://www.sermonindex.net/modules/mydownloads/visit.php?lid=15029</Url>
        <Speaker>Dean Hochstetler</Speaker>
        <Length>5.91Mb</Length>
        <Status>NOT_STARTED</Status>
        <isSermonSelected>false</isSermonSelected>
    </Sermon>
    <Sermon>
        <Title>(The Role Of Demons In Today's Society) Part 6</Title>
        <Url>http://www.sermonindex.net/modules/mydownloads/visit.php?lid=15030</Url>
        <Speaker>Dean Hochstetler</Speaker>
        <Length>5.29Mb</Length>
        <Status>NOT_STARTED</Status>
        <isSermonSelected>false</isSermonSelected>
    </Sermon>
</Sermons>
