<?xml version="1.0" encoding="UTF-8" standalone="yes"?>
<Sermons>
    <Sermon>
        <Title>Restore The Joy</Title>
        <Url>http://www.sermonindex.net/modules/mydownloads/visit.php?lid=20058</Url>
        <Speaker>Del Fehsenfeld Jr</Speaker>
        <Length>13.52Mb</Length>
        <Status>NOT_STARTED</Status>
        <isSermonSelected>false</isSermonSelected>
    </Sermon>
    <Sermon>
        <Title>Revival is Obedience</Title>
        <Url>http://www.sermonindex.net/modules/mydownloads/visit.php?lid=19434</Url>
        <Speaker>Del Fehsenfeld Jr</Speaker>
        <Length>12.79Mb</Length>
        <Status>NOT_STARTED</Status>
        <isSermonSelected>false</isSermonSelected>
    </Sermon>
</Sermons>
