<?xml version="1.0" encoding="UTF-8" standalone="yes"?>
<Sermons>
    <Sermon>
        <Title>(Christ) Christ Our Example</Title>
        <Url>http://www.sermonindex.net/modules/mydownloads/visit.php?lid=16515</Url>
        <Speaker>Denny Kenaston</Speaker>
        <Length>8.12Mb</Length>
        <Status>NOT_STARTED</Status>
        <isSermonSelected>false</isSermonSelected>
    </Sermon>
    <Sermon>
        <Title>(Christ) The "In Christ" Life</Title>
        <Url>http://www.sermonindex.net/modules/mydownloads/visit.php?lid=16516</Url>
        <Speaker>Denny Kenaston</Speaker>
        <Length>8.44Mb</Length>
        <Status>NOT_STARTED</Status>
        <isSermonSelected>false</isSermonSelected>
    </Sermon>
    <Sermon>
        <Title>(Christ) The Incomparable Christ</Title>
        <Url>http://www.sermonindex.net/modules/mydownloads/visit.php?lid=16512</Url>
        <Speaker>Denny Kenaston</Speaker>
        <Length>7.46Mb</Length>
        <Status>NOT_STARTED</Status>
        <isSermonSelected>false</isSermonSelected>
    </Sermon>
    <Sermon>
        <Title>(Christ) The Power of Christ-Centered Theology - Part 1</Title>
        <Url>http://www.sermonindex.net/modules/mydownloads/visit.php?lid=16513</Url>
        <Speaker>Denny Kenaston</Speaker>
        <Length>7.7Mb</Length>
        <Status>NOT_STARTED</Status>
        <isSermonSelected>false</isSermonSelected>
    </Sermon>
    <Sermon>
        <Title>(Christ) The Power of Christ-Centered Theology - Part 2</Title>
        <Url>http://www.sermonindex.net/modules/mydownloads/visit.php?lid=16514</Url>
        <Speaker>Denny Kenaston</Speaker>
        <Length>7.7Mb</Length>
        <Status>NOT_STARTED</Status>
        <isSermonSelected>false</isSermonSelected>
    </Sermon>
    <Sermon>
        <Title>(ChristThe Way God Makes Man Righteous) 1. God's So Great Salvation</Title>
        <Url>http://www.sermonindex.net/modules/mydownloads/visit.php?lid=18390</Url>
        <Speaker>Denny Kenaston</Speaker>
        <Length>6.21Mb</Length>
        <Status>NOT_STARTED</Status>
        <isSermonSelected>false</isSermonSelected>
    </Sermon>
    <Sermon>
        <Title>(ChristThe Way God Makes Man Righteous) 10. RegenerationBorn of the Spirit</Title>
        <Url>http://www.sermonindex.net/modules/mydownloads/visit.php?lid=18399</Url>
        <Speaker>Denny Kenaston</Speaker>
        <Length>5.89Mb</Length>
        <Status>NOT_STARTED</Status>
        <isSermonSelected>false</isSermonSelected>
    </Sermon>
    <Sermon>
        <Title>(ChristThe Way God Makes Man Righteous) 11. The Just Shall Live Continually by Faith</Title>
        <Url>http://www.sermonindex.net/modules/mydownloads/visit.php?lid=18400</Url>
        <Speaker>Denny Kenaston</Speaker>
        <Length>7.04Mb</Length>
        <Status>NOT_STARTED</Status>
        <isSermonSelected>false</isSermonSelected>
    </Sermon>
    <Sermon>
        <Title>(ChristThe Way God Makes Man Righteous) 12. Sanctification, Surrender, and Sanctification</Title>
        <Url>http://www.sermonindex.net/modules/mydownloads/visit.php?lid=18401</Url>
        <Speaker>Denny Kenaston</Speaker>
        <Length>7.81Mb</Length>
        <Status>NOT_STARTED</Status>
        <isSermonSelected>false</isSermonSelected>
    </Sermon>
    <Sermon>
        <Title>(ChristThe Way God Makes Man Righteous) 13. Righteousness Imparted</Title>
        <Url>http://www.sermonindex.net/modules/mydownloads/visit.php?lid=18402</Url>
        <Speaker>Denny Kenaston</Speaker>
        <Length>7.77Mb</Length>
        <Status>NOT_STARTED</Status>
        <isSermonSelected>false</isSermonSelected>
    </Sermon>
    <Sermon>
        <Title>(ChristThe Way God Makes Man Righteous) 14. Salvation Is Jesus Christ</Title>
        <Url>http://www.sermonindex.net/modules/mydownloads/visit.php?lid=18403</Url>
        <Speaker>Denny Kenaston</Speaker>
        <Length>8.02Mb</Length>
        <Status>NOT_STARTED</Status>
        <isSermonSelected>false</isSermonSelected>
    </Sermon>
    <Sermon>
        <Title>(ChristThe Way God Makes Man Righteous) 15. The Consummation of Salvation</Title>
        <Url>http://www.sermonindex.net/modules/mydownloads/visit.php?lid=18404</Url>
        <Speaker>Denny Kenaston</Speaker>
        <Length>7.33Mb</Length>
        <Status>NOT_STARTED</Status>
        <isSermonSelected>false</isSermonSelected>
    </Sermon>
    <Sermon>
        <Title>(ChristThe Way God Makes Man Righteous) 2. God Demands Righteousness</Title>
        <Url>http://www.sermonindex.net/modules/mydownloads/visit.php?lid=18391</Url>
        <Speaker>Denny Kenaston</Speaker>
        <Length>7.6Mb</Length>
        <Status>NOT_STARTED</Status>
        <isSermonSelected>false</isSermonSelected>
    </Sermon>
    <Sermon>
        <Title>(ChristThe Way God Makes Man Righteous) 3. The Fallen State of Man</Title>
        <Url>http://www.sermonindex.net/modules/mydownloads/visit.php?lid=18392</Url>
        <Speaker>Denny Kenaston</Speaker>
        <Length>7.88Mb</Length>
        <Status>NOT_STARTED</Status>
        <isSermonSelected>false</isSermonSelected>
    </Sermon>
    <Sermon>
        <Title>(ChristThe Way God Makes Man Righteous) 4. The Theology of Atonement</Title>
        <Url>http://www.sermonindex.net/modules/mydownloads/visit.php?lid=18393</Url>
        <Speaker>Denny Kenaston</Speaker>
        <Length>6.98Mb</Length>
        <Status>NOT_STARTED</Status>
        <isSermonSelected>false</isSermonSelected>
    </Sermon>
    <Sermon>
        <Title>(ChristThe Way God Makes Man Righteous) 5. Christ, the Atonement</Title>
        <Url>http://www.sermonindex.net/modules/mydownloads/visit.php?lid=18394</Url>
        <Speaker>Denny Kenaston</Speaker>
        <Length>8.19Mb</Length>
        <Status>NOT_STARTED</Status>
        <isSermonSelected>false</isSermonSelected>
    </Sermon>
    <Sermon>
        <Title>(ChristThe Way God Makes Man Righteous) 6. How God Helps Man See His Need</Title>
        <Url>http://www.sermonindex.net/modules/mydownloads/visit.php?lid=18395</Url>
        <Speaker>Denny Kenaston</Speaker>
        <Length>7.56Mb</Length>
        <Status>NOT_STARTED</Status>
        <isSermonSelected>false</isSermonSelected>
    </Sermon>
    <Sermon>
        <Title>(ChristThe Way God Makes Man Righteous) 7. Conviction Leads to Repentance</Title>
        <Url>http://www.sermonindex.net/modules/mydownloads/visit.php?lid=18396</Url>
        <Speaker>Denny Kenaston</Speaker>
        <Length>7.37Mb</Length>
        <Status>NOT_STARTED</Status>
        <isSermonSelected>false</isSermonSelected>
    </Sermon>
    <Sermon>
        <Title>(ChristThe Way God Makes Man Righteous) 8. Saving Faith</Title>
        <Url>http://www.sermonindex.net/modules/mydownloads/visit.php?lid=18397</Url>
        <Speaker>Denny Kenaston</Speaker>
        <Length>7.26Mb</Length>
        <Status>NOT_STARTED</Status>
        <isSermonSelected>false</isSermonSelected>
    </Sermon>
    <Sermon>
        <Title>(ChristThe Way God Makes Man Righteous) 9. The Righteousness of Faith</Title>
        <Url>http://www.sermonindex.net/modules/mydownloads/visit.php?lid=18398</Url>
        <Speaker>Denny Kenaston</Speaker>
        <Length>7.38Mb</Length>
        <Status>NOT_STARTED</Status>
        <isSermonSelected>false</isSermonSelected>
    </Sermon>
    <Sermon>
        <Title>(Divine Attributes) 01 Visions of the Glory of God</Title>
        <Url>http://www.sermonindex.net/modules/mydownloads/visit.php?lid=12484</Url>
        <Speaker>Denny Kenaston</Speaker>
        <Length>7.3Mb</Length>
        <Status>NOT_STARTED</Status>
        <isSermonSelected>false</isSermonSelected>
    </Sermon>
    <Sermon>
        <Title>(Divine Attributes) 02 A High and Lofty View of God</Title>
        <Url>http://www.sermonindex.net/modules/mydownloads/visit.php?lid=12485</Url>
        <Speaker>Denny Kenaston</Speaker>
        <Length>5.91Mb</Length>
        <Status>NOT_STARTED</Status>
        <isSermonSelected>false</isSermonSelected>
    </Sermon>
    <Sermon>
        <Title>(Divine Attributes) 03 God the Omnipotent Creator</Title>
        <Url>http://www.sermonindex.net/modules/mydownloads/visit.php?lid=12486</Url>
        <Speaker>Denny Kenaston</Speaker>
        <Length>7.66Mb</Length>
        <Status>NOT_STARTED</Status>
        <isSermonSelected>false</isSermonSelected>
    </Sermon>
    <Sermon>
        <Title>(Divine Attributes) 04 Jehovah, the Eternal Self-Existent One</Title>
        <Url>http://www.sermonindex.net/modules/mydownloads/visit.php?lid=12487</Url>
        <Speaker>Denny Kenaston</Speaker>
        <Length>6.77Mb</Length>
        <Status>NOT_STARTED</Status>
        <isSermonSelected>false</isSermonSelected>
    </Sermon>
    <Sermon>
        <Title>(Divine Attributes) 05 God Mysterious</Title>
        <Url>http://www.sermonindex.net/modules/mydownloads/visit.php?lid=12488</Url>
        <Speaker>Denny Kenaston</Speaker>
        <Length>6.67Mb</Length>
        <Status>NOT_STARTED</Status>
        <isSermonSelected>false</isSermonSelected>
    </Sermon>
    <Sermon>
        <Title>(Divine Attributes) 06 The Immensity of God</Title>
        <Url>http://www.sermonindex.net/modules/mydownloads/visit.php?lid=12489</Url>
        <Speaker>Denny Kenaston</Speaker>
        <Length>6.65Mb</Length>
        <Status>NOT_STARTED</Status>
        <isSermonSelected>false</isSermonSelected>
    </Sermon>
    <Sermon>
        <Title>(Divine Attributes) 07 God's Unchanging Perfections</Title>
        <Url>http://www.sermonindex.net/modules/mydownloads/visit.php?lid=12490</Url>
        <Speaker>Denny Kenaston</Speaker>
        <Length>6.4Mb</Length>
        <Status>NOT_STARTED</Status>
        <isSermonSelected>false</isSermonSelected>
    </Sermon>
    <Sermon>
        <Title>(Divine Attributes) 08 Glory to the Omnicient Only Wise God</Title>
        <Url>http://www.sermonindex.net/modules/mydownloads/visit.php?lid=12491</Url>
        <Speaker>Denny Kenaston</Speaker>
        <Length>7.25Mb</Length>
        <Status>NOT_STARTED</Status>
        <isSermonSelected>false</isSermonSelected>
    </Sermon>
    <Sermon>
        <Title>(Divine Attributes) 09 The Sovereign Triune God of the Universe</Title>
        <Url>http://www.sermonindex.net/modules/mydownloads/visit.php?lid=12492</Url>
        <Speaker>Denny Kenaston</Speaker>
        <Length>7.82Mb</Length>
        <Status>NOT_STARTED</Status>
        <isSermonSelected>false</isSermonSelected>
    </Sermon>
    <Sermon>
        <Title>(Divine Attributes) 10 The Awesome Knowledge of the Holy</Title>
        <Url>http://www.sermonindex.net/modules/mydownloads/visit.php?lid=12493</Url>
        <Speaker>Denny Kenaston</Speaker>
        <Length>6.86Mb</Length>
        <Status>NOT_STARTED</Status>
        <isSermonSelected>false</isSermonSelected>
    </Sermon>
    <Sermon>
        <Title>(Divine Attributes) 11 The Righteous Judgment of Almighty God</Title>
        <Url>http://www.sermonindex.net/modules/mydownloads/visit.php?lid=12494</Url>
        <Speaker>Denny Kenaston</Speaker>
        <Length>6.61Mb</Length>
        <Status>NOT_STARTED</Status>
        <isSermonSelected>false</isSermonSelected>
    </Sermon>
    <Sermon>
        <Title>(Divine Attributes) 12 The Divine Perfections of God's Love (Part 1)</Title>
        <Url>http://www.sermonindex.net/modules/mydownloads/visit.php?lid=12495</Url>
        <Speaker>Denny Kenaston</Speaker>
        <Length>7.27Mb</Length>
        <Status>NOT_STARTED</Status>
        <isSermonSelected>false</isSermonSelected>
    </Sermon>
    <Sermon>
        <Title>(Divine Attributes) 13 The Divine Perfections of God's Love (Part 2)</Title>
        <Url>http://www.sermonindex.net/modules/mydownloads/visit.php?lid=12496</Url>
        <Speaker>Denny Kenaston</Speaker>
        <Length>7.52Mb</Length>
        <Status>NOT_STARTED</Status>
        <isSermonSelected>false</isSermonSelected>
    </Sermon>
    <Sermon>
        <Title>(Divine Attributes) 14 The Humility of God</Title>
        <Url>http://www.sermonindex.net/modules/mydownloads/visit.php?lid=12497</Url>
        <Speaker>Denny Kenaston</Speaker>
        <Length>7.02Mb</Length>
        <Status>NOT_STARTED</Status>
        <isSermonSelected>false</isSermonSelected>
    </Sermon>
    <Sermon>
        <Title>(Divine Attributes) 15 Partakers of God's Divine Nature</Title>
        <Url>http://www.sermonindex.net/modules/mydownloads/visit.php?lid=12498</Url>
        <Speaker>Denny Kenaston</Speaker>
        <Length>7.08Mb</Length>
        <Status>NOT_STARTED</Status>
        <isSermonSelected>false</isSermonSelected>
    </Sermon>
    <Sermon>
        <Title>(Dreams &amp; Visions of a Godly Home) A Home FOR GOD</Title>
        <Url>http://www.sermonindex.net/modules/mydownloads/visit.php?lid=14149</Url>
        <Speaker>Denny Kenaston</Speaker>
        <Length>6.34Mb</Length>
        <Status>NOT_STARTED</Status>
        <isSermonSelected>false</isSermonSelected>
    </Sermon>
    <Sermon>
        <Title>(Dreams &amp; Visions of a Godly Home) Holy Dreams &amp; Visions</Title>
        <Url>http://www.sermonindex.net/modules/mydownloads/visit.php?lid=14148</Url>
        <Speaker>Denny Kenaston</Speaker>
        <Length>6.68Mb</Length>
        <Status>NOT_STARTED</Status>
        <isSermonSelected>false</isSermonSelected>
    </Sermon>
    <Sermon>
        <Title>(Dreams &amp; Visions of a Godly Home) How Do I Prepare? (Part 1)</Title>
        <Url>http://www.sermonindex.net/modules/mydownloads/visit.php?lid=14151</Url>
        <Speaker>Denny Kenaston</Speaker>
        <Length>7.27Mb</Length>
        <Status>NOT_STARTED</Status>
        <isSermonSelected>false</isSermonSelected>
    </Sermon>
    <Sermon>
        <Title>(Dreams &amp; Visions of a Godly Home) How Do I Prepare? (Part 2)</Title>
        <Url>http://www.sermonindex.net/modules/mydownloads/visit.php?lid=14152</Url>
        <Speaker>Denny Kenaston</Speaker>
        <Length>7.01Mb</Length>
        <Status>NOT_STARTED</Status>
        <isSermonSelected>false</isSermonSelected>
    </Sermon>
    <Sermon>
        <Title>(Dreams &amp; Visions of a Godly Home) The Beautiful Influence Of A Godly Home</Title>
        <Url>http://www.sermonindex.net/modules/mydownloads/visit.php?lid=14150</Url>
        <Speaker>Denny Kenaston</Speaker>
        <Length>7.27Mb</Length>
        <Status>NOT_STARTED</Status>
        <isSermonSelected>false</isSermonSelected>
    </Sermon>
    <Sermon>
        <Title>(Early Anabaptism) Christ in Early Anabaptism</Title>
        <Url>http://www.sermonindex.net/modules/mydownloads/visit.php?lid=17836</Url>
        <Speaker>Denny Kenaston</Speaker>
        <Length>7.25Mb</Length>
        <Status>NOT_STARTED</Status>
        <isSermonSelected>false</isSermonSelected>
    </Sermon>
    <Sermon>
        <Title>(Early Anabaptism) Foundation Stones in the Anabaptist Faith</Title>
        <Url>http://www.sermonindex.net/modules/mydownloads/visit.php?lid=17839</Url>
        <Speaker>Denny Kenaston</Speaker>
        <Length>8.98Mb</Length>
        <Status>NOT_STARTED</Status>
        <isSermonSelected>false</isSermonSelected>
    </Sermon>
    <Sermon>
        <Title>(Early Anabaptism) GelassenheitComplete Surrender</Title>
        <Url>http://www.sermonindex.net/modules/mydownloads/visit.php?lid=17838</Url>
        <Speaker>Denny Kenaston</Speaker>
        <Length>9.06Mb</Length>
        <Status>NOT_STARTED</Status>
        <isSermonSelected>false</isSermonSelected>
    </Sermon>
    <Sermon>
        <Title>(Early Anabaptism) Reviving the Righteous Root of Anabaptism</Title>
        <Url>http://www.sermonindex.net/modules/mydownloads/visit.php?lid=17841</Url>
        <Speaker>Denny Kenaston</Speaker>
        <Length>10.31Mb</Length>
        <Status>NOT_STARTED</Status>
        <isSermonSelected>false</isSermonSelected>
    </Sermon>
    <Sermon>
        <Title>(Early Anabaptism) The Anabaptist Vision</Title>
        <Url>http://www.sermonindex.net/modules/mydownloads/visit.php?lid=17840</Url>
        <Speaker>Denny Kenaston</Speaker>
        <Length>8.92Mb</Length>
        <Status>NOT_STARTED</Status>
        <isSermonSelected>false</isSermonSelected>
    </Sermon>
    <Sermon>
        <Title>(Early Anabaptism) The Approaching Wave of Persecution</Title>
        <Url>http://www.sermonindex.net/modules/mydownloads/visit.php?lid=17842</Url>
        <Speaker>Denny Kenaston</Speaker>
        <Length>10.1Mb</Length>
        <Status>NOT_STARTED</Status>
        <isSermonSelected>false</isSermonSelected>
    </Sermon>
    <Sermon>
        <Title>(Early Anabaptism) Theology Versus Anabaptist Reality</Title>
        <Url>http://www.sermonindex.net/modules/mydownloads/visit.php?lid=17837</Url>
        <Speaker>Denny Kenaston</Speaker>
        <Length>9.1Mb</Length>
        <Status>NOT_STARTED</Status>
        <isSermonSelected>false</isSermonSelected>
    </Sermon>
    <Sermon>
        <Title>(Godly Courtship) 01 Godly Courtship (Part 1)</Title>
        <Url>http://www.sermonindex.net/modules/mydownloads/visit.php?lid=12499</Url>
        <Speaker>Denny Kenaston</Speaker>
        <Length>8.15Mb</Length>
        <Status>NOT_STARTED</Status>
        <isSermonSelected>false</isSermonSelected>
    </Sermon>
    <Sermon>
        <Title>(Godly Courtship) 02 Godly Courtship (Part 2)</Title>
        <Url>http://www.sermonindex.net/modules/mydownloads/visit.php?lid=12500</Url>
        <Speaker>Denny Kenaston</Speaker>
        <Length>7.1Mb</Length>
        <Status>NOT_STARTED</Status>
        <isSermonSelected>false</isSermonSelected>
    </Sermon>
    <Sermon>
        <Title>(Godly Courtship) 03 Godly Courtship (Part 3)</Title>
        <Url>http://www.sermonindex.net/modules/mydownloads/visit.php?lid=12501</Url>
        <Speaker>Denny Kenaston</Speaker>
        <Length>5.56Mb</Length>
        <Status>NOT_STARTED</Status>
        <isSermonSelected>false</isSermonSelected>
    </Sermon>
    <Sermon>
        <Title>(Godly Courtship) 04 Testimonies Of Courtship</Title>
        <Url>http://www.sermonindex.net/modules/mydownloads/visit.php?lid=12502</Url>
        <Speaker>Denny Kenaston</Speaker>
        <Length>9Mb</Length>
        <Status>NOT_STARTED</Status>
        <isSermonSelected>false</isSermonSelected>
    </Sermon>
    <Sermon>
        <Title>(Godly Courtship) 05 Godly Courtship - Question &amp; Answer</Title>
        <Url>http://www.sermonindex.net/modules/mydownloads/visit.php?lid=12503</Url>
        <Speaker>Denny Kenaston</Speaker>
        <Length>8.27Mb</Length>
        <Status>NOT_STARTED</Status>
        <isSermonSelected>false</isSermonSelected>
    </Sermon>
    <Sermon>
        <Title>(Godly Courtship) 06 Marriage, Courtship And Marriage</Title>
        <Url>http://www.sermonindex.net/modules/mydownloads/visit.php?lid=12504</Url>
        <Speaker>Denny Kenaston</Speaker>
        <Length>8.08Mb</Length>
        <Status>NOT_STARTED</Status>
        <isSermonSelected>false</isSermonSelected>
    </Sermon>
    <Sermon>
        <Title>(Godly Home) Part 1 - The Holy Art of Training Children</Title>
        <Url>http://www.sermonindex.net/modules/mydownloads/visit.php?lid=7305</Url>
        <Speaker>Denny Kenaston</Speaker>
        <Length>4.41Mb</Length>
        <Status>NOT_STARTED</Status>
        <isSermonSelected>false</isSermonSelected>
    </Sermon>
    <Sermon>
        <Title>(Godly Home) Part 10 - The Hearts of the Fathers Must Turn</Title>
        <Url>http://www.sermonindex.net/modules/mydownloads/visit.php?lid=7314</Url>
        <Speaker>Denny Kenaston</Speaker>
        <Length>4.9Mb</Length>
        <Status>NOT_STARTED</Status>
        <isSermonSelected>false</isSermonSelected>
    </Sermon>
    <Sermon>
        <Title>(Godly Home) Part 11 - The Rod is Love</Title>
        <Url>http://www.sermonindex.net/modules/mydownloads/visit.php?lid=7315</Url>
        <Speaker>Denny Kenaston</Speaker>
        <Length>4.73Mb</Length>
        <Status>NOT_STARTED</Status>
        <isSermonSelected>false</isSermonSelected>
    </Sermon>
    <Sermon>
        <Title>(Godly Home) Part 12 - A Sacred Exercise</Title>
        <Url>http://www.sermonindex.net/modules/mydownloads/visit.php?lid=7316</Url>
        <Speaker>Denny Kenaston</Speaker>
        <Length>4.65Mb</Length>
        <Status>NOT_STARTED</Status>
        <isSermonSelected>false</isSermonSelected>
    </Sermon>
    <Sermon>
        <Title>(Godly Home) Part 13 - The Training of the Will</Title>
        <Url>http://www.sermonindex.net/modules/mydownloads/visit.php?lid=7317</Url>
        <Speaker>Denny Kenaston</Speaker>
        <Length>4.65Mb</Length>
        <Status>NOT_STARTED</Status>
        <isSermonSelected>false</isSermonSelected>
    </Sermon>
    <Sermon>
        <Title>(Godly Home) Part 14 - The Bondage of Foolishness</Title>
        <Url>http://www.sermonindex.net/modules/mydownloads/visit.php?lid=7318</Url>
        <Speaker>Denny Kenaston</Speaker>
        <Length>4.46Mb</Length>
        <Status>NOT_STARTED</Status>
        <isSermonSelected>false</isSermonSelected>
    </Sermon>
    <Sermon>
        <Title>(Godly Home) Part 15 - Father - the Anointed Teacher</Title>
        <Url>http://www.sermonindex.net/modules/mydownloads/visit.php?lid=7319</Url>
        <Speaker>Denny Kenaston</Speaker>
        <Length>4.75Mb</Length>
        <Status>NOT_STARTED</Status>
        <isSermonSelected>false</isSermonSelected>
    </Sermon>
    <Sermon>
        <Title>(Godly Home) Part 16 - Train Up a Child</Title>
        <Url>http://www.sermonindex.net/modules/mydownloads/visit.php?lid=7320</Url>
        <Speaker>Denny Kenaston</Speaker>
        <Length>4.71Mb</Length>
        <Status>NOT_STARTED</Status>
        <isSermonSelected>false</isSermonSelected>
    </Sermon>
    <Sermon>
        <Title>(Godly Home) Part 17 - A Quiet, Ordered Life</Title>
        <Url>http://www.sermonindex.net/modules/mydownloads/visit.php?lid=7321</Url>
        <Speaker>Denny Kenaston</Speaker>
        <Length>4.64Mb</Length>
        <Status>NOT_STARTED</Status>
        <isSermonSelected>false</isSermonSelected>
    </Sermon>
    <Sermon>
        <Title>(Godly Home) Part 18 - Three Mysterious Influences in the Home</Title>
        <Url>http://www.sermonindex.net/modules/mydownloads/visit.php?lid=7322</Url>
        <Speaker>Denny Kenaston</Speaker>
        <Length>4.76Mb</Length>
        <Status>NOT_STARTED</Status>
        <isSermonSelected>false</isSermonSelected>
    </Sermon>
    <Sermon>
        <Title>(Godly Home) Part 19 - Children - a Dwelling Place for the Living God</Title>
        <Url>http://www.sermonindex.net/modules/mydownloads/visit.php?lid=7323</Url>
        <Speaker>Denny Kenaston</Speaker>
        <Length>4.78Mb</Length>
        <Status>NOT_STARTED</Status>
        <isSermonSelected>false</isSermonSelected>
    </Sermon>
    <Sermon>
        <Title>(Godly Home) Part 2 - The Foundation of a Godly Home</Title>
        <Url>http://www.sermonindex.net/modules/mydownloads/visit.php?lid=7306</Url>
        <Speaker>Denny Kenaston</Speaker>
        <Length>4.25Mb</Length>
        <Status>NOT_STARTED</Status>
        <isSermonSelected>false</isSermonSelected>
    </Sermon>
    <Sermon>
        <Title>(Godly Home) Part 20 - Father is a Watchman</Title>
        <Url>http://www.sermonindex.net/modules/mydownloads/visit.php?lid=7324</Url>
        <Speaker>Denny Kenaston</Speaker>
        <Length>4.57Mb</Length>
        <Status>NOT_STARTED</Status>
        <isSermonSelected>false</isSermonSelected>
    </Sermon>
    <Sermon>
        <Title>(Godly Home) Part 21 - The Hidden Women</Title>
        <Url>http://www.sermonindex.net/modules/mydownloads/visit.php?lid=7325</Url>
        <Speaker>Denny Kenaston</Speaker>
        <Length>9.21Mb</Length>
        <Status>NOT_STARTED</Status>
        <isSermonSelected>false</isSermonSelected>
    </Sermon>
    <Sermon>
        <Title>(Godly Home) Part 22 - Where are the Men</Title>
        <Url>http://www.sermonindex.net/modules/mydownloads/visit.php?lid=7326</Url>
        <Speaker>Denny Kenaston</Speaker>
        <Length>4.65Mb</Length>
        <Status>NOT_STARTED</Status>
        <isSermonSelected>false</isSermonSelected>
    </Sermon>
    <Sermon>
        <Title>(Godly Home) Part 23 - Fighting Battles for the Next Generation</Title>
        <Url>http://www.sermonindex.net/modules/mydownloads/visit.php?lid=7327</Url>
        <Speaker>Denny Kenaston</Speaker>
        <Length>4.86Mb</Length>
        <Status>NOT_STARTED</Status>
        <isSermonSelected>false</isSermonSelected>
    </Sermon>
    <Sermon>
        <Title>(Godly Home) Part 24 - Godly men have radiant Wives</Title>
        <Url>http://www.sermonindex.net/modules/mydownloads/visit.php?lid=7328</Url>
        <Speaker>Denny Kenaston</Speaker>
        <Length>4.48Mb</Length>
        <Status>NOT_STARTED</Status>
        <isSermonSelected>false</isSermonSelected>
    </Sermon>
    <Sermon>
        <Title>(Godly Home) Part 25 - Joining the Next Generation</Title>
        <Url>http://www.sermonindex.net/modules/mydownloads/visit.php?lid=7329</Url>
        <Speaker>Denny Kenaston</Speaker>
        <Length>4.45Mb</Length>
        <Status>NOT_STARTED</Status>
        <isSermonSelected>false</isSermonSelected>
    </Sermon>
    <Sermon>
        <Title>(Godly Home) Part 26 - Youth - Anointed Disciples of Jesus Christ</Title>
        <Url>http://www.sermonindex.net/modules/mydownloads/visit.php?lid=7330</Url>
        <Speaker>Denny Kenaston</Speaker>
        <Length>4.36Mb</Length>
        <Status>NOT_STARTED</Status>
        <isSermonSelected>false</isSermonSelected>
    </Sermon>
    <Sermon>
        <Title>(Godly Home) Part 27 - Households on Fire</Title>
        <Url>http://www.sermonindex.net/modules/mydownloads/visit.php?lid=7331</Url>
        <Speaker>Denny Kenaston</Speaker>
        <Length>4.84Mb</Length>
        <Status>NOT_STARTED</Status>
        <isSermonSelected>false</isSermonSelected>
    </Sermon>
    <Sermon>
        <Title>(Godly Home) Part 28 - The overtaking Blessings on the Second Generation</Title>
        <Url>http://www.sermonindex.net/modules/mydownloads/visit.php?lid=7332</Url>
        <Speaker>Denny Kenaston</Speaker>
        <Length>6Mb</Length>
        <Status>NOT_STARTED</Status>
        <isSermonSelected>false</isSermonSelected>
    </Sermon>
    <Sermon>
        <Title>(Godly Home) Part 3 - The Eternal Value of a Child</Title>
        <Url>http://www.sermonindex.net/modules/mydownloads/visit.php?lid=7307</Url>
        <Speaker>Denny Kenaston</Speaker>
        <Length>4.55Mb</Length>
        <Status>NOT_STARTED</Status>
        <isSermonSelected>false</isSermonSelected>
    </Sermon>
    <Sermon>
        <Title>(Godly Home) Part 4 - A Vision that Motivates</Title>
        <Url>http://www.sermonindex.net/modules/mydownloads/visit.php?lid=7308</Url>
        <Speaker>Denny Kenaston</Speaker>
        <Length>4.58Mb</Length>
        <Status>NOT_STARTED</Status>
        <isSermonSelected>false</isSermonSelected>
    </Sermon>
    <Sermon>
        <Title>(Godly Home) Part 5 - A Godly Heritage Today</Title>
        <Url>http://www.sermonindex.net/modules/mydownloads/visit.php?lid=7309</Url>
        <Speaker>Denny Kenaston</Speaker>
        <Length>4.79Mb</Length>
        <Status>NOT_STARTED</Status>
        <isSermonSelected>false</isSermonSelected>
    </Sermon>
    <Sermon>
        <Title>(Godly Home) Part 6 - Bible Pictures of Promise</Title>
        <Url>http://www.sermonindex.net/modules/mydownloads/visit.php?lid=7310</Url>
        <Speaker>Denny Kenaston</Speaker>
        <Length>4.93Mb</Length>
        <Status>NOT_STARTED</Status>
        <isSermonSelected>false</isSermonSelected>
    </Sermon>
    <Sermon>
        <Title>(Godly Home) Part 7 - More Pictures of Promise</Title>
        <Url>http://www.sermonindex.net/modules/mydownloads/visit.php?lid=7311</Url>
        <Speaker>Denny Kenaston</Speaker>
        <Length>4.81Mb</Length>
        <Status>NOT_STARTED</Status>
        <isSermonSelected>false</isSermonSelected>
    </Sermon>
    <Sermon>
        <Title>(Godly Home) Part 8 - Wholehearted Households</Title>
        <Url>http://www.sermonindex.net/modules/mydownloads/visit.php?lid=7312</Url>
        <Speaker>Denny Kenaston</Speaker>
        <Length>4.9Mb</Length>
        <Status>NOT_STARTED</Status>
        <isSermonSelected>false</isSermonSelected>
    </Sermon>
    <Sermon>
        <Title>(Godly Home) Part 9 - The Key to Obedience is Blessings</Title>
        <Url>http://www.sermonindex.net/modules/mydownloads/visit.php?lid=7313</Url>
        <Speaker>Denny Kenaston</Speaker>
        <Length>4.79Mb</Length>
        <Status>NOT_STARTED</Status>
        <isSermonSelected>false</isSermonSelected>
    </Sermon>
    <Sermon>
        <Title>(Guidelines for Winning Souls) Are You A Soulwinner?</Title>
        <Url>http://www.sermonindex.net/modules/mydownloads/visit.php?lid=14187</Url>
        <Speaker>Denny Kenaston</Speaker>
        <Length>5.44Mb</Length>
        <Status>NOT_STARTED</Status>
        <isSermonSelected>false</isSermonSelected>
    </Sermon>
    <Sermon>
        <Title>(Guidelines for Winning Souls) Attitudes That Defeat Us In Soulwinning</Title>
        <Url>http://www.sermonindex.net/modules/mydownloads/visit.php?lid=14190</Url>
        <Speaker>Denny Kenaston</Speaker>
        <Length>4.85Mb</Length>
        <Status>NOT_STARTED</Status>
        <isSermonSelected>false</isSermonSelected>
    </Sermon>
    <Sermon>
        <Title>(Guidelines for Winning Souls) Drawing The Net</Title>
        <Url>http://www.sermonindex.net/modules/mydownloads/visit.php?lid=14189</Url>
        <Speaker>Denny Kenaston</Speaker>
        <Length>3.41Mb</Length>
        <Status>NOT_STARTED</Status>
        <isSermonSelected>false</isSermonSelected>
    </Sermon>
    <Sermon>
        <Title>(Guidelines for Winning Souls) How to Win a Soul</Title>
        <Url>http://www.sermonindex.net/modules/mydownloads/visit.php?lid=14188</Url>
        <Speaker>Denny Kenaston</Speaker>
        <Length>4.61Mb</Length>
        <Status>NOT_STARTED</Status>
        <isSermonSelected>false</isSermonSelected>
    </Sermon>
    <Sermon>
        <Title>(Guidelines for Winning Souls) Lead a Soul to Christ</Title>
        <Url>http://www.sermonindex.net/modules/mydownloads/visit.php?lid=14192</Url>
        <Speaker>Denny Kenaston</Speaker>
        <Length>6.9Mb</Length>
        <Status>NOT_STARTED</Status>
        <isSermonSelected>false</isSermonSelected>
    </Sermon>
    <Sermon>
        <Title>(Guidelines for Winning Souls) The Effective Use of Questions</Title>
        <Url>http://www.sermonindex.net/modules/mydownloads/visit.php?lid=14191</Url>
        <Speaker>Denny Kenaston</Speaker>
        <Length>6.39Mb</Length>
        <Status>NOT_STARTED</Status>
        <isSermonSelected>false</isSermonSelected>
    </Sermon>
    <Sermon>
        <Title>(I Am a Disciple of Jesus Christ) A Disciple Is Other Worldly</Title>
        <Url>http://www.sermonindex.net/modules/mydownloads/visit.php?lid=14364</Url>
        <Speaker>Denny Kenaston</Speaker>
        <Length>8Mb</Length>
        <Status>NOT_STARTED</Status>
        <isSermonSelected>false</isSermonSelected>
    </Sermon>
    <Sermon>
        <Title>(I Am a Disciple of Jesus Christ) Introduction</Title>
        <Url>http://www.sermonindex.net/modules/mydownloads/visit.php?lid=14360</Url>
        <Speaker>Denny Kenaston</Speaker>
        <Length>6.59Mb</Length>
        <Status>NOT_STARTED</Status>
        <isSermonSelected>false</isSermonSelected>
    </Sermon>
    <Sermon>
        <Title>(I Am a Disciple of Jesus Christ) The Disciple And His Neighbors</Title>
        <Url>http://www.sermonindex.net/modules/mydownloads/visit.php?lid=14362</Url>
        <Speaker>Denny Kenaston</Speaker>
        <Length>6.74Mb</Length>
        <Status>NOT_STARTED</Status>
        <isSermonSelected>false</isSermonSelected>
    </Sermon>
    <Sermon>
        <Title>(I Am a Disciple of Jesus Christ) The Power Of A Disciple</Title>
        <Url>http://www.sermonindex.net/modules/mydownloads/visit.php?lid=14363</Url>
        <Speaker>Denny Kenaston</Speaker>
        <Length>7.24Mb</Length>
        <Status>NOT_STARTED</Status>
        <isSermonSelected>false</isSermonSelected>
    </Sermon>
    <Sermon>
        <Title>(I Am a Disciple of Jesus Christ) The Spirit Of A Disciple</Title>
        <Url>http://www.sermonindex.net/modules/mydownloads/visit.php?lid=14361</Url>
        <Speaker>Denny Kenaston</Speaker>
        <Length>6.74Mb</Length>
        <Status>NOT_STARTED</Status>
        <isSermonSelected>false</isSermonSelected>
    </Sermon>
    <Sermon>
        <Title>(The Life of David) 01 The School of Christ for David</Title>
        <Url>http://www.sermonindex.net/modules/mydownloads/visit.php?lid=12518</Url>
        <Speaker>Denny Kenaston</Speaker>
        <Length>6.89Mb</Length>
        <Status>NOT_STARTED</Status>
        <isSermonSelected>false</isSermonSelected>
    </Sermon>
    <Sermon>
        <Title>(The Life of David) 02 Humility in the Life of David</Title>
        <Url>http://www.sermonindex.net/modules/mydownloads/visit.php?lid=12519</Url>
        <Speaker>Denny Kenaston</Speaker>
        <Length>7.42Mb</Length>
        <Status>NOT_STARTED</Status>
        <isSermonSelected>false</isSermonSelected>
    </Sermon>
    <Sermon>
        <Title>(The Life of David) 03 Friends and Foes in David's Life</Title>
        <Url>http://www.sermonindex.net/modules/mydownloads/visit.php?lid=12520</Url>
        <Speaker>Denny Kenaston</Speaker>
        <Length>8.97Mb</Length>
        <Status>NOT_STARTED</Status>
        <isSermonSelected>false</isSermonSelected>
    </Sermon>
    <Sermon>
        <Title>(The Life of David) 04 David's Possession, David's Passion, &amp; David's Praise</Title>
        <Url>http://www.sermonindex.net/modules/mydownloads/visit.php?lid=12521</Url>
        <Speaker>Denny Kenaston</Speaker>
        <Length>7.92Mb</Length>
        <Status>NOT_STARTED</Status>
        <isSermonSelected>false</isSermonSelected>
    </Sermon>
    <Sermon>
        <Title>(The Life of David) 05 Purpose and Power in David's Life</Title>
        <Url>http://www.sermonindex.net/modules/mydownloads/visit.php?lid=12522</Url>
        <Speaker>Denny Kenaston</Speaker>
        <Length>7.53Mb</Length>
        <Status>NOT_STARTED</Status>
        <isSermonSelected>false</isSermonSelected>
    </Sermon>
    <Sermon>
        <Title>(The Life of David) 06 A Man After God's Own Heart</Title>
        <Url>http://www.sermonindex.net/modules/mydownloads/visit.php?lid=12523</Url>
        <Speaker>Denny Kenaston</Speaker>
        <Length>7.25Mb</Length>
        <Status>NOT_STARTED</Status>
        <isSermonSelected>false</isSermonSelected>
    </Sermon>
    <Sermon>
        <Title>(The Spiritual Man) Christian Perfection</Title>
        <Url>http://www.sermonindex.net/modules/mydownloads/visit.php?lid=14155</Url>
        <Speaker>Denny Kenaston</Speaker>
        <Length>6.3Mb</Length>
        <Status>NOT_STARTED</Status>
        <isSermonSelected>false</isSermonSelected>
    </Sermon>
    <Sermon>
        <Title>(The Spiritual Man) Clear Conversion</Title>
        <Url>http://www.sermonindex.net/modules/mydownloads/visit.php?lid=14154</Url>
        <Speaker>Denny Kenaston</Speaker>
        <Length>6.6Mb</Length>
        <Status>NOT_STARTED</Status>
        <isSermonSelected>false</isSermonSelected>
    </Sermon>
    <Sermon>
        <Title>(The Spiritual Man) Spiritual Mindedness</Title>
        <Url>http://www.sermonindex.net/modules/mydownloads/visit.php?lid=14158</Url>
        <Speaker>Denny Kenaston</Speaker>
        <Length>7.21Mb</Length>
        <Status>NOT_STARTED</Status>
        <isSermonSelected>false</isSermonSelected>
    </Sermon>
    <Sermon>
        <Title>(The Spiritual Man) The Law Of Blessings</Title>
        <Url>http://www.sermonindex.net/modules/mydownloads/visit.php?lid=14157</Url>
        <Speaker>Denny Kenaston</Speaker>
        <Length>7.78Mb</Length>
        <Status>NOT_STARTED</Status>
        <isSermonSelected>false</isSermonSelected>
    </Sermon>
    <Sermon>
        <Title>(The Spiritual Man) The Law Of The Spirit</Title>
        <Url>http://www.sermonindex.net/modules/mydownloads/visit.php?lid=14156</Url>
        <Speaker>Denny Kenaston</Speaker>
        <Length>7.18Mb</Length>
        <Status>NOT_STARTED</Status>
        <isSermonSelected>false</isSermonSelected>
    </Sermon>
    <Sermon>
        <Title>(The Spiritual Man) When God Comes</Title>
        <Url>http://www.sermonindex.net/modules/mydownloads/visit.php?lid=14153</Url>
        <Speaker>Denny Kenaston</Speaker>
        <Length>10.11Mb</Length>
        <Status>NOT_STARTED</Status>
        <isSermonSelected>false</isSermonSelected>
    </Sermon>
    <Sermon>
        <Title>(Timeless Doctrines) Revelation's Timeless Doctrines - Part 1</Title>
        <Url>http://www.sermonindex.net/modules/mydownloads/visit.php?lid=14586</Url>
        <Speaker>Denny Kenaston</Speaker>
        <Length>8.24Mb</Length>
        <Status>NOT_STARTED</Status>
        <isSermonSelected>false</isSermonSelected>
    </Sermon>
    <Sermon>
        <Title>(Timeless Doctrines) Revelation's Timeless Doctrines - Part 2</Title>
        <Url>http://www.sermonindex.net/modules/mydownloads/visit.php?lid=14587</Url>
        <Speaker>Denny Kenaston</Speaker>
        <Length>9.79Mb</Length>
        <Status>NOT_STARTED</Status>
        <isSermonSelected>false</isSermonSelected>
    </Sermon>
    <Sermon>
        <Title>(Timeless Doctrines) Revelation's Timeless Doctrines - Part 3</Title>
        <Url>http://www.sermonindex.net/modules/mydownloads/visit.php?lid=14588</Url>
        <Speaker>Denny Kenaston</Speaker>
        <Length>5.27Mb</Length>
        <Status>NOT_STARTED</Status>
        <isSermonSelected>false</isSermonSelected>
    </Sermon>
    <Sermon>
        <Title>(Timeless Doctrines) Revelation's Timeless Doctrines - Part 4</Title>
        <Url>http://www.sermonindex.net/modules/mydownloads/visit.php?lid=14589</Url>
        <Speaker>Denny Kenaston</Speaker>
        <Length>9.23Mb</Length>
        <Status>NOT_STARTED</Status>
        <isSermonSelected>false</isSermonSelected>
    </Sermon>
    <Sermon>
        <Title>(Timeless Doctrines) What Kind Of A Church Do You Go To? - Part 5</Title>
        <Url>http://www.sermonindex.net/modules/mydownloads/visit.php?lid=14584</Url>
        <Speaker>Denny Kenaston</Speaker>
        <Length>8.19Mb</Length>
        <Status>NOT_STARTED</Status>
        <isSermonSelected>false</isSermonSelected>
    </Sermon>
    <Sermon>
        <Title>(Timeless Doctrines) What Kind Of A Church Do You Go To? - Part 6</Title>
        <Url>http://www.sermonindex.net/modules/mydownloads/visit.php?lid=14585</Url>
        <Speaker>Denny Kenaston</Speaker>
        <Length>9.33Mb</Length>
        <Status>NOT_STARTED</Status>
        <isSermonSelected>false</isSermonSelected>
    </Sermon>
    <Sermon>
        <Title>(Youth and the Fires of Devotion) The Fire Of His Glory</Title>
        <Url>http://www.sermonindex.net/modules/mydownloads/visit.php?lid=14163</Url>
        <Speaker>Denny Kenaston</Speaker>
        <Length>5.33Mb</Length>
        <Status>NOT_STARTED</Status>
        <isSermonSelected>false</isSermonSelected>
    </Sermon>
    <Sermon>
        <Title>(Youth and the Fires of Devotion) The Fire On The Altar That Consumes</Title>
        <Url>http://www.sermonindex.net/modules/mydownloads/visit.php?lid=14159</Url>
        <Speaker>Denny Kenaston</Speaker>
        <Length>5.4Mb</Length>
        <Status>NOT_STARTED</Status>
        <isSermonSelected>false</isSermonSelected>
    </Sermon>
    <Sermon>
        <Title>(Youth and the Fires of Devotion) The Fire That Burns Incense</Title>
        <Url>http://www.sermonindex.net/modules/mydownloads/visit.php?lid=14162</Url>
        <Speaker>Denny Kenaston</Speaker>
        <Length>6.11Mb</Length>
        <Status>NOT_STARTED</Status>
        <isSermonSelected>false</isSermonSelected>
    </Sermon>
    <Sermon>
        <Title>(Youth and the Fires of Devotion) The Fire That Illuminates</Title>
        <Url>http://www.sermonindex.net/modules/mydownloads/visit.php?lid=14161</Url>
        <Speaker>Denny Kenaston</Speaker>
        <Length>5.59Mb</Length>
        <Status>NOT_STARTED</Status>
        <isSermonSelected>false</isSermonSelected>
    </Sermon>
    <Sermon>
        <Title>(Youth and the Fires of Devotion) The Fire That Makes Bread</Title>
        <Url>http://www.sermonindex.net/modules/mydownloads/visit.php?lid=14160</Url>
        <Speaker>Denny Kenaston</Speaker>
        <Length>5.69Mb</Length>
        <Status>NOT_STARTED</Status>
        <isSermonSelected>false</isSermonSelected>
    </Sermon>
    <Sermon>
        <Title>(Youth Bible School 2007) By Faith Possess Patience, Godliness, and Love</Title>
        <Url>http://www.sermonindex.net/modules/mydownloads/visit.php?lid=16169</Url>
        <Speaker>Denny Kenaston</Speaker>
        <Length>7.58Mb</Length>
        <Status>NOT_STARTED</Status>
        <isSermonSelected>false</isSermonSelected>
    </Sermon>
    <Sermon>
        <Title>(Youth Bible School 2007) By Faith Possess Virtue, Knowledge, and Temperance</Title>
        <Url>http://www.sermonindex.net/modules/mydownloads/visit.php?lid=16168</Url>
        <Speaker>Denny Kenaston</Speaker>
        <Length>7.61Mb</Length>
        <Status>NOT_STARTED</Status>
        <isSermonSelected>false</isSermonSelected>
    </Sermon>
    <Sermon>
        <Title>(Youth Bible School 2007) Let Us Go In and Possess the Land</Title>
        <Url>http://www.sermonindex.net/modules/mydownloads/visit.php?lid=16167</Url>
        <Speaker>Denny Kenaston</Speaker>
        <Length>6.84Mb</Length>
        <Status>NOT_STARTED</Status>
        <isSermonSelected>false</isSermonSelected>
    </Sermon>
    <Sermon>
        <Title>(Youth Bible School 2007) Make Your Calling and Election Sure</Title>
        <Url>http://www.sermonindex.net/modules/mydownloads/visit.php?lid=16170</Url>
        <Speaker>Denny Kenaston</Speaker>
        <Length>7.63Mb</Length>
        <Status>NOT_STARTED</Status>
        <isSermonSelected>false</isSermonSelected>
    </Sermon>
    <Sermon>
        <Title>(Youth Bible School 2007) The Faith of the Apostles</Title>
        <Url>http://www.sermonindex.net/modules/mydownloads/visit.php?lid=16166</Url>
        <Speaker>Denny Kenaston</Speaker>
        <Length>6.13Mb</Length>
        <Status>NOT_STARTED</Status>
        <isSermonSelected>false</isSermonSelected>
    </Sermon>
    <Sermon>
        <Title>A Declaration of the Faith</Title>
        <Url>http://www.sermonindex.net/modules/mydownloads/visit.php?lid=12567</Url>
        <Speaker>Denny Kenaston</Speaker>
        <Length>7.93Mb</Length>
        <Status>NOT_STARTED</Status>
        <isSermonSelected>false</isSermonSelected>
    </Sermon>
    <Sermon>
        <Title>A Declaration of the Faith - Part 6</Title>
        <Url>http://www.sermonindex.net/modules/mydownloads/visit.php?lid=4005</Url>
        <Speaker>Denny Kenaston</Speaker>
        <Length>7.93Mb</Length>
        <Status>NOT_STARTED</Status>
        <isSermonSelected>false</isSermonSelected>
    </Sermon>
    <Sermon>
        <Title>A Godly Heritage (alternative)</Title>
        <Url>http://www.sermonindex.net/modules/mydownloads/visit.php?lid=19410</Url>
        <Speaker>Denny Kenaston</Speaker>
        <Length>17.2Mb</Length>
        <Status>NOT_STARTED</Status>
        <isSermonSelected>false</isSermonSelected>
    </Sermon>
    <Sermon>
        <Title>A Parable of Security, Stagnation, Seduction, Survival - Part 1</Title>
        <Url>http://www.sermonindex.net/modules/mydownloads/visit.php?lid=12545</Url>
        <Speaker>Denny Kenaston</Speaker>
        <Length>12.17Mb</Length>
        <Status>NOT_STARTED</Status>
        <isSermonSelected>false</isSermonSelected>
    </Sermon>
    <Sermon>
        <Title>A Parable of Security, Stagnation, Seduction, Survival - Part 2</Title>
        <Url>http://www.sermonindex.net/modules/mydownloads/visit.php?lid=12546</Url>
        <Speaker>Denny Kenaston</Speaker>
        <Length>12.17Mb</Length>
        <Status>NOT_STARTED</Status>
        <isSermonSelected>false</isSermonSelected>
    </Sermon>
    <Sermon>
        <Title>A Season Alone With God</Title>
        <Url>http://www.sermonindex.net/modules/mydownloads/visit.php?lid=24224</Url>
        <Speaker>Denny Kenaston</Speaker>
        <Length>5.67Mb</Length>
        <Status>NOT_STARTED</Status>
        <isSermonSelected>false</isSermonSelected>
    </Sermon>
    <Sermon>
        <Title>Adorning the Gospel of God Our Saviour (Part 1)</Title>
        <Url>http://www.sermonindex.net/modules/mydownloads/visit.php?lid=17004</Url>
        <Speaker>Denny Kenaston</Speaker>
        <Length>8.75Mb</Length>
        <Status>NOT_STARTED</Status>
        <isSermonSelected>false</isSermonSelected>
    </Sermon>
    <Sermon>
        <Title>An Inspirational History of the Mission</Title>
        <Url>http://www.sermonindex.net/modules/mydownloads/visit.php?lid=12542</Url>
        <Speaker>Denny Kenaston</Speaker>
        <Length>9.84Mb</Length>
        <Status>NOT_STARTED</Status>
        <isSermonSelected>false</isSermonSelected>
    </Sermon>
    <Sermon>
        <Title>Baptism Of The Holy Ghost &amp; New Testament Reality</Title>
        <Url>http://www.sermonindex.net/modules/mydownloads/visit.php?lid=12579</Url>
        <Speaker>Denny Kenaston</Speaker>
        <Length>7.44Mb</Length>
        <Status>NOT_STARTED</Status>
        <isSermonSelected>false</isSermonSelected>
    </Sermon>
    <Sermon>
        <Title>Beautiful Attitudes</Title>
        <Url>http://www.sermonindex.net/modules/mydownloads/visit.php?lid=14142</Url>
        <Speaker>Denny Kenaston</Speaker>
        <Length>6.56Mb</Length>
        <Status>NOT_STARTED</Status>
        <isSermonSelected>false</isSermonSelected>
    </Sermon>
    <Sermon>
        <Title>Behold the Lamb</Title>
        <Url>http://www.sermonindex.net/modules/mydownloads/visit.php?lid=12526</Url>
        <Speaker>Denny Kenaston</Speaker>
        <Length>10.3Mb</Length>
        <Status>NOT_STARTED</Status>
        <isSermonSelected>false</isSermonSelected>
    </Sermon>
    <Sermon>
        <Title>Biblical Apparel</Title>
        <Url>http://www.sermonindex.net/modules/mydownloads/visit.php?lid=13210</Url>
        <Speaker>Denny Kenaston</Speaker>
        <Length>8.49Mb</Length>
        <Status>NOT_STARTED</Status>
        <isSermonSelected>false</isSermonSelected>
    </Sermon>
    <Sermon>
        <Title>Biblical Obedience</Title>
        <Url>http://www.sermonindex.net/modules/mydownloads/visit.php?lid=12510</Url>
        <Speaker>Denny Kenaston</Speaker>
        <Length>9.46Mb</Length>
        <Status>NOT_STARTED</Status>
        <isSermonSelected>false</isSermonSelected>
    </Sermon>
    <Sermon>
        <Title>Biblical Principles On The Headship Veiling</Title>
        <Url>http://www.sermonindex.net/modules/mydownloads/visit.php?lid=13206</Url>
        <Speaker>Denny Kenaston</Speaker>
        <Length>8.24Mb</Length>
        <Status>NOT_STARTED</Status>
        <isSermonSelected>false</isSermonSelected>
    </Sermon>
    <Sermon>
        <Title>Christian Life According to John (Part 1)</Title>
        <Url>http://www.sermonindex.net/modules/mydownloads/visit.php?lid=12547</Url>
        <Speaker>Denny Kenaston</Speaker>
        <Length>6.76Mb</Length>
        <Status>NOT_STARTED</Status>
        <isSermonSelected>false</isSermonSelected>
    </Sermon>
    <Sermon>
        <Title>Christian Life According to John (Part 2)</Title>
        <Url>http://www.sermonindex.net/modules/mydownloads/visit.php?lid=12548</Url>
        <Speaker>Denny Kenaston</Speaker>
        <Length>6.91Mb</Length>
        <Status>NOT_STARTED</Status>
        <isSermonSelected>false</isSermonSelected>
    </Sermon>
    <Sermon>
        <Title>Christian Life According to John (Part 3)</Title>
        <Url>http://www.sermonindex.net/modules/mydownloads/visit.php?lid=12549</Url>
        <Speaker>Denny Kenaston</Speaker>
        <Length>6.96Mb</Length>
        <Status>NOT_STARTED</Status>
        <isSermonSelected>false</isSermonSelected>
    </Sermon>
    <Sermon>
        <Title>Christian Life According to John (Part 4)</Title>
        <Url>http://www.sermonindex.net/modules/mydownloads/visit.php?lid=12550</Url>
        <Speaker>Denny Kenaston</Speaker>
        <Length>7.05Mb</Length>
        <Status>NOT_STARTED</Status>
        <isSermonSelected>false</isSermonSelected>
    </Sermon>
    <Sermon>
        <Title>Christian Life According to John (Part 5)</Title>
        <Url>http://www.sermonindex.net/modules/mydownloads/visit.php?lid=12551</Url>
        <Speaker>Denny Kenaston</Speaker>
        <Length>6.93Mb</Length>
        <Status>NOT_STARTED</Status>
        <isSermonSelected>false</isSermonSelected>
    </Sermon>
    <Sermon>
        <Title>Christian Maturity</Title>
        <Url>http://www.sermonindex.net/modules/mydownloads/visit.php?lid=12552</Url>
        <Speaker>Denny Kenaston</Speaker>
        <Length>9.98Mb</Length>
        <Status>NOT_STARTED</Status>
        <isSermonSelected>false</isSermonSelected>
    </Sermon>
    <Sermon>
        <Title>Conquering Warriors</Title>
        <Url>http://www.sermonindex.net/modules/mydownloads/visit.php?lid=12570</Url>
        <Speaker>Denny Kenaston</Speaker>
        <Length>8.95Mb</Length>
        <Status>NOT_STARTED</Status>
        <isSermonSelected>false</isSermonSelected>
    </Sermon>
    <Sermon>
        <Title>Consecrating Our Children To God</Title>
        <Url>http://www.sermonindex.net/modules/mydownloads/visit.php?lid=14606</Url>
        <Speaker>Denny Kenaston</Speaker>
        <Length>9.07Mb</Length>
        <Status>NOT_STARTED</Status>
        <isSermonSelected>false</isSermonSelected>
    </Sermon>
    <Sermon>
        <Title>Continuous Revival - The New Testament Standard</Title>
        <Url>http://www.sermonindex.net/modules/mydownloads/visit.php?lid=3996</Url>
        <Speaker>Denny Kenaston</Speaker>
        <Length>7.28Mb</Length>
        <Status>NOT_STARTED</Status>
        <isSermonSelected>false</isSermonSelected>
    </Sermon>
    <Sermon>
        <Title>Crowns of Eternal Reward</Title>
        <Url>http://www.sermonindex.net/modules/mydownloads/visit.php?lid=12543</Url>
        <Speaker>Denny Kenaston</Speaker>
        <Length>10.35Mb</Length>
        <Status>NOT_STARTED</Status>
        <isSermonSelected>false</isSermonSelected>
    </Sermon>
    <Sermon>
        <Title>Crying Out</Title>
        <Url>http://www.sermonindex.net/modules/mydownloads/visit.php?lid=18385</Url>
        <Speaker>Denny Kenaston</Speaker>
        <Length>9.63Mb</Length>
        <Status>NOT_STARTED</Status>
        <isSermonSelected>false</isSermonSelected>
    </Sermon>
    <Sermon>
        <Title>Deliverance From Specific Bondages (Part 1)</Title>
        <Url>http://www.sermonindex.net/modules/mydownloads/visit.php?lid=12573</Url>
        <Speaker>Denny Kenaston</Speaker>
        <Length>7.74Mb</Length>
        <Status>NOT_STARTED</Status>
        <isSermonSelected>false</isSermonSelected>
    </Sermon>
    <Sermon>
        <Title>Deliverance From Specific Bondages (Part 2)</Title>
        <Url>http://www.sermonindex.net/modules/mydownloads/visit.php?lid=12572</Url>
        <Speaker>Denny Kenaston</Speaker>
        <Length>7.18Mb</Length>
        <Status>NOT_STARTED</Status>
        <isSermonSelected>false</isSermonSelected>
    </Sermon>
    <Sermon>
        <Title>Discouragement (Letting The Fire Go Out)</Title>
        <Url>http://www.sermonindex.net/modules/mydownloads/visit.php?lid=24226</Url>
        <Speaker>Denny Kenaston</Speaker>
        <Length>7.75Mb</Length>
        <Status>NOT_STARTED</Status>
        <isSermonSelected>false</isSermonSelected>
    </Sermon>
    <Sermon>
        <Title>Enduement Of Power - How It Is Obtained</Title>
        <Url>http://www.sermonindex.net/modules/mydownloads/visit.php?lid=12580</Url>
        <Speaker>Denny Kenaston</Speaker>
        <Length>7.4Mb</Length>
        <Status>NOT_STARTED</Status>
        <isSermonSelected>false</isSermonSelected>
    </Sermon>
    <Sermon>
        <Title>Four Men With a Vision</Title>
        <Url>http://www.sermonindex.net/modules/mydownloads/visit.php?lid=12564</Url>
        <Speaker>Denny Kenaston</Speaker>
        <Length>10Mb</Length>
        <Status>NOT_STARTED</Status>
        <isSermonSelected>false</isSermonSelected>
    </Sermon>
    <Sermon>
        <Title>Gift Of A Pastor</Title>
        <Url>http://www.sermonindex.net/modules/mydownloads/visit.php?lid=4011</Url>
        <Speaker>Denny Kenaston</Speaker>
        <Length>8.91Mb</Length>
        <Status>NOT_STARTED</Status>
        <isSermonSelected>false</isSermonSelected>
    </Sermon>
    <Sermon>
        <Title>God's Holy People</Title>
        <Url>http://www.sermonindex.net/modules/mydownloads/visit.php?lid=12562</Url>
        <Speaker>Denny Kenaston</Speaker>
        <Length>9.25Mb</Length>
        <Status>NOT_STARTED</Status>
        <isSermonSelected>false</isSermonSelected>
    </Sermon>
    <Sermon>
        <Title>God's Invitation</Title>
        <Url>http://www.sermonindex.net/modules/mydownloads/visit.php?lid=12568</Url>
        <Speaker>Denny Kenaston</Speaker>
        <Length>6.75Mb</Length>
        <Status>NOT_STARTED</Status>
        <isSermonSelected>false</isSermonSelected>
    </Sermon>
    <Sermon>
        <Title>God's Pursuit Of Man</Title>
        <Url>http://www.sermonindex.net/modules/mydownloads/visit.php?lid=19409</Url>
        <Speaker>Denny Kenaston</Speaker>
        <Length>15.67Mb</Length>
        <Status>NOT_STARTED</Status>
        <isSermonSelected>false</isSermonSelected>
    </Sermon>
    <Sermon>
        <Title>Godly Sorrow-the Way to Revival</Title>
        <Url>http://www.sermonindex.net/modules/mydownloads/visit.php?lid=12525</Url>
        <Speaker>Denny Kenaston</Speaker>
        <Length>11.61Mb</Length>
        <Status>NOT_STARTED</Status>
        <isSermonSelected>false</isSermonSelected>
    </Sermon>
    <Sermon>
        <Title>Him Or It?</Title>
        <Url>http://www.sermonindex.net/modules/mydownloads/visit.php?lid=19411</Url>
        <Speaker>Denny Kenaston</Speaker>
        <Length>15.73Mb</Length>
        <Status>NOT_STARTED</Status>
        <isSermonSelected>false</isSermonSelected>
    </Sermon>
    <Sermon>
        <Title>Honorable Motherhood</Title>
        <Url>http://www.sermonindex.net/modules/mydownloads/visit.php?lid=13209</Url>
        <Speaker>Denny Kenaston</Speaker>
        <Length>6.9Mb</Length>
        <Status>NOT_STARTED</Status>
        <isSermonSelected>false</isSermonSelected>
    </Sermon>
    <Sermon>
        <Title>How Do I Humble Myself? (Part 1)</Title>
        <Url>http://www.sermonindex.net/modules/mydownloads/visit.php?lid=14144</Url>
        <Speaker>Denny Kenaston</Speaker>
        <Length>7.55Mb</Length>
        <Status>NOT_STARTED</Status>
        <isSermonSelected>false</isSermonSelected>
    </Sermon>
    <Sermon>
        <Title>How Do I Humble Myself? (Part 2)</Title>
        <Url>http://www.sermonindex.net/modules/mydownloads/visit.php?lid=14145</Url>
        <Speaker>Denny Kenaston</Speaker>
        <Length>7.56Mb</Length>
        <Status>NOT_STARTED</Status>
        <isSermonSelected>false</isSermonSelected>
    </Sermon>
    <Sermon>
        <Title>How to Be Changed</Title>
        <Url>http://www.sermonindex.net/modules/mydownloads/visit.php?lid=12524</Url>
        <Speaker>Denny Kenaston</Speaker>
        <Length>9.51Mb</Length>
        <Status>NOT_STARTED</Status>
        <isSermonSelected>false</isSermonSelected>
    </Sermon>
    <Sermon>
        <Title>How to Build a Church</Title>
        <Url>http://www.sermonindex.net/modules/mydownloads/visit.php?lid=12559</Url>
        <Speaker>Denny Kenaston</Speaker>
        <Length>8.64Mb</Length>
        <Status>NOT_STARTED</Status>
        <isSermonSelected>false</isSermonSelected>
    </Sermon>
    <Sermon>
        <Title>How to Know the Will of God</Title>
        <Url>http://www.sermonindex.net/modules/mydownloads/visit.php?lid=13189</Url>
        <Speaker>Denny Kenaston</Speaker>
        <Length>10.35Mb</Length>
        <Status>NOT_STARTED</Status>
        <isSermonSelected>false</isSermonSelected>
    </Sermon>
    <Sermon>
        <Title>How to Overcome Evil</Title>
        <Url>http://www.sermonindex.net/modules/mydownloads/visit.php?lid=12517</Url>
        <Speaker>Denny Kenaston</Speaker>
        <Length>9.98Mb</Length>
        <Status>NOT_STARTED</Status>
        <isSermonSelected>false</isSermonSelected>
    </Sermon>
    <Sermon>
        <Title>Human Authorities-God's Servants</Title>
        <Url>http://www.sermonindex.net/modules/mydownloads/visit.php?lid=12509</Url>
        <Speaker>Denny Kenaston</Speaker>
        <Length>9.69Mb</Length>
        <Status>NOT_STARTED</Status>
        <isSermonSelected>false</isSermonSelected>
    </Sermon>
    <Sermon>
        <Title>Humility Is Laying Down Our Lives For Others</Title>
        <Url>http://www.sermonindex.net/modules/mydownloads/visit.php?lid=14146</Url>
        <Speaker>Denny Kenaston</Speaker>
        <Length>7.74Mb</Length>
        <Status>NOT_STARTED</Status>
        <isSermonSelected>false</isSermonSelected>
    </Sermon>
    <Sermon>
        <Title>I Am Crucified With Christ</Title>
        <Url>http://www.sermonindex.net/modules/mydownloads/visit.php?lid=20051</Url>
        <Speaker>Denny Kenaston</Speaker>
        <Length>18.62Mb</Length>
        <Status>NOT_STARTED</Status>
        <isSermonSelected>false</isSermonSelected>
    </Sermon>
    <Sermon>
        <Title>It's Time to Seek the Lord</Title>
        <Url>http://www.sermonindex.net/modules/mydownloads/visit.php?lid=12554</Url>
        <Speaker>Denny Kenaston</Speaker>
        <Length>8.2Mb</Length>
        <Status>NOT_STARTED</Status>
        <isSermonSelected>false</isSermonSelected>
    </Sermon>
    <Sermon>
        <Title>Jealous for the Testimony of the Lord</Title>
        <Url>http://www.sermonindex.net/modules/mydownloads/visit.php?lid=23771</Url>
        <Speaker>Denny Kenaston</Speaker>
        <Length>14.39Mb</Length>
        <Status>NOT_STARTED</Status>
        <isSermonSelected>false</isSermonSelected>
    </Sermon>
    <Sermon>
        <Title>Lead a Soul to Christ</Title>
        <Url>http://www.sermonindex.net/modules/mydownloads/visit.php?lid=12576</Url>
        <Speaker>Denny Kenaston</Speaker>
        <Length>6.9Mb</Length>
        <Status>NOT_STARTED</Status>
        <isSermonSelected>false</isSermonSelected>
    </Sermon>
    <Sermon>
        <Title>Life Changing Choices</Title>
        <Url>http://www.sermonindex.net/modules/mydownloads/visit.php?lid=19475</Url>
        <Speaker>Denny Kenaston</Speaker>
        <Length>15.44Mb</Length>
        <Status>NOT_STARTED</Status>
        <isSermonSelected>false</isSermonSelected>
    </Sermon>
    <Sermon>
        <Title>Lord, Send Revival</Title>
        <Url>http://www.sermonindex.net/modules/mydownloads/visit.php?lid=3995</Url>
        <Speaker>Denny Kenaston</Speaker>
        <Length>7.96Mb</Length>
        <Status>NOT_STARTED</Status>
        <isSermonSelected>false</isSermonSelected>
    </Sermon>
    <Sermon>
        <Title>Marks of the End-Time Church</Title>
        <Url>http://www.sermonindex.net/modules/mydownloads/visit.php?lid=24223</Url>
        <Speaker>Denny Kenaston</Speaker>
        <Length>6.75Mb</Length>
        <Status>NOT_STARTED</Status>
        <isSermonSelected>false</isSermonSelected>
    </Sermon>
    <Sermon>
        <Title>Ministering in the Mission Field</Title>
        <Url>http://www.sermonindex.net/modules/mydownloads/visit.php?lid=12527</Url>
        <Speaker>Denny Kenaston</Speaker>
        <Length>9.51Mb</Length>
        <Status>NOT_STARTED</Status>
        <isSermonSelected>false</isSermonSelected>
    </Sermon>
    <Sermon>
        <Title>Motherhood, The Highest Place Of Honor</Title>
        <Url>http://www.sermonindex.net/modules/mydownloads/visit.php?lid=13202</Url>
        <Speaker>Denny Kenaston</Speaker>
        <Length>7.7Mb</Length>
        <Status>NOT_STARTED</Status>
        <isSermonSelected>false</isSermonSelected>
    </Sermon>
    <Sermon>
        <Title>My Personal Testimony</Title>
        <Url>http://www.sermonindex.net/modules/mydownloads/visit.php?lid=13207</Url>
        <Speaker>Denny Kenaston</Speaker>
        <Length>5.68Mb</Length>
        <Status>NOT_STARTED</Status>
        <isSermonSelected>false</isSermonSelected>
    </Sermon>
    <Sermon>
        <Title>My Place in God's Eternal Purpose</Title>
        <Url>http://www.sermonindex.net/modules/mydownloads/visit.php?lid=12560</Url>
        <Speaker>Denny Kenaston</Speaker>
        <Length>8.47Mb</Length>
        <Status>NOT_STARTED</Status>
        <isSermonSelected>false</isSermonSelected>
    </Sermon>
    <Sermon>
        <Title>Others</Title>
        <Url>http://www.sermonindex.net/modules/mydownloads/visit.php?lid=4700</Url>
        <Speaker>Denny Kenaston</Speaker>
        <Length>6.86Mb</Length>
        <Status>NOT_STARTED</Status>
        <isSermonSelected>false</isSermonSelected>
    </Sermon>
    <Sermon>
        <Title>Our Need of Personal Revival</Title>
        <Url>http://www.sermonindex.net/modules/mydownloads/visit.php?lid=3998</Url>
        <Speaker>Denny Kenaston</Speaker>
        <Length>5.43Mb</Length>
        <Status>NOT_STARTED</Status>
        <isSermonSelected>false</isSermonSelected>
    </Sermon>
    <Sermon>
        <Title>Overwhelmed With The Presence Of The Living God</Title>
        <Url>http://www.sermonindex.net/modules/mydownloads/visit.php?lid=12581</Url>
        <Speaker>Denny Kenaston</Speaker>
        <Length>7.02Mb</Length>
        <Status>NOT_STARTED</Status>
        <isSermonSelected>false</isSermonSelected>
    </Sermon>
    <Sermon>
        <Title>Pastors Call to Action</Title>
        <Url>http://www.sermonindex.net/modules/mydownloads/visit.php?lid=4010</Url>
        <Speaker>Denny Kenaston</Speaker>
        <Length>7.43Mb</Length>
        <Status>NOT_STARTED</Status>
        <isSermonSelected>false</isSermonSelected>
    </Sermon>
    <Sermon>
        <Title>Paul the Apostle - A Vibrant Life (Part 1)</Title>
        <Url>http://www.sermonindex.net/modules/mydownloads/visit.php?lid=12512</Url>
        <Speaker>Denny Kenaston</Speaker>
        <Length>7.63Mb</Length>
        <Status>NOT_STARTED</Status>
        <isSermonSelected>false</isSermonSelected>
    </Sermon>
    <Sermon>
        <Title>Paul the Apostle - A Vibrant Life (Part 2)</Title>
        <Url>http://www.sermonindex.net/modules/mydownloads/visit.php?lid=12513</Url>
        <Speaker>Denny Kenaston</Speaker>
        <Length>7.2Mb</Length>
        <Status>NOT_STARTED</Status>
        <isSermonSelected>false</isSermonSelected>
    </Sermon>
    <Sermon>
        <Title>Paul the Apostle - A Vibrant Life (Part 3)</Title>
        <Url>http://www.sermonindex.net/modules/mydownloads/visit.php?lid=12514</Url>
        <Speaker>Denny Kenaston</Speaker>
        <Length>7.97Mb</Length>
        <Status>NOT_STARTED</Status>
        <isSermonSelected>false</isSermonSelected>
    </Sermon>
    <Sermon>
        <Title>Paul the Apostle - A Vibrant Life (Part 4)</Title>
        <Url>http://www.sermonindex.net/modules/mydownloads/visit.php?lid=12515</Url>
        <Speaker>Denny Kenaston</Speaker>
        <Length>7.8Mb</Length>
        <Status>NOT_STARTED</Status>
        <isSermonSelected>false</isSermonSelected>
    </Sermon>
    <Sermon>
        <Title>Paul the Apostle - A Vibrant Life (Part 5)</Title>
        <Url>http://www.sermonindex.net/modules/mydownloads/visit.php?lid=12516</Url>
        <Speaker>Denny Kenaston</Speaker>
        <Length>6.56Mb</Length>
        <Status>NOT_STARTED</Status>
        <isSermonSelected>false</isSermonSelected>
    </Sermon>
    <Sermon>
        <Title>Paul's Vision for More Leaders</Title>
        <Url>http://www.sermonindex.net/modules/mydownloads/visit.php?lid=12555</Url>
        <Speaker>Denny Kenaston</Speaker>
        <Length>9.56Mb</Length>
        <Status>NOT_STARTED</Status>
        <isSermonSelected>false</isSermonSelected>
    </Sermon>
    <Sermon>
        <Title>Practical Applications to Music</Title>
        <Url>http://www.sermonindex.net/modules/mydownloads/visit.php?lid=13211</Url>
        <Speaker>Denny Kenaston</Speaker>
        <Length>6.77Mb</Length>
        <Status>NOT_STARTED</Status>
        <isSermonSelected>false</isSermonSelected>
    </Sermon>
    <Sermon>
        <Title>Prophetic Prayers of the Master Builder</Title>
        <Url>http://www.sermonindex.net/modules/mydownloads/visit.php?lid=12558</Url>
        <Speaker>Denny Kenaston</Speaker>
        <Length>8.25Mb</Length>
        <Status>NOT_STARTED</Status>
        <isSermonSelected>false</isSermonSelected>
    </Sermon>
    <Sermon>
        <Title>Real Revival</Title>
        <Url>http://www.sermonindex.net/modules/mydownloads/visit.php?lid=3284</Url>
        <Speaker>Denny Kenaston</Speaker>
        <Length>9.16Mb</Length>
        <Status>NOT_STARTED</Status>
        <isSermonSelected>false</isSermonSelected>
    </Sermon>
    <Sermon>
        <Title>Rejoice With The Wife Of Thy Youth</Title>
        <Url>http://www.sermonindex.net/modules/mydownloads/visit.php?lid=24225</Url>
        <Speaker>Denny Kenaston</Speaker>
        <Length>7.97Mb</Length>
        <Status>NOT_STARTED</Status>
        <isSermonSelected>false</isSermonSelected>
    </Sermon>
    <Sermon>
        <Title>Revivals in the Bible and in History</Title>
        <Url>http://www.sermonindex.net/modules/mydownloads/visit.php?lid=4002</Url>
        <Speaker>Denny Kenaston</Speaker>
        <Length>7.22Mb</Length>
        <Status>NOT_STARTED</Status>
        <isSermonSelected>false</isSermonSelected>
    </Sermon>
    <Sermon>
        <Title>Reviving the Righteous Root of Anabaptism</Title>
        <Url>http://www.sermonindex.net/modules/mydownloads/visit.php?lid=12566</Url>
        <Speaker>Denny Kenaston</Speaker>
        <Length>10.31Mb</Length>
        <Status>NOT_STARTED</Status>
        <isSermonSelected>false</isSermonSelected>
    </Sermon>
    <Sermon>
        <Title>Tear Down the Strongholds</Title>
        <Url>http://www.sermonindex.net/modules/mydownloads/visit.php?lid=12571</Url>
        <Speaker>Denny Kenaston</Speaker>
        <Length>7.97Mb</Length>
        <Status>NOT_STARTED</Status>
        <isSermonSelected>false</isSermonSelected>
    </Sermon>
    <Sermon>
        <Title>Ten Commandments For Revival</Title>
        <Url>http://www.sermonindex.net/modules/mydownloads/visit.php?lid=4417</Url>
        <Speaker>Denny Kenaston</Speaker>
        <Length>13Mb</Length>
        <Status>NOT_STARTED</Status>
        <isSermonSelected>false</isSermonSelected>
    </Sermon>
    <Sermon>
        <Title>The Anointed Body of Christ in China</Title>
        <Url>http://www.sermonindex.net/modules/mydownloads/visit.php?lid=12569</Url>
        <Speaker>Denny Kenaston</Speaker>
        <Length>7.36Mb</Length>
        <Status>NOT_STARTED</Status>
        <isSermonSelected>false</isSermonSelected>
    </Sermon>
    <Sermon>
        <Title>The Approaching Wave of Persecution</Title>
        <Url>http://www.sermonindex.net/modules/mydownloads/visit.php?lid=17008</Url>
        <Speaker>Denny Kenaston</Speaker>
        <Length>10.1Mb</Length>
        <Status>NOT_STARTED</Status>
        <isSermonSelected>false</isSermonSelected>
    </Sermon>
    <Sermon>
        <Title>The Beauty and Power of Unity</Title>
        <Url>http://www.sermonindex.net/modules/mydownloads/visit.php?lid=12561</Url>
        <Speaker>Denny Kenaston</Speaker>
        <Length>9.38Mb</Length>
        <Status>NOT_STARTED</Status>
        <isSermonSelected>false</isSermonSelected>
    </Sermon>
    <Sermon>
        <Title>The Church - God's Anointed Servant</Title>
        <Url>http://www.sermonindex.net/modules/mydownloads/visit.php?lid=12577</Url>
        <Speaker>Denny Kenaston</Speaker>
        <Length>9.97Mb</Length>
        <Status>NOT_STARTED</Status>
        <isSermonSelected>false</isSermonSelected>
    </Sermon>
    <Sermon>
        <Title>The Church at Ephesus</Title>
        <Url>http://www.sermonindex.net/modules/mydownloads/visit.php?lid=12556</Url>
        <Speaker>Denny Kenaston</Speaker>
        <Length>7.09Mb</Length>
        <Status>NOT_STARTED</Status>
        <isSermonSelected>false</isSermonSelected>
    </Sermon>
    <Sermon>
        <Title>The Church Beautiful</Title>
        <Url>http://www.sermonindex.net/modules/mydownloads/visit.php?lid=12557</Url>
        <Speaker>Denny Kenaston</Speaker>
        <Length>8.49Mb</Length>
        <Status>NOT_STARTED</Status>
        <isSermonSelected>false</isSermonSelected>
    </Sermon>
    <Sermon>
        <Title>The Church That Revival Built</Title>
        <Url>http://www.sermonindex.net/modules/mydownloads/visit.php?lid=3997</Url>
        <Speaker>Denny Kenaston</Speaker>
        <Length>6.58Mb</Length>
        <Status>NOT_STARTED</Status>
        <isSermonSelected>false</isSermonSelected>
    </Sermon>
    <Sermon>
        <Title>The Cry of God's Heart</Title>
        <Url>http://www.sermonindex.net/modules/mydownloads/visit.php?lid=18386</Url>
        <Speaker>Denny Kenaston</Speaker>
        <Length>9.18Mb</Length>
        <Status>NOT_STARTED</Status>
        <isSermonSelected>false</isSermonSelected>
    </Sermon>
    <Sermon>
        <Title>The Danger Of Anti-Group Attitudes</Title>
        <Url>http://www.sermonindex.net/modules/mydownloads/visit.php?lid=19296</Url>
        <Speaker>Denny Kenaston</Speaker>
        <Length>6.59Mb</Length>
        <Status>NOT_STARTED</Status>
        <isSermonSelected>false</isSermonSelected>
    </Sermon>
    <Sermon>
        <Title>The Dangers of The Christian Radio</Title>
        <Url>http://www.sermonindex.net/modules/mydownloads/visit.php?lid=16471</Url>
        <Speaker>Denny Kenaston</Speaker>
        <Length>6.61Mb</Length>
        <Status>NOT_STARTED</Status>
        <isSermonSelected>false</isSermonSelected>
    </Sermon>
    <Sermon>
        <Title>The Day That Belongs to the Lord</Title>
        <Url>http://www.sermonindex.net/modules/mydownloads/visit.php?lid=12528</Url>
        <Speaker>Denny Kenaston</Speaker>
        <Length>12.48Mb</Length>
        <Status>NOT_STARTED</Status>
        <isSermonSelected>false</isSermonSelected>
    </Sermon>
    <Sermon>
        <Title>The Generation Gap - Part 1</Title>
        <Url>http://www.sermonindex.net/modules/mydownloads/visit.php?lid=12553</Url>
        <Speaker>Denny Kenaston</Speaker>
        <Length>11.51Mb</Length>
        <Status>NOT_STARTED</Status>
        <isSermonSelected>false</isSermonSelected>
    </Sermon>
    <Sermon>
        <Title>The Generation Gap - Part 2</Title>
        <Url>http://www.sermonindex.net/modules/mydownloads/visit.php?lid=12544</Url>
        <Speaker>Denny Kenaston</Speaker>
        <Length>9.96Mb</Length>
        <Status>NOT_STARTED</Status>
        <isSermonSelected>false</isSermonSelected>
    </Sermon>
    <Sermon>
        <Title>The Gift of Elders</Title>
        <Url>http://www.sermonindex.net/modules/mydownloads/visit.php?lid=12538</Url>
        <Speaker>Denny Kenaston</Speaker>
        <Length>9.78Mb</Length>
        <Status>NOT_STARTED</Status>
        <isSermonSelected>false</isSermonSelected>
    </Sermon>
    <Sermon>
        <Title>The Glory of Primitive Methodism</Title>
        <Url>http://www.sermonindex.net/modules/mydownloads/visit.php?lid=12507</Url>
        <Speaker>Denny Kenaston</Speaker>
        <Length>10.92Mb</Length>
        <Status>NOT_STARTED</Status>
        <isSermonSelected>false</isSermonSelected>
    </Sermon>
    <Sermon>
        <Title>The Great Deception</Title>
        <Url>http://www.sermonindex.net/modules/mydownloads/visit.php?lid=12531</Url>
        <Speaker>Denny Kenaston</Speaker>
        <Length>8.63Mb</Length>
        <Status>NOT_STARTED</Status>
        <isSermonSelected>false</isSermonSelected>
    </Sermon>
    <Sermon>
        <Title>The Hidden Woman</Title>
        <Url>http://www.sermonindex.net/modules/mydownloads/visit.php?lid=13186</Url>
        <Speaker>Denny Kenaston</Speaker>
        <Length>9.21Mb</Length>
        <Status>NOT_STARTED</Status>
        <isSermonSelected>false</isSermonSelected>
    </Sermon>
    <Sermon>
        <Title>The Jewel Of Humility</Title>
        <Url>http://www.sermonindex.net/modules/mydownloads/visit.php?lid=14143</Url>
        <Speaker>Denny Kenaston</Speaker>
        <Length>6.17Mb</Length>
        <Status>NOT_STARTED</Status>
        <isSermonSelected>false</isSermonSelected>
    </Sermon>
    <Sermon>
        <Title>The King's Daughters</Title>
        <Url>http://www.sermonindex.net/modules/mydownloads/visit.php?lid=14147</Url>
        <Speaker>Denny Kenaston</Speaker>
        <Length>6.79Mb</Length>
        <Status>NOT_STARTED</Status>
        <isSermonSelected>false</isSermonSelected>
    </Sermon>
    <Sermon>
        <Title>The Marks of True Revival</Title>
        <Url>http://www.sermonindex.net/modules/mydownloads/visit.php?lid=4003</Url>
        <Speaker>Denny Kenaston</Speaker>
        <Length>6.61Mb</Length>
        <Status>NOT_STARTED</Status>
        <isSermonSelected>false</isSermonSelected>
    </Sermon>
    <Sermon>
        <Title>The Ministry of Women in the Local Church</Title>
        <Url>http://www.sermonindex.net/modules/mydownloads/visit.php?lid=20049</Url>
        <Speaker>Denny Kenaston</Speaker>
        <Length>16.17Mb</Length>
        <Status>NOT_STARTED</Status>
        <isSermonSelected>false</isSermonSelected>
    </Sermon>
    <Sermon>
        <Title>The Old-Fashioned Christian Home</Title>
        <Url>http://www.sermonindex.net/modules/mydownloads/visit.php?lid=13212</Url>
        <Speaker>Denny Kenaston</Speaker>
        <Length>9.01Mb</Length>
        <Status>NOT_STARTED</Status>
        <isSermonSelected>false</isSermonSelected>
    </Sermon>
    <Sermon>
        <Title>The Path Into Bondage</Title>
        <Url>http://www.sermonindex.net/modules/mydownloads/visit.php?lid=12574</Url>
        <Speaker>Denny Kenaston</Speaker>
        <Length>6.31Mb</Length>
        <Status>NOT_STARTED</Status>
        <isSermonSelected>false</isSermonSelected>
    </Sermon>
    <Sermon>
        <Title>The Pursuit of the Living God</Title>
        <Url>http://www.sermonindex.net/modules/mydownloads/visit.php?lid=12506</Url>
        <Speaker>Denny Kenaston</Speaker>
        <Length>9.38Mb</Length>
        <Status>NOT_STARTED</Status>
        <isSermonSelected>false</isSermonSelected>
    </Sermon>
    <Sermon>
        <Title>The Radical Example of Moravian Missions</Title>
        <Url>http://www.sermonindex.net/modules/mydownloads/visit.php?lid=16472</Url>
        <Speaker>Denny Kenaston</Speaker>
        <Length>8.91Mb</Length>
        <Status>NOT_STARTED</Status>
        <isSermonSelected>false</isSermonSelected>
    </Sermon>
    <Sermon>
        <Title>The Rise and Fall of God's House</Title>
        <Url>http://www.sermonindex.net/modules/mydownloads/visit.php?lid=12565</Url>
        <Speaker>Denny Kenaston</Speaker>
        <Length>9.94Mb</Length>
        <Status>NOT_STARTED</Status>
        <isSermonSelected>false</isSermonSelected>
    </Sermon>
    <Sermon>
        <Title>The Shocking Reality of Spiritual War</Title>
        <Url>http://www.sermonindex.net/modules/mydownloads/visit.php?lid=12575</Url>
        <Speaker>Denny Kenaston</Speaker>
        <Length>6.45Mb</Length>
        <Status>NOT_STARTED</Status>
        <isSermonSelected>false</isSermonSelected>
    </Sermon>
    <Sermon>
        <Title>The Sin Of Gluttony</Title>
        <Url>http://www.sermonindex.net/modules/mydownloads/visit.php?lid=17969</Url>
        <Speaker>Denny Kenaston</Speaker>
        <Length>10.17Mb</Length>
        <Status>NOT_STARTED</Status>
        <isSermonSelected>false</isSermonSelected>
    </Sermon>
    <Sermon>
        <Title>The Spirit And Practice Of Modest Apparel</Title>
        <Url>http://www.sermonindex.net/modules/mydownloads/visit.php?lid=13208</Url>
        <Speaker>Denny Kenaston</Speaker>
        <Length>9.29Mb</Length>
        <Status>NOT_STARTED</Status>
        <isSermonSelected>false</isSermonSelected>
    </Sermon>
    <Sermon>
        <Title>The Spirit Of Law And The Spirit Of Grace</Title>
        <Url>http://www.sermonindex.net/modules/mydownloads/visit.php?lid=13205</Url>
        <Speaker>Denny Kenaston</Speaker>
        <Length>9.93Mb</Length>
        <Status>NOT_STARTED</Status>
        <isSermonSelected>false</isSermonSelected>
    </Sermon>
    <Sermon>
        <Title>The Spiritual Grace of Giving</Title>
        <Url>http://www.sermonindex.net/modules/mydownloads/visit.php?lid=12530</Url>
        <Speaker>Denny Kenaston</Speaker>
        <Length>6.93Mb</Length>
        <Status>NOT_STARTED</Status>
        <isSermonSelected>false</isSermonSelected>
    </Sermon>
    <Sermon>
        <Title>The Travail of the Soul</Title>
        <Url>http://www.sermonindex.net/modules/mydownloads/visit.php?lid=20053</Url>
        <Speaker>Denny Kenaston</Speaker>
        <Length>9.25Mb</Length>
        <Status>NOT_STARTED</Status>
        <isSermonSelected>false</isSermonSelected>
    </Sermon>
    <Sermon>
        <Title>The Unity of the Body of Christ</Title>
        <Url>http://www.sermonindex.net/modules/mydownloads/visit.php?lid=17003</Url>
        <Speaker>Denny Kenaston</Speaker>
        <Length>9.05Mb</Length>
        <Status>NOT_STARTED</Status>
        <isSermonSelected>false</isSermonSelected>
    </Sermon>
    <Sermon>
        <Title>The Urgency and Supremacy of the Great Commission</Title>
        <Url>http://www.sermonindex.net/modules/mydownloads/visit.php?lid=12541</Url>
        <Speaker>Denny Kenaston</Speaker>
        <Length>8.47Mb</Length>
        <Status>NOT_STARTED</Status>
        <isSermonSelected>false</isSermonSelected>
    </Sermon>
    <Sermon>
        <Title>Vital Signs in a New Church</Title>
        <Url>http://www.sermonindex.net/modules/mydownloads/visit.php?lid=12563</Url>
        <Speaker>Denny Kenaston</Speaker>
        <Length>9.87Mb</Length>
        <Status>NOT_STARTED</Status>
        <isSermonSelected>false</isSermonSelected>
    </Sermon>
    <Sermon>
        <Title>Walking In The Overwhelming Presence Of God</Title>
        <Url>http://www.sermonindex.net/modules/mydownloads/visit.php?lid=12578</Url>
        <Speaker>Denny Kenaston</Speaker>
        <Length>8.97Mb</Length>
        <Status>NOT_STARTED</Status>
        <isSermonSelected>false</isSermonSelected>
    </Sermon>
    <Sermon>
        <Title>What is Worship?</Title>
        <Url>http://www.sermonindex.net/modules/mydownloads/visit.php?lid=17538</Url>
        <Speaker>Denny Kenaston</Speaker>
        <Length>36.35Mb</Length>
        <Status>NOT_STARTED</Status>
        <isSermonSelected>false</isSermonSelected>
    </Sermon>
    <Sermon>
        <Title>When God's Fire Falls</Title>
        <Url>http://www.sermonindex.net/modules/mydownloads/visit.php?lid=12529</Url>
        <Speaker>Denny Kenaston</Speaker>
        <Length>10.32Mb</Length>
        <Status>NOT_STARTED</Status>
        <isSermonSelected>false</isSermonSelected>
    </Sermon>
    <Sermon>
        <Title>Where Were the Men?</Title>
        <Url>http://www.sermonindex.net/modules/mydownloads/visit.php?lid=12539</Url>
        <Speaker>Denny Kenaston</Speaker>
        <Length>10.36Mb</Length>
        <Status>NOT_STARTED</Status>
        <isSermonSelected>false</isSermonSelected>
    </Sermon>
    <Sermon>
        <Title>Whispers of Victory</Title>
        <Url>http://www.sermonindex.net/modules/mydownloads/visit.php?lid=18993</Url>
        <Speaker>Denny Kenaston</Speaker>
        <Length>10.67Mb</Length>
        <Status>NOT_STARTED</Status>
        <isSermonSelected>false</isSermonSelected>
    </Sermon>
    <Sermon>
        <Title>Whole Hearted Households by Denny Kenaston</Title>
        <Url>http://www.sermonindex.net/modules/mydownloads/visit.php?lid=19340</Url>
        <Speaker>Denny Kenaston</Speaker>
        <Length>9.95Mb</Length>
        <Status>NOT_STARTED</Status>
        <isSermonSelected>false</isSermonSelected>
    </Sermon>
    <Sermon>
        <Title>Worship, "As It Is In Heaven"</Title>
        <Url>http://www.sermonindex.net/modules/mydownloads/visit.php?lid=14593</Url>
        <Speaker>Denny Kenaston</Speaker>
        <Length>7.69Mb</Length>
        <Status>NOT_STARTED</Status>
        <isSermonSelected>false</isSermonSelected>
    </Sermon>
    <Sermon>
        <Title>Youth: Anointed Disciples of Jesus Christ</Title>
        <Url>http://www.sermonindex.net/modules/mydownloads/visit.php?lid=12505</Url>
        <Speaker>Denny Kenaston</Speaker>
        <Length>4.36Mb</Length>
        <Status>NOT_STARTED</Status>
        <isSermonSelected>false</isSermonSelected>
    </Sermon>
</Sermons>
