<?xml version="1.0" encoding="UTF-8" standalone="yes"?>
<Sermons>
    <Sermon>
        <Title>A Change of Mind</Title>
        <Url>http://www.sermonindex.net/modules/mydownloads/visit.php?lid=20593</Url>
        <Speaker>Dennis Kinlaw</Speaker>
        <Length>15.56Mb</Length>
        <Status>NOT_STARTED</Status>
        <isSermonSelected>false</isSermonSelected>
    </Sermon>
    <Sermon>
        <Title>A Heart Where God and the World Meet</Title>
        <Url>http://www.sermonindex.net/modules/mydownloads/visit.php?lid=20591</Url>
        <Speaker>Dennis Kinlaw</Speaker>
        <Length>13.92Mb</Length>
        <Status>NOT_STARTED</Status>
        <isSermonSelected>false</isSermonSelected>
    </Sermon>
    <Sermon>
        <Title>A Holy God</Title>
        <Url>http://www.sermonindex.net/modules/mydownloads/visit.php?lid=20607</Url>
        <Speaker>Dennis Kinlaw</Speaker>
        <Length>11.26Mb</Length>
        <Status>NOT_STARTED</Status>
        <isSermonSelected>false</isSermonSelected>
    </Sermon>
    <Sermon>
        <Title>A Story within a Story</Title>
        <Url>http://www.sermonindex.net/modules/mydownloads/visit.php?lid=20561</Url>
        <Speaker>Dennis Kinlaw</Speaker>
        <Length>10.47Mb</Length>
        <Status>NOT_STARTED</Status>
        <isSermonSelected>false</isSermonSelected>
    </Sermon>
    <Sermon>
        <Title>A Vision of our Culture</Title>
        <Url>http://www.sermonindex.net/modules/mydownloads/visit.php?lid=20600</Url>
        <Speaker>Dennis Kinlaw</Speaker>
        <Length>12.53Mb</Length>
        <Status>NOT_STARTED</Status>
        <isSermonSelected>false</isSermonSelected>
    </Sermon>
    <Sermon>
        <Title>Abraham's Faith</Title>
        <Url>http://www.sermonindex.net/modules/mydownloads/visit.php?lid=20595</Url>
        <Speaker>Dennis Kinlaw</Speaker>
        <Length>11.82Mb</Length>
        <Status>NOT_STARTED</Status>
        <isSermonSelected>false</isSermonSelected>
    </Sermon>
    <Sermon>
        <Title>An Occasion for God's Glory</Title>
        <Url>http://www.sermonindex.net/modules/mydownloads/visit.php?lid=20599</Url>
        <Speaker>Dennis Kinlaw</Speaker>
        <Length>12.1Mb</Length>
        <Status>NOT_STARTED</Status>
        <isSermonSelected>false</isSermonSelected>
    </Sermon>
    <Sermon>
        <Title>An Old Example</Title>
        <Url>http://www.sermonindex.net/modules/mydownloads/visit.php?lid=20540</Url>
        <Speaker>Dennis Kinlaw</Speaker>
        <Length>9.73Mb</Length>
        <Status>NOT_STARTED</Status>
        <isSermonSelected>false</isSermonSelected>
    </Sermon>
    <Sermon>
        <Title>Are You in His Hands</Title>
        <Url>http://www.sermonindex.net/modules/mydownloads/visit.php?lid=20609</Url>
        <Speaker>Dennis Kinlaw</Speaker>
        <Length>7.92Mb</Length>
        <Status>NOT_STARTED</Status>
        <isSermonSelected>false</isSermonSelected>
    </Sermon>
    <Sermon>
        <Title>Being Consumed by Christ</Title>
        <Url>http://www.sermonindex.net/modules/mydownloads/visit.php?lid=20547</Url>
        <Speaker>Dennis Kinlaw</Speaker>
        <Length>9.29Mb</Length>
        <Status>NOT_STARTED</Status>
        <isSermonSelected>false</isSermonSelected>
    </Sermon>
    <Sermon>
        <Title>Bigger Than You Anticipated, Better Than You Dreamed</Title>
        <Url>http://www.sermonindex.net/modules/mydownloads/visit.php?lid=20535</Url>
        <Speaker>Dennis Kinlaw</Speaker>
        <Length>10.25Mb</Length>
        <Status>NOT_STARTED</Status>
        <isSermonSelected>false</isSermonSelected>
    </Sermon>
    <Sermon>
        <Title>Blind to the Cross</Title>
        <Url>http://www.sermonindex.net/modules/mydownloads/visit.php?lid=20556</Url>
        <Speaker>Dennis Kinlaw</Speaker>
        <Length>11.51Mb</Length>
        <Status>NOT_STARTED</Status>
        <isSermonSelected>false</isSermonSelected>
    </Sermon>
    <Sermon>
        <Title>Carry His Burden</Title>
        <Url>http://www.sermonindex.net/modules/mydownloads/visit.php?lid=20555</Url>
        <Speaker>Dennis Kinlaw</Speaker>
        <Length>11.82Mb</Length>
        <Status>NOT_STARTED</Status>
        <isSermonSelected>false</isSermonSelected>
    </Sermon>
    <Sermon>
        <Title>Centrality of the Cross</Title>
        <Url>http://www.sermonindex.net/modules/mydownloads/visit.php?lid=20529</Url>
        <Speaker>Dennis Kinlaw</Speaker>
        <Length>8.34Mb</Length>
        <Status>NOT_STARTED</Status>
        <isSermonSelected>false</isSermonSelected>
    </Sermon>
    <Sermon>
        <Title>Characteristics of Faith</Title>
        <Url>http://www.sermonindex.net/modules/mydownloads/visit.php?lid=20546</Url>
        <Speaker>Dennis Kinlaw</Speaker>
        <Length>10.84Mb</Length>
        <Status>NOT_STARTED</Status>
        <isSermonSelected>false</isSermonSelected>
    </Sermon>
    <Sermon>
        <Title>Characteristics of the Mind of Christ</Title>
        <Url>http://www.sermonindex.net/modules/mydownloads/visit.php?lid=20594</Url>
        <Speaker>Dennis Kinlaw</Speaker>
        <Length>13.33Mb</Length>
        <Status>NOT_STARTED</Status>
        <isSermonSelected>false</isSermonSelected>
    </Sermon>
    <Sermon>
        <Title>Christ is Central</Title>
        <Url>http://www.sermonindex.net/modules/mydownloads/visit.php?lid=20538</Url>
        <Speaker>Dennis Kinlaw</Speaker>
        <Length>11.61Mb</Length>
        <Status>NOT_STARTED</Status>
        <isSermonSelected>false</isSermonSelected>
    </Sermon>
    <Sermon>
        <Title>Ever Increasing River</Title>
        <Url>http://www.sermonindex.net/modules/mydownloads/visit.php?lid=20557</Url>
        <Speaker>Dennis Kinlaw</Speaker>
        <Length>10.59Mb</Length>
        <Status>NOT_STARTED</Status>
        <isSermonSelected>false</isSermonSelected>
    </Sermon>
    <Sermon>
        <Title>Face to Face Encounter</Title>
        <Url>http://www.sermonindex.net/modules/mydownloads/visit.php?lid=20596</Url>
        <Speaker>Dennis Kinlaw</Speaker>
        <Length>11.84Mb</Length>
        <Status>NOT_STARTED</Status>
        <isSermonSelected>false</isSermonSelected>
    </Sermon>
    <Sermon>
        <Title>God Come to His Gathering</Title>
        <Url>http://www.sermonindex.net/modules/mydownloads/visit.php?lid=20603</Url>
        <Speaker>Dennis Kinlaw</Speaker>
        <Length>7.38Mb</Length>
        <Status>NOT_STARTED</Status>
        <isSermonSelected>false</isSermonSelected>
    </Sermon>
    <Sermon>
        <Title>God's Thinking and Our Thinking</Title>
        <Url>http://www.sermonindex.net/modules/mydownloads/visit.php?lid=20592</Url>
        <Speaker>Dennis Kinlaw</Speaker>
        <Length>11.96Mb</Length>
        <Status>NOT_STARTED</Status>
        <isSermonSelected>false</isSermonSelected>
    </Sermon>
    <Sermon>
        <Title>Grace that Endures</Title>
        <Url>http://www.sermonindex.net/modules/mydownloads/visit.php?lid=20559</Url>
        <Speaker>Dennis Kinlaw</Speaker>
        <Length>10.47Mb</Length>
        <Status>NOT_STARTED</Status>
        <isSermonSelected>false</isSermonSelected>
    </Sermon>
    <Sermon>
        <Title>Holy Feet</Title>
        <Url>http://www.sermonindex.net/modules/mydownloads/visit.php?lid=20602</Url>
        <Speaker>Dennis Kinlaw</Speaker>
        <Length>10.08Mb</Length>
        <Status>NOT_STARTED</Status>
        <isSermonSelected>false</isSermonSelected>
    </Sermon>
    <Sermon>
        <Title>Holy Moments</Title>
        <Url>http://www.sermonindex.net/modules/mydownloads/visit.php?lid=20606</Url>
        <Speaker>Dennis Kinlaw</Speaker>
        <Length>10.58Mb</Length>
        <Status>NOT_STARTED</Status>
        <isSermonSelected>false</isSermonSelected>
    </Sermon>
    <Sermon>
        <Title>How Far Will God Go</Title>
        <Url>http://www.sermonindex.net/modules/mydownloads/visit.php?lid=20534</Url>
        <Speaker>Dennis Kinlaw</Speaker>
        <Length>12.75Mb</Length>
        <Status>NOT_STARTED</Status>
        <isSermonSelected>false</isSermonSelected>
    </Sermon>
    <Sermon>
        <Title>Intimacy with God</Title>
        <Url>http://www.sermonindex.net/modules/mydownloads/visit.php?lid=20539</Url>
        <Speaker>Dennis Kinlaw</Speaker>
        <Length>7.73Mb</Length>
        <Status>NOT_STARTED</Status>
        <isSermonSelected>false</isSermonSelected>
    </Sermon>
    <Sermon>
        <Title>Jesus is Lord</Title>
        <Url>http://www.sermonindex.net/modules/mydownloads/visit.php?lid=20544</Url>
        <Speaker>Dennis Kinlaw</Speaker>
        <Length>12.62Mb</Length>
        <Status>NOT_STARTED</Status>
        <isSermonSelected>false</isSermonSelected>
    </Sermon>
    <Sermon>
        <Title>John 3</Title>
        <Url>http://www.sermonindex.net/modules/mydownloads/visit.php?lid=20533</Url>
        <Speaker>Dennis Kinlaw</Speaker>
        <Length>14.5Mb</Length>
        <Status>NOT_STARTED</Status>
        <isSermonSelected>false</isSermonSelected>
    </Sermon>
    <Sermon>
        <Title>Living Outside Yourself-Rich Young Ruler</Title>
        <Url>http://www.sermonindex.net/modules/mydownloads/visit.php?lid=20536</Url>
        <Speaker>Dennis Kinlaw</Speaker>
        <Length>10.32Mb</Length>
        <Status>NOT_STARTED</Status>
        <isSermonSelected>false</isSermonSelected>
    </Sermon>
    <Sermon>
        <Title>Natural, Spiritual or Carnal</Title>
        <Url>http://www.sermonindex.net/modules/mydownloads/visit.php?lid=20604</Url>
        <Speaker>Dennis Kinlaw</Speaker>
        <Length>12.32Mb</Length>
        <Status>NOT_STARTED</Status>
        <isSermonSelected>false</isSermonSelected>
    </Sermon>
    <Sermon>
        <Title>Our Calling - Intimate Fellowship</Title>
        <Url>http://www.sermonindex.net/modules/mydownloads/visit.php?lid=20564</Url>
        <Speaker>Dennis Kinlaw</Speaker>
        <Length>12.57Mb</Length>
        <Status>NOT_STARTED</Status>
        <isSermonSelected>false</isSermonSelected>
    </Sermon>
    <Sermon>
        <Title>Out of the Depths</Title>
        <Url>http://www.sermonindex.net/modules/mydownloads/visit.php?lid=20528</Url>
        <Speaker>Dennis Kinlaw</Speaker>
        <Length>7.86Mb</Length>
        <Status>NOT_STARTED</Status>
        <isSermonSelected>false</isSermonSelected>
    </Sermon>
    <Sermon>
        <Title>Reason for His Passion</Title>
        <Url>http://www.sermonindex.net/modules/mydownloads/visit.php?lid=20605</Url>
        <Speaker>Dennis Kinlaw</Speaker>
        <Length>10.29Mb</Length>
        <Status>NOT_STARTED</Status>
        <isSermonSelected>false</isSermonSelected>
    </Sermon>
    <Sermon>
        <Title>Signs of His Presence</Title>
        <Url>http://www.sermonindex.net/modules/mydownloads/visit.php?lid=20601</Url>
        <Speaker>Dennis Kinlaw</Speaker>
        <Length>12.26Mb</Length>
        <Status>NOT_STARTED</Status>
        <isSermonSelected>false</isSermonSelected>
    </Sermon>
    <Sermon>
        <Title>Submission</Title>
        <Url>http://www.sermonindex.net/modules/mydownloads/visit.php?lid=20565</Url>
        <Speaker>Dennis Kinlaw</Speaker>
        <Length>16.34Mb</Length>
        <Status>NOT_STARTED</Status>
        <isSermonSelected>false</isSermonSelected>
    </Sermon>
    <Sermon>
        <Title>The Central Fact of Christianity</Title>
        <Url>http://www.sermonindex.net/modules/mydownloads/visit.php?lid=20545</Url>
        <Speaker>Dennis Kinlaw</Speaker>
        <Length>10.95Mb</Length>
        <Status>NOT_STARTED</Status>
        <isSermonSelected>false</isSermonSelected>
    </Sermon>
    <Sermon>
        <Title>The Eternal Witness</Title>
        <Url>http://www.sermonindex.net/modules/mydownloads/visit.php?lid=20548</Url>
        <Speaker>Dennis Kinlaw</Speaker>
        <Length>9.77Mb</Length>
        <Status>NOT_STARTED</Status>
        <isSermonSelected>false</isSermonSelected>
    </Sermon>
    <Sermon>
        <Title>The Flesh and the Spirit</Title>
        <Url>http://www.sermonindex.net/modules/mydownloads/visit.php?lid=20590</Url>
        <Speaker>Dennis Kinlaw</Speaker>
        <Length>14.29Mb</Length>
        <Status>NOT_STARTED</Status>
        <isSermonSelected>false</isSermonSelected>
    </Sermon>
    <Sermon>
        <Title>The Foundation of Christ</Title>
        <Url>http://www.sermonindex.net/modules/mydownloads/visit.php?lid=20531</Url>
        <Speaker>Dennis Kinlaw</Speaker>
        <Length>11.74Mb</Length>
        <Status>NOT_STARTED</Status>
        <isSermonSelected>false</isSermonSelected>
    </Sermon>
    <Sermon>
        <Title>The Fullness of Time</Title>
        <Url>http://www.sermonindex.net/modules/mydownloads/visit.php?lid=20551</Url>
        <Speaker>Dennis Kinlaw</Speaker>
        <Length>13.81Mb</Length>
        <Status>NOT_STARTED</Status>
        <isSermonSelected>false</isSermonSelected>
    </Sermon>
    <Sermon>
        <Title>The Gift of Hunger</Title>
        <Url>http://www.sermonindex.net/modules/mydownloads/visit.php?lid=20554</Url>
        <Speaker>Dennis Kinlaw</Speaker>
        <Length>9.15Mb</Length>
        <Status>NOT_STARTED</Status>
        <isSermonSelected>false</isSermonSelected>
    </Sermon>
    <Sermon>
        <Title>The Gospel of Mark</Title>
        <Url>http://www.sermonindex.net/modules/mydownloads/visit.php?lid=20530</Url>
        <Speaker>Dennis Kinlaw</Speaker>
        <Length>7.42Mb</Length>
        <Status>NOT_STARTED</Status>
        <isSermonSelected>false</isSermonSelected>
    </Sermon>
    <Sermon>
        <Title>The Hope of Glory</Title>
        <Url>http://www.sermonindex.net/modules/mydownloads/visit.php?lid=20542</Url>
        <Speaker>Dennis Kinlaw</Speaker>
        <Length>10.31Mb</Length>
        <Status>NOT_STARTED</Status>
        <isSermonSelected>false</isSermonSelected>
    </Sermon>
    <Sermon>
        <Title>The Passion and Vision Of Francis Asbury Society</Title>
        <Url>http://www.sermonindex.net/modules/mydownloads/visit.php?lid=21752</Url>
        <Speaker>Dennis Kinlaw</Speaker>
        <Length>26.7Mb</Length>
        <Status>NOT_STARTED</Status>
        <isSermonSelected>false</isSermonSelected>
    </Sermon>
    <Sermon>
        <Title>The Power of One Man's Intercession</Title>
        <Url>http://www.sermonindex.net/modules/mydownloads/visit.php?lid=20541</Url>
        <Speaker>Dennis Kinlaw</Speaker>
        <Length>12.2Mb</Length>
        <Status>NOT_STARTED</Status>
        <isSermonSelected>false</isSermonSelected>
    </Sermon>
    <Sermon>
        <Title>The Problems Jesus Faced</Title>
        <Url>http://www.sermonindex.net/modules/mydownloads/visit.php?lid=20549</Url>
        <Speaker>Dennis Kinlaw</Speaker>
        <Length>8.89Mb</Length>
        <Status>NOT_STARTED</Status>
        <isSermonSelected>false</isSermonSelected>
    </Sermon>
    <Sermon>
        <Title>The Process of Detachment</Title>
        <Url>http://www.sermonindex.net/modules/mydownloads/visit.php?lid=20597</Url>
        <Speaker>Dennis Kinlaw</Speaker>
        <Length>12.51Mb</Length>
        <Status>NOT_STARTED</Status>
        <isSermonSelected>false</isSermonSelected>
    </Sermon>
    <Sermon>
        <Title>The Radical Character of Paul's Discipleship</Title>
        <Url>http://www.sermonindex.net/modules/mydownloads/visit.php?lid=20608</Url>
        <Speaker>Dennis Kinlaw</Speaker>
        <Length>13.17Mb</Length>
        <Status>NOT_STARTED</Status>
        <isSermonSelected>false</isSermonSelected>
    </Sermon>
    <Sermon>
        <Title>The Secret of Holiness</Title>
        <Url>http://www.sermonindex.net/modules/mydownloads/visit.php?lid=20543</Url>
        <Speaker>Dennis Kinlaw</Speaker>
        <Length>13.09Mb</Length>
        <Status>NOT_STARTED</Status>
        <isSermonSelected>false</isSermonSelected>
    </Sermon>
    <Sermon>
        <Title>The Temptation of Jesus</Title>
        <Url>http://www.sermonindex.net/modules/mydownloads/visit.php?lid=20560</Url>
        <Speaker>Dennis Kinlaw</Speaker>
        <Length>12.13Mb</Length>
        <Status>NOT_STARTED</Status>
        <isSermonSelected>false</isSermonSelected>
    </Sermon>
    <Sermon>
        <Title>The Wedding in Cana</Title>
        <Url>http://www.sermonindex.net/modules/mydownloads/visit.php?lid=20532</Url>
        <Speaker>Dennis Kinlaw</Speaker>
        <Length>12.41Mb</Length>
        <Status>NOT_STARTED</Status>
        <isSermonSelected>false</isSermonSelected>
    </Sermon>
    <Sermon>
        <Title>This Calling and its Cost - A Cross</Title>
        <Url>http://www.sermonindex.net/modules/mydownloads/visit.php?lid=20563</Url>
        <Speaker>Dennis Kinlaw</Speaker>
        <Length>12.23Mb</Length>
        <Status>NOT_STARTED</Status>
        <isSermonSelected>false</isSermonSelected>
    </Sermon>
    <Sermon>
        <Title>Totally Committed</Title>
        <Url>http://www.sermonindex.net/modules/mydownloads/visit.php?lid=20553</Url>
        <Speaker>Dennis Kinlaw</Speaker>
        <Length>13.1Mb</Length>
        <Status>NOT_STARTED</Status>
        <isSermonSelected>false</isSermonSelected>
    </Sermon>
    <Sermon>
        <Title>Unite My Heart</Title>
        <Url>http://www.sermonindex.net/modules/mydownloads/visit.php?lid=20558</Url>
        <Speaker>Dennis Kinlaw</Speaker>
        <Length>9.83Mb</Length>
        <Status>NOT_STARTED</Status>
        <isSermonSelected>false</isSermonSelected>
    </Sermon>
    <Sermon>
        <Title>Walking with Christ</Title>
        <Url>http://www.sermonindex.net/modules/mydownloads/visit.php?lid=20537</Url>
        <Speaker>Dennis Kinlaw</Speaker>
        <Length>9.66Mb</Length>
        <Status>NOT_STARTED</Status>
        <isSermonSelected>false</isSermonSelected>
    </Sermon>
    <Sermon>
        <Title>What is the Spirit Doing</Title>
        <Url>http://www.sermonindex.net/modules/mydownloads/visit.php?lid=20552</Url>
        <Speaker>Dennis Kinlaw</Speaker>
        <Length>11.83Mb</Length>
        <Status>NOT_STARTED</Status>
        <isSermonSelected>false</isSermonSelected>
    </Sermon>
    <Sermon>
        <Title>When Darkness Turns to Light</Title>
        <Url>http://www.sermonindex.net/modules/mydownloads/visit.php?lid=20598</Url>
        <Speaker>Dennis Kinlaw</Speaker>
        <Length>15.22Mb</Length>
        <Status>NOT_STARTED</Status>
        <isSermonSelected>false</isSermonSelected>
    </Sermon>
    <Sermon>
        <Title>When God Becomes Friend - Assurance</Title>
        <Url>http://www.sermonindex.net/modules/mydownloads/visit.php?lid=20550</Url>
        <Speaker>Dennis Kinlaw</Speaker>
        <Length>7.72Mb</Length>
        <Status>NOT_STARTED</Status>
        <isSermonSelected>false</isSermonSelected>
    </Sermon>
    <Sermon>
        <Title>When the Messenger and Message Become One</Title>
        <Url>http://www.sermonindex.net/modules/mydownloads/visit.php?lid=20562</Url>
        <Speaker>Dennis Kinlaw</Speaker>
        <Length>13.05Mb</Length>
        <Status>NOT_STARTED</Status>
        <isSermonSelected>false</isSermonSelected>
    </Sermon>
</Sermons>
