<?xml version="1.0" encoding="UTF-8" standalone="yes"?>
<Sermons>
    <Sermon>
        <Title>God Glorified: A Foundation for Missions</Title>
        <Url>http://www.sermonindex.net/modules/mydownloads/visit.php?lid=25473</Url>
        <Speaker>Dick Brogden</Speaker>
        <Length>25.49Mb</Length>
        <Status>NOT_STARTED</Status>
        <isSermonSelected>false</isSermonSelected>
    </Sermon>
    <Sermon>
        <Title>The Biblical Call To Missions</Title>
        <Url>http://www.sermonindex.net/modules/mydownloads/visit.php?lid=25476</Url>
        <Speaker>Dick Brogden</Speaker>
        <Length>9.58Mb</Length>
        <Status>NOT_STARTED</Status>
        <isSermonSelected>false</isSermonSelected>
    </Sermon>
    <Sermon>
        <Title>The Blessing of Being Like Jesus</Title>
        <Url>http://www.sermonindex.net/modules/mydownloads/visit.php?lid=25474</Url>
        <Speaker>Dick Brogden</Speaker>
        <Length>27.52Mb</Length>
        <Status>NOT_STARTED</Status>
        <isSermonSelected>false</isSermonSelected>
    </Sermon>
    <Sermon>
        <Title>The Four Martyrdoms</Title>
        <Url>http://www.sermonindex.net/modules/mydownloads/visit.php?lid=25475</Url>
        <Speaker>Dick Brogden</Speaker>
        <Length>28.06Mb</Length>
        <Status>NOT_STARTED</Status>
        <isSermonSelected>false</isSermonSelected>
    </Sermon>
    <Sermon>
        <Title>The Worth Of Jesus</Title>
        <Url>http://www.sermonindex.net/modules/mydownloads/visit.php?lid=25472</Url>
        <Speaker>Dick Brogden</Speaker>
        <Length>12.98Mb</Length>
        <Status>NOT_STARTED</Status>
        <isSermonSelected>false</isSermonSelected>
    </Sermon>
    <Sermon>
        <Title>Unless They Are Sent</Title>
        <Url>http://www.sermonindex.net/modules/mydownloads/visit.php?lid=25471</Url>
        <Speaker>Dick Brogden</Speaker>
        <Length>15.83Mb</Length>
        <Status>NOT_STARTED</Status>
        <isSermonSelected>false</isSermonSelected>
    </Sermon>
</Sermons>
