<?xml version="1.0" encoding="UTF-8" standalone="yes"?>
<Sermons>
    <Sermon>
        <Title>Attitudes Of A Princess, The (Part 1)</Title>
        <Url>http://www.sermonindex.net/modules/mydownloads/visit.php?lid=9317</Url>
        <Speaker>Dora Esh</Speaker>
        <Length>10.89Mb</Length>
        <Status>NOT_STARTED</Status>
        <isSermonSelected>false</isSermonSelected>
    </Sermon>
    <Sermon>
        <Title>Attitudes Of A Princess, The (Part 2)</Title>
        <Url>http://www.sermonindex.net/modules/mydownloads/visit.php?lid=9318</Url>
        <Speaker>Dora Esh</Speaker>
        <Length>10.89Mb</Length>
        <Status>NOT_STARTED</Status>
        <isSermonSelected>false</isSermonSelected>
    </Sermon>
    <Sermon>
        <Title>Princess &amp; Her Relationships, The (Part 1)</Title>
        <Url>http://www.sermonindex.net/modules/mydownloads/visit.php?lid=9321</Url>
        <Speaker>Dora Esh</Speaker>
        <Length>12.76Mb</Length>
        <Status>NOT_STARTED</Status>
        <isSermonSelected>false</isSermonSelected>
    </Sermon>
    <Sermon>
        <Title>Princess &amp; Her Relationships, The (Part 2)</Title>
        <Url>http://www.sermonindex.net/modules/mydownloads/visit.php?lid=9322</Url>
        <Speaker>Dora Esh</Speaker>
        <Length>12.76Mb</Length>
        <Status>NOT_STARTED</Status>
        <isSermonSelected>false</isSermonSelected>
    </Sermon>
    <Sermon>
        <Title>Spirit Of Modesty In A Princess, The (Part 1)</Title>
        <Url>http://www.sermonindex.net/modules/mydownloads/visit.php?lid=9319</Url>
        <Speaker>Dora Esh</Speaker>
        <Length>16.07Mb</Length>
        <Status>NOT_STARTED</Status>
        <isSermonSelected>false</isSermonSelected>
    </Sermon>
    <Sermon>
        <Title>Spirit Of Modesty In A Princess, The (Part 2)</Title>
        <Url>http://www.sermonindex.net/modules/mydownloads/visit.php?lid=9320</Url>
        <Speaker>Dora Esh</Speaker>
        <Length>16.07Mb</Length>
        <Status>NOT_STARTED</Status>
        <isSermonSelected>false</isSermonSelected>
    </Sermon>
</Sermons>
