<?xml version="1.0" encoding="UTF-8" standalone="yes"?>
<Sermons>
    <Sermon>
        <Title>(Colossians) Part Four - Col 2:6-23</Title>
        <Url>http://www.sermonindex.net/modules/mydownloads/visit.php?lid=12893</Url>
        <Speaker>Douglas Moo</Speaker>
        <Length>16.44Mb</Length>
        <Status>NOT_STARTED</Status>
        <isSermonSelected>false</isSermonSelected>
    </Sermon>
    <Sermon>
        <Title>(Colossians) Part One - Col 1:3-14</Title>
        <Url>http://www.sermonindex.net/modules/mydownloads/visit.php?lid=12890</Url>
        <Speaker>Douglas Moo</Speaker>
        <Length>12.41Mb</Length>
        <Status>NOT_STARTED</Status>
        <isSermonSelected>false</isSermonSelected>
    </Sermon>
    <Sermon>
        <Title>(Colossians) Part Three - Col 1:21-23; 2:6-15</Title>
        <Url>http://www.sermonindex.net/modules/mydownloads/visit.php?lid=25553</Url>
        <Speaker>Douglas Moo</Speaker>
        <Length>10.36Mb</Length>
        <Status>NOT_STARTED</Status>
        <isSermonSelected>false</isSermonSelected>
    </Sermon>
    <Sermon>
        <Title>(Colossians) Part Two - Col 1:15-20</Title>
        <Url>http://www.sermonindex.net/modules/mydownloads/visit.php?lid=12891</Url>
        <Speaker>Douglas Moo</Speaker>
        <Length>13.02Mb</Length>
        <Status>NOT_STARTED</Status>
        <isSermonSelected>false</isSermonSelected>
    </Sermon>
</Sermons>
