<?xml version="1.0" encoding="UTF-8" standalone="yes"?>
<Sermons>
    <Sermon>
        <Title>Aaron's Failure</Title>
        <Url>http://www.sermonindex.net/modules/mydownloads/visit.php?lid=1315</Url>
        <Speaker>Duncan Campbell</Speaker>
        <Length>10.45Mb</Length>
        <Status>ALREADY_DONE</Status>
        <isSermonSelected>false</isSermonSelected>
    </Sermon>
    <Sermon>
        <Title>Action And Obedience</Title>
        <Url>http://www.sermonindex.net/modules/mydownloads/visit.php?lid=381</Url>
        <Speaker>Duncan Campbell</Speaker>
        <Length>7.42Mb</Length>
        <Status>ALREADY_DONE</Status>
        <isSermonSelected>false</isSermonSelected>
    </Sermon>
    <Sermon>
        <Title>And the Country was Filled with Water</Title>
        <Url>http://www.sermonindex.net/modules/mydownloads/visit.php?lid=1316</Url>
        <Speaker>Duncan Campbell</Speaker>
        <Length>12.31Mb</Length>
        <Status>ALREADY_DONE</Status>
        <isSermonSelected>false</isSermonSelected>
    </Sermon>
    <Sermon>
        <Title>Building the Walls</Title>
        <Url>http://www.sermonindex.net/modules/mydownloads/visit.php?lid=383</Url>
        <Speaker>Duncan Campbell</Speaker>
        <Length>8.46Mb</Length>
        <Status>ALREADY_DONE</Status>
        <isSermonSelected>false</isSermonSelected>
    </Sermon>
    <Sermon>
        <Title>Can Two Walk Together Except They Be Agreed</Title>
        <Url>http://www.sermonindex.net/modules/mydownloads/visit.php?lid=1001</Url>
        <Speaker>Duncan Campbell</Speaker>
        <Length>12.96Mb</Length>
        <Status>ALREADY_DONE</Status>
        <isSermonSelected>false</isSermonSelected>
    </Sermon>
    <Sermon>
        <Title>Dry Valleys Filled With Water</Title>
        <Url>http://www.sermonindex.net/modules/mydownloads/visit.php?lid=21591</Url>
        <Speaker>Duncan Campbell</Speaker>
        <Length>9.37Mb</Length>
        <Status>ALREADY_DONE</Status>
        <isSermonSelected>false</isSermonSelected>
    </Sermon>
    <Sermon>
        <Title>Duncan Campbell's Testimony</Title>
        <Url>http://www.sermonindex.net/modules/mydownloads/visit.php?lid=21592</Url>
        <Speaker>Duncan Campbell</Speaker>
        <Length>21.02Mb</Length>
        <Status>ALREADY_DONE</Status>
        <isSermonSelected>false</isSermonSelected>
    </Sermon>
    <Sermon>
        <Title>God Indwelling Us</Title>
        <Url>http://www.sermonindex.net/modules/mydownloads/visit.php?lid=21590</Url>
        <Speaker>Duncan Campbell</Speaker>
        <Length>14.4Mb</Length>
        <Status>ALREADY_DONE</Status>
        <isSermonSelected>false</isSermonSelected>
    </Sermon>
    <Sermon>
        <Title>God's Answer to the cry of Unbelief</Title>
        <Url>http://www.sermonindex.net/modules/mydownloads/visit.php?lid=1002</Url>
        <Speaker>Duncan Campbell</Speaker>
        <Length>10.59Mb</Length>
        <Status>ALREADY_DONE</Status>
        <isSermonSelected>false</isSermonSelected>
    </Sermon>
    <Sermon>
        <Title>Heart preparation for revival</Title>
        <Url>http://www.sermonindex.net/modules/mydownloads/visit.php?lid=999</Url>
        <Speaker>Duncan Campbell</Speaker>
        <Length>8.24Mb</Length>
        <Status>ALREADY_DONE</Status>
        <isSermonSelected>false</isSermonSelected>
    </Sermon>
    <Sermon>
        <Title>His Testimony And Conversion</Title>
        <Url>http://www.sermonindex.net/modules/mydownloads/visit.php?lid=380</Url>
        <Speaker>Duncan Campbell</Speaker>
        <Length>9.16Mb</Length>
        <Status>ALREADY_DONE</Status>
        <isSermonSelected>false</isSermonSelected>
    </Sermon>
    <Sermon>
        <Title>Is the Lord among us</Title>
        <Url>http://www.sermonindex.net/modules/mydownloads/visit.php?lid=1003</Url>
        <Speaker>Duncan Campbell</Speaker>
        <Length>14.01Mb</Length>
        <Status>ALREADY_DONE</Status>
        <isSermonSelected>false</isSermonSelected>
    </Sermon>
    <Sermon>
        <Title>Lacking One Thing</Title>
        <Url>http://www.sermonindex.net/modules/mydownloads/visit.php?lid=378</Url>
        <Speaker>Duncan Campbell</Speaker>
        <Length>11.95Mb</Length>
        <Status>ALREADY_DONE</Status>
        <isSermonSelected>false</isSermonSelected>
    </Sermon>
    <Sermon>
        <Title>Lewis Land of Revival (Revival Testimonies)</Title>
        <Url>http://www.sermonindex.net/modules/mydownloads/visit.php?lid=1318</Url>
        <Speaker>Duncan Campbell</Speaker>
        <Length>10.31Mb</Length>
        <Status>ALREADY_DONE</Status>
        <isSermonSelected>false</isSermonSelected>
    </Sermon>
    <Sermon>
        <Title>Meeting a Need</Title>
        <Url>http://www.sermonindex.net/modules/mydownloads/visit.php?lid=16418</Url>
        <Speaker>Duncan Campbell</Speaker>
        <Length>15.65Mb</Length>
        <Status>ALREADY_DONE</Status>
        <isSermonSelected>false</isSermonSelected>
    </Sermon>
    <Sermon>
        <Title>Principles That Govern Spiritual Awakenings - Part 1</Title>
        <Url>http://www.sermonindex.net/modules/mydownloads/visit.php?lid=17139</Url>
        <Speaker>Duncan Campbell</Speaker>
        <Length>15.29Mb</Length>
        <Status>ALREADY_DONE</Status>
        <isSermonSelected>false</isSermonSelected>
    </Sermon>
    <Sermon>
        <Title>Principles That Govern Spiritual Awakenings - Part 2</Title>
        <Url>http://www.sermonindex.net/modules/mydownloads/visit.php?lid=17140</Url>
        <Speaker>Duncan Campbell</Speaker>
        <Length>14.98Mb</Length>
        <Status>ALREADY_DONE</Status>
        <isSermonSelected>false</isSermonSelected>
    </Sermon>
    <Sermon>
        <Title>Reality of the Divine in Christian Experience</Title>
        <Url>http://www.sermonindex.net/modules/mydownloads/visit.php?lid=382</Url>
        <Speaker>Duncan Campbell</Speaker>
        <Length>8.32Mb</Length>
        <Status>ALREADY_DONE</Status>
        <isSermonSelected>false</isSermonSelected>
    </Sermon>
    <Sermon>
        <Title>Revival On The Isle Of Lewis</Title>
        <Url>http://www.sermonindex.net/modules/mydownloads/visit.php?lid=376</Url>
        <Speaker>Duncan Campbell</Speaker>
        <Length>10.47Mb</Length>
        <Status>ALREADY_DONE</Status>
        <isSermonSelected>false</isSermonSelected>
    </Sermon>
    <Sermon>
        <Title>Revive Us Again</Title>
        <Url>http://www.sermonindex.net/modules/mydownloads/visit.php?lid=74</Url>
        <Speaker>Duncan Campbell</Speaker>
        <Length>11.37Mb</Length>
        <Status>ALREADY_DONE</Status>
        <isSermonSelected>false</isSermonSelected>
    </Sermon>
    <Sermon>
        <Title>Sin in the Camp</Title>
        <Url>http://www.sermonindex.net/modules/mydownloads/visit.php?lid=1000</Url>
        <Speaker>Duncan Campbell</Speaker>
        <Length>10.9Mb</Length>
        <Status>ALREADY_DONE</Status>
        <isSermonSelected>false</isSermonSelected>
    </Sermon>
    <Sermon>
        <Title>Testimony</Title>
        <Url>http://www.sermonindex.net/modules/mydownloads/visit.php?lid=21593</Url>
        <Speaker>Duncan Campbell</Speaker>
        <Length>11.87Mb</Length>
        <Status>ALREADY_DONE</Status>
        <isSermonSelected>false</isSermonSelected>
    </Sermon>
    <Sermon>
        <Title>The Fire of God</Title>
        <Url>http://www.sermonindex.net/modules/mydownloads/visit.php?lid=384</Url>
        <Speaker>Duncan Campbell</Speaker>
        <Length>8.32Mb</Length>
        <Status>ALREADY_DONE</Status>
        <isSermonSelected>false</isSermonSelected>
    </Sermon>
    <Sermon>
        <Title>The Gospel of A New Beginning</Title>
        <Url>http://www.sermonindex.net/modules/mydownloads/visit.php?lid=21729</Url>
        <Speaker>Duncan Campbell</Speaker>
        <Length>7.34Mb</Length>
        <Status>ALREADY_DONE</Status>
        <isSermonSelected>false</isSermonSelected>
    </Sermon>
    <Sermon>
        <Title>The Holy Ghost In Revival - Part 1</Title>
        <Url>http://www.sermonindex.net/modules/mydownloads/visit.php?lid=21736</Url>
        <Speaker>Duncan Campbell</Speaker>
        <Length>6.38Mb</Length>
        <Status>ALREADY_DONE</Status>
        <isSermonSelected>false</isSermonSelected>
    </Sermon>
    <Sermon>
        <Title>The Holy Ghost In Revival - Part 2</Title>
        <Url>http://www.sermonindex.net/modules/mydownloads/visit.php?lid=21737</Url>
        <Speaker>Duncan Campbell</Speaker>
        <Length>5.94Mb</Length>
        <Status>ALREADY_DONE</Status>
        <isSermonSelected>false</isSermonSelected>
    </Sermon>
    <Sermon>
        <Title>The Sacrifice That Is Pleasing To God</Title>
        <Url>http://www.sermonindex.net/modules/mydownloads/visit.php?lid=379</Url>
        <Speaker>Duncan Campbell</Speaker>
        <Length>9.8Mb</Length>
        <Status>ALREADY_DONE</Status>
        <isSermonSelected>false</isSermonSelected>
    </Sermon>
    <Sermon>
        <Title>Then the Fire of The Lord Fell</Title>
        <Url>http://www.sermonindex.net/modules/mydownloads/visit.php?lid=1313</Url>
        <Speaker>Duncan Campbell</Speaker>
        <Length>14.18Mb</Length>
        <Status>ALREADY_DONE</Status>
        <isSermonSelected>false</isSermonSelected>
    </Sermon>
    <Sermon>
        <Title>Unrest</Title>
        <Url>http://www.sermonindex.net/modules/mydownloads/visit.php?lid=377</Url>
        <Speaker>Duncan Campbell</Speaker>
        <Length>15.58Mb</Length>
        <Status>ALREADY_DONE</Status>
        <isSermonSelected>false</isSermonSelected>
    </Sermon>
    <Sermon>
        <Title>Walking With God</Title>
        <Url>http://www.sermonindex.net/modules/mydownloads/visit.php?lid=1314</Url>
        <Speaker>Duncan Campbell</Speaker>
        <Length>10.64Mb</Length>
        <Status>ALREADY_DONE</Status>
        <isSermonSelected>false</isSermonSelected>
    </Sermon>
    <Sermon>
        <Title>When God Stepped Down - Part 1 (CD Quality)</Title>
        <Url>http://www.sermonindex.net/modules/mydownloads/visit.php?lid=1836</Url>
        <Speaker>Duncan Campbell</Speaker>
        <Length>26.25Mb</Length>
        <Status>ALREADY_DONE</Status>
        <isSermonSelected>false</isSermonSelected>
    </Sermon>
    <Sermon>
        <Title>When God Stepped Down - Part 2 (CD Quality)</Title>
        <Url>http://www.sermonindex.net/modules/mydownloads/visit.php?lid=1837</Url>
        <Speaker>Duncan Campbell</Speaker>
        <Length>27.04Mb</Length>
        <Status>ALREADY_DONE</Status>
        <isSermonSelected>false</isSermonSelected>
    </Sermon>
    <Sermon>
        <Title>When God Stepped Down from Heaven</Title>
        <Url>http://www.sermonindex.net/modules/mydownloads/visit.php?lid=1319</Url>
        <Speaker>Duncan Campbell</Speaker>
        <Length>10.34Mb</Length>
        <Status>ALREADY_DONE</Status>
        <isSermonSelected>false</isSermonSelected>
    </Sermon>
</Sermons>
