<?xml version="1.0" encoding="UTF-8" standalone="yes"?>
<Sermons>
    <Sermon>
        <Title>Beware of Spiritual Pride</Title>
        <Url>http://www.sermonindex.net/modules/mydownloads/visit.php?lid=18992</Url>
        <Speaker>Dwight Steven</Speaker>
        <Length>6.18Mb</Length>
        <Status>NOT_STARTED</Status>
        <isSermonSelected>false</isSermonSelected>
    </Sermon>
    <Sermon>
        <Title>JESUS, What Would You Have Me to Do?</Title>
        <Url>http://www.sermonindex.net/modules/mydownloads/visit.php?lid=21123</Url>
        <Speaker>Dwight Steven</Speaker>
        <Length>8.6Mb</Length>
        <Status>NOT_STARTED</Status>
        <isSermonSelected>false</isSermonSelected>
    </Sermon>
</Sermons>
