<?xml version="1.0" encoding="UTF-8" standalone="yes"?>
<Sermons>
    <Sermon>
        <Title>A Gospel Tract Ministry</Title>
        <Url>http://www.sermonindex.net/modules/mydownloads/visit.php?lid=24101</Url>
        <Speaker>E.A. Johnston</Speaker>
        <Length>3.66Mb</Length>
        <Status>NOT_STARTED</Status>
        <isSermonSelected>false</isSermonSelected>
    </Sermon>
    <Sermon>
        <Title>A Pruned Branch And A Fruitful Bough</Title>
        <Url>http://www.sermonindex.net/modules/mydownloads/visit.php?lid=24113</Url>
        <Speaker>E.A. Johnston</Speaker>
        <Length>2.29Mb</Length>
        <Status>NOT_STARTED</Status>
        <isSermonSelected>false</isSermonSelected>
    </Sermon>
    <Sermon>
        <Title>A Rock Higher Than I</Title>
        <Url>http://www.sermonindex.net/modules/mydownloads/visit.php?lid=24109</Url>
        <Speaker>E.A. Johnston</Speaker>
        <Length>2.35Mb</Length>
        <Status>NOT_STARTED</Status>
        <isSermonSelected>false</isSermonSelected>
    </Sermon>
    <Sermon>
        <Title>A Silent Church Amidst A Sinful Nation</Title>
        <Url>http://www.sermonindex.net/modules/mydownloads/visit.php?lid=24372</Url>
        <Speaker>E.A. Johnston</Speaker>
        <Length>1.79Mb</Length>
        <Status>NOT_STARTED</Status>
        <isSermonSelected>false</isSermonSelected>
    </Sermon>
    <Sermon>
        <Title>A Tour Of Hell</Title>
        <Url>http://www.sermonindex.net/modules/mydownloads/visit.php?lid=23923</Url>
        <Speaker>E.A. Johnston</Speaker>
        <Length>17.03Mb</Length>
        <Status>NOT_STARTED</Status>
        <isSermonSelected>false</isSermonSelected>
    </Sermon>
    <Sermon>
        <Title>America Revival Or Ruin</Title>
        <Url>http://www.sermonindex.net/modules/mydownloads/visit.php?lid=23894</Url>
        <Speaker>E.A. Johnston</Speaker>
        <Length>12.84Mb</Length>
        <Status>NOT_STARTED</Status>
        <isSermonSelected>false</isSermonSelected>
    </Sermon>
    <Sermon>
        <Title>America The Desolate!</Title>
        <Url>http://www.sermonindex.net/modules/mydownloads/visit.php?lid=24140</Url>
        <Speaker>E.A. Johnston</Speaker>
        <Length>3.13Mb</Length>
        <Status>NOT_STARTED</Status>
        <isSermonSelected>false</isSermonSelected>
    </Sermon>
    <Sermon>
        <Title>America: Reprobate Nation?</Title>
        <Url>http://www.sermonindex.net/modules/mydownloads/visit.php?lid=24102</Url>
        <Speaker>E.A. Johnston</Speaker>
        <Length>2.23Mb</Length>
        <Status>NOT_STARTED</Status>
        <isSermonSelected>false</isSermonSelected>
    </Sermon>
    <Sermon>
        <Title>American Church Buffet</Title>
        <Url>http://www.sermonindex.net/modules/mydownloads/visit.php?lid=24591</Url>
        <Speaker>E.A. Johnston</Speaker>
        <Length>1.83Mb</Length>
        <Status>NOT_STARTED</Status>
        <isSermonSelected>false</isSermonSelected>
    </Sermon>
    <Sermon>
        <Title>An Awakening Sermon</Title>
        <Url>http://www.sermonindex.net/modules/mydownloads/visit.php?lid=24425</Url>
        <Speaker>E.A. Johnston</Speaker>
        <Length>4.4Mb</Length>
        <Status>NOT_STARTED</Status>
        <isSermonSelected>false</isSermonSelected>
    </Sermon>
    <Sermon>
        <Title>Being A Christian Writer</Title>
        <Url>http://www.sermonindex.net/modules/mydownloads/visit.php?lid=24117</Url>
        <Speaker>E.A. Johnston</Speaker>
        <Length>2.05Mb</Length>
        <Status>NOT_STARTED</Status>
        <isSermonSelected>false</isSermonSelected>
    </Sermon>
    <Sermon>
        <Title>Broken Alabaster Boxes</Title>
        <Url>http://www.sermonindex.net/modules/mydownloads/visit.php?lid=23907</Url>
        <Speaker>E.A. Johnston</Speaker>
        <Length>11.1Mb</Length>
        <Status>NOT_STARTED</Status>
        <isSermonSelected>false</isSermonSelected>
    </Sermon>
    <Sermon>
        <Title>Death Of George Whitefield</Title>
        <Url>http://www.sermonindex.net/modules/mydownloads/visit.php?lid=24116</Url>
        <Speaker>E.A. Johnston</Speaker>
        <Length>1.43Mb</Length>
        <Status>NOT_STARTED</Status>
        <isSermonSelected>false</isSermonSelected>
    </Sermon>
    <Sermon>
        <Title>Four R's Of The Gospel: Regeneration</Title>
        <Url>http://www.sermonindex.net/modules/mydownloads/visit.php?lid=24108</Url>
        <Speaker>E.A. Johnston</Speaker>
        <Length>2.39Mb</Length>
        <Status>NOT_STARTED</Status>
        <isSermonSelected>false</isSermonSelected>
    </Sermon>
    <Sermon>
        <Title>Four R's of the Gospel: Ruin</Title>
        <Url>http://www.sermonindex.net/modules/mydownloads/visit.php?lid=24105</Url>
        <Speaker>E.A. Johnston</Speaker>
        <Length>2.47Mb</Length>
        <Status>NOT_STARTED</Status>
        <isSermonSelected>false</isSermonSelected>
    </Sermon>
    <Sermon>
        <Title>Four R's Of The Gospel:Repentance</Title>
        <Url>http://www.sermonindex.net/modules/mydownloads/visit.php?lid=24107</Url>
        <Speaker>E.A. Johnston</Speaker>
        <Length>2.41Mb</Length>
        <Status>NOT_STARTED</Status>
        <isSermonSelected>false</isSermonSelected>
    </Sermon>
    <Sermon>
        <Title>Gripped With Eternity</Title>
        <Url>http://www.sermonindex.net/modules/mydownloads/visit.php?lid=24426</Url>
        <Speaker>E.A. Johnston</Speaker>
        <Length>1.94Mb</Length>
        <Status>NOT_STARTED</Status>
        <isSermonSelected>false</isSermonSelected>
    </Sermon>
    <Sermon>
        <Title>Having An Effective Quiet Time</Title>
        <Url>http://www.sermonindex.net/modules/mydownloads/visit.php?lid=24099</Url>
        <Speaker>E.A. Johnston</Speaker>
        <Length>1.86Mb</Length>
        <Status>NOT_STARTED</Status>
        <isSermonSelected>false</isSermonSelected>
    </Sermon>
    <Sermon>
        <Title>How To Start A Discipleship Group</Title>
        <Url>http://www.sermonindex.net/modules/mydownloads/visit.php?lid=24098</Url>
        <Speaker>E.A. Johnston</Speaker>
        <Length>3.19Mb</Length>
        <Status>NOT_STARTED</Status>
        <isSermonSelected>false</isSermonSelected>
    </Sermon>
    <Sermon>
        <Title>How To Study Revival</Title>
        <Url>http://www.sermonindex.net/modules/mydownloads/visit.php?lid=24100</Url>
        <Speaker>E.A. Johnston</Speaker>
        <Length>2.37Mb</Length>
        <Status>NOT_STARTED</Status>
        <isSermonSelected>false</isSermonSelected>
    </Sermon>
    <Sermon>
        <Title>Isn't Jesus Wonderful!</Title>
        <Url>http://www.sermonindex.net/modules/mydownloads/visit.php?lid=24136</Url>
        <Speaker>E.A. Johnston</Speaker>
        <Length>2.79Mb</Length>
        <Status>NOT_STARTED</Status>
        <isSermonSelected>false</isSermonSelected>
    </Sermon>
    <Sermon>
        <Title>Men Of Revival: C. H. Spurgeon</Title>
        <Url>http://www.sermonindex.net/modules/mydownloads/visit.php?lid=24139</Url>
        <Speaker>E.A. Johnston</Speaker>
        <Length>2.01Mb</Length>
        <Status>NOT_STARTED</Status>
        <isSermonSelected>false</isSermonSelected>
    </Sermon>
    <Sermon>
        <Title>Revival Gems</Title>
        <Url>http://www.sermonindex.net/modules/mydownloads/visit.php?lid=24112</Url>
        <Speaker>E.A. Johnston</Speaker>
        <Length>2.53Mb</Length>
        <Status>NOT_STARTED</Status>
        <isSermonSelected>false</isSermonSelected>
    </Sermon>
    <Sermon>
        <Title>Revival Men: C. T. Studd</Title>
        <Url>http://www.sermonindex.net/modules/mydownloads/visit.php?lid=24118</Url>
        <Speaker>E.A. Johnston</Speaker>
        <Length>2.53Mb</Length>
        <Status>NOT_STARTED</Status>
        <isSermonSelected>false</isSermonSelected>
    </Sermon>
    <Sermon>
        <Title>Revival Men: Leonard Ravenhill</Title>
        <Url>http://www.sermonindex.net/modules/mydownloads/visit.php?lid=24262</Url>
        <Speaker>E.A. Johnston</Speaker>
        <Length>2.25Mb</Length>
        <Status>NOT_STARTED</Status>
        <isSermonSelected>false</isSermonSelected>
    </Sermon>
    <Sermon>
        <Title>Revival Men: Mordecai Ham</Title>
        <Url>http://www.sermonindex.net/modules/mydownloads/visit.php?lid=24300</Url>
        <Speaker>E.A. Johnston</Speaker>
        <Length>1.92Mb</Length>
        <Status>NOT_STARTED</Status>
        <isSermonSelected>false</isSermonSelected>
    </Sermon>
    <Sermon>
        <Title>Revival Men: Vance Havner</Title>
        <Url>http://www.sermonindex.net/modules/mydownloads/visit.php?lid=24301</Url>
        <Speaker>E.A. Johnston</Speaker>
        <Length>1.89Mb</Length>
        <Status>NOT_STARTED</Status>
        <isSermonSelected>false</isSermonSelected>
    </Sermon>
    <Sermon>
        <Title>Revival Prayer For America</Title>
        <Url>http://www.sermonindex.net/modules/mydownloads/visit.php?lid=24104</Url>
        <Speaker>E.A. Johnston</Speaker>
        <Length>1.73Mb</Length>
        <Status>NOT_STARTED</Status>
        <isSermonSelected>false</isSermonSelected>
    </Sermon>
    <Sermon>
        <Title>Revival Stories: 1857-1858 Revival</Title>
        <Url>http://www.sermonindex.net/modules/mydownloads/visit.php?lid=24119</Url>
        <Speaker>E.A. Johnston</Speaker>
        <Length>2.15Mb</Length>
        <Status>NOT_STARTED</Status>
        <isSermonSelected>false</isSermonSelected>
    </Sermon>
    <Sermon>
        <Title>Revival Stories: Asahel Nettleton</Title>
        <Url>http://www.sermonindex.net/modules/mydownloads/visit.php?lid=24122</Url>
        <Speaker>E.A. Johnston</Speaker>
        <Length>2.17Mb</Length>
        <Status>NOT_STARTED</Status>
        <isSermonSelected>false</isSermonSelected>
    </Sermon>
    <Sermon>
        <Title>Revival Stories: Charles Finney</Title>
        <Url>http://www.sermonindex.net/modules/mydownloads/visit.php?lid=24128</Url>
        <Speaker>E.A. Johnston</Speaker>
        <Length>2.18Mb</Length>
        <Status>NOT_STARTED</Status>
        <isSermonSelected>false</isSermonSelected>
    </Sermon>
    <Sermon>
        <Title>Revival Stories: D. L. Moody</Title>
        <Url>http://www.sermonindex.net/modules/mydownloads/visit.php?lid=24129</Url>
        <Speaker>E.A. Johnston</Speaker>
        <Length>2.69Mb</Length>
        <Status>NOT_STARTED</Status>
        <isSermonSelected>false</isSermonSelected>
    </Sermon>
    <Sermon>
        <Title>Revival Stories: Duncan Campbell</Title>
        <Url>http://www.sermonindex.net/modules/mydownloads/visit.php?lid=24127</Url>
        <Speaker>E.A. Johnston</Speaker>
        <Length>2.51Mb</Length>
        <Status>NOT_STARTED</Status>
        <isSermonSelected>false</isSermonSelected>
    </Sermon>
    <Sermon>
        <Title>Revival Stories: Evan Roberts</Title>
        <Url>http://www.sermonindex.net/modules/mydownloads/visit.php?lid=24121</Url>
        <Speaker>E.A. Johnston</Speaker>
        <Length>1.94Mb</Length>
        <Status>NOT_STARTED</Status>
        <isSermonSelected>false</isSermonSelected>
    </Sermon>
    <Sermon>
        <Title>Revival Stories: George Whitefield</Title>
        <Url>http://www.sermonindex.net/modules/mydownloads/visit.php?lid=24130</Url>
        <Speaker>E.A. Johnston</Speaker>
        <Length>2.74Mb</Length>
        <Status>NOT_STARTED</Status>
        <isSermonSelected>false</isSermonSelected>
    </Sermon>
    <Sermon>
        <Title>Revival Stories: John Sung</Title>
        <Url>http://www.sermonindex.net/modules/mydownloads/visit.php?lid=24124</Url>
        <Speaker>E.A. Johnston</Speaker>
        <Length>2Mb</Length>
        <Status>NOT_STARTED</Status>
        <isSermonSelected>false</isSermonSelected>
    </Sermon>
    <Sermon>
        <Title>Revival Stories: John Wesley</Title>
        <Url>http://www.sermonindex.net/modules/mydownloads/visit.php?lid=24120</Url>
        <Speaker>E.A. Johnston</Speaker>
        <Length>1.97Mb</Length>
        <Status>NOT_STARTED</Status>
        <isSermonSelected>false</isSermonSelected>
    </Sermon>
    <Sermon>
        <Title>Revival Stories: Jonathan Edwards</Title>
        <Url>http://www.sermonindex.net/modules/mydownloads/visit.php?lid=24125</Url>
        <Speaker>E.A. Johnston</Speaker>
        <Length>2.2Mb</Length>
        <Status>NOT_STARTED</Status>
        <isSermonSelected>false</isSermonSelected>
    </Sermon>
    <Sermon>
        <Title>Revival Stories: Rolfe Barnard</Title>
        <Url>http://www.sermonindex.net/modules/mydownloads/visit.php?lid=24123</Url>
        <Speaker>E.A. Johnston</Speaker>
        <Length>2.26Mb</Length>
        <Status>NOT_STARTED</Status>
        <isSermonSelected>false</isSermonSelected>
    </Sermon>
    <Sermon>
        <Title>Revival Stories: Sam Jones</Title>
        <Url>http://www.sermonindex.net/modules/mydownloads/visit.php?lid=24126</Url>
        <Speaker>E.A. Johnston</Speaker>
        <Length>2.09Mb</Length>
        <Status>NOT_STARTED</Status>
        <isSermonSelected>false</isSermonSelected>
    </Sermon>
    <Sermon>
        <Title>Tears Before The Altar</Title>
        <Url>http://www.sermonindex.net/modules/mydownloads/visit.php?lid=23896</Url>
        <Speaker>E.A. Johnston</Speaker>
        <Length>11.97Mb</Length>
        <Status>NOT_STARTED</Status>
        <isSermonSelected>false</isSermonSelected>
    </Sermon>
    <Sermon>
        <Title>The Apostate Church In America: The Cappuccino Church</Title>
        <Url>http://www.sermonindex.net/modules/mydownloads/visit.php?lid=24540</Url>
        <Speaker>E.A. Johnston</Speaker>
        <Length>5.02Mb</Length>
        <Status>NOT_STARTED</Status>
        <isSermonSelected>false</isSermonSelected>
    </Sermon>
    <Sermon>
        <Title>The Beguiler</Title>
        <Url>http://www.sermonindex.net/modules/mydownloads/visit.php?lid=24230</Url>
        <Speaker>E.A. Johnston</Speaker>
        <Length>2.67Mb</Length>
        <Status>NOT_STARTED</Status>
        <isSermonSelected>false</isSermonSelected>
    </Sermon>
    <Sermon>
        <Title>The Darkness Of Sin</Title>
        <Url>http://www.sermonindex.net/modules/mydownloads/visit.php?lid=24103</Url>
        <Speaker>E.A. Johnston</Speaker>
        <Length>2.49Mb</Length>
        <Status>NOT_STARTED</Status>
        <isSermonSelected>false</isSermonSelected>
    </Sermon>
    <Sermon>
        <Title>The Emptying Of Moses</Title>
        <Url>http://www.sermonindex.net/modules/mydownloads/visit.php?lid=24110</Url>
        <Speaker>E.A. Johnston</Speaker>
        <Length>2.28Mb</Length>
        <Status>NOT_STARTED</Status>
        <isSermonSelected>false</isSermonSelected>
    </Sermon>
    <Sermon>
        <Title>The First Message of the Cross</Title>
        <Url>http://www.sermonindex.net/modules/mydownloads/visit.php?lid=24096</Url>
        <Speaker>E.A. Johnston</Speaker>
        <Length>2.5Mb</Length>
        <Status>NOT_STARTED</Status>
        <isSermonSelected>false</isSermonSelected>
    </Sermon>
    <Sermon>
        <Title>The Four R's Of The Gospel: Redemption</Title>
        <Url>http://www.sermonindex.net/modules/mydownloads/visit.php?lid=24106</Url>
        <Speaker>E.A. Johnston</Speaker>
        <Length>2.06Mb</Length>
        <Status>NOT_STARTED</Status>
        <isSermonSelected>false</isSermonSelected>
    </Sermon>
    <Sermon>
        <Title>The Great White Throne</Title>
        <Url>http://www.sermonindex.net/modules/mydownloads/visit.php?lid=24134</Url>
        <Speaker>E.A. Johnston</Speaker>
        <Length>3.44Mb</Length>
        <Status>NOT_STARTED</Status>
        <isSermonSelected>false</isSermonSelected>
    </Sermon>
    <Sermon>
        <Title>The Heart That Cares For The Souls Of Men</Title>
        <Url>http://www.sermonindex.net/modules/mydownloads/visit.php?lid=24214</Url>
        <Speaker>E.A. Johnston</Speaker>
        <Length>2.98Mb</Length>
        <Status>NOT_STARTED</Status>
        <isSermonSelected>false</isSermonSelected>
    </Sermon>
    <Sermon>
        <Title>The Implosion of America</Title>
        <Url>http://www.sermonindex.net/modules/mydownloads/visit.php?lid=24431</Url>
        <Speaker>E.A. Johnston</Speaker>
        <Length>2.1Mb</Length>
        <Status>NOT_STARTED</Status>
        <isSermonSelected>false</isSermonSelected>
    </Sermon>
    <Sermon>
        <Title>The Legend Of The King's Sword</Title>
        <Url>http://www.sermonindex.net/modules/mydownloads/visit.php?lid=24561</Url>
        <Speaker>E.A. Johnston</Speaker>
        <Length>2.12Mb</Length>
        <Status>NOT_STARTED</Status>
        <isSermonSelected>false</isSermonSelected>
    </Sermon>
    <Sermon>
        <Title>The Manifest Presence Of God</Title>
        <Url>http://www.sermonindex.net/modules/mydownloads/visit.php?lid=24114</Url>
        <Speaker>E.A. Johnston</Speaker>
        <Length>2.37Mb</Length>
        <Status>NOT_STARTED</Status>
        <isSermonSelected>false</isSermonSelected>
    </Sermon>
    <Sermon>
        <Title>The Missing Voice Of Authority</Title>
        <Url>http://www.sermonindex.net/modules/mydownloads/visit.php?lid=25587</Url>
        <Speaker>E.A. Johnston</Speaker>
        <Length>1.98Mb</Length>
        <Status>NOT_STARTED</Status>
        <isSermonSelected>false</isSermonSelected>
    </Sermon>
    <Sermon>
        <Title>The Outpoured Wrath Of A Long-Provoked God</Title>
        <Url>http://www.sermonindex.net/modules/mydownloads/visit.php?lid=24563</Url>
        <Speaker>E.A. Johnston</Speaker>
        <Length>2.12Mb</Length>
        <Status>NOT_STARTED</Status>
        <isSermonSelected>false</isSermonSelected>
    </Sermon>
    <Sermon>
        <Title>The Pastor's Library</Title>
        <Url>http://www.sermonindex.net/modules/mydownloads/visit.php?lid=24132</Url>
        <Speaker>E.A. Johnston</Speaker>
        <Length>3.63Mb</Length>
        <Status>NOT_STARTED</Status>
        <isSermonSelected>false</isSermonSelected>
    </Sermon>
    <Sermon>
        <Title>The Power Of A Holy Life</Title>
        <Url>http://www.sermonindex.net/modules/mydownloads/visit.php?lid=24135</Url>
        <Speaker>E.A. Johnston</Speaker>
        <Length>3.12Mb</Length>
        <Status>NOT_STARTED</Status>
        <isSermonSelected>false</isSermonSelected>
    </Sermon>
    <Sermon>
        <Title>The Preaching of George Whitefield</Title>
        <Url>http://www.sermonindex.net/modules/mydownloads/visit.php?lid=22902</Url>
        <Speaker>E.A. Johnston</Speaker>
        <Length>20.73Mb</Length>
        <Status>NOT_STARTED</Status>
        <isSermonSelected>false</isSermonSelected>
    </Sermon>
    <Sermon>
        <Title>The Preaching of George Whitefield</Title>
        <Url>http://www.sermonindex.net/modules/mydownloads/visit.php?lid=24137</Url>
        <Speaker>E.A. Johnston</Speaker>
        <Length>6.96Mb</Length>
        <Status>NOT_STARTED</Status>
        <isSermonSelected>false</isSermonSelected>
    </Sermon>
    <Sermon>
        <Title>The Restoration of a Backslider</Title>
        <Url>http://www.sermonindex.net/modules/mydownloads/visit.php?lid=24302</Url>
        <Speaker>E.A. Johnston</Speaker>
        <Length>2.26Mb</Length>
        <Status>NOT_STARTED</Status>
        <isSermonSelected>false</isSermonSelected>
    </Sermon>
    <Sermon>
        <Title>The Second Message of the Cross</Title>
        <Url>http://www.sermonindex.net/modules/mydownloads/visit.php?lid=24097</Url>
        <Speaker>E.A. Johnston</Speaker>
        <Length>2.49Mb</Length>
        <Status>NOT_STARTED</Status>
        <isSermonSelected>false</isSermonSelected>
    </Sermon>
    <Sermon>
        <Title>The Solemn Assembly</Title>
        <Url>http://www.sermonindex.net/modules/mydownloads/visit.php?lid=24303</Url>
        <Speaker>E.A. Johnston</Speaker>
        <Length>2.37Mb</Length>
        <Status>NOT_STARTED</Status>
        <isSermonSelected>false</isSermonSelected>
    </Sermon>
    <Sermon>
        <Title>The Ugly Tyrant Of Self</Title>
        <Url>http://www.sermonindex.net/modules/mydownloads/visit.php?lid=25804</Url>
        <Speaker>E.A. Johnston</Speaker>
        <Length>8.89Mb</Length>
        <Status>NOT_STARTED</Status>
        <isSermonSelected>false</isSermonSelected>
    </Sermon>
    <Sermon>
        <Title>The Underground Church In America</Title>
        <Url>http://www.sermonindex.net/modules/mydownloads/visit.php?lid=25436</Url>
        <Speaker>E.A. Johnston</Speaker>
        <Length>1.68Mb</Length>
        <Status>NOT_STARTED</Status>
        <isSermonSelected>false</isSermonSelected>
    </Sermon>
    <Sermon>
        <Title>The Withdrawn Presence Of God</Title>
        <Url>http://www.sermonindex.net/modules/mydownloads/visit.php?lid=24131</Url>
        <Speaker>E.A. Johnston</Speaker>
        <Length>3.11Mb</Length>
        <Status>NOT_STARTED</Status>
        <isSermonSelected>false</isSermonSelected>
    </Sermon>
    <Sermon>
        <Title>Three-self Church Of America</Title>
        <Url>http://www.sermonindex.net/modules/mydownloads/visit.php?lid=27501</Url>
        <Speaker>E.A. Johnston</Speaker>
        <Length>3.51Mb</Length>
        <Status>NOT_STARTED</Status>
        <isSermonSelected>false</isSermonSelected>
    </Sermon>
    <Sermon>
        <Title>Unction In Preaching</Title>
        <Url>http://www.sermonindex.net/modules/mydownloads/visit.php?lid=24211</Url>
        <Speaker>E.A. Johnston</Speaker>
        <Length>1.98Mb</Length>
        <Status>NOT_STARTED</Status>
        <isSermonSelected>false</isSermonSelected>
    </Sermon>
    <Sermon>
        <Title>Walking With God</Title>
        <Url>http://www.sermonindex.net/modules/mydownloads/visit.php?lid=24133</Url>
        <Speaker>E.A. Johnston</Speaker>
        <Length>3.8Mb</Length>
        <Status>NOT_STARTED</Status>
        <isSermonSelected>false</isSermonSelected>
    </Sermon>
    <Sermon>
        <Title>When Jesus Looks At You</Title>
        <Url>http://www.sermonindex.net/modules/mydownloads/visit.php?lid=24111</Url>
        <Speaker>E.A. Johnston</Speaker>
        <Length>2.39Mb</Length>
        <Status>NOT_STARTED</Status>
        <isSermonSelected>false</isSermonSelected>
    </Sermon>
    <Sermon>
        <Title>When Revival Bypasses The Established Church</Title>
        <Url>http://www.sermonindex.net/modules/mydownloads/visit.php?lid=25064</Url>
        <Speaker>E.A. Johnston</Speaker>
        <Length>1.99Mb</Length>
        <Status>NOT_STARTED</Status>
        <isSermonSelected>false</isSermonSelected>
    </Sermon>
    <Sermon>
        <Title>Where A Tree Falls It Shall Lay</Title>
        <Url>http://www.sermonindex.net/modules/mydownloads/visit.php?lid=24095</Url>
        <Speaker>E.A. Johnston</Speaker>
        <Length>4.26Mb</Length>
        <Status>NOT_STARTED</Status>
        <isSermonSelected>false</isSermonSelected>
    </Sermon>
    <Sermon>
        <Title>Why God Used Stephen F. Olford</Title>
        <Url>http://www.sermonindex.net/modules/mydownloads/visit.php?lid=24115</Url>
        <Speaker>E.A. Johnston</Speaker>
        <Length>1.36Mb</Length>
        <Status>NOT_STARTED</Status>
        <isSermonSelected>false</isSermonSelected>
    </Sermon>
    <Sermon>
        <Title>Will A Bloody America Be Driven To Her Knees?</Title>
        <Url>http://www.sermonindex.net/modules/mydownloads/visit.php?lid=25490</Url>
        <Speaker>E.A. Johnston</Speaker>
        <Length>1.06Mb</Length>
        <Status>NOT_STARTED</Status>
        <isSermonSelected>false</isSermonSelected>
    </Sermon>
    <Sermon>
        <Title>Your Wooden Jesus</Title>
        <Url>http://www.sermonindex.net/modules/mydownloads/visit.php?lid=23902</Url>
        <Speaker>E.A. Johnston</Speaker>
        <Length>16.25Mb</Length>
        <Status>NOT_STARTED</Status>
        <isSermonSelected>false</isSermonSelected>
    </Sermon>
</Sermons>
