<?xml version="1.0" encoding="UTF-8" standalone="yes"?>
<Sermons>
    <Sermon>
        <Title>7th Witness</Title>
        <Url>http://www.sermonindex.net/modules/mydownloads/visit.php?lid=19965</Url>
        <Speaker>Edgar Reich</Speaker>
        <Length>32.92Mb</Length>
        <Status>NOT_STARTED</Status>
        <isSermonSelected>false</isSermonSelected>
    </Sermon>
    <Sermon>
        <Title>81 days in the USA: The Current State of America</Title>
        <Url>http://www.sermonindex.net/modules/mydownloads/visit.php?lid=24638</Url>
        <Speaker>Edgar Reich</Speaker>
        <Length>3.25Mb</Length>
        <Status>NOT_STARTED</Status>
        <isSermonSelected>false</isSermonSelected>
    </Sermon>
    <Sermon>
        <Title>A Beautiful Mind</Title>
        <Url>http://www.sermonindex.net/modules/mydownloads/visit.php?lid=20018</Url>
        <Speaker>Edgar Reich</Speaker>
        <Length>7.41Mb</Length>
        <Status>NOT_STARTED</Status>
        <isSermonSelected>false</isSermonSelected>
    </Sermon>
    <Sermon>
        <Title>A Beautiful Mind (High Quality)</Title>
        <Url>http://www.sermonindex.net/modules/mydownloads/visit.php?lid=24434</Url>
        <Speaker>Edgar Reich</Speaker>
        <Length>19.96Mb</Length>
        <Status>NOT_STARTED</Status>
        <isSermonSelected>false</isSermonSelected>
    </Sermon>
    <Sermon>
        <Title>A Revival in sharing our Faith</Title>
        <Url>http://www.sermonindex.net/modules/mydownloads/visit.php?lid=25477</Url>
        <Speaker>Edgar Reich</Speaker>
        <Length>21.76Mb</Length>
        <Status>NOT_STARTED</Status>
        <isSermonSelected>false</isSermonSelected>
    </Sermon>
    <Sermon>
        <Title>Crucified With Christ</Title>
        <Url>http://www.sermonindex.net/modules/mydownloads/visit.php?lid=22708</Url>
        <Speaker>Edgar Reich</Speaker>
        <Length>10.59Mb</Length>
        <Status>NOT_STARTED</Status>
        <isSermonSelected>false</isSermonSelected>
    </Sermon>
    <Sermon>
        <Title>Denying God's Power For Revival - Part 1</Title>
        <Url>http://www.sermonindex.net/modules/mydownloads/visit.php?lid=24299</Url>
        <Speaker>Edgar Reich</Speaker>
        <Length>9.76Mb</Length>
        <Status>NOT_STARTED</Status>
        <isSermonSelected>false</isSermonSelected>
    </Sermon>
    <Sermon>
        <Title>Denying God's Power For Revival And Victory</Title>
        <Url>http://www.sermonindex.net/modules/mydownloads/visit.php?lid=24371</Url>
        <Speaker>Edgar Reich</Speaker>
        <Length>6.25Mb</Length>
        <Status>NOT_STARTED</Status>
        <isSermonSelected>false</isSermonSelected>
    </Sermon>
    <Sermon>
        <Title>Edgar's Personal Testimony</Title>
        <Url>http://www.sermonindex.net/modules/mydownloads/visit.php?lid=22421</Url>
        <Speaker>Edgar Reich</Speaker>
        <Length>11.15Mb</Length>
        <Status>NOT_STARTED</Status>
        <isSermonSelected>false</isSermonSelected>
    </Sermon>
    <Sermon>
        <Title>Forgiveness</Title>
        <Url>http://www.sermonindex.net/modules/mydownloads/visit.php?lid=24626</Url>
        <Speaker>Edgar Reich</Speaker>
        <Length>6.45Mb</Length>
        <Status>NOT_STARTED</Status>
        <isSermonSelected>false</isSermonSelected>
    </Sermon>
    <Sermon>
        <Title>God's Breaking Heart Over The North American Church</Title>
        <Url>http://www.sermonindex.net/modules/mydownloads/visit.php?lid=24429</Url>
        <Speaker>Edgar Reich</Speaker>
        <Length>2.24Mb</Length>
        <Status>NOT_STARTED</Status>
        <isSermonSelected>false</isSermonSelected>
    </Sermon>
    <Sermon>
        <Title>Lord Let Your Fire Fall!</Title>
        <Url>http://www.sermonindex.net/modules/mydownloads/visit.php?lid=24433</Url>
        <Speaker>Edgar Reich</Speaker>
        <Length>7.54Mb</Length>
        <Status>NOT_STARTED</Status>
        <isSermonSelected>false</isSermonSelected>
    </Sermon>
    <Sermon>
        <Title>Persecution and the Underground Church in China</Title>
        <Url>http://www.sermonindex.net/modules/mydownloads/visit.php?lid=24424</Url>
        <Speaker>Edgar Reich</Speaker>
        <Length>7.81Mb</Length>
        <Status>NOT_STARTED</Status>
        <isSermonSelected>false</isSermonSelected>
    </Sermon>
    <Sermon>
        <Title>Persecution And The Underground House Churches In Iran</Title>
        <Url>http://www.sermonindex.net/modules/mydownloads/visit.php?lid=24432</Url>
        <Speaker>Edgar Reich</Speaker>
        <Length>8.96Mb</Length>
        <Status>NOT_STARTED</Status>
        <isSermonSelected>false</isSermonSelected>
    </Sermon>
    <Sermon>
        <Title>Personal Testimony</Title>
        <Url>http://www.sermonindex.net/modules/mydownloads/visit.php?lid=19243</Url>
        <Speaker>Edgar Reich</Speaker>
        <Length>16.53Mb</Length>
        <Status>NOT_STARTED</Status>
        <isSermonSelected>false</isSermonSelected>
    </Sermon>
    <Sermon>
        <Title>Preparing For A Coming World Leader</Title>
        <Url>http://www.sermonindex.net/modules/mydownloads/visit.php?lid=24614</Url>
        <Speaker>Edgar Reich</Speaker>
        <Length>12.79Mb</Length>
        <Status>NOT_STARTED</Status>
        <isSermonSelected>false</isSermonSelected>
    </Sermon>
    <Sermon>
        <Title>Return To Your First Love</Title>
        <Url>http://www.sermonindex.net/modules/mydownloads/visit.php?lid=23042</Url>
        <Speaker>Edgar Reich</Speaker>
        <Length>61.33Mb</Length>
        <Status>NOT_STARTED</Status>
        <isSermonSelected>false</isSermonSelected>
    </Sermon>
    <Sermon>
        <Title>Self-Righteous Prayers (prayer call testimony)</Title>
        <Url>http://www.sermonindex.net/modules/mydownloads/visit.php?lid=24213</Url>
        <Speaker>Edgar Reich</Speaker>
        <Length>4.13Mb</Length>
        <Status>NOT_STARTED</Status>
        <isSermonSelected>false</isSermonSelected>
    </Sermon>
    <Sermon>
        <Title>Seven Evidences Of Being A Christian</Title>
        <Url>http://www.sermonindex.net/modules/mydownloads/visit.php?lid=19242</Url>
        <Speaker>Edgar Reich</Speaker>
        <Length>13.58Mb</Length>
        <Status>NOT_STARTED</Status>
        <isSermonSelected>false</isSermonSelected>
    </Sermon>
    <Sermon>
        <Title>Sunday Night Revival Meeting</Title>
        <Url>http://www.sermonindex.net/modules/mydownloads/visit.php?lid=23040</Url>
        <Speaker>Edgar Reich</Speaker>
        <Length>65.49Mb</Length>
        <Status>NOT_STARTED</Status>
        <isSermonSelected>false</isSermonSelected>
    </Sermon>
    <Sermon>
        <Title>Testimony Barnsdall</Title>
        <Url>http://www.sermonindex.net/modules/mydownloads/visit.php?lid=23041</Url>
        <Speaker>Edgar Reich</Speaker>
        <Length>58.86Mb</Length>
        <Status>NOT_STARTED</Status>
        <isSermonSelected>false</isSermonSelected>
    </Sermon>
    <Sermon>
        <Title>The Antichrist Revealed: Preparing The Body Of Christ For The Coming World Leader by Edgar Reich</Title>
        <Url>http://www.sermonindex.net/modules/mydownloads/visit.php?lid=24562</Url>
        <Speaker>Edgar Reich</Speaker>
        <Length>45.91Mb</Length>
        <Status>NOT_STARTED</Status>
        <isSermonSelected>false</isSermonSelected>
    </Sermon>
    <Sermon>
        <Title>The Degree Of Love</Title>
        <Url>http://www.sermonindex.net/modules/mydownloads/visit.php?lid=19964</Url>
        <Speaker>Edgar Reich</Speaker>
        <Length>18.69Mb</Length>
        <Status>NOT_STARTED</Status>
        <isSermonSelected>false</isSermonSelected>
    </Sermon>
    <Sermon>
        <Title>The Great Suffering Of North Korean Christians</Title>
        <Url>http://www.sermonindex.net/modules/mydownloads/visit.php?lid=24407</Url>
        <Speaker>Edgar Reich</Speaker>
        <Length>8.66Mb</Length>
        <Status>NOT_STARTED</Status>
        <isSermonSelected>false</isSermonSelected>
    </Sermon>
    <Sermon>
        <Title>The Lord Has Need of You</Title>
        <Url>http://www.sermonindex.net/modules/mydownloads/visit.php?lid=24613</Url>
        <Speaker>Edgar Reich</Speaker>
        <Length>12Mb</Length>
        <Status>NOT_STARTED</Status>
        <isSermonSelected>false</isSermonSelected>
    </Sermon>
    <Sermon>
        <Title>The Tears Of God</Title>
        <Url>http://www.sermonindex.net/modules/mydownloads/visit.php?lid=22422</Url>
        <Speaker>Edgar Reich</Speaker>
        <Length>5.96Mb</Length>
        <Status>NOT_STARTED</Status>
        <isSermonSelected>false</isSermonSelected>
    </Sermon>
    <Sermon>
        <Title>The Walls Are Down For America And Canada (Conference Call)</Title>
        <Url>http://www.sermonindex.net/modules/mydownloads/visit.php?lid=22817</Url>
        <Speaker>Edgar Reich</Speaker>
        <Length>18.95Mb</Length>
        <Status>NOT_STARTED</Status>
        <isSermonSelected>false</isSermonSelected>
    </Sermon>
    <Sermon>
        <Title>When God Weeps</Title>
        <Url>http://www.sermonindex.net/modules/mydownloads/visit.php?lid=23043</Url>
        <Speaker>Edgar Reich</Speaker>
        <Length>51.56Mb</Length>
        <Status>NOT_STARTED</Status>
        <isSermonSelected>false</isSermonSelected>
    </Sermon>
</Sermons>
