<?xml version="1.0" encoding="UTF-8" standalone="yes"?>
<Sermons>
    <Sermon>
        <Title>Baptism of Suffering</Title>
        <Url>http://www.sermonindex.net/modules/mydownloads/visit.php?lid=2875</Url>
        <Speaker>Edgar F. Parkyns</Speaker>
        <Length>7.35Mb</Length>
        <Status>NOT_STARTED</Status>
        <isSermonSelected>false</isSermonSelected>
    </Sermon>
    <Sermon>
        <Title>Church History - Session 1 (The Book of Acts 1)</Title>
        <Url>http://www.sermonindex.net/modules/mydownloads/visit.php?lid=1681</Url>
        <Speaker>Edgar F. Parkyns</Speaker>
        <Length>3.46Mb</Length>
        <Status>NOT_STARTED</Status>
        <isSermonSelected>false</isSermonSelected>
    </Sermon>
    <Sermon>
        <Title>Church History - Session 1 (The Book of Acts 2)</Title>
        <Url>http://www.sermonindex.net/modules/mydownloads/visit.php?lid=1682</Url>
        <Speaker>Edgar F. Parkyns</Speaker>
        <Length>2.82Mb</Length>
        <Status>NOT_STARTED</Status>
        <isSermonSelected>false</isSermonSelected>
    </Sermon>
    <Sermon>
        <Title>Church History - Session 10 (Modern Times)</Title>
        <Url>http://www.sermonindex.net/modules/mydownloads/visit.php?lid=1698</Url>
        <Speaker>Edgar F. Parkyns</Speaker>
        <Length>3.36Mb</Length>
        <Status>NOT_STARTED</Status>
        <isSermonSelected>false</isSermonSelected>
    </Sermon>
    <Sermon>
        <Title>Church History - Session 2 (Growth from Antioch)</Title>
        <Url>http://www.sermonindex.net/modules/mydownloads/visit.php?lid=1683</Url>
        <Speaker>Edgar F. Parkyns</Speaker>
        <Length>3.32Mb</Length>
        <Status>NOT_STARTED</Status>
        <isSermonSelected>false</isSermonSelected>
    </Sermon>
    <Sermon>
        <Title>Church History - Session 2 (Persecution From Rome)</Title>
        <Url>http://www.sermonindex.net/modules/mydownloads/visit.php?lid=1684</Url>
        <Speaker>Edgar F. Parkyns</Speaker>
        <Length>2.7Mb</Length>
        <Status>NOT_STARTED</Status>
        <isSermonSelected>false</isSermonSelected>
    </Sermon>
    <Sermon>
        <Title>Church History - Session 3 (After Augustus)</Title>
        <Url>http://www.sermonindex.net/modules/mydownloads/visit.php?lid=1685</Url>
        <Speaker>Edgar F. Parkyns</Speaker>
        <Length>3.35Mb</Length>
        <Status>NOT_STARTED</Status>
        <isSermonSelected>false</isSermonSelected>
    </Sermon>
    <Sermon>
        <Title>Church History - Session 3 (Prophecy in the Church Age)</Title>
        <Url>http://www.sermonindex.net/modules/mydownloads/visit.php?lid=1686</Url>
        <Speaker>Edgar F. Parkyns</Speaker>
        <Length>2.76Mb</Length>
        <Status>NOT_STARTED</Status>
        <isSermonSelected>false</isSermonSelected>
    </Sermon>
    <Sermon>
        <Title>Church History - Session 4 (Fullfillment (cont'd))</Title>
        <Url>http://www.sermonindex.net/modules/mydownloads/visit.php?lid=1688</Url>
        <Speaker>Edgar F. Parkyns</Speaker>
        <Length>1.97Mb</Length>
        <Status>NOT_STARTED</Status>
        <isSermonSelected>false</isSermonSelected>
    </Sermon>
    <Sermon>
        <Title>Church History - Session 4 (Prophecy Fulfilled in History)</Title>
        <Url>http://www.sermonindex.net/modules/mydownloads/visit.php?lid=1687</Url>
        <Speaker>Edgar F. Parkyns</Speaker>
        <Length>3.11Mb</Length>
        <Status>NOT_STARTED</Status>
        <isSermonSelected>false</isSermonSelected>
    </Sermon>
    <Sermon>
        <Title>Church History - Session 5 (A New Roman Empire)</Title>
        <Url>http://www.sermonindex.net/modules/mydownloads/visit.php?lid=1689</Url>
        <Speaker>Edgar F. Parkyns</Speaker>
        <Length>2.71Mb</Length>
        <Status>NOT_STARTED</Status>
        <isSermonSelected>false</isSermonSelected>
    </Sermon>
    <Sermon>
        <Title>Church History - Session 5 (History and Old Testament Prophecy)</Title>
        <Url>http://www.sermonindex.net/modules/mydownloads/visit.php?lid=1690</Url>
        <Speaker>Edgar F. Parkyns</Speaker>
        <Length>2.95Mb</Length>
        <Status>NOT_STARTED</Status>
        <isSermonSelected>false</isSermonSelected>
    </Sermon>
    <Sermon>
        <Title>Church History - Session 6 (Prophecy in Daniel and Revelation Fullfilled)</Title>
        <Url>http://www.sermonindex.net/modules/mydownloads/visit.php?lid=1691</Url>
        <Speaker>Edgar F. Parkyns</Speaker>
        <Length>3.8Mb</Length>
        <Status>NOT_STARTED</Status>
        <isSermonSelected>false</isSermonSelected>
    </Sermon>
    <Sermon>
        <Title>Church History - Session 7 (The Book of Revelation)</Title>
        <Url>http://www.sermonindex.net/modules/mydownloads/visit.php?lid=1692</Url>
        <Speaker>Edgar F. Parkyns</Speaker>
        <Length>2.74Mb</Length>
        <Status>NOT_STARTED</Status>
        <isSermonSelected>false</isSermonSelected>
    </Sermon>
    <Sermon>
        <Title>Church History - Session 7 (The Suffering Church in the Middle Ages)</Title>
        <Url>http://www.sermonindex.net/modules/mydownloads/visit.php?lid=1693</Url>
        <Speaker>Edgar F. Parkyns</Speaker>
        <Length>2.46Mb</Length>
        <Status>NOT_STARTED</Status>
        <isSermonSelected>false</isSermonSelected>
    </Sermon>
    <Sermon>
        <Title>Church History - Session 8 (The Book of Revelation)</Title>
        <Url>http://www.sermonindex.net/modules/mydownloads/visit.php?lid=1695</Url>
        <Speaker>Edgar F. Parkyns</Speaker>
        <Length>3.54Mb</Length>
        <Status>NOT_STARTED</Status>
        <isSermonSelected>false</isSermonSelected>
    </Sermon>
    <Sermon>
        <Title>Church History - Session 8 (The Book of Revelation: a historic sequence)</Title>
        <Url>http://www.sermonindex.net/modules/mydownloads/visit.php?lid=1694</Url>
        <Speaker>Edgar F. Parkyns</Speaker>
        <Length>3.43Mb</Length>
        <Status>NOT_STARTED</Status>
        <isSermonSelected>false</isSermonSelected>
    </Sermon>
    <Sermon>
        <Title>Church History - Session 9 (The Book of Revelation)</Title>
        <Url>http://www.sermonindex.net/modules/mydownloads/visit.php?lid=1697</Url>
        <Speaker>Edgar F. Parkyns</Speaker>
        <Length>2.72Mb</Length>
        <Status>NOT_STARTED</Status>
        <isSermonSelected>false</isSermonSelected>
    </Sermon>
    <Sermon>
        <Title>Church History - Session 9 (The Reformation)</Title>
        <Url>http://www.sermonindex.net/modules/mydownloads/visit.php?lid=1696</Url>
        <Speaker>Edgar F. Parkyns</Speaker>
        <Length>3.03Mb</Length>
        <Status>NOT_STARTED</Status>
        <isSermonSelected>false</isSermonSelected>
    </Sermon>
    <Sermon>
        <Title>Hope</Title>
        <Url>http://www.sermonindex.net/modules/mydownloads/visit.php?lid=2878</Url>
        <Speaker>Edgar F. Parkyns</Speaker>
        <Length>6.3Mb</Length>
        <Status>NOT_STARTED</Status>
        <isSermonSelected>false</isSermonSelected>
    </Sermon>
    <Sermon>
        <Title>Obtaining the Promises</Title>
        <Url>http://www.sermonindex.net/modules/mydownloads/visit.php?lid=2881</Url>
        <Speaker>Edgar F. Parkyns</Speaker>
        <Length>5.13Mb</Length>
        <Status>NOT_STARTED</Status>
        <isSermonSelected>false</isSermonSelected>
    </Sermon>
    <Sermon>
        <Title>Our Responsibility towards the Second Coming</Title>
        <Url>http://www.sermonindex.net/modules/mydownloads/visit.php?lid=2880</Url>
        <Speaker>Edgar F. Parkyns</Speaker>
        <Length>6.69Mb</Length>
        <Status>NOT_STARTED</Status>
        <isSermonSelected>false</isSermonSelected>
    </Sermon>
    <Sermon>
        <Title>Out of the Strong Came Forth Sweetness</Title>
        <Url>http://www.sermonindex.net/modules/mydownloads/visit.php?lid=2879</Url>
        <Speaker>Edgar F. Parkyns</Speaker>
        <Length>7.38Mb</Length>
        <Status>NOT_STARTED</Status>
        <isSermonSelected>false</isSermonSelected>
    </Sermon>
    <Sermon>
        <Title>Revelation 12</Title>
        <Url>http://www.sermonindex.net/modules/mydownloads/visit.php?lid=2882</Url>
        <Speaker>Edgar F. Parkyns</Speaker>
        <Length>7Mb</Length>
        <Status>NOT_STARTED</Status>
        <isSermonSelected>false</isSermonSelected>
    </Sermon>
    <Sermon>
        <Title>The Cherubim of Glory</Title>
        <Url>http://www.sermonindex.net/modules/mydownloads/visit.php?lid=2876</Url>
        <Speaker>Edgar F. Parkyns</Speaker>
        <Length>7.57Mb</Length>
        <Status>NOT_STARTED</Status>
        <isSermonSelected>false</isSermonSelected>
    </Sermon>
    <Sermon>
        <Title>The Five Robbers</Title>
        <Url>http://www.sermonindex.net/modules/mydownloads/visit.php?lid=2877</Url>
        <Speaker>Edgar F. Parkyns</Speaker>
        <Length>7.23Mb</Length>
        <Status>NOT_STARTED</Status>
        <isSermonSelected>false</isSermonSelected>
    </Sermon>
    <Sermon>
        <Title>Today If You Will Hear His Voice</Title>
        <Url>http://www.sermonindex.net/modules/mydownloads/visit.php?lid=2883</Url>
        <Speaker>Edgar F. Parkyns</Speaker>
        <Length>5.08Mb</Length>
        <Status>NOT_STARTED</Status>
        <isSermonSelected>false</isSermonSelected>
    </Sermon>
</Sermons>
