<?xml version="1.0" encoding="UTF-8" standalone="yes"?>
<Sermons>
    <Sermon>
        <Title>Covering Sin</Title>
        <Url>http://www.sermonindex.net/modules/mydownloads/visit.php?lid=13893</Url>
        <Speaker>Ed Mohr</Speaker>
        <Length>17.91Mb</Length>
        <Status>NOT_STARTED</Status>
        <isSermonSelected>false</isSermonSelected>
    </Sermon>
    <Sermon>
        <Title>The Sacrifice of Praise</Title>
        <Url>http://www.sermonindex.net/modules/mydownloads/visit.php?lid=19479</Url>
        <Speaker>Ed Mohr</Speaker>
        <Length>5.29Mb</Length>
        <Status>NOT_STARTED</Status>
        <isSermonSelected>false</isSermonSelected>
    </Sermon>
</Sermons>
