<?xml version="1.0" encoding="UTF-8" standalone="yes"?>
<Sermons>
    <Sermon>
        <Title>A Good Report</Title>
        <Url>http://www.sermonindex.net/modules/mydownloads/visit.php?lid=13746</Url>
        <Speaker>Eli Brayley</Speaker>
        <Length>11.1Mb</Length>
        <Status>NOT_STARTED</Status>
        <isSermonSelected>false</isSermonSelected>
    </Sermon>
    <Sermon>
        <Title>A Reprobate Mind</Title>
        <Url>http://www.sermonindex.net/modules/mydownloads/visit.php?lid=12662</Url>
        <Speaker>Eli Brayley</Speaker>
        <Length>5.93Mb</Length>
        <Status>NOT_STARTED</Status>
        <isSermonSelected>false</isSermonSelected>
    </Sermon>
    <Sermon>
        <Title>Fear God</Title>
        <Url>http://www.sermonindex.net/modules/mydownloads/visit.php?lid=25808</Url>
        <Speaker>Eli Brayley</Speaker>
        <Length>11.03Mb</Length>
        <Status>NOT_STARTED</Status>
        <isSermonSelected>false</isSermonSelected>
    </Sermon>
    <Sermon>
        <Title>Parable of the Sower</Title>
        <Url>http://www.sermonindex.net/modules/mydownloads/visit.php?lid=12660</Url>
        <Speaker>Eli Brayley</Speaker>
        <Length>1.74Mb</Length>
        <Status>NOT_STARTED</Status>
        <isSermonSelected>false</isSermonSelected>
    </Sermon>
    <Sermon>
        <Title>Psalm 73</Title>
        <Url>http://www.sermonindex.net/modules/mydownloads/visit.php?lid=15800</Url>
        <Speaker>Eli Brayley</Speaker>
        <Length>9.2Mb</Length>
        <Status>NOT_STARTED</Status>
        <isSermonSelected>false</isSermonSelected>
    </Sermon>
    <Sermon>
        <Title>Redemption, Forgiveness, and the Riches of His Grace</Title>
        <Url>http://www.sermonindex.net/modules/mydownloads/visit.php?lid=21876</Url>
        <Speaker>Eli Brayley</Speaker>
        <Length>12.22Mb</Length>
        <Status>NOT_STARTED</Status>
        <isSermonSelected>false</isSermonSelected>
    </Sermon>
    <Sermon>
        <Title>Repent Frederiction</Title>
        <Url>http://www.sermonindex.net/modules/mydownloads/visit.php?lid=12659</Url>
        <Speaker>Eli Brayley</Speaker>
        <Length>2.57Mb</Length>
        <Status>NOT_STARTED</Status>
        <isSermonSelected>false</isSermonSelected>
    </Sermon>
    <Sermon>
        <Title>The Gospel is the Power of God</Title>
        <Url>http://www.sermonindex.net/modules/mydownloads/visit.php?lid=21880</Url>
        <Speaker>Eli Brayley</Speaker>
        <Length>12.16Mb</Length>
        <Status>NOT_STARTED</Status>
        <isSermonSelected>false</isSermonSelected>
    </Sermon>
    <Sermon>
        <Title>The Pleasure of God in the Gospel of His Son</Title>
        <Url>http://www.sermonindex.net/modules/mydownloads/visit.php?lid=21877</Url>
        <Speaker>Eli Brayley</Speaker>
        <Length>8.54Mb</Length>
        <Status>NOT_STARTED</Status>
        <isSermonSelected>false</isSermonSelected>
    </Sermon>
    <Sermon>
        <Title>The Potter's Power Over the Clay</Title>
        <Url>http://www.sermonindex.net/modules/mydownloads/visit.php?lid=21879</Url>
        <Speaker>Eli Brayley</Speaker>
        <Length>21.82Mb</Length>
        <Status>NOT_STARTED</Status>
        <isSermonSelected>false</isSermonSelected>
    </Sermon>
    <Sermon>
        <Title>The Power and Danger of Deception</Title>
        <Url>http://www.sermonindex.net/modules/mydownloads/visit.php?lid=12658</Url>
        <Speaker>Eli Brayley</Speaker>
        <Length>14.3Mb</Length>
        <Status>NOT_STARTED</Status>
        <isSermonSelected>false</isSermonSelected>
    </Sermon>
    <Sermon>
        <Title>The Wrath Of God</Title>
        <Url>http://www.sermonindex.net/modules/mydownloads/visit.php?lid=21878</Url>
        <Speaker>Eli Brayley</Speaker>
        <Length>22.16Mb</Length>
        <Status>NOT_STARTED</Status>
        <isSermonSelected>false</isSermonSelected>
    </Sermon>
    <Sermon>
        <Title>Three Men Going to Hell</Title>
        <Url>http://www.sermonindex.net/modules/mydownloads/visit.php?lid=12661</Url>
        <Speaker>Eli Brayley</Speaker>
        <Length>12.63Mb</Length>
        <Status>NOT_STARTED</Status>
        <isSermonSelected>false</isSermonSelected>
    </Sermon>
</Sermons>
