<?xml version="1.0" encoding="UTF-8" standalone="yes"?>
<Sermons>
    <Sermon>
        <Title>A Balm in GileadCaring One for Another</Title>
        <Url>http://www.sermonindex.net/modules/mydownloads/visit.php?lid=15245</Url>
        <Speaker>Emanuel Esh</Speaker>
        <Length>10.79Mb</Length>
        <Status>NOT_STARTED</Status>
        <isSermonSelected>false</isSermonSelected>
    </Sermon>
    <Sermon>
        <Title>Assurance of Salvation</Title>
        <Url>http://www.sermonindex.net/modules/mydownloads/visit.php?lid=4020</Url>
        <Speaker>Emanuel Esh</Speaker>
        <Length>8.86Mb</Length>
        <Status>NOT_STARTED</Status>
        <isSermonSelected>false</isSermonSelected>
    </Sermon>
    <Sermon>
        <Title>Courage to Show Forth the Fullness of God</Title>
        <Url>http://www.sermonindex.net/modules/mydownloads/visit.php?lid=17540</Url>
        <Speaker>Emanuel Esh</Speaker>
        <Length>8.49Mb</Length>
        <Status>NOT_STARTED</Status>
        <isSermonSelected>false</isSermonSelected>
    </Sermon>
    <Sermon>
        <Title>Divine Visitation</Title>
        <Url>http://www.sermonindex.net/modules/mydownloads/visit.php?lid=15243</Url>
        <Speaker>Emanuel Esh</Speaker>
        <Length>8.14Mb</Length>
        <Status>NOT_STARTED</Status>
        <isSermonSelected>false</isSermonSelected>
    </Sermon>
    <Sermon>
        <Title>Failures That Hinder Christian Usefulness</Title>
        <Url>http://www.sermonindex.net/modules/mydownloads/visit.php?lid=15248</Url>
        <Speaker>Emanuel Esh</Speaker>
        <Length>9.9Mb</Length>
        <Status>NOT_STARTED</Status>
        <isSermonSelected>false</isSermonSelected>
    </Sermon>
    <Sermon>
        <Title>Fatherlessness, the Cry of Ishmael</Title>
        <Url>http://www.sermonindex.net/modules/mydownloads/visit.php?lid=17033</Url>
        <Speaker>Emanuel Esh</Speaker>
        <Length>8.87Mb</Length>
        <Status>NOT_STARTED</Status>
        <isSermonSelected>false</isSermonSelected>
    </Sermon>
    <Sermon>
        <Title>Gird Up Now Thy Loins</Title>
        <Url>http://www.sermonindex.net/modules/mydownloads/visit.php?lid=16524</Url>
        <Speaker>Emanuel Esh</Speaker>
        <Length>9.87Mb</Length>
        <Status>NOT_STARTED</Status>
        <isSermonSelected>false</isSermonSelected>
    </Sermon>
    <Sermon>
        <Title>God's Purpose for the Church</Title>
        <Url>http://www.sermonindex.net/modules/mydownloads/visit.php?lid=15247</Url>
        <Speaker>Emanuel Esh</Speaker>
        <Length>6.68Mb</Length>
        <Status>NOT_STARTED</Status>
        <isSermonSelected>false</isSermonSelected>
    </Sermon>
    <Sermon>
        <Title>Pressing Toward the Mark</Title>
        <Url>http://www.sermonindex.net/modules/mydownloads/visit.php?lid=17067</Url>
        <Speaker>Emanuel Esh</Speaker>
        <Length>10.74Mb</Length>
        <Status>NOT_STARTED</Status>
        <isSermonSelected>false</isSermonSelected>
    </Sermon>
    <Sermon>
        <Title>Principles Behind The Woman's Headcovering</Title>
        <Url>http://www.sermonindex.net/modules/mydownloads/visit.php?lid=13199</Url>
        <Speaker>Emanuel Esh</Speaker>
        <Length>9.67Mb</Length>
        <Status>NOT_STARTED</Status>
        <isSermonSelected>false</isSermonSelected>
    </Sermon>
    <Sermon>
        <Title>Prophets, Prophecy, and Prophesying</Title>
        <Url>http://www.sermonindex.net/modules/mydownloads/visit.php?lid=19000</Url>
        <Speaker>Emanuel Esh</Speaker>
        <Length>9.93Mb</Length>
        <Status>NOT_STARTED</Status>
        <isSermonSelected>false</isSermonSelected>
    </Sermon>
    <Sermon>
        <Title>Restoration</Title>
        <Url>http://www.sermonindex.net/modules/mydownloads/visit.php?lid=15244</Url>
        <Speaker>Emanuel Esh</Speaker>
        <Length>11.53Mb</Length>
        <Status>NOT_STARTED</Status>
        <isSermonSelected>false</isSermonSelected>
    </Sermon>
    <Sermon>
        <Title>Sculpturing the Souls of Our Children</Title>
        <Url>http://www.sermonindex.net/modules/mydownloads/visit.php?lid=15249</Url>
        <Speaker>Emanuel Esh</Speaker>
        <Length>10.95Mb</Length>
        <Status>NOT_STARTED</Status>
        <isSermonSelected>false</isSermonSelected>
    </Sermon>
    <Sermon>
        <Title>Suffering And Dying - Our Supreme Weapon</Title>
        <Url>http://www.sermonindex.net/modules/mydownloads/visit.php?lid=19287</Url>
        <Speaker>Emanuel Esh</Speaker>
        <Length>10.42Mb</Length>
        <Status>NOT_STARTED</Status>
        <isSermonSelected>false</isSermonSelected>
    </Sermon>
    <Sermon>
        <Title>Teaching Our Children Diligence</Title>
        <Url>http://www.sermonindex.net/modules/mydownloads/visit.php?lid=19288</Url>
        <Speaker>Emanuel Esh</Speaker>
        <Length>5.8Mb</Length>
        <Status>NOT_STARTED</Status>
        <isSermonSelected>false</isSermonSelected>
    </Sermon>
    <Sermon>
        <Title>The Defeated Father</Title>
        <Url>http://www.sermonindex.net/modules/mydownloads/visit.php?lid=10946</Url>
        <Speaker>Emanuel Esh</Speaker>
        <Length>11.3Mb</Length>
        <Status>NOT_STARTED</Status>
        <isSermonSelected>false</isSermonSelected>
    </Sermon>
    <Sermon>
        <Title>The Glory Of God</Title>
        <Url>http://www.sermonindex.net/modules/mydownloads/visit.php?lid=15241</Url>
        <Speaker>Emanuel Esh</Speaker>
        <Length>9.67Mb</Length>
        <Status>NOT_STARTED</Status>
        <isSermonSelected>false</isSermonSelected>
    </Sermon>
    <Sermon>
        <Title>The Moving of Gods Spirit</Title>
        <Url>http://www.sermonindex.net/modules/mydownloads/visit.php?lid=17007</Url>
        <Speaker>Emanuel Esh</Speaker>
        <Length>10.21Mb</Length>
        <Status>NOT_STARTED</Status>
        <isSermonSelected>false</isSermonSelected>
    </Sermon>
    <Sermon>
        <Title>The Nature of Good and the Nature of Evil</Title>
        <Url>http://www.sermonindex.net/modules/mydownloads/visit.php?lid=15242</Url>
        <Speaker>Emanuel Esh</Speaker>
        <Length>8.46Mb</Length>
        <Status>NOT_STARTED</Status>
        <isSermonSelected>false</isSermonSelected>
    </Sermon>
    <Sermon>
        <Title>The Potter and the Clay</Title>
        <Url>http://www.sermonindex.net/modules/mydownloads/visit.php?lid=25520</Url>
        <Speaker>Emanuel Esh</Speaker>
        <Length>7.36Mb</Length>
        <Status>NOT_STARTED</Status>
        <isSermonSelected>false</isSermonSelected>
    </Sermon>
    <Sermon>
        <Title>The Saving Faith</Title>
        <Url>http://www.sermonindex.net/modules/mydownloads/visit.php?lid=15246</Url>
        <Speaker>Emanuel Esh</Speaker>
        <Length>11.74Mb</Length>
        <Status>NOT_STARTED</Status>
        <isSermonSelected>false</isSermonSelected>
    </Sermon>
    <Sermon>
        <Title>Wreckers of Churches</Title>
        <Url>http://www.sermonindex.net/modules/mydownloads/visit.php?lid=4007</Url>
        <Speaker>Emanuel Esh</Speaker>
        <Length>7.53Mb</Length>
        <Status>NOT_STARTED</Status>
        <isSermonSelected>false</isSermonSelected>
    </Sermon>
</Sermons>
