<?xml version="1.0" encoding="UTF-8" standalone="yes"?>
<Sermons>
    <Sermon>
        <Title>"Ministry of Jesus to Troubled Disciples." Ch. 14 (Keswick Convention 1973)</Title>
        <Url>http://www.sermonindex.net/modules/mydownloads/visit.php?lid=2085</Url>
        <Speaker>Eric J. Alexander</Speaker>
        <Length>10.38Mb</Length>
        <Status>NOT_STARTED</Status>
        <isSermonSelected>false</isSermonSelected>
    </Sermon>
    <Sermon>
        <Title>"The Disciples' Relationship with Jesus, the Father &amp; Each Other." Ch. 15 (Keswick Convention 1973)</Title>
        <Url>http://www.sermonindex.net/modules/mydownloads/visit.php?lid=2086</Url>
        <Speaker>Eric J. Alexander</Speaker>
        <Length>10.56Mb</Length>
        <Status>NOT_STARTED</Status>
        <isSermonSelected>false</isSermonSelected>
    </Sermon>
    <Sermon>
        <Title>"The Great High Priestly Prayer" Ch. 17 (Keswick Convention 1973)</Title>
        <Url>http://www.sermonindex.net/modules/mydownloads/visit.php?lid=2092</Url>
        <Speaker>Eric J. Alexander</Speaker>
        <Length>10.33Mb</Length>
        <Status>NOT_STARTED</Status>
        <isSermonSelected>false</isSermonSelected>
    </Sermon>
    <Sermon>
        <Title>"The World, The Disciples and the Holy Spirit." Ch. 15:18-16:33 (Keswick Convention 1973)</Title>
        <Url>http://www.sermonindex.net/modules/mydownloads/visit.php?lid=2087</Url>
        <Speaker>Eric J. Alexander</Speaker>
        <Length>10.36Mb</Length>
        <Status>NOT_STARTED</Status>
        <isSermonSelected>false</isSermonSelected>
    </Sermon>
    <Sermon>
        <Title>Called to be Men of God</Title>
        <Url>http://www.sermonindex.net/modules/mydownloads/visit.php?lid=4132</Url>
        <Speaker>Eric J. Alexander</Speaker>
        <Length>7.44Mb</Length>
        <Status>NOT_STARTED</Status>
        <isSermonSelected>false</isSermonSelected>
    </Sermon>
    <Sermon>
        <Title>Grace of God (Toronto Spiritual Life Convention 1999)</Title>
        <Url>http://www.sermonindex.net/modules/mydownloads/visit.php?lid=3076</Url>
        <Speaker>Eric J. Alexander</Speaker>
        <Length>7.65Mb</Length>
        <Status>NOT_STARTED</Status>
        <isSermonSelected>false</isSermonSelected>
    </Sermon>
    <Sermon>
        <Title>Holiness of God (Toronto Spiritual Life Convention 1999)</Title>
        <Url>http://www.sermonindex.net/modules/mydownloads/visit.php?lid=2252</Url>
        <Speaker>Eric J. Alexander</Speaker>
        <Length>8.88Mb</Length>
        <Status>NOT_STARTED</Status>
        <isSermonSelected>false</isSermonSelected>
    </Sermon>
    <Sermon>
        <Title>Ministers of the Word of God</Title>
        <Url>http://www.sermonindex.net/modules/mydownloads/visit.php?lid=4133</Url>
        <Speaker>Eric J. Alexander</Speaker>
        <Length>6.63Mb</Length>
        <Status>NOT_STARTED</Status>
        <isSermonSelected>false</isSermonSelected>
    </Sermon>
    <Sermon>
        <Title>Part 1, tues (Toronto Spiritual Life Convention 1993)</Title>
        <Url>http://www.sermonindex.net/modules/mydownloads/visit.php?lid=2669</Url>
        <Speaker>Eric J. Alexander</Speaker>
        <Length>6.82Mb</Length>
        <Status>NOT_STARTED</Status>
        <isSermonSelected>false</isSermonSelected>
    </Sermon>
    <Sermon>
        <Title>Part 2, wed (Toronto Spiritual Life Convention 1993)</Title>
        <Url>http://www.sermonindex.net/modules/mydownloads/visit.php?lid=2670</Url>
        <Speaker>Eric J. Alexander</Speaker>
        <Length>10.18Mb</Length>
        <Status>NOT_STARTED</Status>
        <isSermonSelected>false</isSermonSelected>
    </Sermon>
    <Sermon>
        <Title>Part 3, wed (Toronto Spiritual Life Convention 1993)</Title>
        <Url>http://www.sermonindex.net/modules/mydownloads/visit.php?lid=2671</Url>
        <Speaker>Eric J. Alexander</Speaker>
        <Length>8.02Mb</Length>
        <Status>NOT_STARTED</Status>
        <isSermonSelected>false</isSermonSelected>
    </Sermon>
    <Sermon>
        <Title>Part 4, thur (Toronto Spiritual Life Convention 1993)</Title>
        <Url>http://www.sermonindex.net/modules/mydownloads/visit.php?lid=2672</Url>
        <Speaker>Eric J. Alexander</Speaker>
        <Length>9.8Mb</Length>
        <Status>NOT_STARTED</Status>
        <isSermonSelected>false</isSermonSelected>
    </Sermon>
    <Sermon>
        <Title>Part 5, thur (Toronto Spiritual Life Convention 1993)</Title>
        <Url>http://www.sermonindex.net/modules/mydownloads/visit.php?lid=2673</Url>
        <Speaker>Eric J. Alexander</Speaker>
        <Length>7.84Mb</Length>
        <Status>NOT_STARTED</Status>
        <isSermonSelected>false</isSermonSelected>
    </Sermon>
    <Sermon>
        <Title>Shepherds of the Flock</Title>
        <Url>http://www.sermonindex.net/modules/mydownloads/visit.php?lid=4134</Url>
        <Speaker>Eric J. Alexander</Speaker>
        <Length>5.85Mb</Length>
        <Status>NOT_STARTED</Status>
        <isSermonSelected>false</isSermonSelected>
    </Sermon>
    <Sermon>
        <Title>Sovereignty of God (Toronto Spiritual Life Convention 1999)</Title>
        <Url>http://www.sermonindex.net/modules/mydownloads/visit.php?lid=3075</Url>
        <Speaker>Eric J. Alexander</Speaker>
        <Length>9.69Mb</Length>
        <Status>NOT_STARTED</Status>
        <isSermonSelected>false</isSermonSelected>
    </Sermon>
</Sermons>
