<?xml version="1.0" encoding="UTF-8" standalone="yes"?>
<Sermons>
    <Sermon>
        <Title>A CLEAN HEART</Title>
        <Url>http://www.sermonindex.net/modules/mydownloads/visit.php?lid=8222</Url>
        <Speaker>Ernest O'Neill</Speaker>
        <Length>4.42Mb</Length>
        <Status>NOT_STARTED</Status>
        <isSermonSelected>false</isSermonSelected>
    </Sermon>
    <Sermon>
        <Title>A HEART CLEANSED BY FAITH</Title>
        <Url>http://www.sermonindex.net/modules/mydownloads/visit.php?lid=8225</Url>
        <Speaker>Ernest O'Neill</Speaker>
        <Length>3.81Mb</Length>
        <Status>NOT_STARTED</Status>
        <isSermonSelected>false</isSermonSelected>
    </Sermon>
    <Sermon>
        <Title>A NEW START</Title>
        <Url>http://www.sermonindex.net/modules/mydownloads/visit.php?lid=7963</Url>
        <Speaker>Ernest O'Neill</Speaker>
        <Length>3.77Mb</Length>
        <Status>NOT_STARTED</Status>
        <isSermonSelected>false</isSermonSelected>
    </Sermon>
    <Sermon>
        <Title>A Simple Gospel</Title>
        <Url>http://www.sermonindex.net/modules/mydownloads/visit.php?lid=7985</Url>
        <Speaker>Ernest O'Neill</Speaker>
        <Length>3.3Mb</Length>
        <Status>NOT_STARTED</Status>
        <isSermonSelected>false</isSermonSelected>
    </Sermon>
    <Sermon>
        <Title>Baptism With The Spirit</Title>
        <Url>http://www.sermonindex.net/modules/mydownloads/visit.php?lid=7990</Url>
        <Speaker>Ernest O'Neill</Speaker>
        <Length>2.94Mb</Length>
        <Status>NOT_STARTED</Status>
        <isSermonSelected>false</isSermonSelected>
    </Sermon>
    <Sermon>
        <Title>CHRISTMAS '78-CHRISTIAN OR CHRISTLIKE?</Title>
        <Url>http://www.sermonindex.net/modules/mydownloads/visit.php?lid=7957</Url>
        <Speaker>Ernest O'Neill</Speaker>
        <Length>2.7Mb</Length>
        <Status>NOT_STARTED</Status>
        <isSermonSelected>false</isSermonSelected>
    </Sermon>
    <Sermon>
        <Title>Communion - Jesus' Travail For You</Title>
        <Url>http://www.sermonindex.net/modules/mydownloads/visit.php?lid=7988</Url>
        <Speaker>Ernest O'Neill</Speaker>
        <Length>2.86Mb</Length>
        <Status>NOT_STARTED</Status>
        <isSermonSelected>false</isSermonSelected>
    </Sermon>
    <Sermon>
        <Title>CONDEMNED OF JUSTIFIED? (ROMANS 5:16)</Title>
        <Url>http://www.sermonindex.net/modules/mydownloads/visit.php?lid=7975</Url>
        <Speaker>Ernest O'Neill</Speaker>
        <Length>2.63Mb</Length>
        <Status>NOT_STARTED</Status>
        <isSermonSelected>false</isSermonSelected>
    </Sermon>
    <Sermon>
        <Title>DEATH OF LIFE IN THE BODY (ROMANS 5:17c)</Title>
        <Url>http://www.sermonindex.net/modules/mydownloads/visit.php?lid=7978</Url>
        <Speaker>Ernest O'Neill</Speaker>
        <Length>4.43Mb</Length>
        <Status>NOT_STARTED</Status>
        <isSermonSelected>false</isSermonSelected>
    </Sermon>
    <Sermon>
        <Title>DEATH OF LIFE IN THE EMOTIONS (ROMANS 5:17b)</Title>
        <Url>http://www.sermonindex.net/modules/mydownloads/visit.php?lid=7977</Url>
        <Speaker>Ernest O'Neill</Speaker>
        <Length>2.73Mb</Length>
        <Status>NOT_STARTED</Status>
        <isSermonSelected>false</isSermonSelected>
    </Sermon>
    <Sermon>
        <Title>Death Of Life In The Mind</Title>
        <Url>http://www.sermonindex.net/modules/mydownloads/visit.php?lid=7976</Url>
        <Speaker>Ernest O'Neill</Speaker>
        <Length>3.04Mb</Length>
        <Status>NOT_STARTED</Status>
        <isSermonSelected>false</isSermonSelected>
    </Sermon>
    <Sermon>
        <Title>Do We Love Jesus?</Title>
        <Url>http://www.sermonindex.net/modules/mydownloads/visit.php?lid=14541</Url>
        <Speaker>Ernest O'Neill</Speaker>
        <Length>1.96Mb</Length>
        <Status>NOT_STARTED</Status>
        <isSermonSelected>false</isSermonSelected>
    </Sermon>
    <Sermon>
        <Title>Dr. Jekyll and Mr. Hyde</Title>
        <Url>http://www.sermonindex.net/modules/mydownloads/visit.php?lid=14542</Url>
        <Speaker>Ernest O'Neill</Speaker>
        <Length>4.24Mb</Length>
        <Status>NOT_STARTED</Status>
        <isSermonSelected>false</isSermonSelected>
    </Sermon>
    <Sermon>
        <Title>Ernest O'Neill's Testimony</Title>
        <Url>http://www.sermonindex.net/modules/mydownloads/visit.php?lid=7989</Url>
        <Speaker>Ernest O'Neill</Speaker>
        <Length>4.43Mb</Length>
        <Status>NOT_STARTED</Status>
        <isSermonSelected>false</isSermonSelected>
    </Sermon>
    <Sermon>
        <Title>FROM HIM, THROUGH HIM &amp; TO HIM</Title>
        <Url>http://www.sermonindex.net/modules/mydownloads/visit.php?lid=7958</Url>
        <Speaker>Ernest O'Neill</Speaker>
        <Length>3.4Mb</Length>
        <Status>NOT_STARTED</Status>
        <isSermonSelected>false</isSermonSelected>
    </Sermon>
    <Sermon>
        <Title>GOD LOVES YOU WHATEVER YOU'RE LIKE! (ROMANS 5.7a)</Title>
        <Url>http://www.sermonindex.net/modules/mydownloads/visit.php?lid=7968</Url>
        <Speaker>Ernest O'Neill</Speaker>
        <Length>3.47Mb</Length>
        <Status>NOT_STARTED</Status>
        <isSermonSelected>false</isSermonSelected>
    </Sermon>
    <Sermon>
        <Title>How To Be Born Again</Title>
        <Url>http://www.sermonindex.net/modules/mydownloads/visit.php?lid=7987</Url>
        <Speaker>Ernest O'Neill</Speaker>
        <Length>4.54Mb</Length>
        <Status>NOT_STARTED</Status>
        <isSermonSelected>false</isSermonSelected>
    </Sermon>
    <Sermon>
        <Title>How To Love Like Christ Did</Title>
        <Url>http://www.sermonindex.net/modules/mydownloads/visit.php?lid=14543</Url>
        <Speaker>Ernest O'Neill</Speaker>
        <Length>4.32Mb</Length>
        <Status>NOT_STARTED</Status>
        <isSermonSelected>false</isSermonSelected>
    </Sermon>
    <Sermon>
        <Title>How To Receive A Clean Heart</Title>
        <Url>http://www.sermonindex.net/modules/mydownloads/visit.php?lid=7982</Url>
        <Speaker>Ernest O'Neill</Speaker>
        <Length>4.26Mb</Length>
        <Status>NOT_STARTED</Status>
        <isSermonSelected>false</isSermonSelected>
    </Sermon>
    <Sermon>
        <Title>How To Walk In The Light</Title>
        <Url>http://www.sermonindex.net/modules/mydownloads/visit.php?lid=7986</Url>
        <Speaker>Ernest O'Neill</Speaker>
        <Length>1.14Mb</Length>
        <Status>NOT_STARTED</Status>
        <isSermonSelected>false</isSermonSelected>
    </Sermon>
    <Sermon>
        <Title>I Can't!</Title>
        <Url>http://www.sermonindex.net/modules/mydownloads/visit.php?lid=14544</Url>
        <Speaker>Ernest O'Neill</Speaker>
        <Length>1.85Mb</Length>
        <Status>NOT_STARTED</Status>
        <isSermonSelected>false</isSermonSelected>
    </Sermon>
    <Sermon>
        <Title>IS JESUS GOD'S SON?</Title>
        <Url>http://www.sermonindex.net/modules/mydownloads/visit.php?lid=7962</Url>
        <Speaker>Ernest O'Neill</Speaker>
        <Length>3.36Mb</Length>
        <Status>NOT_STARTED</Status>
        <isSermonSelected>false</isSermonSelected>
    </Sermon>
    <Sermon>
        <Title>IS THE BIBLE HISTORY OR MYTH?</Title>
        <Url>http://www.sermonindex.net/modules/mydownloads/visit.php?lid=7961</Url>
        <Speaker>Ernest O'Neill</Speaker>
        <Length>3.93Mb</Length>
        <Status>NOT_STARTED</Status>
        <isSermonSelected>false</isSermonSelected>
    </Sermon>
    <Sermon>
        <Title>IS THERE A GOD?</Title>
        <Url>http://www.sermonindex.net/modules/mydownloads/visit.php?lid=7960</Url>
        <Speaker>Ernest O'Neill</Speaker>
        <Length>3.17Mb</Length>
        <Status>NOT_STARTED</Status>
        <isSermonSelected>false</isSermonSelected>
    </Sermon>
    <Sermon>
        <Title>JESUS DIED FOR YOU AT YOUR WORST (ROMANS 5:6)</Title>
        <Url>http://www.sermonindex.net/modules/mydownloads/visit.php?lid=7967</Url>
        <Speaker>Ernest O'Neill</Speaker>
        <Length>3.75Mb</Length>
        <Status>NOT_STARTED</Status>
        <isSermonSelected>false</isSermonSelected>
    </Sermon>
    <Sermon>
        <Title>JESUS IN YOU (ROMANS 5:19)</Title>
        <Url>http://www.sermonindex.net/modules/mydownloads/visit.php?lid=7979</Url>
        <Speaker>Ernest O'Neill</Speaker>
        <Length>3.52Mb</Length>
        <Status>NOT_STARTED</Status>
        <isSermonSelected>false</isSermonSelected>
    </Sermon>
    <Sermon>
        <Title>JESUS' DEATH RECONCILES-JESUS' LIFE SAVES (ROMANS 5:10)</Title>
        <Url>http://www.sermonindex.net/modules/mydownloads/visit.php?lid=7970</Url>
        <Speaker>Ernest O'Neill</Speaker>
        <Length>3.28Mb</Length>
        <Status>NOT_STARTED</Status>
        <isSermonSelected>false</isSermonSelected>
    </Sermon>
    <Sermon>
        <Title>Jesus' Love Brings Deliverance</Title>
        <Url>http://www.sermonindex.net/modules/mydownloads/visit.php?lid=7993</Url>
        <Speaker>Ernest O'Neill</Speaker>
        <Length>3.42Mb</Length>
        <Status>NOT_STARTED</Status>
        <isSermonSelected>false</isSermonSelected>
    </Sermon>
    <Sermon>
        <Title>Jesus' Travail For You</Title>
        <Url>http://www.sermonindex.net/modules/mydownloads/visit.php?lid=14545</Url>
        <Speaker>Ernest O'Neill</Speaker>
        <Length>2.86Mb</Length>
        <Status>NOT_STARTED</Status>
        <isSermonSelected>false</isSermonSelected>
    </Sermon>
    <Sermon>
        <Title>JUSTIFICATION AND SANCTIFICATION 1 (ROMANS 5:2)</Title>
        <Url>http://www.sermonindex.net/modules/mydownloads/visit.php?lid=7965</Url>
        <Speaker>Ernest O'Neill</Speaker>
        <Length>4.77Mb</Length>
        <Status>NOT_STARTED</Status>
        <isSermonSelected>false</isSermonSelected>
    </Sermon>
    <Sermon>
        <Title>JUSTIFICATION AND SANCTIFICATION 2 (ROMANS 5:3)</Title>
        <Url>http://www.sermonindex.net/modules/mydownloads/visit.php?lid=7966</Url>
        <Speaker>Ernest O'Neill</Speaker>
        <Length>3.88Mb</Length>
        <Status>NOT_STARTED</Status>
        <isSermonSelected>false</isSermonSelected>
    </Sermon>
    <Sermon>
        <Title>Know The Holy Spirit</Title>
        <Url>http://www.sermonindex.net/modules/mydownloads/visit.php?lid=7994</Url>
        <Speaker>Ernest O'Neill</Speaker>
        <Length>4.87Mb</Length>
        <Status>NOT_STARTED</Status>
        <isSermonSelected>false</isSermonSelected>
    </Sermon>
    <Sermon>
        <Title>Living Without A Clean Heart</Title>
        <Url>http://www.sermonindex.net/modules/mydownloads/visit.php?lid=7981</Url>
        <Speaker>Ernest O'Neill</Speaker>
        <Length>4.61Mb</Length>
        <Status>NOT_STARTED</Status>
        <isSermonSelected>false</isSermonSelected>
    </Sermon>
    <Sermon>
        <Title>ORIGINAL SIN AND DEATH (ROMANS 5:12)</Title>
        <Url>http://www.sermonindex.net/modules/mydownloads/visit.php?lid=7971</Url>
        <Speaker>Ernest O'Neill</Speaker>
        <Length>3.66Mb</Length>
        <Status>NOT_STARTED</Status>
        <isSermonSelected>false</isSermonSelected>
    </Sermon>
    <Sermon>
        <Title>REAL JUSTIFICATION BRINGS PEACE (ROMANS 5:1)</Title>
        <Url>http://www.sermonindex.net/modules/mydownloads/visit.php?lid=7964</Url>
        <Speaker>Ernest O'Neill</Speaker>
        <Length>3.92Mb</Length>
        <Status>NOT_STARTED</Status>
        <isSermonSelected>false</isSermonSelected>
    </Sermon>
    <Sermon>
        <Title>RECONCILED (ROMANS 5.7b)</Title>
        <Url>http://www.sermonindex.net/modules/mydownloads/visit.php?lid=7969</Url>
        <Speaker>Ernest O'Neill</Speaker>
        <Length>2.04Mb</Length>
        <Status>NOT_STARTED</Status>
        <isSermonSelected>false</isSermonSelected>
    </Sermon>
    <Sermon>
        <Title>RESISTANCE (ROMANS 5:13)</Title>
        <Url>http://www.sermonindex.net/modules/mydownloads/visit.php?lid=7972</Url>
        <Speaker>Ernest O'Neill</Speaker>
        <Length>3.4Mb</Length>
        <Status>NOT_STARTED</Status>
        <isSermonSelected>false</isSermonSelected>
    </Sermon>
    <Sermon>
        <Title>RESURRECTION</Title>
        <Url>http://www.sermonindex.net/modules/mydownloads/visit.php?lid=7955</Url>
        <Speaker>Ernest O'Neill</Speaker>
        <Length>4.27Mb</Length>
        <Status>NOT_STARTED</Status>
        <isSermonSelected>false</isSermonSelected>
    </Sermon>
    <Sermon>
        <Title>SHEER GRACE (ROMANS 5:15)</Title>
        <Url>http://www.sermonindex.net/modules/mydownloads/visit.php?lid=7974</Url>
        <Speaker>Ernest O'Neill</Speaker>
        <Length>2.89Mb</Length>
        <Status>NOT_STARTED</Status>
        <isSermonSelected>false</isSermonSelected>
    </Sermon>
    <Sermon>
        <Title>SIN AND DEATH (ROMANS 5:14)</Title>
        <Url>http://www.sermonindex.net/modules/mydownloads/visit.php?lid=7973</Url>
        <Speaker>Ernest O'Neill</Speaker>
        <Length>3.9Mb</Length>
        <Status>NOT_STARTED</Status>
        <isSermonSelected>false</isSermonSelected>
    </Sermon>
    <Sermon>
        <Title>The Cure For An Evil Heart</Title>
        <Url>http://www.sermonindex.net/modules/mydownloads/visit.php?lid=7991</Url>
        <Speaker>Ernest O'Neill</Speaker>
        <Length>3.7Mb</Length>
        <Status>NOT_STARTED</Status>
        <isSermonSelected>false</isSermonSelected>
    </Sermon>
    <Sermon>
        <Title>The Cure For Carnality</Title>
        <Url>http://www.sermonindex.net/modules/mydownloads/visit.php?lid=14547</Url>
        <Speaker>Ernest O'Neill</Speaker>
        <Length>1.87Mb</Length>
        <Status>NOT_STARTED</Status>
        <isSermonSelected>false</isSermonSelected>
    </Sermon>
    <Sermon>
        <Title>The Heresy Of Cheap Grace</Title>
        <Url>http://www.sermonindex.net/modules/mydownloads/visit.php?lid=14548</Url>
        <Speaker>Ernest O'Neill</Speaker>
        <Length>3.72Mb</Length>
        <Status>NOT_STARTED</Status>
        <isSermonSelected>false</isSermonSelected>
    </Sermon>
    <Sermon>
        <Title>The Holy Spirit Brings A Clean Heart</Title>
        <Url>http://www.sermonindex.net/modules/mydownloads/visit.php?lid=7984</Url>
        <Speaker>Ernest O'Neill</Speaker>
        <Length>3.81Mb</Length>
        <Status>NOT_STARTED</Status>
        <isSermonSelected>false</isSermonSelected>
    </Sermon>
    <Sermon>
        <Title>The Ministry Of The Holy Spirit</Title>
        <Url>http://www.sermonindex.net/modules/mydownloads/visit.php?lid=14546</Url>
        <Speaker>Ernest O'Neill</Speaker>
        <Length>3.38Mb</Length>
        <Status>NOT_STARTED</Status>
        <isSermonSelected>false</isSermonSelected>
    </Sermon>
    <Sermon>
        <Title>UNCREATED LIFE</Title>
        <Url>http://www.sermonindex.net/modules/mydownloads/visit.php?lid=7956</Url>
        <Speaker>Ernest O'Neill</Speaker>
        <Length>4.34Mb</Length>
        <Status>NOT_STARTED</Status>
        <isSermonSelected>false</isSermonSelected>
    </Sermon>
    <Sermon>
        <Title>We Need A Clean Heart</Title>
        <Url>http://www.sermonindex.net/modules/mydownloads/visit.php?lid=7995</Url>
        <Speaker>Ernest O'Neill</Speaker>
        <Length>3.87Mb</Length>
        <Status>NOT_STARTED</Status>
        <isSermonSelected>false</isSermonSelected>
    </Sermon>
    <Sermon>
        <Title>WE NEED A CLEAN HEART</Title>
        <Url>http://www.sermonindex.net/modules/mydownloads/visit.php?lid=8226</Url>
        <Speaker>Ernest O'Neill</Speaker>
        <Length>3.87Mb</Length>
        <Status>NOT_STARTED</Status>
        <isSermonSelected>false</isSermonSelected>
    </Sermon>
    <Sermon>
        <Title>What Is The Normal Christian Life?</Title>
        <Url>http://www.sermonindex.net/modules/mydownloads/visit.php?lid=7992</Url>
        <Speaker>Ernest O'Neill</Speaker>
        <Length>3.76Mb</Length>
        <Status>NOT_STARTED</Status>
        <isSermonSelected>false</isSermonSelected>
    </Sermon>
    <Sermon>
        <Title>WHY ARE WE ALIVE?</Title>
        <Url>http://www.sermonindex.net/modules/mydownloads/visit.php?lid=7954</Url>
        <Speaker>Ernest O'Neill</Speaker>
        <Length>3.76Mb</Length>
        <Status>NOT_STARTED</Status>
        <isSermonSelected>false</isSermonSelected>
    </Sermon>
    <Sermon>
        <Title>WHY ARE WE HERE?</Title>
        <Url>http://www.sermonindex.net/modules/mydownloads/visit.php?lid=7959</Url>
        <Speaker>Ernest O'Neill</Speaker>
        <Length>3.66Mb</Length>
        <Status>NOT_STARTED</Status>
        <isSermonSelected>false</isSermonSelected>
    </Sermon>
</Sermons>
