<?xml version="1.0" encoding="UTF-8" standalone="yes"?>
<Sermons>
    <Sermon>
        <Title>Living With Your Passion</Title>
        <Url>http://www.sermonindex.net/modules/mydownloads/visit.php?lid=19564</Url>
        <Speaker>Erwin Lutzer</Speaker>
        <Length>10.7Mb</Length>
        <Status>ALREADY_DONE</Status>
        <isSermonSelected>false</isSermonSelected>
    </Sermon>
    <Sermon>
        <Title>Managing Your Emotions</Title>
        <Url>http://www.sermonindex.net/modules/mydownloads/visit.php?lid=19568</Url>
        <Speaker>Erwin Lutzer</Speaker>
        <Length>8.44Mb</Length>
        <Status>ALREADY_DONE</Status>
        <isSermonSelected>false</isSermonSelected>
    </Sermon>
    <Sermon>
        <Title>The Judgement Seat of Christ</Title>
        <Url>http://www.sermonindex.net/modules/mydownloads/visit.php?lid=251</Url>
        <Speaker>Erwin Lutzer</Speaker>
        <Length>4.97Mb</Length>
        <Status>ALREADY_DONE</Status>
        <isSermonSelected>false</isSermonSelected>
    </Sermon>
    <Sermon>
        <Title>When God Doesn't Come Through</Title>
        <Url>http://www.sermonindex.net/modules/mydownloads/visit.php?lid=19563</Url>
        <Speaker>Erwin Lutzer</Speaker>
        <Length>8.78Mb</Length>
        <Status>ALREADY_DONE</Status>
        <isSermonSelected>false</isSermonSelected>
    </Sermon>
    <Sermon>
        <Title>Will America Be Given Another Chance</Title>
        <Url>http://www.sermonindex.net/modules/mydownloads/visit.php?lid=20060</Url>
        <Speaker>Erwin Lutzer</Speaker>
        <Length>10Mb</Length>
        <Status>ALREADY_DONE</Status>
        <isSermonSelected>false</isSermonSelected>
    </Sermon>
</Sermons>
