<?xml version="1.0" encoding="UTF-8" standalone="yes"?>
<Sermons>
    <Sermon>
        <Title>Adoration</Title>
        <Url>http://www.sermonindex.net/modules/mydownloads/visit.php?lid=14267</Url>
        <Speaker>Evening Light Hymns</Speaker>
        <Length>1.08Mb</Length>
        <Status>ALREADY_DONE</Status>
        <isSermonSelected>false</isSermonSelected>
    </Sermon>
    <Sermon>
        <Title>Ask and You Shall Receive</Title>
        <Url>http://www.sermonindex.net/modules/mydownloads/visit.php?lid=14268</Url>
        <Speaker>Evening Light Hymns</Speaker>
        <Length>2.92Mb</Length>
        <Status>ALREADY_DONE</Status>
        <isSermonSelected>false</isSermonSelected>
    </Sermon>
    <Sermon>
        <Title>Be an Overcomer</Title>
        <Url>http://www.sermonindex.net/modules/mydownloads/visit.php?lid=14269</Url>
        <Speaker>Evening Light Hymns</Speaker>
        <Length>2.67Mb</Length>
        <Status>ALREADY_DONE</Status>
        <isSermonSelected>false</isSermonSelected>
    </Sermon>
    <Sermon>
        <Title>Be Strong and True</Title>
        <Url>http://www.sermonindex.net/modules/mydownloads/visit.php?lid=14270</Url>
        <Speaker>Evening Light Hymns</Speaker>
        <Length>2.75Mb</Length>
        <Status>ALREADY_DONE</Status>
        <isSermonSelected>false</isSermonSelected>
    </Sermon>
    <Sermon>
        <Title>Beautiful Zion</Title>
        <Url>http://www.sermonindex.net/modules/mydownloads/visit.php?lid=14271</Url>
        <Speaker>Evening Light Hymns</Speaker>
        <Length>2.86Mb</Length>
        <Status>ALREADY_DONE</Status>
        <isSermonSelected>false</isSermonSelected>
    </Sermon>
    <Sermon>
        <Title>Blessed Quietness</Title>
        <Url>http://www.sermonindex.net/modules/mydownloads/visit.php?lid=14272</Url>
        <Speaker>Evening Light Hymns</Speaker>
        <Length>2.54Mb</Length>
        <Status>ALREADY_DONE</Status>
        <isSermonSelected>false</isSermonSelected>
    </Sermon>
    <Sermon>
        <Title>By the Living Grace of God</Title>
        <Url>http://www.sermonindex.net/modules/mydownloads/visit.php?lid=14273</Url>
        <Speaker>Evening Light Hymns</Speaker>
        <Length>2.88Mb</Length>
        <Status>ALREADY_DONE</Status>
        <isSermonSelected>false</isSermonSelected>
    </Sermon>
    <Sermon>
        <Title>Come Over into Canaan</Title>
        <Url>http://www.sermonindex.net/modules/mydownloads/visit.php?lid=14274</Url>
        <Speaker>Evening Light Hymns</Speaker>
        <Length>3.47Mb</Length>
        <Status>ALREADY_DONE</Status>
        <isSermonSelected>false</isSermonSelected>
    </Sermon>
    <Sermon>
        <Title>Cross Over Jordan Today</Title>
        <Url>http://www.sermonindex.net/modules/mydownloads/visit.php?lid=14275</Url>
        <Speaker>Evening Light Hymns</Speaker>
        <Length>3.04Mb</Length>
        <Status>ALREADY_DONE</Status>
        <isSermonSelected>false</isSermonSelected>
    </Sermon>
    <Sermon>
        <Title>Fair Zion</Title>
        <Url>http://www.sermonindex.net/modules/mydownloads/visit.php?lid=14276</Url>
        <Speaker>Evening Light Hymns</Speaker>
        <Length>2Mb</Length>
        <Status>ALREADY_DONE</Status>
        <isSermonSelected>false</isSermonSelected>
    </Sermon>
    <Sermon>
        <Title>Faith Is Believing</Title>
        <Url>http://www.sermonindex.net/modules/mydownloads/visit.php?lid=14277</Url>
        <Speaker>Evening Light Hymns</Speaker>
        <Length>5.27Mb</Length>
        <Status>ALREADY_DONE</Status>
        <isSermonSelected>false</isSermonSelected>
    </Sermon>
    <Sermon>
        <Title>Fire in the Soul</Title>
        <Url>http://www.sermonindex.net/modules/mydownloads/visit.php?lid=14278</Url>
        <Speaker>Evening Light Hymns</Speaker>
        <Length>3.35Mb</Length>
        <Status>ALREADY_DONE</Status>
        <isSermonSelected>false</isSermonSelected>
    </Sermon>
    <Sermon>
        <Title>From Babel to Zion</Title>
        <Url>http://www.sermonindex.net/modules/mydownloads/visit.php?lid=14279</Url>
        <Speaker>Evening Light Hymns</Speaker>
        <Length>1.06Mb</Length>
        <Status>ALREADY_DONE</Status>
        <isSermonSelected>false</isSermonSelected>
    </Sermon>
    <Sermon>
        <Title>Glorious Zion</Title>
        <Url>http://www.sermonindex.net/modules/mydownloads/visit.php?lid=14280</Url>
        <Speaker>Evening Light Hymns</Speaker>
        <Length>1.31Mb</Length>
        <Status>ALREADY_DONE</Status>
        <isSermonSelected>false</isSermonSelected>
    </Sermon>
    <Sermon>
        <Title>Glory to His Name</Title>
        <Url>http://www.sermonindex.net/modules/mydownloads/visit.php?lid=14281</Url>
        <Speaker>Evening Light Hymns</Speaker>
        <Length>2.43Mb</Length>
        <Status>ALREADY_DONE</Status>
        <isSermonSelected>false</isSermonSelected>
    </Sermon>
    <Sermon>
        <Title>He Is Just the Same Today</Title>
        <Url>http://www.sermonindex.net/modules/mydownloads/visit.php?lid=14282</Url>
        <Speaker>Evening Light Hymns</Speaker>
        <Length>2.64Mb</Length>
        <Status>ALREADY_DONE</Status>
        <isSermonSelected>false</isSermonSelected>
    </Sermon>
    <Sermon>
        <Title>Heavenly Sunlight</Title>
        <Url>http://www.sermonindex.net/modules/mydownloads/visit.php?lid=14283</Url>
        <Speaker>Evening Light Hymns</Speaker>
        <Length>3.33Mb</Length>
        <Status>ALREADY_DONE</Status>
        <isSermonSelected>false</isSermonSelected>
    </Sermon>
    <Sermon>
        <Title>Hide Me</Title>
        <Url>http://www.sermonindex.net/modules/mydownloads/visit.php?lid=14284</Url>
        <Speaker>Evening Light Hymns</Speaker>
        <Length>3.49Mb</Length>
        <Status>ALREADY_DONE</Status>
        <isSermonSelected>false</isSermonSelected>
    </Sermon>
    <Sermon>
        <Title>His Voice I Hear</Title>
        <Url>http://www.sermonindex.net/modules/mydownloads/visit.php?lid=14285</Url>
        <Speaker>Evening Light Hymns</Speaker>
        <Length>4.49Mb</Length>
        <Status>ALREADY_DONE</Status>
        <isSermonSelected>false</isSermonSelected>
    </Sermon>
    <Sermon>
        <Title>Holy Spirit Be My Guide</Title>
        <Url>http://www.sermonindex.net/modules/mydownloads/visit.php?lid=14286</Url>
        <Speaker>Evening Light Hymns</Speaker>
        <Length>3.35Mb</Length>
        <Status>ALREADY_DONE</Status>
        <isSermonSelected>false</isSermonSelected>
    </Sermon>
    <Sermon>
        <Title>Home</Title>
        <Url>http://www.sermonindex.net/modules/mydownloads/visit.php?lid=14287</Url>
        <Speaker>Evening Light Hymns</Speaker>
        <Length>1.8Mb</Length>
        <Status>ALREADY_DONE</Status>
        <isSermonSelected>false</isSermonSelected>
    </Sermon>
    <Sermon>
        <Title>Humility</Title>
        <Url>http://www.sermonindex.net/modules/mydownloads/visit.php?lid=14288</Url>
        <Speaker>Evening Light Hymns</Speaker>
        <Length>2.92Mb</Length>
        <Status>ALREADY_DONE</Status>
        <isSermonSelected>false</isSermonSelected>
    </Sermon>
    <Sermon>
        <Title>I Have a Hope</Title>
        <Url>http://www.sermonindex.net/modules/mydownloads/visit.php?lid=14289</Url>
        <Speaker>Evening Light Hymns</Speaker>
        <Length>2.01Mb</Length>
        <Status>ALREADY_DONE</Status>
        <isSermonSelected>false</isSermonSelected>
    </Sermon>
    <Sermon>
        <Title>I Love Thy Kingdom Lord</Title>
        <Url>http://www.sermonindex.net/modules/mydownloads/visit.php?lid=14290</Url>
        <Speaker>Evening Light Hymns</Speaker>
        <Length>826Kb</Length>
        <Status>ALREADY_DONE</Status>
        <isSermonSelected>false</isSermonSelected>
    </Sermon>
    <Sermon>
        <Title>I Love to Tell the Story</Title>
        <Url>http://www.sermonindex.net/modules/mydownloads/visit.php?lid=14291</Url>
        <Speaker>Evening Light Hymns</Speaker>
        <Length>4.54Mb</Length>
        <Status>ALREADY_DONE</Status>
        <isSermonSelected>false</isSermonSelected>
    </Sermon>
    <Sermon>
        <Title>I Must Tell Jesus</Title>
        <Url>http://www.sermonindex.net/modules/mydownloads/visit.php?lid=14292</Url>
        <Speaker>Evening Light Hymns</Speaker>
        <Length>4.02Mb</Length>
        <Status>ALREADY_DONE</Status>
        <isSermonSelected>false</isSermonSelected>
    </Sermon>
    <Sermon>
        <Title>Is Not This the Land of Beulah</Title>
        <Url>http://www.sermonindex.net/modules/mydownloads/visit.php?lid=14293</Url>
        <Speaker>Evening Light Hymns</Speaker>
        <Length>4.7Mb</Length>
        <Status>ALREADY_DONE</Status>
        <isSermonSelected>false</isSermonSelected>
    </Sermon>
    <Sermon>
        <Title>Is Your All on the Altar</Title>
        <Url>http://www.sermonindex.net/modules/mydownloads/visit.php?lid=14294</Url>
        <Speaker>Evening Light Hymns</Speaker>
        <Length>4.55Mb</Length>
        <Status>ALREADY_DONE</Status>
        <isSermonSelected>false</isSermonSelected>
    </Sermon>
    <Sermon>
        <Title>It Is True Within My Heart</Title>
        <Url>http://www.sermonindex.net/modules/mydownloads/visit.php?lid=14295</Url>
        <Speaker>Evening Light Hymns</Speaker>
        <Length>2.66Mb</Length>
        <Status>ALREADY_DONE</Status>
        <isSermonSelected>false</isSermonSelected>
    </Sermon>
    <Sermon>
        <Title>Jesus Savior Pilot Me</Title>
        <Url>http://www.sermonindex.net/modules/mydownloads/visit.php?lid=14296</Url>
        <Speaker>Evening Light Hymns</Speaker>
        <Length>1.74Mb</Length>
        <Status>ALREADY_DONE</Status>
        <isSermonSelected>false</isSermonSelected>
    </Sermon>
    <Sermon>
        <Title>Joy Unspeakable</Title>
        <Url>http://www.sermonindex.net/modules/mydownloads/visit.php?lid=14297</Url>
        <Speaker>Evening Light Hymns</Speaker>
        <Length>972Kb</Length>
        <Status>ALREADY_DONE</Status>
        <isSermonSelected>false</isSermonSelected>
    </Sermon>
    <Sermon>
        <Title>Joyful Meeting in Glory</Title>
        <Url>http://www.sermonindex.net/modules/mydownloads/visit.php?lid=14298</Url>
        <Speaker>Evening Light Hymns</Speaker>
        <Length>2.91Mb</Length>
        <Status>ALREADY_DONE</Status>
        <isSermonSelected>false</isSermonSelected>
    </Sermon>
    <Sermon>
        <Title>Keep Me My Lord</Title>
        <Url>http://www.sermonindex.net/modules/mydownloads/visit.php?lid=14299</Url>
        <Speaker>Evening Light Hymns</Speaker>
        <Length>3.21Mb</Length>
        <Status>ALREADY_DONE</Status>
        <isSermonSelected>false</isSermonSelected>
    </Sermon>
    <Sermon>
        <Title>Love Lifted Me</Title>
        <Url>http://www.sermonindex.net/modules/mydownloads/visit.php?lid=14300</Url>
        <Speaker>Evening Light Hymns</Speaker>
        <Length>4.41Mb</Length>
        <Status>ALREADY_DONE</Status>
        <isSermonSelected>false</isSermonSelected>
    </Sermon>
    <Sermon>
        <Title>Mighty to Save and Keep</Title>
        <Url>http://www.sermonindex.net/modules/mydownloads/visit.php?lid=14301</Url>
        <Speaker>Evening Light Hymns</Speaker>
        <Length>3.24Mb</Length>
        <Status>ALREADY_DONE</Status>
        <isSermonSelected>false</isSermonSelected>
    </Sermon>
    <Sermon>
        <Title>My Hearts Desire</Title>
        <Url>http://www.sermonindex.net/modules/mydownloads/visit.php?lid=14302</Url>
        <Speaker>Evening Light Hymns</Speaker>
        <Length>3.66Mb</Length>
        <Status>ALREADY_DONE</Status>
        <isSermonSelected>false</isSermonSelected>
    </Sermon>
    <Sermon>
        <Title>O Thou Gentle Spirit</Title>
        <Url>http://www.sermonindex.net/modules/mydownloads/visit.php?lid=14303</Url>
        <Speaker>Evening Light Hymns</Speaker>
        <Length>2.55Mb</Length>
        <Status>ALREADY_DONE</Status>
        <isSermonSelected>false</isSermonSelected>
    </Sermon>
    <Sermon>
        <Title>Oh Praise the Lord</Title>
        <Url>http://www.sermonindex.net/modules/mydownloads/visit.php?lid=14304</Url>
        <Speaker>Evening Light Hymns</Speaker>
        <Length>3Mb</Length>
        <Status>ALREADY_DONE</Status>
        <isSermonSelected>false</isSermonSelected>
    </Sermon>
    <Sermon>
        <Title>Oh This Blessed Holy Rest</Title>
        <Url>http://www.sermonindex.net/modules/mydownloads/visit.php?lid=14305</Url>
        <Speaker>Evening Light Hymns</Speaker>
        <Length>3.73Mb</Length>
        <Status>ALREADY_DONE</Status>
        <isSermonSelected>false</isSermonSelected>
    </Sermon>
    <Sermon>
        <Title>On to Victory</Title>
        <Url>http://www.sermonindex.net/modules/mydownloads/visit.php?lid=14306</Url>
        <Speaker>Evening Light Hymns</Speaker>
        <Length>2.79Mb</Length>
        <Status>ALREADY_DONE</Status>
        <isSermonSelected>false</isSermonSelected>
    </Sermon>
    <Sermon>
        <Title>Praise the Name of Jesus</Title>
        <Url>http://www.sermonindex.net/modules/mydownloads/visit.php?lid=14307</Url>
        <Speaker>Evening Light Hymns</Speaker>
        <Length>750Kb</Length>
        <Status>ALREADY_DONE</Status>
        <isSermonSelected>false</isSermonSelected>
    </Sermon>
    <Sermon>
        <Title>Since the Comforter Has Come</Title>
        <Url>http://www.sermonindex.net/modules/mydownloads/visit.php?lid=14308</Url>
        <Speaker>Evening Light Hymns</Speaker>
        <Length>4.35Mb</Length>
        <Status>ALREADY_DONE</Status>
        <isSermonSelected>false</isSermonSelected>
    </Sermon>
    <Sermon>
        <Title>Sing It Again</Title>
        <Url>http://www.sermonindex.net/modules/mydownloads/visit.php?lid=14309</Url>
        <Speaker>Evening Light Hymns</Speaker>
        <Length>1.43Mb</Length>
        <Status>ALREADY_DONE</Status>
        <isSermonSelected>false</isSermonSelected>
    </Sermon>
    <Sermon>
        <Title>Songs of Victory</Title>
        <Url>http://www.sermonindex.net/modules/mydownloads/visit.php?lid=14310</Url>
        <Speaker>Evening Light Hymns</Speaker>
        <Length>2.81Mb</Length>
        <Status>ALREADY_DONE</Status>
        <isSermonSelected>false</isSermonSelected>
    </Sermon>
    <Sermon>
        <Title>Spirit Holy</Title>
        <Url>http://www.sermonindex.net/modules/mydownloads/visit.php?lid=14311</Url>
        <Speaker>Evening Light Hymns</Speaker>
        <Length>3.74Mb</Length>
        <Status>ALREADY_DONE</Status>
        <isSermonSelected>false</isSermonSelected>
    </Sermon>
    <Sermon>
        <Title>Stand Up Stand Up for Jesus</Title>
        <Url>http://www.sermonindex.net/modules/mydownloads/visit.php?lid=14312</Url>
        <Speaker>Evening Light Hymns</Speaker>
        <Length>2.95Mb</Length>
        <Status>ALREADY_DONE</Status>
        <isSermonSelected>false</isSermonSelected>
    </Sermon>
    <Sermon>
        <Title>Tarry with Me</Title>
        <Url>http://www.sermonindex.net/modules/mydownloads/visit.php?lid=14313</Url>
        <Speaker>Evening Light Hymns</Speaker>
        <Length>2.76Mb</Length>
        <Status>ALREADY_DONE</Status>
        <isSermonSelected>false</isSermonSelected>
    </Sermon>
    <Sermon>
        <Title>The Atonement</Title>
        <Url>http://www.sermonindex.net/modules/mydownloads/visit.php?lid=14314</Url>
        <Speaker>Evening Light Hymns</Speaker>
        <Length>3.82Mb</Length>
        <Status>ALREADY_DONE</Status>
        <isSermonSelected>false</isSermonSelected>
    </Sermon>
    <Sermon>
        <Title>The Bondage of Love</Title>
        <Url>http://www.sermonindex.net/modules/mydownloads/visit.php?lid=14315</Url>
        <Speaker>Evening Light Hymns</Speaker>
        <Length>3.72Mb</Length>
        <Status>ALREADY_DONE</Status>
        <isSermonSelected>false</isSermonSelected>
    </Sermon>
    <Sermon>
        <Title>The Holy of Holies</Title>
        <Url>http://www.sermonindex.net/modules/mydownloads/visit.php?lid=14316</Url>
        <Speaker>Evening Light Hymns</Speaker>
        <Length>4.03Mb</Length>
        <Status>ALREADY_DONE</Status>
        <isSermonSelected>false</isSermonSelected>
    </Sermon>
    <Sermon>
        <Title>The Holy Remnant</Title>
        <Url>http://www.sermonindex.net/modules/mydownloads/visit.php?lid=14317</Url>
        <Speaker>Evening Light Hymns</Speaker>
        <Length>2.47Mb</Length>
        <Status>ALREADY_DONE</Status>
        <isSermonSelected>false</isSermonSelected>
    </Sermon>
    <Sermon>
        <Title>The Lion of Judah</Title>
        <Url>http://www.sermonindex.net/modules/mydownloads/visit.php?lid=14318</Url>
        <Speaker>Evening Light Hymns</Speaker>
        <Length>3.3Mb</Length>
        <Status>ALREADY_DONE</Status>
        <isSermonSelected>false</isSermonSelected>
    </Sermon>
    <Sermon>
        <Title>The New Jerusalem</Title>
        <Url>http://www.sermonindex.net/modules/mydownloads/visit.php?lid=14319</Url>
        <Speaker>Evening Light Hymns</Speaker>
        <Length>3.08Mb</Length>
        <Status>ALREADY_DONE</Status>
        <isSermonSelected>false</isSermonSelected>
    </Sermon>
    <Sermon>
        <Title>The Sea of Glass</Title>
        <Url>http://www.sermonindex.net/modules/mydownloads/visit.php?lid=14320</Url>
        <Speaker>Evening Light Hymns</Speaker>
        <Length>1.23Mb</Length>
        <Status>ALREADY_DONE</Status>
        <isSermonSelected>false</isSermonSelected>
    </Sermon>
    <Sermon>
        <Title>The Solid Rock</Title>
        <Url>http://www.sermonindex.net/modules/mydownloads/visit.php?lid=14321</Url>
        <Speaker>Evening Light Hymns</Speaker>
        <Length>1.91Mb</Length>
        <Status>ALREADY_DONE</Status>
        <isSermonSelected>false</isSermonSelected>
    </Sermon>
    <Sermon>
        <Title>The Temple of God</Title>
        <Url>http://www.sermonindex.net/modules/mydownloads/visit.php?lid=14322</Url>
        <Speaker>Evening Light Hymns</Speaker>
        <Length>1.79Mb</Length>
        <Status>ALREADY_DONE</Status>
        <isSermonSelected>false</isSermonSelected>
    </Sermon>
    <Sermon>
        <Title>There Is Joy in the Lord</Title>
        <Url>http://www.sermonindex.net/modules/mydownloads/visit.php?lid=14323</Url>
        <Speaker>Evening Light Hymns</Speaker>
        <Length>3.04Mb</Length>
        <Status>ALREADY_DONE</Status>
        <isSermonSelected>false</isSermonSelected>
    </Sermon>
    <Sermon>
        <Title>Thy Children Are Gathering Home</Title>
        <Url>http://www.sermonindex.net/modules/mydownloads/visit.php?lid=14324</Url>
        <Speaker>Evening Light Hymns</Speaker>
        <Length>1.07Mb</Length>
        <Status>ALREADY_DONE</Status>
        <isSermonSelected>false</isSermonSelected>
    </Sermon>
    <Sermon>
        <Title>We Must Be Holy</Title>
        <Url>http://www.sermonindex.net/modules/mydownloads/visit.php?lid=14325</Url>
        <Speaker>Evening Light Hymns</Speaker>
        <Length>2.96Mb</Length>
        <Status>ALREADY_DONE</Status>
        <isSermonSelected>false</isSermonSelected>
    </Sermon>
    <Sermon>
        <Title>When My Savior Talks with Me</Title>
        <Url>http://www.sermonindex.net/modules/mydownloads/visit.php?lid=14326</Url>
        <Speaker>Evening Light Hymns</Speaker>
        <Length>2.1Mb</Length>
        <Status>ALREADY_DONE</Status>
        <isSermonSelected>false</isSermonSelected>
    </Sermon>
    <Sermon>
        <Title>When We Get Home</Title>
        <Url>http://www.sermonindex.net/modules/mydownloads/visit.php?lid=14327</Url>
        <Speaker>Evening Light Hymns</Speaker>
        <Length>2.79Mb</Length>
        <Status>ALREADY_DONE</Status>
        <isSermonSelected>false</isSermonSelected>
    </Sermon>
    <Sermon>
        <Title>Whiter than Snow</Title>
        <Url>http://www.sermonindex.net/modules/mydownloads/visit.php?lid=14328</Url>
        <Speaker>Evening Light Hymns</Speaker>
        <Length>3.3Mb</Length>
        <Status>ALREADY_DONE</Status>
        <isSermonSelected>false</isSermonSelected>
    </Sermon>
    <Sermon>
        <Title>Within the Rock</Title>
        <Url>http://www.sermonindex.net/modules/mydownloads/visit.php?lid=14329</Url>
        <Speaker>Evening Light Hymns</Speaker>
        <Length>1.94Mb</Length>
        <Status>ALREADY_DONE</Status>
        <isSermonSelected>false</isSermonSelected>
    </Sermon>
    <Sermon>
        <Title>Without Spot and Blameless</Title>
        <Url>http://www.sermonindex.net/modules/mydownloads/visit.php?lid=14330</Url>
        <Speaker>Evening Light Hymns</Speaker>
        <Length>2.35Mb</Length>
        <Status>ALREADY_DONE</Status>
        <isSermonSelected>false</isSermonSelected>
    </Sermon>
</Sermons>
