<?xml version="1.0" encoding="UTF-8" standalone="yes"?>
<Sermons>
    <Sermon>
        <Title>Questions Concerning Repentance</Title>
        <Url>http://www.sermonindex.net/modules/mydownloads/visit.php?lid=1781</Url>
        <Speaker>E.W. Johnson</Speaker>
        <Length>5.38Mb</Length>
        <Status>NOT_STARTED</Status>
        <isSermonSelected>false</isSermonSelected>
    </Sermon>
    <Sermon>
        <Title>The Election of Grace</Title>
        <Url>http://www.sermonindex.net/modules/mydownloads/visit.php?lid=1782</Url>
        <Speaker>E.W. Johnson</Speaker>
        <Length>5.59Mb</Length>
        <Status>NOT_STARTED</Status>
        <isSermonSelected>false</isSermonSelected>
    </Sermon>
    <Sermon>
        <Title>The Saving Knowledge Of God</Title>
        <Url>http://www.sermonindex.net/modules/mydownloads/visit.php?lid=1783</Url>
        <Speaker>E.W. Johnson</Speaker>
        <Length>5.55Mb</Length>
        <Status>NOT_STARTED</Status>
        <isSermonSelected>false</isSermonSelected>
    </Sermon>
</Sermons>
