<?xml version="1.0" encoding="UTF-8" standalone="yes"?>
<Sermons>
    <Sermon>
        <Title>Come Home</Title>
        <Url>http://www.sermonindex.net/modules/mydownloads/visit.php?lid=23790</Url>
        <Speaker>F. LaGard Smith</Speaker>
        <Length>10.03Mb</Length>
        <Status>NOT_STARTED</Status>
        <isSermonSelected>false</isSermonSelected>
    </Sermon>
    <Sermon>
        <Title>Jesus</Title>
        <Url>http://www.sermonindex.net/modules/mydownloads/visit.php?lid=23789</Url>
        <Speaker>F. LaGard Smith</Speaker>
        <Length>16.66Mb</Length>
        <Status>NOT_STARTED</Status>
        <isSermonSelected>false</isSermonSelected>
    </Sermon>
</Sermons>
