<?xml version="1.0" encoding="UTF-8" standalone="yes"?>
<Sermons>
    <Sermon>
        <Title>Perfect Love - Part 1</Title>
        <Url>http://www.sermonindex.net/modules/mydownloads/visit.php?lid=23989</Url>
        <Speaker>Franklin Walden</Speaker>
        <Length>39.57Mb</Length>
        <Status>NOT_STARTED</Status>
        <isSermonSelected>false</isSermonSelected>
    </Sermon>
    <Sermon>
        <Title>Perfect Love - Part 2</Title>
        <Url>http://www.sermonindex.net/modules/mydownloads/visit.php?lid=23990</Url>
        <Speaker>Franklin Walden</Speaker>
        <Length>23.25Mb</Length>
        <Status>NOT_STARTED</Status>
        <isSermonSelected>false</isSermonSelected>
    </Sermon>
</Sermons>
