<?xml version="1.0" encoding="UTF-8" standalone="yes"?>
<Sermons>
    <Sermon>
        <Title>(Meditations) 01 - Where is Our Faith</Title>
        <Url>http://www.sermonindex.net/modules/mydownloads/visit.php?lid=15495</Url>
        <Speaker>Francois Fenelon</Speaker>
        <Length>1.4Mb</Length>
        <Status>NOT_STARTED</Status>
        <isSermonSelected>false</isSermonSelected>
    </Sermon>
    <Sermon>
        <Title>(Meditations) 02 - The Kingdom Within</Title>
        <Url>http://www.sermonindex.net/modules/mydownloads/visit.php?lid=15496</Url>
        <Speaker>Francois Fenelon</Speaker>
        <Length>1.3Mb</Length>
        <Status>NOT_STARTED</Status>
        <isSermonSelected>false</isSermonSelected>
    </Sermon>
    <Sermon>
        <Title>(Meditations) 03 - The Narrow Door</Title>
        <Url>http://www.sermonindex.net/modules/mydownloads/visit.php?lid=15497</Url>
        <Speaker>Francois Fenelon</Speaker>
        <Length>1.6Mb</Length>
        <Status>NOT_STARTED</Status>
        <isSermonSelected>false</isSermonSelected>
    </Sermon>
    <Sermon>
        <Title>(Meditations) 04 - Molded into Jesus' Image</Title>
        <Url>http://www.sermonindex.net/modules/mydownloads/visit.php?lid=15498</Url>
        <Speaker>Francois Fenelon</Speaker>
        <Length>1.15Mb</Length>
        <Status>NOT_STARTED</Status>
        <isSermonSelected>false</isSermonSelected>
    </Sermon>
    <Sermon>
        <Title>(Meditations) 05 - Devotion to God - Part 1</Title>
        <Url>http://www.sermonindex.net/modules/mydownloads/visit.php?lid=15499</Url>
        <Speaker>Francois Fenelon</Speaker>
        <Length>1.89Mb</Length>
        <Status>NOT_STARTED</Status>
        <isSermonSelected>false</isSermonSelected>
    </Sermon>
    <Sermon>
        <Title>(Meditations) 06 - Devotion to God - Part 2</Title>
        <Url>http://www.sermonindex.net/modules/mydownloads/visit.php?lid=15500</Url>
        <Speaker>Francois Fenelon</Speaker>
        <Length>1.15Mb</Length>
        <Status>NOT_STARTED</Status>
        <isSermonSelected>false</isSermonSelected>
    </Sermon>
    <Sermon>
        <Title>(Meditations) 07 - God's Wisdom</Title>
        <Url>http://www.sermonindex.net/modules/mydownloads/visit.php?lid=15501</Url>
        <Speaker>Francois Fenelon</Speaker>
        <Length>1.31Mb</Length>
        <Status>NOT_STARTED</Status>
        <isSermonSelected>false</isSermonSelected>
    </Sermon>
    <Sermon>
        <Title>(Meditations) 08 - A Holy Mind</Title>
        <Url>http://www.sermonindex.net/modules/mydownloads/visit.php?lid=15502</Url>
        <Speaker>Francois Fenelon</Speaker>
        <Length>1.32Mb</Length>
        <Status>NOT_STARTED</Status>
        <isSermonSelected>false</isSermonSelected>
    </Sermon>
    <Sermon>
        <Title>(Meditations) 09 - Patient Acceptance</Title>
        <Url>http://www.sermonindex.net/modules/mydownloads/visit.php?lid=15503</Url>
        <Speaker>Francois Fenelon</Speaker>
        <Length>1.3Mb</Length>
        <Status>NOT_STARTED</Status>
        <isSermonSelected>false</isSermonSelected>
    </Sermon>
    <Sermon>
        <Title>(Meditations) 10 - What God Sends Is Right</Title>
        <Url>http://www.sermonindex.net/modules/mydownloads/visit.php?lid=15504</Url>
        <Speaker>Francois Fenelon</Speaker>
        <Length>1.3Mb</Length>
        <Status>NOT_STARTED</Status>
        <isSermonSelected>false</isSermonSelected>
    </Sermon>
    <Sermon>
        <Title>(Meditations) 11 - Loving God's Will</Title>
        <Url>http://www.sermonindex.net/modules/mydownloads/visit.php?lid=15505</Url>
        <Speaker>Francois Fenelon</Speaker>
        <Length>1.34Mb</Length>
        <Status>NOT_STARTED</Status>
        <isSermonSelected>false</isSermonSelected>
    </Sermon>
    <Sermon>
        <Title>(Meditations) 12 - Jesus Our Model</Title>
        <Url>http://www.sermonindex.net/modules/mydownloads/visit.php?lid=15506</Url>
        <Speaker>Francois Fenelon</Speaker>
        <Length>1.3Mb</Length>
        <Status>NOT_STARTED</Status>
        <isSermonSelected>false</isSermonSelected>
    </Sermon>
    <Sermon>
        <Title>(Meditations) 13 - Concerning Prayer</Title>
        <Url>http://www.sermonindex.net/modules/mydownloads/visit.php?lid=15507</Url>
        <Speaker>Francois Fenelon</Speaker>
        <Length>1.54Mb</Length>
        <Status>NOT_STARTED</Status>
        <isSermonSelected>false</isSermonSelected>
    </Sermon>
    <Sermon>
        <Title>(Meditations) 14 - Never Stop Knocking</Title>
        <Url>http://www.sermonindex.net/modules/mydownloads/visit.php?lid=15508</Url>
        <Speaker>Francois Fenelon</Speaker>
        <Length>1.22Mb</Length>
        <Status>NOT_STARTED</Status>
        <isSermonSelected>false</isSermonSelected>
    </Sermon>
    <Sermon>
        <Title>(Meditations) 15 - Listen to the Right Voice</Title>
        <Url>http://www.sermonindex.net/modules/mydownloads/visit.php?lid=15509</Url>
        <Speaker>Francois Fenelon</Speaker>
        <Length>1.1Mb</Length>
        <Status>NOT_STARTED</Status>
        <isSermonSelected>false</isSermonSelected>
    </Sermon>
    <Sermon>
        <Title>(Meditations) 16 - Doing God's Will</Title>
        <Url>http://www.sermonindex.net/modules/mydownloads/visit.php?lid=15510</Url>
        <Speaker>Francois Fenelon</Speaker>
        <Length>1.14Mb</Length>
        <Status>NOT_STARTED</Status>
        <isSermonSelected>false</isSermonSelected>
    </Sermon>
    <Sermon>
        <Title>(Meditations) 17 - The Right Use of Crosses</Title>
        <Url>http://www.sermonindex.net/modules/mydownloads/visit.php?lid=15511</Url>
        <Speaker>Francois Fenelon</Speaker>
        <Length>948Kb</Length>
        <Status>NOT_STARTED</Status>
        <isSermonSelected>false</isSermonSelected>
    </Sermon>
    <Sermon>
        <Title>(Meditations) 18 - The Blessing of Suffering</Title>
        <Url>http://www.sermonindex.net/modules/mydownloads/visit.php?lid=15512</Url>
        <Speaker>Francois Fenelon</Speaker>
        <Length>1.16Mb</Length>
        <Status>NOT_STARTED</Status>
        <isSermonSelected>false</isSermonSelected>
    </Sermon>
    <Sermon>
        <Title>(Meditations) 19 - Be Merciful</Title>
        <Url>http://www.sermonindex.net/modules/mydownloads/visit.php?lid=15513</Url>
        <Speaker>Francois Fenelon</Speaker>
        <Length>1.02Mb</Length>
        <Status>NOT_STARTED</Status>
        <isSermonSelected>false</isSermonSelected>
    </Sermon>
    <Sermon>
        <Title>(Meditations) 20 - One This Is Needful</Title>
        <Url>http://www.sermonindex.net/modules/mydownloads/visit.php?lid=15514</Url>
        <Speaker>Francois Fenelon</Speaker>
        <Length>2.11Mb</Length>
        <Status>NOT_STARTED</Status>
        <isSermonSelected>false</isSermonSelected>
    </Sermon>
    <Sermon>
        <Title>(Meditations) 21 - Be Ready</Title>
        <Url>http://www.sermonindex.net/modules/mydownloads/visit.php?lid=15528</Url>
        <Speaker>Francois Fenelon</Speaker>
        <Length>1.4Mb</Length>
        <Status>NOT_STARTED</Status>
        <isSermonSelected>false</isSermonSelected>
    </Sermon>
    <Sermon>
        <Title>(Meditations) 22 - Steadfastness in Hope</Title>
        <Url>http://www.sermonindex.net/modules/mydownloads/visit.php?lid=15529</Url>
        <Speaker>Francois Fenelon</Speaker>
        <Length>1.19Mb</Length>
        <Status>NOT_STARTED</Status>
        <isSermonSelected>false</isSermonSelected>
    </Sermon>
    <Sermon>
        <Title>(Meditations) 23 - A Harvest of Joy</Title>
        <Url>http://www.sermonindex.net/modules/mydownloads/visit.php?lid=15530</Url>
        <Speaker>Francois Fenelon</Speaker>
        <Length>1.42Mb</Length>
        <Status>NOT_STARTED</Status>
        <isSermonSelected>false</isSermonSelected>
    </Sermon>
    <Sermon>
        <Title>(Meditations) 24 - Our Daily Bread</Title>
        <Url>http://www.sermonindex.net/modules/mydownloads/visit.php?lid=15531</Url>
        <Speaker>Francois Fenelon</Speaker>
        <Length>1.08Mb</Length>
        <Status>NOT_STARTED</Status>
        <isSermonSelected>false</isSermonSelected>
    </Sermon>
    <Sermon>
        <Title>(Meditations) 25 - Hunger For Righteousness</Title>
        <Url>http://www.sermonindex.net/modules/mydownloads/visit.php?lid=15532</Url>
        <Speaker>Francois Fenelon</Speaker>
        <Length>1.44Mb</Length>
        <Status>NOT_STARTED</Status>
        <isSermonSelected>false</isSermonSelected>
    </Sermon>
    <Sermon>
        <Title>(Meditations) 26 - True Peace</Title>
        <Url>http://www.sermonindex.net/modules/mydownloads/visit.php?lid=15533</Url>
        <Speaker>Francois Fenelon</Speaker>
        <Length>2.26Mb</Length>
        <Status>NOT_STARTED</Status>
        <isSermonSelected>false</isSermonSelected>
    </Sermon>
    <Sermon>
        <Title>(Meditations) 27 - True Joy</Title>
        <Url>http://www.sermonindex.net/modules/mydownloads/visit.php?lid=15534</Url>
        <Speaker>Francois Fenelon</Speaker>
        <Length>1.29Mb</Length>
        <Status>NOT_STARTED</Status>
        <isSermonSelected>false</isSermonSelected>
    </Sermon>
    <Sermon>
        <Title>(Meditations) 28 - Seek the Water that Satisfies</Title>
        <Url>http://www.sermonindex.net/modules/mydownloads/visit.php?lid=15535</Url>
        <Speaker>Francois Fenelon</Speaker>
        <Length>1.25Mb</Length>
        <Status>NOT_STARTED</Status>
        <isSermonSelected>false</isSermonSelected>
    </Sermon>
    <Sermon>
        <Title>(Meditations) 29 - Happy Tears</Title>
        <Url>http://www.sermonindex.net/modules/mydownloads/visit.php?lid=15536</Url>
        <Speaker>Francois Fenelon</Speaker>
        <Length>1.33Mb</Length>
        <Status>NOT_STARTED</Status>
        <isSermonSelected>false</isSermonSelected>
    </Sermon>
    <Sermon>
        <Title>(Meditations) 30 - Eternal Riches</Title>
        <Url>http://www.sermonindex.net/modules/mydownloads/visit.php?lid=15537</Url>
        <Speaker>Francois Fenelon</Speaker>
        <Length>1.29Mb</Length>
        <Status>NOT_STARTED</Status>
        <isSermonSelected>false</isSermonSelected>
    </Sermon>
    <Sermon>
        <Title>(Meditations) 31 - Earthly Wisdom</Title>
        <Url>http://www.sermonindex.net/modules/mydownloads/visit.php?lid=15538</Url>
        <Speaker>Francois Fenelon</Speaker>
        <Length>1.43Mb</Length>
        <Status>NOT_STARTED</Status>
        <isSermonSelected>false</isSermonSelected>
    </Sermon>
    <Sermon>
        <Title>(Meditations) 32 - Trust God</Title>
        <Url>http://www.sermonindex.net/modules/mydownloads/visit.php?lid=15539</Url>
        <Speaker>Francois Fenelon</Speaker>
        <Length>1.29Mb</Length>
        <Status>NOT_STARTED</Status>
        <isSermonSelected>false</isSermonSelected>
    </Sermon>
    <Sermon>
        <Title>(Meditations) 33 - Strength Through Weakness</Title>
        <Url>http://www.sermonindex.net/modules/mydownloads/visit.php?lid=15540</Url>
        <Speaker>Francois Fenelon</Speaker>
        <Length>1.15Mb</Length>
        <Status>NOT_STARTED</Status>
        <isSermonSelected>false</isSermonSelected>
    </Sermon>
    <Sermon>
        <Title>(Meditations) 34 - On God's Mercy</Title>
        <Url>http://www.sermonindex.net/modules/mydownloads/visit.php?lid=15541</Url>
        <Speaker>Francois Fenelon</Speaker>
        <Length>1.46Mb</Length>
        <Status>NOT_STARTED</Status>
        <isSermonSelected>false</isSermonSelected>
    </Sermon>
    <Sermon>
        <Title>(Meditations) 35 - On Becoming Mature</Title>
        <Url>http://www.sermonindex.net/modules/mydownloads/visit.php?lid=15542</Url>
        <Speaker>Francois Fenelon</Speaker>
        <Length>1.61Mb</Length>
        <Status>NOT_STARTED</Status>
        <isSermonSelected>false</isSermonSelected>
    </Sermon>
    <Sermon>
        <Title>(Meditations) 36 - Time is Precious</Title>
        <Url>http://www.sermonindex.net/modules/mydownloads/visit.php?lid=15543</Url>
        <Speaker>Francois Fenelon</Speaker>
        <Length>1.42Mb</Length>
        <Status>NOT_STARTED</Status>
        <isSermonSelected>false</isSermonSelected>
    </Sermon>
    <Sermon>
        <Title>(Meditations) 37 - On the Use of Time</Title>
        <Url>http://www.sermonindex.net/modules/mydownloads/visit.php?lid=15544</Url>
        <Speaker>Francois Fenelon</Speaker>
        <Length>1.61Mb</Length>
        <Status>NOT_STARTED</Status>
        <isSermonSelected>false</isSermonSelected>
    </Sermon>
    <Sermon>
        <Title>(Meditations) 38 - The Radiant Path of Faith</Title>
        <Url>http://www.sermonindex.net/modules/mydownloads/visit.php?lid=15545</Url>
        <Speaker>Francois Fenelon</Speaker>
        <Length>1.62Mb</Length>
        <Status>NOT_STARTED</Status>
        <isSermonSelected>false</isSermonSelected>
    </Sermon>
    <Sermon>
        <Title>(Meditations) 39 - God's Kindly Hand - Part 1</Title>
        <Url>http://www.sermonindex.net/modules/mydownloads/visit.php?lid=15546</Url>
        <Speaker>Francois Fenelon</Speaker>
        <Length>1.48Mb</Length>
        <Status>NOT_STARTED</Status>
        <isSermonSelected>false</isSermonSelected>
    </Sermon>
    <Sermon>
        <Title>(Meditations) 40 - God's Kindly Hand - Part 2</Title>
        <Url>http://www.sermonindex.net/modules/mydownloads/visit.php?lid=15547</Url>
        <Speaker>Francois Fenelon</Speaker>
        <Length>1.21Mb</Length>
        <Status>NOT_STARTED</Status>
        <isSermonSelected>false</isSermonSelected>
    </Sermon>
    <Sermon>
        <Title>(Meditations) 41 - True Love for God</Title>
        <Url>http://www.sermonindex.net/modules/mydownloads/visit.php?lid=15548</Url>
        <Speaker>Francois Fenelon</Speaker>
        <Length>1.25Mb</Length>
        <Status>NOT_STARTED</Status>
        <isSermonSelected>false</isSermonSelected>
    </Sermon>
    <Sermon>
        <Title>(Meditations) 42 - Divine Fire</Title>
        <Url>http://www.sermonindex.net/modules/mydownloads/visit.php?lid=15549</Url>
        <Speaker>Francois Fenelon</Speaker>
        <Length>1.61Mb</Length>
        <Status>NOT_STARTED</Status>
        <isSermonSelected>false</isSermonSelected>
    </Sermon>
    <Sermon>
        <Title>(Meditations) 43 - Set Me Apart</Title>
        <Url>http://www.sermonindex.net/modules/mydownloads/visit.php?lid=15550</Url>
        <Speaker>Francois Fenelon</Speaker>
        <Length>1.52Mb</Length>
        <Status>NOT_STARTED</Status>
        <isSermonSelected>false</isSermonSelected>
    </Sermon>
    <Sermon>
        <Title>(Meditations) 44 - Set Me Aflame</Title>
        <Url>http://www.sermonindex.net/modules/mydownloads/visit.php?lid=15551</Url>
        <Speaker>Francois Fenelon</Speaker>
        <Length>1.41Mb</Length>
        <Status>NOT_STARTED</Status>
        <isSermonSelected>false</isSermonSelected>
    </Sermon>
    <Sermon>
        <Title>(Meditations) 45 - The Words of Eternal Life</Title>
        <Url>http://www.sermonindex.net/modules/mydownloads/visit.php?lid=15552</Url>
        <Speaker>Francois Fenelon</Speaker>
        <Length>1011Kb</Length>
        <Status>NOT_STARTED</Status>
        <isSermonSelected>false</isSermonSelected>
    </Sermon>
    <Sermon>
        <Title>(Meditations) 46 - Let the Light Shine Through</Title>
        <Url>http://www.sermonindex.net/modules/mydownloads/visit.php?lid=15553</Url>
        <Speaker>Francois Fenelon</Speaker>
        <Length>1.34Mb</Length>
        <Status>NOT_STARTED</Status>
        <isSermonSelected>false</isSermonSelected>
    </Sermon>
    <Sermon>
        <Title>(Meditations) 47 - The Blind World's Fate</Title>
        <Url>http://www.sermonindex.net/modules/mydownloads/visit.php?lid=15554</Url>
        <Speaker>Francois Fenelon</Speaker>
        <Length>1.34Mb</Length>
        <Status>NOT_STARTED</Status>
        <isSermonSelected>false</isSermonSelected>
    </Sermon>
    <Sermon>
        <Title>(Meditations) 48 - Love Not the World - Part 1</Title>
        <Url>http://www.sermonindex.net/modules/mydownloads/visit.php?lid=15555</Url>
        <Speaker>Francois Fenelon</Speaker>
        <Length>1.14Mb</Length>
        <Status>NOT_STARTED</Status>
        <isSermonSelected>false</isSermonSelected>
    </Sermon>
    <Sermon>
        <Title>(Meditations) 49 - Love Not the World - Part 2</Title>
        <Url>http://www.sermonindex.net/modules/mydownloads/visit.php?lid=15556</Url>
        <Speaker>Francois Fenelon</Speaker>
        <Length>1.72Mb</Length>
        <Status>NOT_STARTED</Status>
        <isSermonSelected>false</isSermonSelected>
    </Sermon>
    <Sermon>
        <Title>(Meditations) 50 - Break My Bonds</Title>
        <Url>http://www.sermonindex.net/modules/mydownloads/visit.php?lid=15557</Url>
        <Speaker>Francois Fenelon</Speaker>
        <Length>1.28Mb</Length>
        <Status>NOT_STARTED</Status>
        <isSermonSelected>false</isSermonSelected>
    </Sermon>
    <Sermon>
        <Title>(Meditations) 51 - Dangerous Friends</Title>
        <Url>http://www.sermonindex.net/modules/mydownloads/visit.php?lid=15558</Url>
        <Speaker>Francois Fenelon</Speaker>
        <Length>1.4Mb</Length>
        <Status>NOT_STARTED</Status>
        <isSermonSelected>false</isSermonSelected>
    </Sermon>
    <Sermon>
        <Title>(Meditations) 52 - On Fleeing From the World</Title>
        <Url>http://www.sermonindex.net/modules/mydownloads/visit.php?lid=15559</Url>
        <Speaker>Francois Fenelon</Speaker>
        <Length>1.02Mb</Length>
        <Status>NOT_STARTED</Status>
        <isSermonSelected>false</isSermonSelected>
    </Sermon>
    <Sermon>
        <Title>(Meditations) 53 - The Last Will Be First</Title>
        <Url>http://www.sermonindex.net/modules/mydownloads/visit.php?lid=15560</Url>
        <Speaker>Francois Fenelon</Speaker>
        <Length>1.73Mb</Length>
        <Status>NOT_STARTED</Status>
        <isSermonSelected>false</isSermonSelected>
    </Sermon>
    <Sermon>
        <Title>(Meditations) 54 - Attention to Love</Title>
        <Url>http://www.sermonindex.net/modules/mydownloads/visit.php?lid=15561</Url>
        <Speaker>Francois Fenelon</Speaker>
        <Length>1.06Mb</Length>
        <Status>NOT_STARTED</Status>
        <isSermonSelected>false</isSermonSelected>
    </Sermon>
    <Sermon>
        <Title>(Meditations) 55 - Service to Others</Title>
        <Url>http://www.sermonindex.net/modules/mydownloads/visit.php?lid=15562</Url>
        <Speaker>Francois Fenelon</Speaker>
        <Length>1.12Mb</Length>
        <Status>NOT_STARTED</Status>
        <isSermonSelected>false</isSermonSelected>
    </Sermon>
    <Sermon>
        <Title>(Meditations) 56 - A Humble Heart</Title>
        <Url>http://www.sermonindex.net/modules/mydownloads/visit.php?lid=15563</Url>
        <Speaker>Francois Fenelon</Speaker>
        <Length>1.46Mb</Length>
        <Status>NOT_STARTED</Status>
        <isSermonSelected>false</isSermonSelected>
    </Sermon>
    <Sermon>
        <Title>(Meditations) 57 - True Glory</Title>
        <Url>http://www.sermonindex.net/modules/mydownloads/visit.php?lid=15564</Url>
        <Speaker>Francois Fenelon</Speaker>
        <Length>1.96Mb</Length>
        <Status>NOT_STARTED</Status>
        <isSermonSelected>false</isSermonSelected>
    </Sermon>
    <Sermon>
        <Title>(Meditations) 58 - Our Deliverer is Coming</Title>
        <Url>http://www.sermonindex.net/modules/mydownloads/visit.php?lid=15565</Url>
        <Speaker>Francois Fenelon</Speaker>
        <Length>1.46Mb</Length>
        <Status>NOT_STARTED</Status>
        <isSermonSelected>false</isSermonSelected>
    </Sermon>
    <Sermon>
        <Title>(Meditations) 59 - The Flesh and the Word</Title>
        <Url>http://www.sermonindex.net/modules/mydownloads/visit.php?lid=15566</Url>
        <Speaker>Francois Fenelon</Speaker>
        <Length>1.65Mb</Length>
        <Status>NOT_STARTED</Status>
        <isSermonSelected>false</isSermonSelected>
    </Sermon>
    <Sermon>
        <Title>(Meditations) 60 - Christ Lives in Me</Title>
        <Url>http://www.sermonindex.net/modules/mydownloads/visit.php?lid=15567</Url>
        <Speaker>Francois Fenelon</Speaker>
        <Length>1.43Mb</Length>
        <Status>NOT_STARTED</Status>
        <isSermonSelected>false</isSermonSelected>
    </Sermon>
    <Sermon>
        <Title>(Meditations) 61 - Rest in God's Heart</Title>
        <Url>http://www.sermonindex.net/modules/mydownloads/visit.php?lid=15568</Url>
        <Speaker>Francois Fenelon</Speaker>
        <Length>1.6Mb</Length>
        <Status>NOT_STARTED</Status>
        <isSermonSelected>false</isSermonSelected>
    </Sermon>
    <Sermon>
        <Title>(Meditations) 62 - Teach Me to Pray</Title>
        <Url>http://www.sermonindex.net/modules/mydownloads/visit.php?lid=15569</Url>
        <Speaker>Francois Fenelon</Speaker>
        <Length>1.14Mb</Length>
        <Status>NOT_STARTED</Status>
        <isSermonSelected>false</isSermonSelected>
    </Sermon>
    <Sermon>
        <Title>(Meditations) 63 - Where is Our Love</Title>
        <Url>http://www.sermonindex.net/modules/mydownloads/visit.php?lid=15570</Url>
        <Speaker>Francois Fenelon</Speaker>
        <Length>1.51Mb</Length>
        <Status>NOT_STARTED</Status>
        <isSermonSelected>false</isSermonSelected>
    </Sermon>
    <Sermon>
        <Title>(Meditations) 64 - Behold My Love</Title>
        <Url>http://www.sermonindex.net/modules/mydownloads/visit.php?lid=15571</Url>
        <Speaker>Francois Fenelon</Speaker>
        <Length>1.07Mb</Length>
        <Status>NOT_STARTED</Status>
        <isSermonSelected>false</isSermonSelected>
    </Sermon>
    <Sermon>
        <Title>(Meditations) 65 - Seek First God's Kingdom</Title>
        <Url>http://www.sermonindex.net/modules/mydownloads/visit.php?lid=15572</Url>
        <Speaker>Francois Fenelon</Speaker>
        <Length>1.02Mb</Length>
        <Status>NOT_STARTED</Status>
        <isSermonSelected>false</isSermonSelected>
    </Sermon>
    <Sermon>
        <Title>(Meditations) 66 - I Shall Not Want</Title>
        <Url>http://www.sermonindex.net/modules/mydownloads/visit.php?lid=15573</Url>
        <Speaker>Francois Fenelon</Speaker>
        <Length>1.46Mb</Length>
        <Status>NOT_STARTED</Status>
        <isSermonSelected>false</isSermonSelected>
    </Sermon>
    <Sermon>
        <Title>(Meditations) 67 - Hunger For God</Title>
        <Url>http://www.sermonindex.net/modules/mydownloads/visit.php?lid=15654</Url>
        <Speaker>Francois Fenelon</Speaker>
        <Length>1.51Mb</Length>
        <Status>NOT_STARTED</Status>
        <isSermonSelected>false</isSermonSelected>
    </Sermon>
    <Sermon>
        <Title>(Meditations) 68 - Unshakeable Desire For God</Title>
        <Url>http://www.sermonindex.net/modules/mydownloads/visit.php?lid=15655</Url>
        <Speaker>Francois Fenelon</Speaker>
        <Length>1.29Mb</Length>
        <Status>NOT_STARTED</Status>
        <isSermonSelected>false</isSermonSelected>
    </Sermon>
    <Sermon>
        <Title>(Meditations) 69 - Learning From the Master 1</Title>
        <Url>http://www.sermonindex.net/modules/mydownloads/visit.php?lid=15656</Url>
        <Speaker>Francois Fenelon</Speaker>
        <Length>1.47Mb</Length>
        <Status>NOT_STARTED</Status>
        <isSermonSelected>false</isSermonSelected>
    </Sermon>
    <Sermon>
        <Title>(Meditations) 70 - Learning From the Master 2</Title>
        <Url>http://www.sermonindex.net/modules/mydownloads/visit.php?lid=15657</Url>
        <Speaker>Francois Fenelon</Speaker>
        <Length>1.39Mb</Length>
        <Status>NOT_STARTED</Status>
        <isSermonSelected>false</isSermonSelected>
    </Sermon>
    <Sermon>
        <Title>(Meditations) 71 - Learning From the Master 3</Title>
        <Url>http://www.sermonindex.net/modules/mydownloads/visit.php?lid=15658</Url>
        <Speaker>Francois Fenelon</Speaker>
        <Length>2.4Mb</Length>
        <Status>NOT_STARTED</Status>
        <isSermonSelected>false</isSermonSelected>
    </Sermon>
    <Sermon>
        <Title>(Meditations) 72 - Make Me Worthy</Title>
        <Url>http://www.sermonindex.net/modules/mydownloads/visit.php?lid=15659</Url>
        <Speaker>Francois Fenelon</Speaker>
        <Length>2.04Mb</Length>
        <Status>NOT_STARTED</Status>
        <isSermonSelected>false</isSermonSelected>
    </Sermon>
    <Sermon>
        <Title>(Meditations) 73 - See God's Mercy</Title>
        <Url>http://www.sermonindex.net/modules/mydownloads/visit.php?lid=15660</Url>
        <Speaker>Francois Fenelon</Speaker>
        <Length>1.12Mb</Length>
        <Status>NOT_STARTED</Status>
        <isSermonSelected>false</isSermonSelected>
    </Sermon>
    <Sermon>
        <Title>(Meditations) 74 - Life Giving Pain</Title>
        <Url>http://www.sermonindex.net/modules/mydownloads/visit.php?lid=15661</Url>
        <Speaker>Francois Fenelon</Speaker>
        <Length>1.26Mb</Length>
        <Status>NOT_STARTED</Status>
        <isSermonSelected>false</isSermonSelected>
    </Sermon>
    <Sermon>
        <Title>(Meditations) 75 - The Precious Gift of Suffering</Title>
        <Url>http://www.sermonindex.net/modules/mydownloads/visit.php?lid=15662</Url>
        <Speaker>Francois Fenelon</Speaker>
        <Length>1.4Mb</Length>
        <Status>NOT_STARTED</Status>
        <isSermonSelected>false</isSermonSelected>
    </Sermon>
    <Sermon>
        <Title>(Meditations) 76 - Sustain My Heart</Title>
        <Url>http://www.sermonindex.net/modules/mydownloads/visit.php?lid=15663</Url>
        <Speaker>Francois Fenelon</Speaker>
        <Length>1.08Mb</Length>
        <Status>NOT_STARTED</Status>
        <isSermonSelected>false</isSermonSelected>
    </Sermon>
    <Sermon>
        <Title>(Meditations) 77 - Give Me Yourself</Title>
        <Url>http://www.sermonindex.net/modules/mydownloads/visit.php?lid=15664</Url>
        <Speaker>Francois Fenelon</Speaker>
        <Length>1024Kb</Length>
        <Status>NOT_STARTED</Status>
        <isSermonSelected>false</isSermonSelected>
    </Sermon>
    <Sermon>
        <Title>(Meditations) 78 - Be My Patience</Title>
        <Url>http://www.sermonindex.net/modules/mydownloads/visit.php?lid=15665</Url>
        <Speaker>Francois Fenelon</Speaker>
        <Length>1.26Mb</Length>
        <Status>NOT_STARTED</Status>
        <isSermonSelected>false</isSermonSelected>
    </Sermon>
    <Sermon>
        <Title>(Meditations) 79 - Your Servant is Listenings</Title>
        <Url>http://www.sermonindex.net/modules/mydownloads/visit.php?lid=15666</Url>
        <Speaker>Francois Fenelon</Speaker>
        <Length>839Kb</Length>
        <Status>NOT_STARTED</Status>
        <isSermonSelected>false</isSermonSelected>
    </Sermon>
    <Sermon>
        <Title>(Meditations) 80 - Deliver Me From Myself</Title>
        <Url>http://www.sermonindex.net/modules/mydownloads/visit.php?lid=15667</Url>
        <Speaker>Francois Fenelon</Speaker>
        <Length>852Kb</Length>
        <Status>NOT_STARTED</Status>
        <isSermonSelected>false</isSermonSelected>
    </Sermon>
    <Sermon>
        <Title>(Meditations) 81 - Flooded With Grace</Title>
        <Url>http://www.sermonindex.net/modules/mydownloads/visit.php?lid=15668</Url>
        <Speaker>Francois Fenelon</Speaker>
        <Length>1.08Mb</Length>
        <Status>NOT_STARTED</Status>
        <isSermonSelected>false</isSermonSelected>
    </Sermon>
    <Sermon>
        <Title>(Meditations) 82 - My Strength Fails Me</Title>
        <Url>http://www.sermonindex.net/modules/mydownloads/visit.php?lid=15669</Url>
        <Speaker>Francois Fenelon</Speaker>
        <Length>901Kb</Length>
        <Status>NOT_STARTED</Status>
        <isSermonSelected>false</isSermonSelected>
    </Sermon>
    <Sermon>
        <Title>(Meditations) 83 - Join Me to Yourself</Title>
        <Url>http://www.sermonindex.net/modules/mydownloads/visit.php?lid=15670</Url>
        <Speaker>Francois Fenelon</Speaker>
        <Length>1.24Mb</Length>
        <Status>NOT_STARTED</Status>
        <isSermonSelected>false</isSermonSelected>
    </Sermon>
    <Sermon>
        <Title>(Meditations) 84 - Set Me Free</Title>
        <Url>http://www.sermonindex.net/modules/mydownloads/visit.php?lid=15671</Url>
        <Speaker>Francois Fenelon</Speaker>
        <Length>913Kb</Length>
        <Status>NOT_STARTED</Status>
        <isSermonSelected>false</isSermonSelected>
    </Sermon>
    <Sermon>
        <Title>(Meditations) 85 - The Sacrifice of My Days</Title>
        <Url>http://www.sermonindex.net/modules/mydownloads/visit.php?lid=15672</Url>
        <Speaker>Francois Fenelon</Speaker>
        <Length>1.25Mb</Length>
        <Status>NOT_STARTED</Status>
        <isSermonSelected>false</isSermonSelected>
    </Sermon>
</Sermons>
