<?xml version="1.0" encoding="UTF-8" standalone="yes"?>
<Sermons>
    <Sermon>
        <Title>Fighting Hypocrisy in the Church</Title>
        <Url>http://www.sermonindex.net/modules/mydownloads/visit.php?lid=20927</Url>
        <Speaker>Francis Chan</Speaker>
        <Length>5.3Mb</Length>
        <Status>NOT_STARTED</Status>
        <isSermonSelected>false</isSermonSelected>
    </Sermon>
    <Sermon>
        <Title>How Weird Do Christians Have to Be?</Title>
        <Url>http://www.sermonindex.net/modules/mydownloads/visit.php?lid=23708</Url>
        <Speaker>Francis Chan</Speaker>
        <Length>40.73Mb</Length>
        <Status>NOT_STARTED</Status>
        <isSermonSelected>false</isSermonSelected>
    </Sermon>
    <Sermon>
        <Title>Increasingly Radical</Title>
        <Url>http://www.sermonindex.net/modules/mydownloads/visit.php?lid=24157</Url>
        <Speaker>Francis Chan</Speaker>
        <Length>11.97Mb</Length>
        <Status>NOT_STARTED</Status>
        <isSermonSelected>false</isSermonSelected>
    </Sermon>
    <Sermon>
        <Title>Is It Wrong to Be Like Oprah?</Title>
        <Url>http://www.sermonindex.net/modules/mydownloads/visit.php?lid=23709</Url>
        <Speaker>Francis Chan</Speaker>
        <Length>10.79Mb</Length>
        <Status>NOT_STARTED</Status>
        <isSermonSelected>false</isSermonSelected>
    </Sermon>
    <Sermon>
        <Title>Learning to Hope</Title>
        <Url>http://www.sermonindex.net/modules/mydownloads/visit.php?lid=25248</Url>
        <Speaker>Francis Chan</Speaker>
        <Length>29.68Mb</Length>
        <Status>NOT_STARTED</Status>
        <isSermonSelected>false</isSermonSelected>
    </Sermon>
    <Sermon>
        <Title>Lukewarm And Loving It!</Title>
        <Url>http://www.sermonindex.net/modules/mydownloads/visit.php?lid=18991</Url>
        <Speaker>Francis Chan</Speaker>
        <Length>8.15Mb</Length>
        <Status>NOT_STARTED</Status>
        <isSermonSelected>false</isSermonSelected>
    </Sermon>
    <Sermon>
        <Title>Prayer as a Way of Walking in Love: A Personal Journey</Title>
        <Url>http://www.sermonindex.net/modules/mydownloads/visit.php?lid=21712</Url>
        <Speaker>Francis Chan</Speaker>
        <Length>44.2Mb</Length>
        <Status>NOT_STARTED</Status>
        <isSermonSelected>false</isSermonSelected>
    </Sermon>
    <Sermon>
        <Title>Radical Christianity Is Normal</Title>
        <Url>http://www.sermonindex.net/modules/mydownloads/visit.php?lid=21747</Url>
        <Speaker>Francis Chan</Speaker>
        <Length>34.23Mb</Length>
        <Status>NOT_STARTED</Status>
        <isSermonSelected>false</isSermonSelected>
    </Sermon>
    <Sermon>
        <Title>Think Hard, Stay Humble: The Life of the Mind and the Peril of Pride</Title>
        <Url>http://www.sermonindex.net/modules/mydownloads/visit.php?lid=20567</Url>
        <Speaker>Francis Chan</Speaker>
        <Length>43.01Mb</Length>
        <Status>NOT_STARTED</Status>
        <isSermonSelected>false</isSermonSelected>
    </Sermon>
    <Sermon>
        <Title>Trusting God Again Like A Child</Title>
        <Url>http://www.sermonindex.net/modules/mydownloads/visit.php?lid=23656</Url>
        <Speaker>Francis Chan</Speaker>
        <Length>41.74Mb</Length>
        <Status>NOT_STARTED</Status>
        <isSermonSelected>false</isSermonSelected>
    </Sermon>
    <Sermon>
        <Title>Why Church? God's Purpose</Title>
        <Url>http://www.sermonindex.net/modules/mydownloads/visit.php?lid=23710</Url>
        <Speaker>Francis Chan</Speaker>
        <Length>16.26Mb</Length>
        <Status>NOT_STARTED</Status>
        <isSermonSelected>false</isSermonSelected>
    </Sermon>
</Sermons>
