<?xml version="1.0" encoding="UTF-8" standalone="yes"?>
<Sermons>
    <Sermon>
        <Title>Belfast Conference 1964-01 Acts 16;</Title>
        <Url>http://www.sermonindex.net/modules/mydownloads/visit.php?lid=9890</Url>
        <Speaker>Fred Condick</Speaker>
        <Length>0Kb</Length>
        <Status>NOT_STARTED</Status>
        <isSermonSelected>false</isSermonSelected>
    </Sermon>
    <Sermon>
        <Title>Belfast Conference 1964-02 Luke 1;8</Title>
        <Url>http://www.sermonindex.net/modules/mydownloads/visit.php?lid=9891</Url>
        <Speaker>Fred Condick</Speaker>
        <Length>0Kb</Length>
        <Status>NOT_STARTED</Status>
        <isSermonSelected>false</isSermonSelected>
    </Sermon>
    <Sermon>
        <Title>Belfast Conference 1964-03 Judges 8:22</Title>
        <Url>http://www.sermonindex.net/modules/mydownloads/visit.php?lid=9892</Url>
        <Speaker>Fred Condick</Speaker>
        <Length>5.75Mb</Length>
        <Status>NOT_STARTED</Status>
        <isSermonSelected>false</isSermonSelected>
    </Sermon>
</Sermons>
