<?xml version="1.0" encoding="UTF-8" standalone="yes"?>
<Sermons>
    <Sermon>
        <Title>King Saul--Starting Well with God</Title>
        <Url>http://www.sermonindex.net/modules/mydownloads/visit.php?lid=23325</Url>
        <Speaker>Freddy Bafuka</Speaker>
        <Length>9.29Mb</Length>
        <Status>NOT_STARTED</Status>
        <isSermonSelected>false</isSermonSelected>
    </Sermon>
    <Sermon>
        <Title>King Saul--The Hardening of the Heart</Title>
        <Url>http://www.sermonindex.net/modules/mydownloads/visit.php?lid=23326</Url>
        <Speaker>Freddy Bafuka</Speaker>
        <Length>6.91Mb</Length>
        <Status>NOT_STARTED</Status>
        <isSermonSelected>false</isSermonSelected>
    </Sermon>
    <Sermon>
        <Title>Living For Jesus in a Modern Babylon - 1</Title>
        <Url>http://www.sermonindex.net/modules/mydownloads/visit.php?lid=23327</Url>
        <Speaker>Freddy Bafuka</Speaker>
        <Length>6.51Mb</Length>
        <Status>NOT_STARTED</Status>
        <isSermonSelected>false</isSermonSelected>
    </Sermon>
    <Sermon>
        <Title>Living For Jesus in a Modern Babylon - 2</Title>
        <Url>http://www.sermonindex.net/modules/mydownloads/visit.php?lid=23328</Url>
        <Speaker>Freddy Bafuka</Speaker>
        <Length>6.59Mb</Length>
        <Status>NOT_STARTED</Status>
        <isSermonSelected>false</isSermonSelected>
    </Sermon>
    <Sermon>
        <Title>Salvation On Jesus' Terms</Title>
        <Url>http://www.sermonindex.net/modules/mydownloads/visit.php?lid=23324</Url>
        <Speaker>Freddy Bafuka</Speaker>
        <Length>9.1Mb</Length>
        <Status>NOT_STARTED</Status>
        <isSermonSelected>false</isSermonSelected>
    </Sermon>
</Sermons>
