<?xml version="1.0" encoding="UTF-8" standalone="yes"?>
<Sermons>
    <Sermon>
        <Title>Come . . . though your sins be as scarlet</Title>
        <Url>http://www.sermonindex.net/modules/mydownloads/visit.php?lid=23153</Url>
        <Speaker>Fred Whitmore</Speaker>
        <Length>6.55Mb</Length>
        <Status>NOT_STARTED</Status>
        <isSermonSelected>false</isSermonSelected>
    </Sermon>
    <Sermon>
        <Title>Does it matter if you refuse Christ</Title>
        <Url>http://www.sermonindex.net/modules/mydownloads/visit.php?lid=23152</Url>
        <Speaker>Fred Whitmore</Speaker>
        <Length>7.45Mb</Length>
        <Status>NOT_STARTED</Status>
        <isSermonSelected>false</isSermonSelected>
    </Sermon>
    <Sermon>
        <Title>Free to live</Title>
        <Url>http://www.sermonindex.net/modules/mydownloads/visit.php?lid=23151</Url>
        <Speaker>Fred Whitmore</Speaker>
        <Length>7.35Mb</Length>
        <Status>NOT_STARTED</Status>
        <isSermonSelected>false</isSermonSelected>
    </Sermon>
    <Sermon>
        <Title>Getting the right Foundation</Title>
        <Url>http://www.sermonindex.net/modules/mydownloads/visit.php?lid=23150</Url>
        <Speaker>Fred Whitmore</Speaker>
        <Length>6.69Mb</Length>
        <Status>NOT_STARTED</Status>
        <isSermonSelected>false</isSermonSelected>
    </Sermon>
</Sermons>
