<?xml version="1.0" encoding="UTF-8" standalone="yes"?>
<Sermons>
    <Sermon>
        <Title>Abundantly Satisfied</Title>
        <Url>http://www.sermonindex.net/modules/mydownloads/visit.php?lid=3471</Url>
        <Speaker>Friedel Stegen</Speaker>
        <Length>11.41Mb</Length>
        <Status>NOT_STARTED</Status>
        <isSermonSelected>false</isSermonSelected>
    </Sermon>
    <Sermon>
        <Title>Causes of Quarrels</Title>
        <Url>http://www.sermonindex.net/modules/mydownloads/visit.php?lid=16843</Url>
        <Speaker>Friedel Stegen</Speaker>
        <Length>11.54Mb</Length>
        <Status>NOT_STARTED</Status>
        <isSermonSelected>false</isSermonSelected>
    </Sermon>
    <Sermon>
        <Title>Choose to obey</Title>
        <Url>http://www.sermonindex.net/modules/mydownloads/visit.php?lid=4181</Url>
        <Speaker>Friedel Stegen</Speaker>
        <Length>14.39Mb</Length>
        <Status>NOT_STARTED</Status>
        <isSermonSelected>false</isSermonSelected>
    </Sermon>
    <Sermon>
        <Title>Do God´s work watchfully</Title>
        <Url>http://www.sermonindex.net/modules/mydownloads/visit.php?lid=7510</Url>
        <Speaker>Friedel Stegen</Speaker>
        <Length>17.43Mb</Length>
        <Status>NOT_STARTED</Status>
        <isSermonSelected>false</isSermonSelected>
    </Sermon>
    <Sermon>
        <Title>Give God His rightful place</Title>
        <Url>http://www.sermonindex.net/modules/mydownloads/visit.php?lid=3506</Url>
        <Speaker>Friedel Stegen</Speaker>
        <Length>10.41Mb</Length>
        <Status>NOT_STARTED</Status>
        <isSermonSelected>false</isSermonSelected>
    </Sermon>
    <Sermon>
        <Title>Instant obedience or The frozen chosen</Title>
        <Url>http://www.sermonindex.net/modules/mydownloads/visit.php?lid=3493</Url>
        <Speaker>Friedel Stegen</Speaker>
        <Length>11.66Mb</Length>
        <Status>NOT_STARTED</Status>
        <isSermonSelected>false</isSermonSelected>
    </Sermon>
    <Sermon>
        <Title>The Holy Spirit</Title>
        <Url>http://www.sermonindex.net/modules/mydownloads/visit.php?lid=18519</Url>
        <Speaker>Friedel Stegen</Speaker>
        <Length>13.14Mb</Length>
        <Status>NOT_STARTED</Status>
        <isSermonSelected>false</isSermonSelected>
    </Sermon>
    <Sermon>
        <Title>The Reward of the Humble</Title>
        <Url>http://www.sermonindex.net/modules/mydownloads/visit.php?lid=16487</Url>
        <Speaker>Friedel Stegen</Speaker>
        <Length>11.29Mb</Length>
        <Status>NOT_STARTED</Status>
        <isSermonSelected>false</isSermonSelected>
    </Sermon>
    <Sermon>
        <Title>The Reward of the Humble - Part 2</Title>
        <Url>http://www.sermonindex.net/modules/mydownloads/visit.php?lid=16488</Url>
        <Speaker>Friedel Stegen</Speaker>
        <Length>14.82Mb</Length>
        <Status>NOT_STARTED</Status>
        <isSermonSelected>false</isSermonSelected>
    </Sermon>
    <Sermon>
        <Title>Trials? Dont be surprised!</Title>
        <Url>http://www.sermonindex.net/modules/mydownloads/visit.php?lid=16847</Url>
        <Speaker>Friedel Stegen</Speaker>
        <Length>10.96Mb</Length>
        <Status>NOT_STARTED</Status>
        <isSermonSelected>false</isSermonSelected>
    </Sermon>
    <Sermon>
        <Title>Utter dependence upon God the Holy Spirit</Title>
        <Url>http://www.sermonindex.net/modules/mydownloads/visit.php?lid=16845</Url>
        <Speaker>Friedel Stegen</Speaker>
        <Length>12.87Mb</Length>
        <Status>NOT_STARTED</Status>
        <isSermonSelected>false</isSermonSelected>
    </Sermon>
</Sermons>
