<?xml version="1.0" encoding="UTF-8" standalone="yes"?>
<Sermons>
    <Sermon>
        <Title>"Ye Shall Be As gods" Was Not Christ's Ambition - Hans Waldvogel</Title>
        <Url>http://www.sermonindex.net/modules/mydownloads/visit.php?lid=26883</Url>
        <Speaker>From the Pulpit &amp;amp; Classic Sermons</Speaker>
        <Length>33.46Mb</Length>
        <Status>NOT_STARTED</Status>
        <isSermonSelected>false</isSermonSelected>
    </Sermon>
    <Sermon>
        <Title>1 Corinthians 11:1-34 - Zac Poonen</Title>
        <Url>http://www.sermonindex.net/modules/mydownloads/visit.php?lid=24067</Url>
        <Speaker>From the Pulpit &amp;amp; Classic Sermons</Speaker>
        <Length>40.82Mb</Length>
        <Status>NOT_STARTED</Status>
        <isSermonSelected>false</isSermonSelected>
    </Sermon>
    <Sermon>
        <Title>1 Peter, part 10 - AW Tozer</Title>
        <Url>http://www.sermonindex.net/modules/mydownloads/visit.php?lid=26872</Url>
        <Speaker>From the Pulpit &amp;amp; Classic Sermons</Speaker>
        <Length>48.64Mb</Length>
        <Status>NOT_STARTED</Status>
        <isSermonSelected>false</isSermonSelected>
    </Sermon>
    <Sermon>
        <Title>3 Secrets To Conquer Fear - Josef Tson</Title>
        <Url>http://www.sermonindex.net/modules/mydownloads/visit.php?lid=27014</Url>
        <Speaker>From the Pulpit &amp;amp; Classic Sermons</Speaker>
        <Length>35.26Mb</Length>
        <Status>NOT_STARTED</Status>
        <isSermonSelected>false</isSermonSelected>
    </Sermon>
    <Sermon>
        <Title>5 Solemn Facts - Oswald J Smith</Title>
        <Url>http://www.sermonindex.net/modules/mydownloads/visit.php?lid=24064</Url>
        <Speaker>From the Pulpit &amp;amp; Classic Sermons</Speaker>
        <Length>25.2Mb</Length>
        <Status>NOT_STARTED</Status>
        <isSermonSelected>false</isSermonSelected>
    </Sermon>
    <Sermon>
        <Title>7 Corrective Lenses for Spiritual Eyesight - William Macdonald</Title>
        <Url>http://www.sermonindex.net/modules/mydownloads/visit.php?lid=24068</Url>
        <Speaker>From the Pulpit &amp;amp; Classic Sermons</Speaker>
        <Length>39.37Mb</Length>
        <Status>NOT_STARTED</Status>
        <isSermonSelected>false</isSermonSelected>
    </Sermon>
    <Sermon>
        <Title>A Father's Counsel - Warren Wiersbe</Title>
        <Url>http://www.sermonindex.net/modules/mydownloads/visit.php?lid=26968</Url>
        <Speaker>From the Pulpit &amp;amp; Classic Sermons</Speaker>
        <Length>53.5Mb</Length>
        <Status>NOT_STARTED</Status>
        <isSermonSelected>false</isSermonSelected>
    </Sermon>
    <Sermon>
        <Title>A Great Revival is Coming - Rolfe Barnard</Title>
        <Url>http://www.sermonindex.net/modules/mydownloads/visit.php?lid=26886</Url>
        <Speaker>From the Pulpit &amp;amp; Classic Sermons</Speaker>
        <Length>0Kb</Length>
        <Status>NOT_STARTED</Status>
        <isSermonSelected>false</isSermonSelected>
    </Sermon>
    <Sermon>
        <Title>A Man Of God Pt. 1 - Leonard Ravenhill</Title>
        <Url>http://www.sermonindex.net/modules/mydownloads/visit.php?lid=26969</Url>
        <Speaker>From the Pulpit &amp;amp; Classic Sermons</Speaker>
        <Length>79.36Mb</Length>
        <Status>NOT_STARTED</Status>
        <isSermonSelected>false</isSermonSelected>
    </Sermon>
    <Sermon>
        <Title>A Man Of God Pt. 2 - Leonard Ravenhill</Title>
        <Url>http://www.sermonindex.net/modules/mydownloads/visit.php?lid=26970</Url>
        <Speaker>From the Pulpit &amp;amp; Classic Sermons</Speaker>
        <Length>74.81Mb</Length>
        <Status>NOT_STARTED</Status>
        <isSermonSelected>false</isSermonSelected>
    </Sermon>
    <Sermon>
        <Title>A Message for America and its Cultural Religion - Carter Conlon</Title>
        <Url>http://www.sermonindex.net/modules/mydownloads/visit.php?lid=26956</Url>
        <Speaker>From the Pulpit &amp;amp; Classic Sermons</Speaker>
        <Length>41.58Mb</Length>
        <Status>NOT_STARTED</Status>
        <isSermonSelected>false</isSermonSelected>
    </Sermon>
    <Sermon>
        <Title>A Plain Vision for the Church and Coming Persecution - Brian Long</Title>
        <Url>http://www.sermonindex.net/modules/mydownloads/visit.php?lid=26958</Url>
        <Speaker>From the Pulpit &amp;amp; Classic Sermons</Speaker>
        <Length>82.28Mb</Length>
        <Status>NOT_STARTED</Status>
        <isSermonSelected>false</isSermonSelected>
    </Sermon>
    <Sermon>
        <Title>A Storm Arose, Christ Arose - Leonard Ravenhill</Title>
        <Url>http://www.sermonindex.net/modules/mydownloads/visit.php?lid=26869</Url>
        <Speaker>From the Pulpit &amp;amp; Classic Sermons</Speaker>
        <Length>61.87Mb</Length>
        <Status>NOT_STARTED</Status>
        <isSermonSelected>false</isSermonSelected>
    </Sermon>
    <Sermon>
        <Title>A Sure Path To The Coming Storm - Carter Conlon</Title>
        <Url>http://www.sermonindex.net/modules/mydownloads/visit.php?lid=27008</Url>
        <Speaker>From the Pulpit &amp;amp; Classic Sermons</Speaker>
        <Length>44.05Mb</Length>
        <Status>NOT_STARTED</Status>
        <isSermonSelected>false</isSermonSelected>
    </Sermon>
    <Sermon>
        <Title>A World of Idols - Tim Keller</Title>
        <Url>http://www.sermonindex.net/modules/mydownloads/visit.php?lid=24065</Url>
        <Speaker>From the Pulpit &amp;amp; Classic Sermons</Speaker>
        <Length>41.69Mb</Length>
        <Status>NOT_STARTED</Status>
        <isSermonSelected>false</isSermonSelected>
    </Sermon>
    <Sermon>
        <Title>Abortion &amp; the Campaign for Immorality - John MacArthur</Title>
        <Url>http://www.sermonindex.net/modules/mydownloads/visit.php?lid=26859</Url>
        <Speaker>From the Pulpit &amp;amp; Classic Sermons</Speaker>
        <Length>64.12Mb</Length>
        <Status>NOT_STARTED</Status>
        <isSermonSelected>false</isSermonSelected>
    </Sermon>
    <Sermon>
        <Title>Abraham &amp; Lot - Leonard Ravenhill</Title>
        <Url>http://www.sermonindex.net/modules/mydownloads/visit.php?lid=26857</Url>
        <Speaker>From the Pulpit &amp;amp; Classic Sermons</Speaker>
        <Length>81.53Mb</Length>
        <Status>NOT_STARTED</Status>
        <isSermonSelected>false</isSermonSelected>
    </Sermon>
    <Sermon>
        <Title>Absolutism: Don't We All Have to Find the Truth for Ourselves? - Tim Keller</Title>
        <Url>http://www.sermonindex.net/modules/mydownloads/visit.php?lid=26964</Url>
        <Speaker>From the Pulpit &amp;amp; Classic Sermons</Speaker>
        <Length>61.86Mb</Length>
        <Status>NOT_STARTED</Status>
        <isSermonSelected>false</isSermonSelected>
    </Sermon>
    <Sermon>
        <Title>America At The Tipping Point - Dr. James Kennedy</Title>
        <Url>http://www.sermonindex.net/modules/mydownloads/visit.php?lid=27007</Url>
        <Speaker>From the Pulpit &amp;amp; Classic Sermons</Speaker>
        <Length>24.84Mb</Length>
        <Status>NOT_STARTED</Status>
        <isSermonSelected>false</isSermonSelected>
    </Sermon>
    <Sermon>
        <Title>An Urgent Message for God's Elect - BH Clendennon</Title>
        <Url>http://www.sermonindex.net/modules/mydownloads/visit.php?lid=26862</Url>
        <Speaker>From the Pulpit &amp;amp; Classic Sermons</Speaker>
        <Length>31.97Mb</Length>
        <Status>NOT_STARTED</Status>
        <isSermonSelected>false</isSermonSelected>
    </Sermon>
    <Sermon>
        <Title>Anointed for Battle - Reinhard Bonnke</Title>
        <Url>http://www.sermonindex.net/modules/mydownloads/visit.php?lid=26938</Url>
        <Speaker>From the Pulpit &amp;amp; Classic Sermons</Speaker>
        <Length>0Kb</Length>
        <Status>NOT_STARTED</Status>
        <isSermonSelected>false</isSermonSelected>
    </Sermon>
    <Sermon>
        <Title>Another Gospel - David Wilkerson</Title>
        <Url>http://www.sermonindex.net/modules/mydownloads/visit.php?lid=24074</Url>
        <Speaker>From the Pulpit &amp;amp; Classic Sermons</Speaker>
        <Length>51.52Mb</Length>
        <Status>NOT_STARTED</Status>
        <isSermonSelected>false</isSermonSelected>
    </Sermon>
    <Sermon>
        <Title>Answered Prayer - Alden Gannett</Title>
        <Url>http://www.sermonindex.net/modules/mydownloads/visit.php?lid=26947</Url>
        <Speaker>From the Pulpit &amp;amp; Classic Sermons</Speaker>
        <Length>44.84Mb</Length>
        <Status>NOT_STARTED</Status>
        <isSermonSelected>false</isSermonSelected>
    </Sermon>
    <Sermon>
        <Title>Anti Christ Exposed - J. Glyn Owen</Title>
        <Url>http://www.sermonindex.net/modules/mydownloads/visit.php?lid=27001</Url>
        <Speaker>From the Pulpit &amp;amp; Classic Sermons</Speaker>
        <Length>46.16Mb</Length>
        <Status>NOT_STARTED</Status>
        <isSermonSelected>false</isSermonSelected>
    </Sermon>
    <Sermon>
        <Title>Antichrist Unmasked - John Rhys Watkins</Title>
        <Url>http://www.sermonindex.net/modules/mydownloads/visit.php?lid=26952</Url>
        <Speaker>From the Pulpit &amp;amp; Classic Sermons</Speaker>
        <Length>77.12Mb</Length>
        <Status>NOT_STARTED</Status>
        <isSermonSelected>false</isSermonSelected>
    </Sermon>
    <Sermon>
        <Title>Are We Living In The Last Days - Joel Rossenberg</Title>
        <Url>http://www.sermonindex.net/modules/mydownloads/visit.php?lid=26989</Url>
        <Speaker>From the Pulpit &amp;amp; Classic Sermons</Speaker>
        <Length>32.28Mb</Length>
        <Status>NOT_STARTED</Status>
        <isSermonSelected>false</isSermonSelected>
    </Sermon>
    <Sermon>
        <Title>Are You a Living Epistle - Hans Waldvogel</Title>
        <Url>http://www.sermonindex.net/modules/mydownloads/visit.php?lid=26874</Url>
        <Speaker>From the Pulpit &amp;amp; Classic Sermons</Speaker>
        <Length>46.05Mb</Length>
        <Status>NOT_STARTED</Status>
        <isSermonSelected>false</isSermonSelected>
    </Sermon>
    <Sermon>
        <Title>Are You Wasting Your Life? - John Piper</Title>
        <Url>http://www.sermonindex.net/modules/mydownloads/visit.php?lid=26979</Url>
        <Speaker>From the Pulpit &amp;amp; Classic Sermons</Speaker>
        <Length>38.88Mb</Length>
        <Status>NOT_STARTED</Status>
        <isSermonSelected>false</isSermonSelected>
    </Sermon>
    <Sermon>
        <Title>At the Price of His Own Blood - John Piper</Title>
        <Url>http://www.sermonindex.net/modules/mydownloads/visit.php?lid=26858</Url>
        <Speaker>From the Pulpit &amp;amp; Classic Sermons</Speaker>
        <Length>23.37Mb</Length>
        <Status>NOT_STARTED</Status>
        <isSermonSelected>false</isSermonSelected>
    </Sermon>
    <Sermon>
        <Title>Baptism Of The Holy Spirit - Kathryn Kuhlman</Title>
        <Url>http://www.sermonindex.net/modules/mydownloads/visit.php?lid=27012</Url>
        <Speaker>From the Pulpit &amp;amp; Classic Sermons</Speaker>
        <Length>35.49Mb</Length>
        <Status>NOT_STARTED</Status>
        <isSermonSelected>false</isSermonSelected>
    </Sermon>
    <Sermon>
        <Title>Be Dilligent to Get Alone with God - Hans Waldvogel</Title>
        <Url>http://www.sermonindex.net/modules/mydownloads/visit.php?lid=26860</Url>
        <Speaker>From the Pulpit &amp;amp; Classic Sermons</Speaker>
        <Length>22.59Mb</Length>
        <Status>NOT_STARTED</Status>
        <isSermonSelected>false</isSermonSelected>
    </Sermon>
    <Sermon>
        <Title>Bearing Much Fruit - Bob Hoekstra</Title>
        <Url>http://www.sermonindex.net/modules/mydownloads/visit.php?lid=26973</Url>
        <Speaker>From the Pulpit &amp;amp; Classic Sermons</Speaker>
        <Length>30.8Mb</Length>
        <Status>NOT_STARTED</Status>
        <isSermonSelected>false</isSermonSelected>
    </Sermon>
    <Sermon>
        <Title>Being Filled with the Spirit - Hans Waldvogel</Title>
        <Url>http://www.sermonindex.net/modules/mydownloads/visit.php?lid=26998</Url>
        <Speaker>From the Pulpit &amp;amp; Classic Sermons</Speaker>
        <Length>23.12Mb</Length>
        <Status>NOT_STARTED</Status>
        <isSermonSelected>false</isSermonSelected>
    </Sermon>
    <Sermon>
        <Title>Beware of Ambition - Chuck Smith</Title>
        <Url>http://www.sermonindex.net/modules/mydownloads/visit.php?lid=26965</Url>
        <Speaker>From the Pulpit &amp;amp; Classic Sermons</Speaker>
        <Length>56.95Mb</Length>
        <Status>NOT_STARTED</Status>
        <isSermonSelected>false</isSermonSelected>
    </Sermon>
    <Sermon>
        <Title>Burning with the Holy Spirit Fire - Reinhard Bonnke</Title>
        <Url>http://www.sermonindex.net/modules/mydownloads/visit.php?lid=26871</Url>
        <Speaker>From the Pulpit &amp;amp; Classic Sermons</Speaker>
        <Length>0Kb</Length>
        <Status>NOT_STARTED</Status>
        <isSermonSelected>false</isSermonSelected>
    </Sermon>
    <Sermon>
        <Title>Casting All Your Care Upon Him - Hans Waldvogel</Title>
        <Url>http://www.sermonindex.net/modules/mydownloads/visit.php?lid=26997</Url>
        <Speaker>From the Pulpit &amp;amp; Classic Sermons</Speaker>
        <Length>15.02Mb</Length>
        <Status>NOT_STARTED</Status>
        <isSermonSelected>false</isSermonSelected>
    </Sermon>
    <Sermon>
        <Title>Christian Ethics - Paris Readhead</Title>
        <Url>http://www.sermonindex.net/modules/mydownloads/visit.php?lid=26981</Url>
        <Speaker>From the Pulpit &amp;amp; Classic Sermons</Speaker>
        <Length>0Kb</Length>
        <Status>NOT_STARTED</Status>
        <isSermonSelected>false</isSermonSelected>
    </Sermon>
    <Sermon>
        <Title>Coming In judgment - Paris Reidhead</Title>
        <Url>http://www.sermonindex.net/modules/mydownloads/visit.php?lid=27000</Url>
        <Speaker>From the Pulpit &amp;amp; Classic Sermons</Speaker>
        <Length>46.16Mb</Length>
        <Status>NOT_STARTED</Status>
        <isSermonSelected>false</isSermonSelected>
    </Sermon>
    <Sermon>
        <Title>Compromising Christianity - Keith Daniel</Title>
        <Url>http://www.sermonindex.net/modules/mydownloads/visit.php?lid=26980</Url>
        <Speaker>From the Pulpit &amp;amp; Classic Sermons</Speaker>
        <Length>38.88Mb</Length>
        <Status>NOT_STARTED</Status>
        <isSermonSelected>false</isSermonSelected>
    </Sermon>
    <Sermon>
        <Title>Conquering satan's Strongholds - S.M. Davis</Title>
        <Url>http://www.sermonindex.net/modules/mydownloads/visit.php?lid=27004</Url>
        <Speaker>From the Pulpit &amp;amp; Classic Sermons</Speaker>
        <Length>54.45Mb</Length>
        <Status>NOT_STARTED</Status>
        <isSermonSelected>false</isSermonSelected>
    </Sermon>
    <Sermon>
        <Title>Daniel: 21 Days of Prayer - Willie Mullan</Title>
        <Url>http://www.sermonindex.net/modules/mydownloads/visit.php?lid=26887</Url>
        <Speaker>From the Pulpit &amp;amp; Classic Sermons</Speaker>
        <Length>0Kb</Length>
        <Status>NOT_STARTED</Status>
        <isSermonSelected>false</isSermonSelected>
    </Sermon>
    <Sermon>
        <Title>Days of the Golden Calf - Jonathan Cahn</Title>
        <Url>http://www.sermonindex.net/modules/mydownloads/visit.php?lid=26949</Url>
        <Speaker>From the Pulpit &amp;amp; Classic Sermons</Speaker>
        <Length>72.33Mb</Length>
        <Status>NOT_STARTED</Status>
        <isSermonSelected>false</isSermonSelected>
    </Sermon>
    <Sermon>
        <Title>Deal With Sin, Christ is Coming - Carter Conlon</Title>
        <Url>http://www.sermonindex.net/modules/mydownloads/visit.php?lid=26863</Url>
        <Speaker>From the Pulpit &amp;amp; Classic Sermons</Speaker>
        <Length>64.8Mb</Length>
        <Status>NOT_STARTED</Status>
        <isSermonSelected>false</isSermonSelected>
    </Sermon>
    <Sermon>
        <Title>Demonology &amp; Deliverance, part 1 - Lester Sumrall</Title>
        <Url>http://www.sermonindex.net/modules/mydownloads/visit.php?lid=26939</Url>
        <Speaker>From the Pulpit &amp;amp; Classic Sermons</Speaker>
        <Length>49.77Mb</Length>
        <Status>NOT_STARTED</Status>
        <isSermonSelected>false</isSermonSelected>
    </Sermon>
    <Sermon>
        <Title>Demonology &amp; Deliverance, parts 3 &amp; 4 - Lester Sumrall</Title>
        <Url>http://www.sermonindex.net/modules/mydownloads/visit.php?lid=26948</Url>
        <Speaker>From the Pulpit &amp;amp; Classic Sermons</Speaker>
        <Length>50.69Mb</Length>
        <Status>NOT_STARTED</Status>
        <isSermonSelected>false</isSermonSelected>
    </Sermon>
    <Sermon>
        <Title>Descendents of David &amp; Abraham - Jim Cymbala</Title>
        <Url>http://www.sermonindex.net/modules/mydownloads/visit.php?lid=26856</Url>
        <Speaker>From the Pulpit &amp;amp; Classic Sermons</Speaker>
        <Length>44.91Mb</Length>
        <Status>NOT_STARTED</Status>
        <isSermonSelected>false</isSermonSelected>
    </Sermon>
    <Sermon>
        <Title>Discipline - George Verwer</Title>
        <Url>http://www.sermonindex.net/modules/mydownloads/visit.php?lid=26873</Url>
        <Speaker>From the Pulpit &amp;amp; Classic Sermons</Speaker>
        <Length>52.81Mb</Length>
        <Status>NOT_STARTED</Status>
        <isSermonSelected>false</isSermonSelected>
    </Sermon>
    <Sermon>
        <Title>Discipline Pt. 1 - George Verwer</Title>
        <Url>http://www.sermonindex.net/modules/mydownloads/visit.php?lid=26977</Url>
        <Speaker>From the Pulpit &amp;amp; Classic Sermons</Speaker>
        <Length>52.54Mb</Length>
        <Status>NOT_STARTED</Status>
        <isSermonSelected>false</isSermonSelected>
    </Sermon>
    <Sermon>
        <Title>Discipline Pt. 2 - George Verwer</Title>
        <Url>http://www.sermonindex.net/modules/mydownloads/visit.php?lid=26978</Url>
        <Speaker>From the Pulpit &amp;amp; Classic Sermons</Speaker>
        <Length>47.12Mb</Length>
        <Status>NOT_STARTED</Status>
        <isSermonSelected>false</isSermonSelected>
    </Sermon>
    <Sermon>
        <Title>Dryness - Roy Hession</Title>
        <Url>http://www.sermonindex.net/modules/mydownloads/visit.php?lid=26866</Url>
        <Speaker>From the Pulpit &amp;amp; Classic Sermons</Speaker>
        <Length>9.79Mb</Length>
        <Status>NOT_STARTED</Status>
        <isSermonSelected>false</isSermonSelected>
    </Sermon>
    <Sermon>
        <Title>Effectual, Fervent Prayer - Corrie Ten Boom</Title>
        <Url>http://www.sermonindex.net/modules/mydownloads/visit.php?lid=26870</Url>
        <Speaker>From the Pulpit &amp;amp; Classic Sermons</Speaker>
        <Length>46.55Mb</Length>
        <Status>NOT_STARTED</Status>
        <isSermonSelected>false</isSermonSelected>
    </Sermon>
    <Sermon>
        <Title>End Times Vision - David Wilkerson</Title>
        <Url>http://www.sermonindex.net/modules/mydownloads/visit.php?lid=27009</Url>
        <Speaker>From the Pulpit &amp;amp; Classic Sermons</Speaker>
        <Length>35.97Mb</Length>
        <Status>NOT_STARTED</Status>
        <isSermonSelected>false</isSermonSelected>
    </Sermon>
    <Sermon>
        <Title>Garments of Praise - Ben Crandall</Title>
        <Url>http://www.sermonindex.net/modules/mydownloads/visit.php?lid=26868</Url>
        <Speaker>From the Pulpit &amp;amp; Classic Sermons</Speaker>
        <Length>28.23Mb</Length>
        <Status>NOT_STARTED</Status>
        <isSermonSelected>false</isSermonSelected>
    </Sermon>
    <Sermon>
        <Title>Gird Up Your Mind &amp; Be Sober - AW Tozer</Title>
        <Url>http://www.sermonindex.net/modules/mydownloads/visit.php?lid=26945</Url>
        <Speaker>From the Pulpit &amp;amp; Classic Sermons</Speaker>
        <Length>51.95Mb</Length>
        <Status>NOT_STARTED</Status>
        <isSermonSelected>false</isSermonSelected>
    </Sermon>
    <Sermon>
        <Title>God Indwelling Us - Duncan Campbell</Title>
        <Url>http://www.sermonindex.net/modules/mydownloads/visit.php?lid=26995</Url>
        <Speaker>From the Pulpit &amp;amp; Classic Sermons</Speaker>
        <Length>46.37Mb</Length>
        <Status>NOT_STARTED</Status>
        <isSermonSelected>false</isSermonSelected>
    </Sermon>
    <Sermon>
        <Title>God's Abundant Mercy - A.W. Tozer</Title>
        <Url>http://www.sermonindex.net/modules/mydownloads/visit.php?lid=26974</Url>
        <Speaker>From the Pulpit &amp;amp; Classic Sermons</Speaker>
        <Length>37.49Mb</Length>
        <Status>NOT_STARTED</Status>
        <isSermonSelected>false</isSermonSelected>
    </Sermon>
    <Sermon>
        <Title>God's Love - Corrie Ten Boom</Title>
        <Url>http://www.sermonindex.net/modules/mydownloads/visit.php?lid=26855</Url>
        <Speaker>From the Pulpit &amp;amp; Classic Sermons</Speaker>
        <Length>64.94Mb</Length>
        <Status>NOT_STARTED</Status>
        <isSermonSelected>false</isSermonSelected>
    </Sermon>
    <Sermon>
        <Title>God's Plan for the Family - William Blackburn</Title>
        <Url>http://www.sermonindex.net/modules/mydownloads/visit.php?lid=26882</Url>
        <Speaker>From the Pulpit &amp;amp; Classic Sermons</Speaker>
        <Length>55.5Mb</Length>
        <Status>NOT_STARTED</Status>
        <isSermonSelected>false</isSermonSelected>
    </Sermon>
    <Sermon>
        <Title>Great is Thy Faithfulness - John Hagee</Title>
        <Url>http://www.sermonindex.net/modules/mydownloads/visit.php?lid=26994</Url>
        <Speaker>From the Pulpit &amp;amp; Classic Sermons</Speaker>
        <Length>46.63Mb</Length>
        <Status>NOT_STARTED</Status>
        <isSermonSelected>false</isSermonSelected>
    </Sermon>
    <Sermon>
        <Title>Has the Church Lost the Fear of God - David Wilkerson</Title>
        <Url>http://www.sermonindex.net/modules/mydownloads/visit.php?lid=26993</Url>
        <Speaker>From the Pulpit &amp;amp; Classic Sermons</Speaker>
        <Length>20.48Mb</Length>
        <Status>NOT_STARTED</Status>
        <isSermonSelected>false</isSermonSelected>
    </Sermon>
    <Sermon>
        <Title>Heart-Talk on Revival - Jim Cymbala</Title>
        <Url>http://www.sermonindex.net/modules/mydownloads/visit.php?lid=26941</Url>
        <Speaker>From the Pulpit &amp;amp; Classic Sermons</Speaker>
        <Length>49.21Mb</Length>
        <Status>NOT_STARTED</Status>
        <isSermonSelected>false</isSermonSelected>
    </Sermon>
    <Sermon>
        <Title>Hebrews 1 - Leonard Ravenhill</Title>
        <Url>http://www.sermonindex.net/modules/mydownloads/visit.php?lid=26888</Url>
        <Speaker>From the Pulpit &amp;amp; Classic Sermons</Speaker>
        <Length>0Kb</Length>
        <Status>NOT_STARTED</Status>
        <isSermonSelected>false</isSermonSelected>
    </Sermon>
    <Sermon>
        <Title>Hell - Keith David</Title>
        <Url>http://www.sermonindex.net/modules/mydownloads/visit.php?lid=26975</Url>
        <Speaker>From the Pulpit &amp;amp; Classic Sermons</Speaker>
        <Length>53.14Mb</Length>
        <Status>NOT_STARTED</Status>
        <isSermonSelected>false</isSermonSelected>
    </Sermon>
    <Sermon>
        <Title>Hell is Real - William Blackburn</Title>
        <Url>http://www.sermonindex.net/modules/mydownloads/visit.php?lid=26962</Url>
        <Speaker>From the Pulpit &amp;amp; Classic Sermons</Speaker>
        <Length>34.44Mb</Length>
        <Status>NOT_STARTED</Status>
        <isSermonSelected>false</isSermonSelected>
    </Sermon>
    <Sermon>
        <Title>Hell's Best-Kept Secret - Ray Comfort</Title>
        <Url>http://www.sermonindex.net/modules/mydownloads/visit.php?lid=24070</Url>
        <Speaker>From the Pulpit &amp;amp; Classic Sermons</Speaker>
        <Length>43.04Mb</Length>
        <Status>NOT_STARTED</Status>
        <isSermonSelected>false</isSermonSelected>
    </Sermon>
    <Sermon>
        <Title>How to Almost Get to Heaven - William Blackburn</Title>
        <Url>http://www.sermonindex.net/modules/mydownloads/visit.php?lid=26999</Url>
        <Speaker>From the Pulpit &amp;amp; Classic Sermons</Speaker>
        <Length>23.79Mb</Length>
        <Status>NOT_STARTED</Status>
        <isSermonSelected>false</isSermonSelected>
    </Sermon>
    <Sermon>
        <Title>How to Be a Good Samaritan - William Blackburn</Title>
        <Url>http://www.sermonindex.net/modules/mydownloads/visit.php?lid=26992</Url>
        <Speaker>From the Pulpit &amp;amp; Classic Sermons</Speaker>
        <Length>25.04Mb</Length>
        <Status>NOT_STARTED</Status>
        <isSermonSelected>false</isSermonSelected>
    </Sermon>
    <Sermon>
        <Title>How To Enter In - Derek Price</Title>
        <Url>http://www.sermonindex.net/modules/mydownloads/visit.php?lid=27003</Url>
        <Speaker>From the Pulpit &amp;amp; Classic Sermons</Speaker>
        <Length>43.49Mb</Length>
        <Status>NOT_STARTED</Status>
        <isSermonSelected>false</isSermonSelected>
    </Sermon>
    <Sermon>
        <Title>How to Have Miracle-Working Faith - William Blackburn</Title>
        <Url>http://www.sermonindex.net/modules/mydownloads/visit.php?lid=26991</Url>
        <Speaker>From the Pulpit &amp;amp; Classic Sermons</Speaker>
        <Length>25.86Mb</Length>
        <Status>NOT_STARTED</Status>
        <isSermonSelected>false</isSermonSelected>
    </Sermon>
    <Sermon>
        <Title>How to Use the Faith you Have - Oral Roberts</Title>
        <Url>http://www.sermonindex.net/modules/mydownloads/visit.php?lid=26937</Url>
        <Speaker>From the Pulpit &amp;amp; Classic Sermons</Speaker>
        <Length>0Kb</Length>
        <Status>NOT_STARTED</Status>
        <isSermonSelected>false</isSermonSelected>
    </Sermon>
    <Sermon>
        <Title>It Is The Last Hour - J Glyn Owen</Title>
        <Url>http://www.sermonindex.net/modules/mydownloads/visit.php?lid=26985</Url>
        <Speaker>From the Pulpit &amp;amp; Classic Sermons</Speaker>
        <Length>36.08Mb</Length>
        <Status>NOT_STARTED</Status>
        <isSermonSelected>false</isSermonSelected>
    </Sermon>
    <Sermon>
        <Title>Jesus Training the 12 - Bill McLeod</Title>
        <Url>http://www.sermonindex.net/modules/mydownloads/visit.php?lid=26865</Url>
        <Speaker>From the Pulpit &amp;amp; Classic Sermons</Speaker>
        <Length>33.32Mb</Length>
        <Status>NOT_STARTED</Status>
        <isSermonSelected>false</isSermonSelected>
    </Sermon>
    <Sermon>
        <Title>Judas: The Lost Disciple: What Happens After Death? - William Blackburn</Title>
        <Url>http://www.sermonindex.net/modules/mydownloads/visit.php?lid=26967</Url>
        <Speaker>From the Pulpit &amp;amp; Classic Sermons</Speaker>
        <Length>54.64Mb</Length>
        <Status>NOT_STARTED</Status>
        <isSermonSelected>false</isSermonSelected>
    </Sermon>
    <Sermon>
        <Title>Lukewarm &amp; Loving It - Francis Chan</Title>
        <Url>http://www.sermonindex.net/modules/mydownloads/visit.php?lid=26946</Url>
        <Speaker>From the Pulpit &amp;amp; Classic Sermons</Speaker>
        <Length>32.86Mb</Length>
        <Status>NOT_STARTED</Status>
        <isSermonSelected>false</isSermonSelected>
    </Sermon>
    <Sermon>
        <Title>Man's Petty Kingdom - Art Katz</Title>
        <Url>http://www.sermonindex.net/modules/mydownloads/visit.php?lid=24072</Url>
        <Speaker>From the Pulpit &amp;amp; Classic Sermons</Speaker>
        <Length>60.96Mb</Length>
        <Status>NOT_STARTED</Status>
        <isSermonSelected>false</isSermonSelected>
    </Sermon>
    <Sermon>
        <Title>Miracles that Follow the Plow - A.W. Tozer</Title>
        <Url>http://www.sermonindex.net/modules/mydownloads/visit.php?lid=26963</Url>
        <Speaker>From the Pulpit &amp;amp; Classic Sermons</Speaker>
        <Length>57.33Mb</Length>
        <Status>NOT_STARTED</Status>
        <isSermonSelected>false</isSermonSelected>
    </Sermon>
    <Sermon>
        <Title>Only One Life will Soon Be Past - Zac Poonen</Title>
        <Url>http://www.sermonindex.net/modules/mydownloads/visit.php?lid=26942</Url>
        <Speaker>From the Pulpit &amp;amp; Classic Sermons</Speaker>
        <Length>45.15Mb</Length>
        <Status>NOT_STARTED</Status>
        <isSermonSelected>false</isSermonSelected>
    </Sermon>
    <Sermon>
        <Title>Power of Faith - Aimee Semple McPherson</Title>
        <Url>http://www.sermonindex.net/modules/mydownloads/visit.php?lid=26861</Url>
        <Speaker>From the Pulpit &amp;amp; Classic Sermons</Speaker>
        <Length>39.09Mb</Length>
        <Status>NOT_STARTED</Status>
        <isSermonSelected>false</isSermonSelected>
    </Sermon>
    <Sermon>
        <Title>Repentance Is The Command of God - Bobby Johnson</Title>
        <Url>http://www.sermonindex.net/modules/mydownloads/visit.php?lid=27015</Url>
        <Speaker>From the Pulpit &amp;amp; Classic Sermons</Speaker>
        <Length>25.4Mb</Length>
        <Status>NOT_STARTED</Status>
        <isSermonSelected>false</isSermonSelected>
    </Sermon>
    <Sermon>
        <Title>Revival Forum Question-and-Answer Session - Leonard Ravenhill</Title>
        <Url>http://www.sermonindex.net/modules/mydownloads/visit.php?lid=26961</Url>
        <Speaker>From the Pulpit &amp;amp; Classic Sermons</Speaker>
        <Length>76.89Mb</Length>
        <Status>NOT_STARTED</Status>
        <isSermonSelected>false</isSermonSelected>
    </Sermon>
    <Sermon>
        <Title>Running the Race Like Abraham - KP Yohannan</Title>
        <Url>http://www.sermonindex.net/modules/mydownloads/visit.php?lid=26867</Url>
        <Speaker>From the Pulpit &amp;amp; Classic Sermons</Speaker>
        <Length>41.08Mb</Length>
        <Status>NOT_STARTED</Status>
        <isSermonSelected>false</isSermonSelected>
    </Sermon>
    <Sermon>
        <Title>Simple Church - Tony Dale</Title>
        <Url>http://www.sermonindex.net/modules/mydownloads/visit.php?lid=27016</Url>
        <Speaker>From the Pulpit &amp;amp; Classic Sermons</Speaker>
        <Length>45.72Mb</Length>
        <Status>NOT_STARTED</Status>
        <isSermonSelected>false</isSermonSelected>
    </Sermon>
    <Sermon>
        <Title>Six Things We Face in Preaching the Gospel - Rolfe Barnard</Title>
        <Url>http://www.sermonindex.net/modules/mydownloads/visit.php?lid=26966</Url>
        <Speaker>From the Pulpit &amp;amp; Classic Sermons</Speaker>
        <Length>58.13Mb</Length>
        <Status>NOT_STARTED</Status>
        <isSermonSelected>false</isSermonSelected>
    </Sermon>
    <Sermon>
        <Title>So Great a Salvation (Abiding in Christ) - Paris Reidhead</Title>
        <Url>http://www.sermonindex.net/modules/mydownloads/visit.php?lid=24066</Url>
        <Speaker>From the Pulpit &amp;amp; Classic Sermons</Speaker>
        <Length>40.69Mb</Length>
        <Status>NOT_STARTED</Status>
        <isSermonSelected>false</isSermonSelected>
    </Sermon>
    <Sermon>
        <Title>So Great a Salvation (Awakening) - Paris Reidhead</Title>
        <Url>http://www.sermonindex.net/modules/mydownloads/visit.php?lid=26940</Url>
        <Speaker>From the Pulpit &amp;amp; Classic Sermons</Speaker>
        <Length>66.32Mb</Length>
        <Status>NOT_STARTED</Status>
        <isSermonSelected>false</isSermonSelected>
    </Sermon>
    <Sermon>
        <Title>So Great a Salvation: Hating Sin - Paris Reidhead</Title>
        <Url>http://www.sermonindex.net/modules/mydownloads/visit.php?lid=26959</Url>
        <Speaker>From the Pulpit &amp;amp; Classic Sermons</Speaker>
        <Length>68.12Mb</Length>
        <Status>NOT_STARTED</Status>
        <isSermonSelected>false</isSermonSelected>
    </Sermon>
    <Sermon>
        <Title>The 2013 National Religious Broadcasters Sunday - Tony Evans</Title>
        <Url>http://www.sermonindex.net/modules/mydownloads/visit.php?lid=26881</Url>
        <Speaker>From the Pulpit &amp;amp; Classic Sermons</Speaker>
        <Length>50.56Mb</Length>
        <Status>NOT_STARTED</Status>
        <isSermonSelected>false</isSermonSelected>
    </Sermon>
    <Sermon>
        <Title>The Adulterous Woman - Reinhard Bonnke</Title>
        <Url>http://www.sermonindex.net/modules/mydownloads/visit.php?lid=26877</Url>
        <Speaker>From the Pulpit &amp;amp; Classic Sermons</Speaker>
        <Length>81.69Mb</Length>
        <Status>NOT_STARTED</Status>
        <isSermonSelected>false</isSermonSelected>
    </Sermon>
    <Sermon>
        <Title>The Approaching Wave of Persecution - Denny Kenaston</Title>
        <Url>http://www.sermonindex.net/modules/mydownloads/visit.php?lid=26879</Url>
        <Speaker>From the Pulpit &amp;amp; Classic Sermons</Speaker>
        <Length>52.99Mb</Length>
        <Status>NOT_STARTED</Status>
        <isSermonSelected>false</isSermonSelected>
    </Sermon>
    <Sermon>
        <Title>The Azusa Street Revival Of 1906 - Matt Gibson</Title>
        <Url>http://www.sermonindex.net/modules/mydownloads/visit.php?lid=27011</Url>
        <Speaker>From the Pulpit &amp;amp; Classic Sermons</Speaker>
        <Length>26.79Mb</Length>
        <Status>NOT_STARTED</Status>
        <isSermonSelected>false</isSermonSelected>
    </Sermon>
    <Sermon>
        <Title>The Blood of Jesus - Reinhard Bonnke</Title>
        <Url>http://www.sermonindex.net/modules/mydownloads/visit.php?lid=26950</Url>
        <Speaker>From the Pulpit &amp;amp; Classic Sermons</Speaker>
        <Length>77.64Mb</Length>
        <Status>NOT_STARTED</Status>
        <isSermonSelected>false</isSermonSelected>
    </Sermon>
    <Sermon>
        <Title>The Cappacino Church of America - E.A. Johnston</Title>
        <Url>http://www.sermonindex.net/modules/mydownloads/visit.php?lid=26960</Url>
        <Speaker>From the Pulpit &amp;amp; Classic Sermons</Speaker>
        <Length>20.82Mb</Length>
        <Status>NOT_STARTED</Status>
        <isSermonSelected>false</isSermonSelected>
    </Sermon>
    <Sermon>
        <Title>The Church that will Stand in the Coming Storm - Brian Long</Title>
        <Url>http://www.sermonindex.net/modules/mydownloads/visit.php?lid=26878</Url>
        <Speaker>From the Pulpit &amp;amp; Classic Sermons</Speaker>
        <Length>65.97Mb</Length>
        <Status>NOT_STARTED</Status>
        <isSermonSelected>false</isSermonSelected>
    </Sermon>
    <Sermon>
        <Title>The Cost Of Love In The Call To Nations - John Piper</Title>
        <Url>http://www.sermonindex.net/modules/mydownloads/visit.php?lid=26987</Url>
        <Speaker>From the Pulpit &amp;amp; Classic Sermons</Speaker>
        <Length>30.33Mb</Length>
        <Status>NOT_STARTED</Status>
        <isSermonSelected>false</isSermonSelected>
    </Sermon>
    <Sermon>
        <Title>The Country And The Church - Vance Havner</Title>
        <Url>http://www.sermonindex.net/modules/mydownloads/visit.php?lid=26988</Url>
        <Speaker>From the Pulpit &amp;amp; Classic Sermons</Speaker>
        <Length>30.59Mb</Length>
        <Status>NOT_STARTED</Status>
        <isSermonSelected>false</isSermonSelected>
    </Sermon>
    <Sermon>
        <Title>The Country Preacher Who Came to Town - Vance Havner</Title>
        <Url>http://www.sermonindex.net/modules/mydownloads/visit.php?lid=24069</Url>
        <Speaker>From the Pulpit &amp;amp; Classic Sermons</Speaker>
        <Length>44.41Mb</Length>
        <Status>NOT_STARTED</Status>
        <isSermonSelected>false</isSermonSelected>
    </Sermon>
    <Sermon>
        <Title>The Creation In Genesis - Keith Daniel</Title>
        <Url>http://www.sermonindex.net/modules/mydownloads/visit.php?lid=26986</Url>
        <Speaker>From the Pulpit &amp;amp; Classic Sermons</Speaker>
        <Length>53.58Mb</Length>
        <Status>NOT_STARTED</Status>
        <isSermonSelected>false</isSermonSelected>
    </Sermon>
    <Sermon>
        <Title>The Cross in China</Title>
        <Url>http://www.sermonindex.net/modules/mydownloads/visit.php?lid=26876</Url>
        <Speaker>From the Pulpit &amp;amp; Classic Sermons</Speaker>
        <Length>75.67Mb</Length>
        <Status>NOT_STARTED</Status>
        <isSermonSelected>false</isSermonSelected>
    </Sermon>
    <Sermon>
        <Title>The Danger of Compromise - Chuck Smith</Title>
        <Url>http://www.sermonindex.net/modules/mydownloads/visit.php?lid=26864</Url>
        <Speaker>From the Pulpit &amp;amp; Classic Sermons</Speaker>
        <Length>25.21Mb</Length>
        <Status>NOT_STARTED</Status>
        <isSermonSelected>false</isSermonSelected>
    </Sermon>
    <Sermon>
        <Title>The Final Judgment of God - William Blackburn</Title>
        <Url>http://www.sermonindex.net/modules/mydownloads/visit.php?lid=24071</Url>
        <Speaker>From the Pulpit &amp;amp; Classic Sermons</Speaker>
        <Length>36.09Mb</Length>
        <Status>NOT_STARTED</Status>
        <isSermonSelected>false</isSermonSelected>
    </Sermon>
    <Sermon>
        <Title>The Flesh &amp; the Power of Darkness - Milton Green</Title>
        <Url>http://www.sermonindex.net/modules/mydownloads/visit.php?lid=26875</Url>
        <Speaker>From the Pulpit &amp;amp; Classic Sermons</Speaker>
        <Length>71.47Mb</Length>
        <Status>NOT_STARTED</Status>
        <isSermonSelected>false</isSermonSelected>
    </Sermon>
    <Sermon>
        <Title>The Flesh and the Power of Darkness, part 2 - Milton Green</Title>
        <Url>http://www.sermonindex.net/modules/mydownloads/visit.php?lid=26885</Url>
        <Speaker>From the Pulpit &amp;amp; Classic Sermons</Speaker>
        <Length>0Kb</Length>
        <Status>NOT_STARTED</Status>
        <isSermonSelected>false</isSermonSelected>
    </Sermon>
    <Sermon>
        <Title>The Gift Of Blood - Billy Graham</Title>
        <Url>http://www.sermonindex.net/modules/mydownloads/visit.php?lid=26971</Url>
        <Speaker>From the Pulpit &amp;amp; Classic Sermons</Speaker>
        <Length>47.53Mb</Length>
        <Status>NOT_STARTED</Status>
        <isSermonSelected>false</isSermonSelected>
    </Sermon>
    <Sermon>
        <Title>The Grace Of Yielding - Derek Prince</Title>
        <Url>http://www.sermonindex.net/modules/mydownloads/visit.php?lid=27006</Url>
        <Speaker>From the Pulpit &amp;amp; Classic Sermons</Speaker>
        <Length>53.12Mb</Length>
        <Status>NOT_STARTED</Status>
        <isSermonSelected>false</isSermonSelected>
    </Sermon>
    <Sermon>
        <Title>The Great Delusion: The Spiritual State of the Nation - Ken Ham</Title>
        <Url>http://www.sermonindex.net/modules/mydownloads/visit.php?lid=26954</Url>
        <Speaker>From the Pulpit &amp;amp; Classic Sermons</Speaker>
        <Length>79.71Mb</Length>
        <Status>NOT_STARTED</Status>
        <isSermonSelected>false</isSermonSelected>
    </Sermon>
    <Sermon>
        <Title>The Great Judgment - Billy Graham</Title>
        <Url>http://www.sermonindex.net/modules/mydownloads/visit.php?lid=26944</Url>
        <Speaker>From the Pulpit &amp;amp; Classic Sermons</Speaker>
        <Length>50.21Mb</Length>
        <Status>NOT_STARTED</Status>
        <isSermonSelected>false</isSermonSelected>
    </Sermon>
    <Sermon>
        <Title>The Great Need of the Hour - Rolfe Barnard</Title>
        <Url>http://www.sermonindex.net/modules/mydownloads/visit.php?lid=26996</Url>
        <Speaker>From the Pulpit &amp;amp; Classic Sermons</Speaker>
        <Length>26.5Mb</Length>
        <Status>NOT_STARTED</Status>
        <isSermonSelected>false</isSermonSelected>
    </Sermon>
    <Sermon>
        <Title>The Mystery of the Bride and Bridegroom - Jonathan Cahn</Title>
        <Url>http://www.sermonindex.net/modules/mydownloads/visit.php?lid=26936</Url>
        <Speaker>From the Pulpit &amp;amp; Classic Sermons</Speaker>
        <Length>0Kb</Length>
        <Status>NOT_STARTED</Status>
        <isSermonSelected>false</isSermonSelected>
    </Sermon>
    <Sermon>
        <Title>The People Used by God - Chuck Smith</Title>
        <Url>http://www.sermonindex.net/modules/mydownloads/visit.php?lid=24073</Url>
        <Speaker>From the Pulpit &amp;amp; Classic Sermons</Speaker>
        <Length>49.87Mb</Length>
        <Status>NOT_STARTED</Status>
        <isSermonSelected>false</isSermonSelected>
    </Sermon>
    <Sermon>
        <Title>The Pre-Tribulation Rapture - Grant Jeffrey</Title>
        <Url>http://www.sermonindex.net/modules/mydownloads/visit.php?lid=26943</Url>
        <Speaker>From the Pulpit &amp;amp; Classic Sermons</Speaker>
        <Length>23.53Mb</Length>
        <Status>NOT_STARTED</Status>
        <isSermonSelected>false</isSermonSelected>
    </Sermon>
    <Sermon>
        <Title>The Presence of God - David Ravenhill</Title>
        <Url>http://www.sermonindex.net/modules/mydownloads/visit.php?lid=26982</Url>
        <Speaker>From the Pulpit &amp;amp; Classic Sermons</Speaker>
        <Length>26.19Mb</Length>
        <Status>NOT_STARTED</Status>
        <isSermonSelected>false</isSermonSelected>
    </Sermon>
    <Sermon>
        <Title>The Return Of God's Glory - Bill McLeod</Title>
        <Url>http://www.sermonindex.net/modules/mydownloads/visit.php?lid=26990</Url>
        <Speaker>From the Pulpit &amp;amp; Classic Sermons</Speaker>
        <Length>45.62Mb</Length>
        <Status>NOT_STARTED</Status>
        <isSermonSelected>false</isSermonSelected>
    </Sermon>
    <Sermon>
        <Title>The Salvation Test: Fire from Heaven Revival - William Blackburn</Title>
        <Url>http://www.sermonindex.net/modules/mydownloads/visit.php?lid=26955</Url>
        <Speaker>From the Pulpit &amp;amp; Classic Sermons</Speaker>
        <Length>76.25Mb</Length>
        <Status>NOT_STARTED</Status>
        <isSermonSelected>false</isSermonSelected>
    </Sermon>
    <Sermon>
        <Title>The Second Coming Of Christ - Billy Graham</Title>
        <Url>http://www.sermonindex.net/modules/mydownloads/visit.php?lid=26983</Url>
        <Speaker>From the Pulpit &amp;amp; Classic Sermons</Speaker>
        <Length>28.47Mb</Length>
        <Status>NOT_STARTED</Status>
        <isSermonSelected>false</isSermonSelected>
    </Sermon>
    <Sermon>
        <Title>The True Gospel - David Ravenhill</Title>
        <Url>http://www.sermonindex.net/modules/mydownloads/visit.php?lid=26976</Url>
        <Speaker>From the Pulpit &amp;amp; Classic Sermons</Speaker>
        <Length>26.01Mb</Length>
        <Status>NOT_STARTED</Status>
        <isSermonSelected>false</isSermonSelected>
    </Sermon>
    <Sermon>
        <Title>The Voice of the Holy Spirit - AW Tozer</Title>
        <Url>http://www.sermonindex.net/modules/mydownloads/visit.php?lid=26880</Url>
        <Speaker>From the Pulpit &amp;amp; Classic Sermons</Speaker>
        <Length>77.6Mb</Length>
        <Status>NOT_STARTED</Status>
        <isSermonSelected>false</isSermonSelected>
    </Sermon>
    <Sermon>
        <Title>The will Of God In Prayer - Kenneth E. Hagin</Title>
        <Url>http://www.sermonindex.net/modules/mydownloads/visit.php?lid=27002</Url>
        <Speaker>From the Pulpit &amp;amp; Classic Sermons</Speaker>
        <Length>36.94Mb</Length>
        <Status>NOT_STARTED</Status>
        <isSermonSelected>false</isSermonSelected>
    </Sermon>
    <Sermon>
        <Title>The Worship Of False gods - Chuck Smith</Title>
        <Url>http://www.sermonindex.net/modules/mydownloads/visit.php?lid=26972</Url>
        <Speaker>From the Pulpit &amp;amp; Classic Sermons</Speaker>
        <Length>36.77Mb</Length>
        <Status>NOT_STARTED</Status>
        <isSermonSelected>false</isSermonSelected>
    </Sermon>
    <Sermon>
        <Title>Walking in the Spirit - Bruce Wilkenson</Title>
        <Url>http://www.sermonindex.net/modules/mydownloads/visit.php?lid=26884</Url>
        <Speaker>From the Pulpit &amp;amp; Classic Sermons</Speaker>
        <Length>81.03Mb</Length>
        <Status>NOT_STARTED</Status>
        <isSermonSelected>false</isSermonSelected>
    </Sermon>
    <Sermon>
        <Title>What is it to Accept Jesus? - A.W. Tozer</Title>
        <Url>http://www.sermonindex.net/modules/mydownloads/visit.php?lid=24075</Url>
        <Speaker>From the Pulpit &amp;amp; Classic Sermons</Speaker>
        <Length>34.58Mb</Length>
        <Status>NOT_STARTED</Status>
        <isSermonSelected>false</isSermonSelected>
    </Sermon>
    <Sermon>
        <Title>What You Should Know About Your Faith - Oral Roberts</Title>
        <Url>http://www.sermonindex.net/modules/mydownloads/visit.php?lid=26951</Url>
        <Speaker>From the Pulpit &amp;amp; Classic Sermons</Speaker>
        <Length>68.71Mb</Length>
        <Status>NOT_STARTED</Status>
        <isSermonSelected>false</isSermonSelected>
    </Sermon>
    <Sermon>
        <Title>When God Stepped Down From Heaven - Duncan Campbell</Title>
        <Url>http://www.sermonindex.net/modules/mydownloads/visit.php?lid=26984</Url>
        <Speaker>From the Pulpit &amp;amp; Classic Sermons</Speaker>
        <Length>47.64Mb</Length>
        <Status>NOT_STARTED</Status>
        <isSermonSelected>false</isSermonSelected>
    </Sermon>
    <Sermon>
        <Title>When Life Is Overwhelming - Chuck Smith</Title>
        <Url>http://www.sermonindex.net/modules/mydownloads/visit.php?lid=27013</Url>
        <Speaker>From the Pulpit &amp;amp; Classic Sermons</Speaker>
        <Length>20.68Mb</Length>
        <Status>NOT_STARTED</Status>
        <isSermonSelected>false</isSermonSelected>
    </Sermon>
    <Sermon>
        <Title>Who Is The Holy Spirit - A.W. Tozer</Title>
        <Url>http://www.sermonindex.net/modules/mydownloads/visit.php?lid=27010</Url>
        <Speaker>From the Pulpit &amp;amp; Classic Sermons</Speaker>
        <Length>25.89Mb</Length>
        <Status>NOT_STARTED</Status>
        <isSermonSelected>false</isSermonSelected>
    </Sermon>
    <Sermon>
        <Title>Who is Touching the Ark? - Leonard Ravenhill</Title>
        <Url>http://www.sermonindex.net/modules/mydownloads/visit.php?lid=26953</Url>
        <Speaker>From the Pulpit &amp;amp; Classic Sermons</Speaker>
        <Length>64.84Mb</Length>
        <Status>NOT_STARTED</Status>
        <isSermonSelected>false</isSermonSelected>
    </Sermon>
    <Sermon>
        <Title>Who's Begging Now - C.M. Ward</Title>
        <Url>http://www.sermonindex.net/modules/mydownloads/visit.php?lid=27005</Url>
        <Speaker>From the Pulpit &amp;amp; Classic Sermons</Speaker>
        <Length>23.19Mb</Length>
        <Status>NOT_STARTED</Status>
        <isSermonSelected>false</isSermonSelected>
    </Sermon>
    <Sermon>
        <Title>Witchcraft, Wizards &amp; Witches - AA Allen</Title>
        <Url>http://www.sermonindex.net/modules/mydownloads/visit.php?lid=26957</Url>
        <Speaker>From the Pulpit &amp;amp; Classic Sermons</Speaker>
        <Length>0Kb</Length>
        <Status>NOT_STARTED</Status>
        <isSermonSelected>false</isSermonSelected>
    </Sermon>
</Sermons>
