<?xml version="1.0" encoding="UTF-8" standalone="yes"?>
<Sermons>
    <Sermon>
        <Title>The Jesus Style - Part 1</Title>
        <Url>http://www.sermonindex.net/modules/mydownloads/visit.php?lid=20660</Url>
        <Speaker>Gayle Erwin Books</Speaker>
        <Length>14.2Mb</Length>
        <Status>NOT_STARTED</Status>
        <isSermonSelected>false</isSermonSelected>
    </Sermon>
    <Sermon>
        <Title>The Jesus Style - Part 2</Title>
        <Url>http://www.sermonindex.net/modules/mydownloads/visit.php?lid=20661</Url>
        <Speaker>Gayle Erwin Books</Speaker>
        <Length>14.11Mb</Length>
        <Status>NOT_STARTED</Status>
        <isSermonSelected>false</isSermonSelected>
    </Sermon>
    <Sermon>
        <Title>The Jesus Style - Part 3</Title>
        <Url>http://www.sermonindex.net/modules/mydownloads/visit.php?lid=20662</Url>
        <Speaker>Gayle Erwin Books</Speaker>
        <Length>16.32Mb</Length>
        <Status>NOT_STARTED</Status>
        <isSermonSelected>false</isSermonSelected>
    </Sermon>
    <Sermon>
        <Title>The Jesus Style - Part 4</Title>
        <Url>http://www.sermonindex.net/modules/mydownloads/visit.php?lid=20663</Url>
        <Speaker>Gayle Erwin Books</Speaker>
        <Length>12.5Mb</Length>
        <Status>NOT_STARTED</Status>
        <isSermonSelected>false</isSermonSelected>
    </Sermon>
</Sermons>
