<?xml version="1.0" encoding="UTF-8" standalone="yes"?>
<Sermons>
    <Sermon>
        <Title>A Passion Of God</Title>
        <Url>http://www.sermonindex.net/modules/mydownloads/visit.php?lid=21710</Url>
        <Speaker>Gayle Erwin</Speaker>
        <Length>21.8Mb</Length>
        <Status>NOT_STARTED</Status>
        <isSermonSelected>false</isSermonSelected>
    </Sermon>
    <Sermon>
        <Title>All That God Is</Title>
        <Url>http://www.sermonindex.net/modules/mydownloads/visit.php?lid=21431</Url>
        <Speaker>Gayle Erwin</Speaker>
        <Length>10.94Mb</Length>
        <Status>NOT_STARTED</Status>
        <isSermonSelected>false</isSermonSelected>
    </Sermon>
    <Sermon>
        <Title>Are You The One?</Title>
        <Url>http://www.sermonindex.net/modules/mydownloads/visit.php?lid=21426</Url>
        <Speaker>Gayle Erwin</Speaker>
        <Length>8.92Mb</Length>
        <Status>NOT_STARTED</Status>
        <isSermonSelected>false</isSermonSelected>
    </Sermon>
    <Sermon>
        <Title>Dealing With Manipulators</Title>
        <Url>http://www.sermonindex.net/modules/mydownloads/visit.php?lid=21428</Url>
        <Speaker>Gayle Erwin</Speaker>
        <Length>10.87Mb</Length>
        <Status>NOT_STARTED</Status>
        <isSermonSelected>false</isSermonSelected>
    </Sermon>
    <Sermon>
        <Title>Hearing The Voice Of God</Title>
        <Url>http://www.sermonindex.net/modules/mydownloads/visit.php?lid=21434</Url>
        <Speaker>Gayle Erwin</Speaker>
        <Length>11.1Mb</Length>
        <Status>NOT_STARTED</Status>
        <isSermonSelected>false</isSermonSelected>
    </Sermon>
    <Sermon>
        <Title>Jesus, The Great Hunter</Title>
        <Url>http://www.sermonindex.net/modules/mydownloads/visit.php?lid=21433</Url>
        <Speaker>Gayle Erwin</Speaker>
        <Length>12.9Mb</Length>
        <Status>NOT_STARTED</Status>
        <isSermonSelected>false</isSermonSelected>
    </Sermon>
    <Sermon>
        <Title>The Jesus Style Of Leadership</Title>
        <Url>http://www.sermonindex.net/modules/mydownloads/visit.php?lid=21432</Url>
        <Speaker>Gayle Erwin</Speaker>
        <Length>13.19Mb</Length>
        <Status>NOT_STARTED</Status>
        <isSermonSelected>false</isSermonSelected>
    </Sermon>
    <Sermon>
        <Title>The Last Supper</Title>
        <Url>http://www.sermonindex.net/modules/mydownloads/visit.php?lid=21427</Url>
        <Speaker>Gayle Erwin</Speaker>
        <Length>12.76Mb</Length>
        <Status>NOT_STARTED</Status>
        <isSermonSelected>false</isSermonSelected>
    </Sermon>
    <Sermon>
        <Title>The Nature of Jesus</Title>
        <Url>http://www.sermonindex.net/modules/mydownloads/visit.php?lid=21425</Url>
        <Speaker>Gayle Erwin</Speaker>
        <Length>8.77Mb</Length>
        <Status>NOT_STARTED</Status>
        <isSermonSelected>false</isSermonSelected>
    </Sermon>
    <Sermon>
        <Title>The Nature of Jesus - Part 1</Title>
        <Url>http://www.sermonindex.net/modules/mydownloads/visit.php?lid=21422</Url>
        <Speaker>Gayle Erwin</Speaker>
        <Length>11.14Mb</Length>
        <Status>NOT_STARTED</Status>
        <isSermonSelected>false</isSermonSelected>
    </Sermon>
    <Sermon>
        <Title>The Nature of Jesus - Part 2</Title>
        <Url>http://www.sermonindex.net/modules/mydownloads/visit.php?lid=21423</Url>
        <Speaker>Gayle Erwin</Speaker>
        <Length>12.7Mb</Length>
        <Status>NOT_STARTED</Status>
        <isSermonSelected>false</isSermonSelected>
    </Sermon>
    <Sermon>
        <Title>The Nature of Jesus - Part 3</Title>
        <Url>http://www.sermonindex.net/modules/mydownloads/visit.php?lid=21424</Url>
        <Speaker>Gayle Erwin</Speaker>
        <Length>11.83Mb</Length>
        <Status>NOT_STARTED</Status>
        <isSermonSelected>false</isSermonSelected>
    </Sermon>
    <Sermon>
        <Title>The Nature Of The Father - Part 1</Title>
        <Url>http://www.sermonindex.net/modules/mydownloads/visit.php?lid=21429</Url>
        <Speaker>Gayle Erwin</Speaker>
        <Length>12.29Mb</Length>
        <Status>NOT_STARTED</Status>
        <isSermonSelected>false</isSermonSelected>
    </Sermon>
    <Sermon>
        <Title>The Nature Of The Father - Part 2</Title>
        <Url>http://www.sermonindex.net/modules/mydownloads/visit.php?lid=21430</Url>
        <Speaker>Gayle Erwin</Speaker>
        <Length>9.62Mb</Length>
        <Status>NOT_STARTED</Status>
        <isSermonSelected>false</isSermonSelected>
    </Sermon>
    <Sermon>
        <Title>Treasure In Earthen Vessels</Title>
        <Url>http://www.sermonindex.net/modules/mydownloads/visit.php?lid=16782</Url>
        <Speaker>Gayle Erwin</Speaker>
        <Length>10.22Mb</Length>
        <Status>NOT_STARTED</Status>
        <isSermonSelected>false</isSermonSelected>
    </Sermon>
</Sermons>
