<?xml version="1.0" encoding="UTF-8" standalone="yes"?>
<Sermons>
    <Sermon>
        <Title>Smith Wigglesworth - Life In The Spirit</Title>
        <Url>http://www.sermonindex.net/modules/mydownloads/visit.php?lid=18814</Url>
        <Speaker>George Stormont</Speaker>
        <Length>6.47Mb</Length>
        <Status>NOT_STARTED</Status>
        <isSermonSelected>false</isSermonSelected>
    </Sermon>
    <Sermon>
        <Title>Smith Wigglesworth - Man Of One Book</Title>
        <Url>http://www.sermonindex.net/modules/mydownloads/visit.php?lid=18813</Url>
        <Speaker>George Stormont</Speaker>
        <Length>6.37Mb</Length>
        <Status>NOT_STARTED</Status>
        <isSermonSelected>false</isSermonSelected>
    </Sermon>
    <Sermon>
        <Title>Smith Wigglesworth - Miraculous Healing</Title>
        <Url>http://www.sermonindex.net/modules/mydownloads/visit.php?lid=18815</Url>
        <Speaker>George Stormont</Speaker>
        <Length>6.2Mb</Length>
        <Status>NOT_STARTED</Status>
        <isSermonSelected>false</isSermonSelected>
    </Sermon>
    <Sermon>
        <Title>Smith Wigglesworth - The Man</Title>
        <Url>http://www.sermonindex.net/modules/mydownloads/visit.php?lid=18812</Url>
        <Speaker>George Stormont</Speaker>
        <Length>5.97Mb</Length>
        <Status>NOT_STARTED</Status>
        <isSermonSelected>false</isSermonSelected>
    </Sermon>
</Sermons>
