<?xml version="1.0" encoding="UTF-8" standalone="yes"?>
<Sermons>
    <Sermon>
        <Title>1 Corinthians 12:2</Title>
        <Url>http://www.sermonindex.net/modules/mydownloads/visit.php?lid=9950</Url>
        <Speaker>Gerry Covenhoven</Speaker>
        <Length>5.16Mb</Length>
        <Status>NOT_STARTED</Status>
        <isSermonSelected>false</isSermonSelected>
    </Sermon>
    <Sermon>
        <Title>1 Corinthians 4:1-2</Title>
        <Url>http://www.sermonindex.net/modules/mydownloads/visit.php?lid=9951</Url>
        <Speaker>Gerry Covenhoven</Speaker>
        <Length>5.24Mb</Length>
        <Status>NOT_STARTED</Status>
        <isSermonSelected>false</isSermonSelected>
    </Sermon>
    <Sermon>
        <Title>Acts 28</Title>
        <Url>http://www.sermonindex.net/modules/mydownloads/visit.php?lid=9953</Url>
        <Speaker>Gerry Covenhoven</Speaker>
        <Length>5.06Mb</Length>
        <Status>NOT_STARTED</Status>
        <isSermonSelected>false</isSermonSelected>
    </Sermon>
    <Sermon>
        <Title>Acts 2:37-42</Title>
        <Url>http://www.sermonindex.net/modules/mydownloads/visit.php?lid=9952</Url>
        <Speaker>Gerry Covenhoven</Speaker>
        <Length>5.33Mb</Length>
        <Status>NOT_STARTED</Status>
        <isSermonSelected>false</isSermonSelected>
    </Sermon>
    <Sermon>
        <Title>Genesis 3</Title>
        <Url>http://www.sermonindex.net/modules/mydownloads/visit.php?lid=9955</Url>
        <Speaker>Gerry Covenhoven</Speaker>
        <Length>3.09Mb</Length>
        <Status>NOT_STARTED</Status>
        <isSermonSelected>false</isSermonSelected>
    </Sermon>
    <Sermon>
        <Title>Go Ye Into All The World</Title>
        <Url>http://www.sermonindex.net/modules/mydownloads/visit.php?lid=9956</Url>
        <Speaker>Gerry Covenhoven</Speaker>
        <Length>4.82Mb</Length>
        <Status>NOT_STARTED</Status>
        <isSermonSelected>false</isSermonSelected>
    </Sermon>
    <Sermon>
        <Title>Isaiah 1:2</Title>
        <Url>http://www.sermonindex.net/modules/mydownloads/visit.php?lid=9957</Url>
        <Speaker>Gerry Covenhoven</Speaker>
        <Length>4.26Mb</Length>
        <Status>NOT_STARTED</Status>
        <isSermonSelected>false</isSermonSelected>
    </Sermon>
    <Sermon>
        <Title>Luke 9;57 Waterloo Conference</Title>
        <Url>http://www.sermonindex.net/modules/mydownloads/visit.php?lid=9960</Url>
        <Speaker>Gerry Covenhoven</Speaker>
        <Length>5.28Mb</Length>
        <Status>NOT_STARTED</Status>
        <isSermonSelected>false</isSermonSelected>
    </Sermon>
    <Sermon>
        <Title>The Priesthood Of Believers</Title>
        <Url>http://www.sermonindex.net/modules/mydownloads/visit.php?lid=9958</Url>
        <Speaker>Gerry Covenhoven</Speaker>
        <Length>5.32Mb</Length>
        <Status>NOT_STARTED</Status>
        <isSermonSelected>false</isSermonSelected>
    </Sermon>
</Sermons>
