<?xml version="1.0" encoding="UTF-8" standalone="yes"?>
<Sermons>
    <Sermon>
        <Title>Testimony - Part 1</Title>
        <Url>http://www.sermonindex.net/modules/mydownloads/visit.php?lid=1242</Url>
        <Speaker>Gladys Aylward</Speaker>
        <Length>7.73Mb</Length>
        <Status>NOT_STARTED</Status>
        <isSermonSelected>false</isSermonSelected>
    </Sermon>
    <Sermon>
        <Title>Testimony - Part 2</Title>
        <Url>http://www.sermonindex.net/modules/mydownloads/visit.php?lid=1243</Url>
        <Speaker>Gladys Aylward</Speaker>
        <Length>7.73Mb</Length>
        <Status>NOT_STARTED</Status>
        <isSermonSelected>false</isSermonSelected>
    </Sermon>
    <Sermon>
        <Title>Testimony and Challenge</Title>
        <Url>http://www.sermonindex.net/modules/mydownloads/visit.php?lid=651</Url>
        <Speaker>Gladys Aylward</Speaker>
        <Length>20.85Mb</Length>
        <Status>NOT_STARTED</Status>
        <isSermonSelected>false</isSermonSelected>
    </Sermon>
</Sermons>
