<?xml version="1.0" encoding="UTF-8" standalone="yes"?>
<Sermons>
    <Sermon>
        <Title>Intercessory Prayer</Title>
        <Url>http://www.sermonindex.net/modules/mydownloads/visit.php?lid=4594</Url>
        <Speaker>Glenn Matthews</Speaker>
        <Length>19.9Mb</Length>
        <Status>NOT_STARTED</Status>
        <isSermonSelected>false</isSermonSelected>
    </Sermon>
    <Sermon>
        <Title>The Gospel in Genesis</Title>
        <Url>http://www.sermonindex.net/modules/mydownloads/visit.php?lid=4595</Url>
        <Speaker>Glenn Matthews</Speaker>
        <Length>14.76Mb</Length>
        <Status>NOT_STARTED</Status>
        <isSermonSelected>false</isSermonSelected>
    </Sermon>
    <Sermon>
        <Title>The Heart-Cry of Paul</Title>
        <Url>http://www.sermonindex.net/modules/mydownloads/visit.php?lid=4596</Url>
        <Speaker>Glenn Matthews</Speaker>
        <Length>20.58Mb</Length>
        <Status>NOT_STARTED</Status>
        <isSermonSelected>false</isSermonSelected>
    </Sermon>
</Sermons>
