<?xml version="1.0" encoding="UTF-8" standalone="yes"?>
<Sermons>
    <Sermon>
        <Title>(Radical Jesus) 1 Introduction</Title>
        <Url>http://www.sermonindex.net/modules/mydownloads/visit.php?lid=27450</Url>
        <Speaker>Glenn Meldrum</Speaker>
        <Length>23.31Mb</Length>
        <Status>NOT_STARTED</Status>
        <isSermonSelected>false</isSermonSelected>
    </Sermon>
    <Sermon>
        <Title>(Radical Jesus) 10 Radical Truth</Title>
        <Url>http://www.sermonindex.net/modules/mydownloads/visit.php?lid=27459</Url>
        <Speaker>Glenn Meldrum</Speaker>
        <Length>17.72Mb</Length>
        <Status>NOT_STARTED</Status>
        <isSermonSelected>false</isSermonSelected>
    </Sermon>
    <Sermon>
        <Title>(Radical Jesus) 11 Radical Humility</Title>
        <Url>http://www.sermonindex.net/modules/mydownloads/visit.php?lid=27460</Url>
        <Speaker>Glenn Meldrum</Speaker>
        <Length>14.73Mb</Length>
        <Status>NOT_STARTED</Status>
        <isSermonSelected>false</isSermonSelected>
    </Sermon>
    <Sermon>
        <Title>(Radical Jesus) 12 Radical Humility</Title>
        <Url>http://www.sermonindex.net/modules/mydownloads/visit.php?lid=27461</Url>
        <Speaker>Glenn Meldrum</Speaker>
        <Length>16.51Mb</Length>
        <Status>NOT_STARTED</Status>
        <isSermonSelected>false</isSermonSelected>
    </Sermon>
    <Sermon>
        <Title>(Radical Jesus) 13 Radical Humility</Title>
        <Url>http://www.sermonindex.net/modules/mydownloads/visit.php?lid=27462</Url>
        <Speaker>Glenn Meldrum</Speaker>
        <Length>18.17Mb</Length>
        <Status>NOT_STARTED</Status>
        <isSermonSelected>false</isSermonSelected>
    </Sermon>
    <Sermon>
        <Title>(Radical Jesus) 14 Radical Surrender</Title>
        <Url>http://www.sermonindex.net/modules/mydownloads/visit.php?lid=27463</Url>
        <Speaker>Glenn Meldrum</Speaker>
        <Length>15.82Mb</Length>
        <Status>NOT_STARTED</Status>
        <isSermonSelected>false</isSermonSelected>
    </Sermon>
    <Sermon>
        <Title>(Radical Jesus) 15 Radical Surrender</Title>
        <Url>http://www.sermonindex.net/modules/mydownloads/visit.php?lid=27464</Url>
        <Speaker>Glenn Meldrum</Speaker>
        <Length>17.76Mb</Length>
        <Status>NOT_STARTED</Status>
        <isSermonSelected>false</isSermonSelected>
    </Sermon>
    <Sermon>
        <Title>(Radical Jesus) 16 Radical Surrender</Title>
        <Url>http://www.sermonindex.net/modules/mydownloads/visit.php?lid=27465</Url>
        <Speaker>Glenn Meldrum</Speaker>
        <Length>0Kb</Length>
        <Status>NOT_STARTED</Status>
        <isSermonSelected>false</isSermonSelected>
    </Sermon>
    <Sermon>
        <Title>(Radical Jesus) 17 Radical Holiness</Title>
        <Url>http://www.sermonindex.net/modules/mydownloads/visit.php?lid=27466</Url>
        <Speaker>Glenn Meldrum</Speaker>
        <Length>18.65Mb</Length>
        <Status>NOT_STARTED</Status>
        <isSermonSelected>false</isSermonSelected>
    </Sermon>
    <Sermon>
        <Title>(Radical Jesus) 18 Radical Holiness</Title>
        <Url>http://www.sermonindex.net/modules/mydownloads/visit.php?lid=27467</Url>
        <Speaker>Glenn Meldrum</Speaker>
        <Length>18.74Mb</Length>
        <Status>NOT_STARTED</Status>
        <isSermonSelected>false</isSermonSelected>
    </Sermon>
    <Sermon>
        <Title>(Radical Jesus) 19 Radical Holiness</Title>
        <Url>http://www.sermonindex.net/modules/mydownloads/visit.php?lid=27468</Url>
        <Speaker>Glenn Meldrum</Speaker>
        <Length>19.39Mb</Length>
        <Status>NOT_STARTED</Status>
        <isSermonSelected>false</isSermonSelected>
    </Sermon>
    <Sermon>
        <Title>(Radical Jesus) 2 Radical Jesus</Title>
        <Url>http://www.sermonindex.net/modules/mydownloads/visit.php?lid=27451</Url>
        <Speaker>Glenn Meldrum</Speaker>
        <Length>26.21Mb</Length>
        <Status>NOT_STARTED</Status>
        <isSermonSelected>false</isSermonSelected>
    </Sermon>
    <Sermon>
        <Title>(Radical Jesus) 20 Radical Passion</Title>
        <Url>http://www.sermonindex.net/modules/mydownloads/visit.php?lid=27469</Url>
        <Speaker>Glenn Meldrum</Speaker>
        <Length>22.47Mb</Length>
        <Status>NOT_STARTED</Status>
        <isSermonSelected>false</isSermonSelected>
    </Sermon>
    <Sermon>
        <Title>(Radical Jesus) 21 Radical Passion</Title>
        <Url>http://www.sermonindex.net/modules/mydownloads/visit.php?lid=27470</Url>
        <Speaker>Glenn Meldrum</Speaker>
        <Length>24.69Mb</Length>
        <Status>NOT_STARTED</Status>
        <isSermonSelected>false</isSermonSelected>
    </Sermon>
    <Sermon>
        <Title>(Radical Jesus) 22 Radical Passion</Title>
        <Url>http://www.sermonindex.net/modules/mydownloads/visit.php?lid=27471</Url>
        <Speaker>Glenn Meldrum</Speaker>
        <Length>27.53Mb</Length>
        <Status>NOT_STARTED</Status>
        <isSermonSelected>false</isSermonSelected>
    </Sermon>
    <Sermon>
        <Title>(Radical Jesus) 23 Radical Sacrifice</Title>
        <Url>http://www.sermonindex.net/modules/mydownloads/visit.php?lid=27472</Url>
        <Speaker>Glenn Meldrum</Speaker>
        <Length>24.42Mb</Length>
        <Status>NOT_STARTED</Status>
        <isSermonSelected>false</isSermonSelected>
    </Sermon>
    <Sermon>
        <Title>(Radical Jesus) 24 Radical Sacrifice</Title>
        <Url>http://www.sermonindex.net/modules/mydownloads/visit.php?lid=27473</Url>
        <Speaker>Glenn Meldrum</Speaker>
        <Length>22.62Mb</Length>
        <Status>NOT_STARTED</Status>
        <isSermonSelected>false</isSermonSelected>
    </Sermon>
    <Sermon>
        <Title>(Radical Jesus) 25 Radical Sacrifice</Title>
        <Url>http://www.sermonindex.net/modules/mydownloads/visit.php?lid=27474</Url>
        <Speaker>Glenn Meldrum</Speaker>
        <Length>26.11Mb</Length>
        <Status>NOT_STARTED</Status>
        <isSermonSelected>false</isSermonSelected>
    </Sermon>
    <Sermon>
        <Title>(Radical Jesus) 26 Radical Faith</Title>
        <Url>http://www.sermonindex.net/modules/mydownloads/visit.php?lid=27475</Url>
        <Speaker>Glenn Meldrum</Speaker>
        <Length>22.8Mb</Length>
        <Status>NOT_STARTED</Status>
        <isSermonSelected>false</isSermonSelected>
    </Sermon>
    <Sermon>
        <Title>(Radical Jesus) 27 Radical Faith</Title>
        <Url>http://www.sermonindex.net/modules/mydownloads/visit.php?lid=27476</Url>
        <Speaker>Glenn Meldrum</Speaker>
        <Length>22.37Mb</Length>
        <Status>NOT_STARTED</Status>
        <isSermonSelected>false</isSermonSelected>
    </Sermon>
    <Sermon>
        <Title>(Radical Jesus) 28 Radical Faith</Title>
        <Url>http://www.sermonindex.net/modules/mydownloads/visit.php?lid=27477</Url>
        <Speaker>Glenn Meldrum</Speaker>
        <Length>22.63Mb</Length>
        <Status>NOT_STARTED</Status>
        <isSermonSelected>false</isSermonSelected>
    </Sermon>
    <Sermon>
        <Title>(Radical Jesus) 29 Radical Prayer</Title>
        <Url>http://www.sermonindex.net/modules/mydownloads/visit.php?lid=27478</Url>
        <Speaker>Glenn Meldrum</Speaker>
        <Length>18.63Mb</Length>
        <Status>NOT_STARTED</Status>
        <isSermonSelected>false</isSermonSelected>
    </Sermon>
    <Sermon>
        <Title>(Radical Jesus) 3 Radical Jesus</Title>
        <Url>http://www.sermonindex.net/modules/mydownloads/visit.php?lid=27452</Url>
        <Speaker>Glenn Meldrum</Speaker>
        <Length>23.54Mb</Length>
        <Status>NOT_STARTED</Status>
        <isSermonSelected>false</isSermonSelected>
    </Sermon>
    <Sermon>
        <Title>(Radical Jesus) 30 Radical Prayer</Title>
        <Url>http://www.sermonindex.net/modules/mydownloads/visit.php?lid=27479</Url>
        <Speaker>Glenn Meldrum</Speaker>
        <Length>23.15Mb</Length>
        <Status>NOT_STARTED</Status>
        <isSermonSelected>false</isSermonSelected>
    </Sermon>
    <Sermon>
        <Title>(Radical Jesus) 31 Radical Prayer</Title>
        <Url>http://www.sermonindex.net/modules/mydownloads/visit.php?lid=27480</Url>
        <Speaker>Glenn Meldrum</Speaker>
        <Length>23.9Mb</Length>
        <Status>NOT_STARTED</Status>
        <isSermonSelected>false</isSermonSelected>
    </Sermon>
    <Sermon>
        <Title>(Radical Jesus) 32 Radical Prayer</Title>
        <Url>http://www.sermonindex.net/modules/mydownloads/visit.php?lid=27481</Url>
        <Speaker>Glenn Meldrum</Speaker>
        <Length>24.42Mb</Length>
        <Status>NOT_STARTED</Status>
        <isSermonSelected>false</isSermonSelected>
    </Sermon>
    <Sermon>
        <Title>(Radical Jesus) 33 Radical Abiding</Title>
        <Url>http://www.sermonindex.net/modules/mydownloads/visit.php?lid=27482</Url>
        <Speaker>Glenn Meldrum</Speaker>
        <Length>25.15Mb</Length>
        <Status>NOT_STARTED</Status>
        <isSermonSelected>false</isSermonSelected>
    </Sermon>
    <Sermon>
        <Title>(Radical Jesus) 34 Radical Abiding</Title>
        <Url>http://www.sermonindex.net/modules/mydownloads/visit.php?lid=27483</Url>
        <Speaker>Glenn Meldrum</Speaker>
        <Length>24.87Mb</Length>
        <Status>NOT_STARTED</Status>
        <isSermonSelected>false</isSermonSelected>
    </Sermon>
    <Sermon>
        <Title>(Radical Jesus) 35 Radical Pursuit</Title>
        <Url>http://www.sermonindex.net/modules/mydownloads/visit.php?lid=27484</Url>
        <Speaker>Glenn Meldrum</Speaker>
        <Length>20.67Mb</Length>
        <Status>NOT_STARTED</Status>
        <isSermonSelected>false</isSermonSelected>
    </Sermon>
    <Sermon>
        <Title>(Radical Jesus) 36 Radical Pursuit</Title>
        <Url>http://www.sermonindex.net/modules/mydownloads/visit.php?lid=27485</Url>
        <Speaker>Glenn Meldrum</Speaker>
        <Length>23.87Mb</Length>
        <Status>NOT_STARTED</Status>
        <isSermonSelected>false</isSermonSelected>
    </Sermon>
    <Sermon>
        <Title>(Radical Jesus) 37 Radical Pursuit</Title>
        <Url>http://www.sermonindex.net/modules/mydownloads/visit.php?lid=27486</Url>
        <Speaker>Glenn Meldrum</Speaker>
        <Length>27.16Mb</Length>
        <Status>NOT_STARTED</Status>
        <isSermonSelected>false</isSermonSelected>
    </Sermon>
    <Sermon>
        <Title>(Radical Jesus) 38 Radical Pursuit</Title>
        <Url>http://www.sermonindex.net/modules/mydownloads/visit.php?lid=27487</Url>
        <Speaker>Glenn Meldrum</Speaker>
        <Length>22.22Mb</Length>
        <Status>NOT_STARTED</Status>
        <isSermonSelected>false</isSermonSelected>
    </Sermon>
    <Sermon>
        <Title>(Radical Jesus) 39 Radical Discipleship</Title>
        <Url>http://www.sermonindex.net/modules/mydownloads/visit.php?lid=27488</Url>
        <Speaker>Glenn Meldrum</Speaker>
        <Length>25.69Mb</Length>
        <Status>NOT_STARTED</Status>
        <isSermonSelected>false</isSermonSelected>
    </Sermon>
    <Sermon>
        <Title>(Radical Jesus) 4 Radical Plan</Title>
        <Url>http://www.sermonindex.net/modules/mydownloads/visit.php?lid=27453</Url>
        <Speaker>Glenn Meldrum</Speaker>
        <Length>28.5Mb</Length>
        <Status>NOT_STARTED</Status>
        <isSermonSelected>false</isSermonSelected>
    </Sermon>
    <Sermon>
        <Title>(Radical Jesus) 40 Radical Discipleship</Title>
        <Url>http://www.sermonindex.net/modules/mydownloads/visit.php?lid=27489</Url>
        <Speaker>Glenn Meldrum</Speaker>
        <Length>23.86Mb</Length>
        <Status>NOT_STARTED</Status>
        <isSermonSelected>false</isSermonSelected>
    </Sermon>
    <Sermon>
        <Title>(Radical Jesus) 41 Radical Discipleship</Title>
        <Url>http://www.sermonindex.net/modules/mydownloads/visit.php?lid=27490</Url>
        <Speaker>Glenn Meldrum</Speaker>
        <Length>24.73Mb</Length>
        <Status>NOT_STARTED</Status>
        <isSermonSelected>false</isSermonSelected>
    </Sermon>
    <Sermon>
        <Title>(Radical Jesus) 42 Radical Conclusion</Title>
        <Url>http://www.sermonindex.net/modules/mydownloads/visit.php?lid=27491</Url>
        <Speaker>Glenn Meldrum</Speaker>
        <Length>26.43Mb</Length>
        <Status>NOT_STARTED</Status>
        <isSermonSelected>false</isSermonSelected>
    </Sermon>
    <Sermon>
        <Title>(Radical Jesus) 5 Radical Standard</Title>
        <Url>http://www.sermonindex.net/modules/mydownloads/visit.php?lid=27454</Url>
        <Speaker>Glenn Meldrum</Speaker>
        <Length>23.52Mb</Length>
        <Status>NOT_STARTED</Status>
        <isSermonSelected>false</isSermonSelected>
    </Sermon>
    <Sermon>
        <Title>(Radical Jesus) 6 Radical Standard</Title>
        <Url>http://www.sermonindex.net/modules/mydownloads/visit.php?lid=27455</Url>
        <Speaker>Glenn Meldrum</Speaker>
        <Length>21.99Mb</Length>
        <Status>NOT_STARTED</Status>
        <isSermonSelected>false</isSermonSelected>
    </Sermon>
    <Sermon>
        <Title>(Radical Jesus) 7 Radical Standard</Title>
        <Url>http://www.sermonindex.net/modules/mydownloads/visit.php?lid=27456</Url>
        <Speaker>Glenn Meldrum</Speaker>
        <Length>18.48Mb</Length>
        <Status>NOT_STARTED</Status>
        <isSermonSelected>false</isSermonSelected>
    </Sermon>
    <Sermon>
        <Title>(Radical Jesus) 8 Radical Truth</Title>
        <Url>http://www.sermonindex.net/modules/mydownloads/visit.php?lid=27457</Url>
        <Speaker>Glenn Meldrum</Speaker>
        <Length>24.86Mb</Length>
        <Status>NOT_STARTED</Status>
        <isSermonSelected>false</isSermonSelected>
    </Sermon>
    <Sermon>
        <Title>(Radical Jesus) 9 Radical Truth</Title>
        <Url>http://www.sermonindex.net/modules/mydownloads/visit.php?lid=27458</Url>
        <Speaker>Glenn Meldrum</Speaker>
        <Length>18.76Mb</Length>
        <Status>NOT_STARTED</Status>
        <isSermonSelected>false</isSermonSelected>
    </Sermon>
    <Sermon>
        <Title>Arm of the Lord</Title>
        <Url>http://www.sermonindex.net/modules/mydownloads/visit.php?lid=17141</Url>
        <Speaker>Glenn Meldrum</Speaker>
        <Length>10.98Mb</Length>
        <Status>NOT_STARTED</Status>
        <isSermonSelected>false</isSermonSelected>
    </Sermon>
    <Sermon>
        <Title>Arm of the Lord (alternate)</Title>
        <Url>http://www.sermonindex.net/modules/mydownloads/visit.php?lid=24232</Url>
        <Speaker>Glenn Meldrum</Speaker>
        <Length>11.06Mb</Length>
        <Status>NOT_STARTED</Status>
        <isSermonSelected>false</isSermonSelected>
    </Sermon>
    <Sermon>
        <Title>As In Heaven</Title>
        <Url>http://www.sermonindex.net/modules/mydownloads/visit.php?lid=17142</Url>
        <Speaker>Glenn Meldrum</Speaker>
        <Length>0Kb</Length>
        <Status>NOT_STARTED</Status>
        <isSermonSelected>false</isSermonSelected>
    </Sermon>
    <Sermon>
        <Title>Basics of Revival</Title>
        <Url>http://www.sermonindex.net/modules/mydownloads/visit.php?lid=24234</Url>
        <Speaker>Glenn Meldrum</Speaker>
        <Length>0Kb</Length>
        <Status>NOT_STARTED</Status>
        <isSermonSelected>false</isSermonSelected>
    </Sermon>
    <Sermon>
        <Title>Beauty of God</Title>
        <Url>http://www.sermonindex.net/modules/mydownloads/visit.php?lid=24235</Url>
        <Speaker>Glenn Meldrum</Speaker>
        <Length>0Kb</Length>
        <Status>NOT_STARTED</Status>
        <isSermonSelected>false</isSermonSelected>
    </Sermon>
    <Sermon>
        <Title>Character Matters</Title>
        <Url>http://www.sermonindex.net/modules/mydownloads/visit.php?lid=24236</Url>
        <Speaker>Glenn Meldrum</Speaker>
        <Length>14.36Mb</Length>
        <Status>NOT_STARTED</Status>
        <isSermonSelected>false</isSermonSelected>
    </Sermon>
    <Sermon>
        <Title>Come up</Title>
        <Url>http://www.sermonindex.net/modules/mydownloads/visit.php?lid=17144</Url>
        <Speaker>Glenn Meldrum</Speaker>
        <Length>15.75Mb</Length>
        <Status>NOT_STARTED</Status>
        <isSermonSelected>false</isSermonSelected>
    </Sermon>
    <Sermon>
        <Title>Conquered (a message for men)</Title>
        <Url>http://www.sermonindex.net/modules/mydownloads/visit.php?lid=17145</Url>
        <Speaker>Glenn Meldrum</Speaker>
        <Length>17.84Mb</Length>
        <Status>NOT_STARTED</Status>
        <isSermonSelected>false</isSermonSelected>
    </Sermon>
    <Sermon>
        <Title>Desperate for Change (Pure Life Ministries)</Title>
        <Url>http://www.sermonindex.net/modules/mydownloads/visit.php?lid=17146</Url>
        <Speaker>Glenn Meldrum</Speaker>
        <Length>8.5Mb</Length>
        <Status>NOT_STARTED</Status>
        <isSermonSelected>false</isSermonSelected>
    </Sermon>
    <Sermon>
        <Title>Devoted</Title>
        <Url>http://www.sermonindex.net/modules/mydownloads/visit.php?lid=17147</Url>
        <Speaker>Glenn Meldrum</Speaker>
        <Length>12.94Mb</Length>
        <Status>NOT_STARTED</Status>
        <isSermonSelected>false</isSermonSelected>
    </Sermon>
    <Sermon>
        <Title>Dry Land</Title>
        <Url>http://www.sermonindex.net/modules/mydownloads/visit.php?lid=24241</Url>
        <Speaker>Glenn Meldrum</Speaker>
        <Length>13.32Mb</Length>
        <Status>NOT_STARTED</Status>
        <isSermonSelected>false</isSermonSelected>
    </Sermon>
    <Sermon>
        <Title>Extravagant Love</Title>
        <Url>http://www.sermonindex.net/modules/mydownloads/visit.php?lid=17148</Url>
        <Speaker>Glenn Meldrum</Speaker>
        <Length>16Mb</Length>
        <Status>NOT_STARTED</Status>
        <isSermonSelected>false</isSermonSelected>
    </Sermon>
    <Sermon>
        <Title>Freedom of God</Title>
        <Url>http://www.sermonindex.net/modules/mydownloads/visit.php?lid=17149</Url>
        <Speaker>Glenn Meldrum</Speaker>
        <Length>9.6Mb</Length>
        <Status>NOT_STARTED</Status>
        <isSermonSelected>false</isSermonSelected>
    </Sermon>
    <Sermon>
        <Title>God Is Not Safe</Title>
        <Url>http://www.sermonindex.net/modules/mydownloads/visit.php?lid=17150</Url>
        <Speaker>Glenn Meldrum</Speaker>
        <Length>8.29Mb</Length>
        <Status>NOT_STARTED</Status>
        <isSermonSelected>false</isSermonSelected>
    </Sermon>
    <Sermon>
        <Title>Josiah's Reform</Title>
        <Url>http://www.sermonindex.net/modules/mydownloads/visit.php?lid=17012</Url>
        <Speaker>Glenn Meldrum</Speaker>
        <Length>8.83Mb</Length>
        <Status>NOT_STARTED</Status>
        <isSermonSelected>false</isSermonSelected>
    </Sermon>
    <Sermon>
        <Title>Knowing You</Title>
        <Url>http://www.sermonindex.net/modules/mydownloads/visit.php?lid=24259</Url>
        <Speaker>Glenn Meldrum</Speaker>
        <Length>18.09Mb</Length>
        <Status>NOT_STARTED</Status>
        <isSermonSelected>false</isSermonSelected>
    </Sermon>
    <Sermon>
        <Title>Living Sacrifice</Title>
        <Url>http://www.sermonindex.net/modules/mydownloads/visit.php?lid=24258</Url>
        <Speaker>Glenn Meldrum</Speaker>
        <Length>14.68Mb</Length>
        <Status>NOT_STARTED</Status>
        <isSermonSelected>false</isSermonSelected>
    </Sermon>
    <Sermon>
        <Title>Lost Control</Title>
        <Url>http://www.sermonindex.net/modules/mydownloads/visit.php?lid=24257</Url>
        <Speaker>Glenn Meldrum</Speaker>
        <Length>13.16Mb</Length>
        <Status>NOT_STARTED</Status>
        <isSermonSelected>false</isSermonSelected>
    </Sermon>
    <Sermon>
        <Title>Mercenary Christians</Title>
        <Url>http://www.sermonindex.net/modules/mydownloads/visit.php?lid=24245</Url>
        <Speaker>Glenn Meldrum</Speaker>
        <Length>13.32Mb</Length>
        <Status>NOT_STARTED</Status>
        <isSermonSelected>false</isSermonSelected>
    </Sermon>
    <Sermon>
        <Title>Normal Christianity</Title>
        <Url>http://www.sermonindex.net/modules/mydownloads/visit.php?lid=17152</Url>
        <Speaker>Glenn Meldrum</Speaker>
        <Length>15.54Mb</Length>
        <Status>NOT_STARTED</Status>
        <isSermonSelected>false</isSermonSelected>
    </Sermon>
    <Sermon>
        <Title>Normal Christianity</Title>
        <Url>http://www.sermonindex.net/modules/mydownloads/visit.php?lid=24246</Url>
        <Speaker>Glenn Meldrum</Speaker>
        <Length>15.62Mb</Length>
        <Status>NOT_STARTED</Status>
        <isSermonSelected>false</isSermonSelected>
    </Sermon>
    <Sermon>
        <Title>Obedience</Title>
        <Url>http://www.sermonindex.net/modules/mydownloads/visit.php?lid=17153</Url>
        <Speaker>Glenn Meldrum</Speaker>
        <Length>12.97Mb</Length>
        <Status>NOT_STARTED</Status>
        <isSermonSelected>false</isSermonSelected>
    </Sermon>
    <Sermon>
        <Title>Obedience</Title>
        <Url>http://www.sermonindex.net/modules/mydownloads/visit.php?lid=24244</Url>
        <Speaker>Glenn Meldrum</Speaker>
        <Length>13.04Mb</Length>
        <Status>NOT_STARTED</Status>
        <isSermonSelected>false</isSermonSelected>
    </Sermon>
    <Sermon>
        <Title>Parasites</Title>
        <Url>http://www.sermonindex.net/modules/mydownloads/visit.php?lid=24254</Url>
        <Speaker>Glenn Meldrum</Speaker>
        <Length>11.66Mb</Length>
        <Status>NOT_STARTED</Status>
        <isSermonSelected>false</isSermonSelected>
    </Sermon>
    <Sermon>
        <Title>Radical Christianity</Title>
        <Url>http://www.sermonindex.net/modules/mydownloads/visit.php?lid=17011</Url>
        <Speaker>Glenn Meldrum</Speaker>
        <Length>8.49Mb</Length>
        <Status>NOT_STARTED</Status>
        <isSermonSelected>false</isSermonSelected>
    </Sermon>
    <Sermon>
        <Title>Radical Christianity</Title>
        <Url>http://www.sermonindex.net/modules/mydownloads/visit.php?lid=24255</Url>
        <Speaker>Glenn Meldrum</Speaker>
        <Length>8.55Mb</Length>
        <Status>NOT_STARTED</Status>
        <isSermonSelected>false</isSermonSelected>
    </Sermon>
    <Sermon>
        <Title>Resident Aliens</Title>
        <Url>http://www.sermonindex.net/modules/mydownloads/visit.php?lid=17154</Url>
        <Speaker>Glenn Meldrum</Speaker>
        <Length>15.78Mb</Length>
        <Status>NOT_STARTED</Status>
        <isSermonSelected>false</isSermonSelected>
    </Sermon>
    <Sermon>
        <Title>Resident Aliens</Title>
        <Url>http://www.sermonindex.net/modules/mydownloads/visit.php?lid=24256</Url>
        <Speaker>Glenn Meldrum</Speaker>
        <Length>15.84Mb</Length>
        <Status>NOT_STARTED</Status>
        <isSermonSelected>false</isSermonSelected>
    </Sermon>
    <Sermon>
        <Title>Ruin of a Christian</Title>
        <Url>http://www.sermonindex.net/modules/mydownloads/visit.php?lid=24253</Url>
        <Speaker>Glenn Meldrum</Speaker>
        <Length>13.75Mb</Length>
        <Status>NOT_STARTED</Status>
        <isSermonSelected>false</isSermonSelected>
    </Sermon>
    <Sermon>
        <Title>Spiritual Leadership</Title>
        <Url>http://www.sermonindex.net/modules/mydownloads/visit.php?lid=24247</Url>
        <Speaker>Glenn Meldrum</Speaker>
        <Length>12.1Mb</Length>
        <Status>NOT_STARTED</Status>
        <isSermonSelected>false</isSermonSelected>
    </Sermon>
    <Sermon>
        <Title>Spiritual Leadership (Pure Life Ministries)</Title>
        <Url>http://www.sermonindex.net/modules/mydownloads/visit.php?lid=17155</Url>
        <Speaker>Glenn Meldrum</Speaker>
        <Length>12.02Mb</Length>
        <Status>NOT_STARTED</Status>
        <isSermonSelected>false</isSermonSelected>
    </Sermon>
    <Sermon>
        <Title>The Church Triumphant</Title>
        <Url>http://www.sermonindex.net/modules/mydownloads/visit.php?lid=17010</Url>
        <Speaker>Glenn Meldrum</Speaker>
        <Length>8.59Mb</Length>
        <Status>NOT_STARTED</Status>
        <isSermonSelected>false</isSermonSelected>
    </Sermon>
    <Sermon>
        <Title>The Church Triumphant</Title>
        <Url>http://www.sermonindex.net/modules/mydownloads/visit.php?lid=24248</Url>
        <Speaker>Glenn Meldrum</Speaker>
        <Length>8.64Mb</Length>
        <Status>NOT_STARTED</Status>
        <isSermonSelected>false</isSermonSelected>
    </Sermon>
    <Sermon>
        <Title>The Most Excellent Way</Title>
        <Url>http://www.sermonindex.net/modules/mydownloads/visit.php?lid=24249</Url>
        <Speaker>Glenn Meldrum</Speaker>
        <Length>13.52Mb</Length>
        <Status>NOT_STARTED</Status>
        <isSermonSelected>false</isSermonSelected>
    </Sermon>
    <Sermon>
        <Title>Time For War</Title>
        <Url>http://www.sermonindex.net/modules/mydownloads/visit.php?lid=24250</Url>
        <Speaker>Glenn Meldrum</Speaker>
        <Length>14.32Mb</Length>
        <Status>NOT_STARTED</Status>
        <isSermonSelected>false</isSermonSelected>
    </Sermon>
    <Sermon>
        <Title>Unveiled</Title>
        <Url>http://www.sermonindex.net/modules/mydownloads/visit.php?lid=24251</Url>
        <Speaker>Glenn Meldrum</Speaker>
        <Length>11.4Mb</Length>
        <Status>NOT_STARTED</Status>
        <isSermonSelected>false</isSermonSelected>
    </Sermon>
    <Sermon>
        <Title>What Can The Righteous Do</Title>
        <Url>http://www.sermonindex.net/modules/mydownloads/visit.php?lid=24252</Url>
        <Speaker>Glenn Meldrum</Speaker>
        <Length>14.29Mb</Length>
        <Status>NOT_STARTED</Status>
        <isSermonSelected>false</isSermonSelected>
    </Sermon>
</Sermons>
