<?xml version="1.0" encoding="UTF-8" standalone="yes"?>
<Sermons>
    <Sermon>
        <Title>Mormonism 01</Title>
        <Url>http://www.sermonindex.net/modules/mydownloads/visit.php?lid=10444</Url>
        <Speaker>Gordon Fraser</Speaker>
        <Length>5.04Mb</Length>
        <Status>NOT_STARTED</Status>
        <isSermonSelected>false</isSermonSelected>
    </Sermon>
    <Sermon>
        <Title>Mormonism 02</Title>
        <Url>http://www.sermonindex.net/modules/mydownloads/visit.php?lid=10445</Url>
        <Speaker>Gordon Fraser</Speaker>
        <Length>5.11Mb</Length>
        <Status>NOT_STARTED</Status>
        <isSermonSelected>false</isSermonSelected>
    </Sermon>
    <Sermon>
        <Title>Mormonism 03</Title>
        <Url>http://www.sermonindex.net/modules/mydownloads/visit.php?lid=10446</Url>
        <Speaker>Gordon Fraser</Speaker>
        <Length>4.52Mb</Length>
        <Status>NOT_STARTED</Status>
        <isSermonSelected>false</isSermonSelected>
    </Sermon>
    <Sermon>
        <Title>Mormonism 04</Title>
        <Url>http://www.sermonindex.net/modules/mydownloads/visit.php?lid=10447</Url>
        <Speaker>Gordon Fraser</Speaker>
        <Length>5.02Mb</Length>
        <Status>NOT_STARTED</Status>
        <isSermonSelected>false</isSermonSelected>
    </Sermon>
    <Sermon>
        <Title>Mormonism 05</Title>
        <Url>http://www.sermonindex.net/modules/mydownloads/visit.php?lid=10448</Url>
        <Speaker>Gordon Fraser</Speaker>
        <Length>4.61Mb</Length>
        <Status>NOT_STARTED</Status>
        <isSermonSelected>false</isSermonSelected>
    </Sermon>
    <Sermon>
        <Title>Mormonism 06</Title>
        <Url>http://www.sermonindex.net/modules/mydownloads/visit.php?lid=10449</Url>
        <Speaker>Gordon Fraser</Speaker>
        <Length>5Mb</Length>
        <Status>NOT_STARTED</Status>
        <isSermonSelected>false</isSermonSelected>
    </Sermon>
    <Sermon>
        <Title>Mormonism 07</Title>
        <Url>http://www.sermonindex.net/modules/mydownloads/visit.php?lid=10450</Url>
        <Speaker>Gordon Fraser</Speaker>
        <Length>4.69Mb</Length>
        <Status>NOT_STARTED</Status>
        <isSermonSelected>false</isSermonSelected>
    </Sermon>
    <Sermon>
        <Title>Mormonism 08</Title>
        <Url>http://www.sermonindex.net/modules/mydownloads/visit.php?lid=10451</Url>
        <Speaker>Gordon Fraser</Speaker>
        <Length>4.98Mb</Length>
        <Status>NOT_STARTED</Status>
        <isSermonSelected>false</isSermonSelected>
    </Sermon>
    <Sermon>
        <Title>Mormonism 09</Title>
        <Url>http://www.sermonindex.net/modules/mydownloads/visit.php?lid=10452</Url>
        <Speaker>Gordon Fraser</Speaker>
        <Length>4.2Mb</Length>
        <Status>NOT_STARTED</Status>
        <isSermonSelected>false</isSermonSelected>
    </Sermon>
    <Sermon>
        <Title>Mormonism 10</Title>
        <Url>http://www.sermonindex.net/modules/mydownloads/visit.php?lid=10453</Url>
        <Speaker>Gordon Fraser</Speaker>
        <Length>4.69Mb</Length>
        <Status>NOT_STARTED</Status>
        <isSermonSelected>false</isSermonSelected>
    </Sermon>
</Sermons>
