<?xml version="1.0" encoding="UTF-8" standalone="yes"?>
<Sermons>
    <Sermon>
        <Title>Encounter with God - Session 1</Title>
        <Url>http://www.sermonindex.net/modules/mydownloads/visit.php?lid=18551</Url>
        <Speaker>Greg Frizzell</Speaker>
        <Length>12.96Mb</Length>
        <Status>NOT_STARTED</Status>
        <isSermonSelected>false</isSermonSelected>
    </Sermon>
    <Sermon>
        <Title>Encounter with God - Session 2</Title>
        <Url>http://www.sermonindex.net/modules/mydownloads/visit.php?lid=18552</Url>
        <Speaker>Greg Frizzell</Speaker>
        <Length>11.7Mb</Length>
        <Status>NOT_STARTED</Status>
        <isSermonSelected>false</isSermonSelected>
    </Sermon>
    <Sermon>
        <Title>Encounter with God - Session 3</Title>
        <Url>http://www.sermonindex.net/modules/mydownloads/visit.php?lid=18553</Url>
        <Speaker>Greg Frizzell</Speaker>
        <Length>12.26Mb</Length>
        <Status>NOT_STARTED</Status>
        <isSermonSelected>false</isSermonSelected>
    </Sermon>
    <Sermon>
        <Title>Encounter with God - Session 4</Title>
        <Url>http://www.sermonindex.net/modules/mydownloads/visit.php?lid=18554</Url>
        <Speaker>Greg Frizzell</Speaker>
        <Length>17.22Mb</Length>
        <Status>NOT_STARTED</Status>
        <isSermonSelected>false</isSermonSelected>
    </Sermon>
</Sermons>
