<?xml version="1.0" encoding="UTF-8" standalone="yes"?>
<Sermons>
    <Sermon>
        <Title>How to Effectively Resist Temptation</Title>
        <Url>http://www.sermonindex.net/modules/mydownloads/visit.php?lid=5341</Url>
        <Speaker>Greg Laurie</Speaker>
        <Length>11.62Mb</Length>
        <Status>NOT_STARTED</Status>
        <isSermonSelected>false</isSermonSelected>
    </Sermon>
    <Sermon>
        <Title>The Danger Of A Compromised Life</Title>
        <Url>http://www.sermonindex.net/modules/mydownloads/visit.php?lid=20006</Url>
        <Speaker>Greg Laurie</Speaker>
        <Length>14.05Mb</Length>
        <Status>NOT_STARTED</Status>
        <isSermonSelected>false</isSermonSelected>
    </Sermon>
    <Sermon>
        <Title>Weathering the Storm</Title>
        <Url>http://www.sermonindex.net/modules/mydownloads/visit.php?lid=5356</Url>
        <Speaker>Greg Laurie</Speaker>
        <Length>10.05Mb</Length>
        <Status>NOT_STARTED</Status>
        <isSermonSelected>false</isSermonSelected>
    </Sermon>
    <Sermon>
        <Title>What is a Christian?</Title>
        <Url>http://www.sermonindex.net/modules/mydownloads/visit.php?lid=5342</Url>
        <Speaker>Greg Laurie</Speaker>
        <Length>10.62Mb</Length>
        <Status>NOT_STARTED</Status>
        <isSermonSelected>false</isSermonSelected>
    </Sermon>
</Sermons>
