<?xml version="1.0" encoding="UTF-8" standalone="yes"?>
<Sermons>
    <Sermon>
        <Title>I Sought the Lord</Title>
        <Url>http://www.sermonindex.net/modules/mydownloads/visit.php?lid=16349</Url>
        <Speaker>Guitar Hymns</Speaker>
        <Length>3.28Mb</Length>
        <Status>ALREADY_DONE</Status>
        <isSermonSelected>false</isSermonSelected>
    </Sermon>
    <Sermon>
        <Title>O God Of Earth And Altar</Title>
        <Url>http://www.sermonindex.net/modules/mydownloads/visit.php?lid=18526</Url>
        <Speaker>Guitar Hymns</Speaker>
        <Length>3.53Mb</Length>
        <Status>ALREADY_DONE</Status>
        <isSermonSelected>false</isSermonSelected>
    </Sermon>
    <Sermon>
        <Title>On Jordan's Stormy Banks</Title>
        <Url>http://www.sermonindex.net/modules/mydownloads/visit.php?lid=18533</Url>
        <Speaker>Guitar Hymns</Speaker>
        <Length>3.16Mb</Length>
        <Status>ALREADY_DONE</Status>
        <isSermonSelected>false</isSermonSelected>
    </Sermon>
    <Sermon>
        <Title>Poor Sinner, Dejected With Fear</Title>
        <Url>http://www.sermonindex.net/modules/mydownloads/visit.php?lid=18534</Url>
        <Speaker>Guitar Hymns</Speaker>
        <Length>3.43Mb</Length>
        <Status>ALREADY_DONE</Status>
        <isSermonSelected>false</isSermonSelected>
    </Sermon>
    <Sermon>
        <Title>Precious Hands</Title>
        <Url>http://www.sermonindex.net/modules/mydownloads/visit.php?lid=16350</Url>
        <Speaker>Guitar Hymns</Speaker>
        <Length>3.71Mb</Length>
        <Status>ALREADY_DONE</Status>
        <isSermonSelected>false</isSermonSelected>
    </Sermon>
    <Sermon>
        <Title>Rock of Ages</Title>
        <Url>http://www.sermonindex.net/modules/mydownloads/visit.php?lid=16351</Url>
        <Speaker>Guitar Hymns</Speaker>
        <Length>3.56Mb</Length>
        <Status>ALREADY_DONE</Status>
        <isSermonSelected>false</isSermonSelected>
    </Sermon>
    <Sermon>
        <Title>The Stranger Of Galilee</Title>
        <Url>http://www.sermonindex.net/modules/mydownloads/visit.php?lid=18525</Url>
        <Speaker>Guitar Hymns</Speaker>
        <Length>4.79Mb</Length>
        <Status>ALREADY_DONE</Status>
        <isSermonSelected>false</isSermonSelected>
    </Sermon>
    <Sermon>
        <Title>Thou True Vine</Title>
        <Url>http://www.sermonindex.net/modules/mydownloads/visit.php?lid=16352</Url>
        <Speaker>Guitar Hymns</Speaker>
        <Length>2.32Mb</Length>
        <Status>ALREADY_DONE</Status>
        <isSermonSelected>false</isSermonSelected>
    </Sermon>
</Sermons>
