<?xml version="1.0" encoding="UTF-8" standalone="yes"?>
<Sermons>
    <Sermon>
        <Title>Becoming Who You Are</Title>
        <Url>http://www.sermonindex.net/modules/mydownloads/visit.php?lid=3884</Url>
        <Speaker>Hal Lindsey</Speaker>
        <Length>14.64Mb</Length>
        <Status>NOT_STARTED</Status>
        <isSermonSelected>false</isSermonSelected>
    </Sermon>
    <Sermon>
        <Title>Circumstantial Evidences of the Resurrection</Title>
        <Url>http://www.sermonindex.net/modules/mydownloads/visit.php?lid=3885</Url>
        <Speaker>Hal Lindsey</Speaker>
        <Length>10.43Mb</Length>
        <Status>NOT_STARTED</Status>
        <isSermonSelected>false</isSermonSelected>
    </Sermon>
    <Sermon>
        <Title>Judgements of God</Title>
        <Url>http://www.sermonindex.net/modules/mydownloads/visit.php?lid=2827</Url>
        <Speaker>Hal Lindsey</Speaker>
        <Length>18.98Mb</Length>
        <Status>NOT_STARTED</Status>
        <isSermonSelected>false</isSermonSelected>
    </Sermon>
    <Sermon>
        <Title>Satan is Alive and Well</Title>
        <Url>http://www.sermonindex.net/modules/mydownloads/visit.php?lid=3882</Url>
        <Speaker>Hal Lindsey</Speaker>
        <Length>19.66Mb</Length>
        <Status>NOT_STARTED</Status>
        <isSermonSelected>false</isSermonSelected>
    </Sermon>
    <Sermon>
        <Title>Things to come and the Way to Escape</Title>
        <Url>http://www.sermonindex.net/modules/mydownloads/visit.php?lid=2826</Url>
        <Speaker>Hal Lindsey</Speaker>
        <Length>21.15Mb</Length>
        <Status>NOT_STARTED</Status>
        <isSermonSelected>false</isSermonSelected>
    </Sermon>
</Sermons>
