<?xml version="1.0" encoding="UTF-8" standalone="yes"?>
<Sermons>
    <Sermon>
        <Title>(The Christian's Secret) 01 - Is It Scriptural?</Title>
        <Url>http://www.sermonindex.net/modules/mydownloads/visit.php?lid=27324</Url>
        <Speaker>Hannah Whitall Smith</Speaker>
        <Length>20.16Mb</Length>
        <Status>NOT_STARTED</Status>
        <isSermonSelected>false</isSermonSelected>
    </Sermon>
    <Sermon>
        <Title>(The Christian's Secret) 02 - God's Side and Man's Side</Title>
        <Url>http://www.sermonindex.net/modules/mydownloads/visit.php?lid=27328</Url>
        <Speaker>Hannah Whitall Smith</Speaker>
        <Length>19.59Mb</Length>
        <Status>NOT_STARTED</Status>
        <isSermonSelected>false</isSermonSelected>
    </Sermon>
    <Sermon>
        <Title>(The Christian's Secret) 03 - The Life Defined</Title>
        <Url>http://www.sermonindex.net/modules/mydownloads/visit.php?lid=27329</Url>
        <Speaker>Hannah Whitall Smith</Speaker>
        <Length>14.5Mb</Length>
        <Status>NOT_STARTED</Status>
        <isSermonSelected>false</isSermonSelected>
    </Sermon>
    <Sermon>
        <Title>(The Christian's Secret) 04 - How to Enter in</Title>
        <Url>http://www.sermonindex.net/modules/mydownloads/visit.php?lid=27330</Url>
        <Speaker>Hannah Whitall Smith</Speaker>
        <Length>20.21Mb</Length>
        <Status>NOT_STARTED</Status>
        <isSermonSelected>false</isSermonSelected>
    </Sermon>
    <Sermon>
        <Title>(The Christian's Secret) 05 - Difficulties concerning Consecration</Title>
        <Url>http://www.sermonindex.net/modules/mydownloads/visit.php?lid=27331</Url>
        <Speaker>Hannah Whitall Smith</Speaker>
        <Length>17.97Mb</Length>
        <Status>NOT_STARTED</Status>
        <isSermonSelected>false</isSermonSelected>
    </Sermon>
    <Sermon>
        <Title>(The Christian's Secret) 06 - Difficulties concerning Faith</Title>
        <Url>http://www.sermonindex.net/modules/mydownloads/visit.php?lid=27332</Url>
        <Speaker>Hannah Whitall Smith</Speaker>
        <Length>17.48Mb</Length>
        <Status>NOT_STARTED</Status>
        <isSermonSelected>false</isSermonSelected>
    </Sermon>
    <Sermon>
        <Title>(The Christian's Secret) 07 - Difficulties concerning the Will</Title>
        <Url>http://www.sermonindex.net/modules/mydownloads/visit.php?lid=27333</Url>
        <Speaker>Hannah Whitall Smith</Speaker>
        <Length>22.19Mb</Length>
        <Status>NOT_STARTED</Status>
        <isSermonSelected>false</isSermonSelected>
    </Sermon>
    <Sermon>
        <Title>(The Christian's Secret) 08 - Difficulties concerning Guidance</Title>
        <Url>http://www.sermonindex.net/modules/mydownloads/visit.php?lid=27334</Url>
        <Speaker>Hannah Whitall Smith</Speaker>
        <Length>26.16Mb</Length>
        <Status>NOT_STARTED</Status>
        <isSermonSelected>false</isSermonSelected>
    </Sermon>
    <Sermon>
        <Title>(The Christian's Secret) 09 - Difficulties concerning Doubts</Title>
        <Url>http://www.sermonindex.net/modules/mydownloads/visit.php?lid=27335</Url>
        <Speaker>Hannah Whitall Smith</Speaker>
        <Length>19.17Mb</Length>
        <Status>NOT_STARTED</Status>
        <isSermonSelected>false</isSermonSelected>
    </Sermon>
    <Sermon>
        <Title>(The Christian's Secret) 10 - Difficulties concerning Temptation</Title>
        <Url>http://www.sermonindex.net/modules/mydownloads/visit.php?lid=27336</Url>
        <Speaker>Hannah Whitall Smith</Speaker>
        <Length>14.74Mb</Length>
        <Status>NOT_STARTED</Status>
        <isSermonSelected>false</isSermonSelected>
    </Sermon>
    <Sermon>
        <Title>(The Christian's Secret) 11 - Difficulties concerning Failures</Title>
        <Url>http://www.sermonindex.net/modules/mydownloads/visit.php?lid=27337</Url>
        <Speaker>Hannah Whitall Smith</Speaker>
        <Length>23.71Mb</Length>
        <Status>NOT_STARTED</Status>
        <isSermonSelected>false</isSermonSelected>
    </Sermon>
    <Sermon>
        <Title>(The Christian's Secret) 12 - Is God in Everything?</Title>
        <Url>http://www.sermonindex.net/modules/mydownloads/visit.php?lid=27338</Url>
        <Speaker>Hannah Whitall Smith</Speaker>
        <Length>14.33Mb</Length>
        <Status>NOT_STARTED</Status>
        <isSermonSelected>false</isSermonSelected>
    </Sermon>
    <Sermon>
        <Title>(The Christian's Secret) 13 - Bondage or Liberty</Title>
        <Url>http://www.sermonindex.net/modules/mydownloads/visit.php?lid=27339</Url>
        <Speaker>Hannah Whitall Smith</Speaker>
        <Length>25.58Mb</Length>
        <Status>NOT_STARTED</Status>
        <isSermonSelected>false</isSermonSelected>
    </Sermon>
    <Sermon>
        <Title>(The Christian's Secret) 14 - Growth</Title>
        <Url>http://www.sermonindex.net/modules/mydownloads/visit.php?lid=27340</Url>
        <Speaker>Hannah Whitall Smith</Speaker>
        <Length>25.9Mb</Length>
        <Status>NOT_STARTED</Status>
        <isSermonSelected>false</isSermonSelected>
    </Sermon>
    <Sermon>
        <Title>(The Christian's Secret) 15 - Service</Title>
        <Url>http://www.sermonindex.net/modules/mydownloads/visit.php?lid=27341</Url>
        <Speaker>Hannah Whitall Smith</Speaker>
        <Length>22.44Mb</Length>
        <Status>NOT_STARTED</Status>
        <isSermonSelected>false</isSermonSelected>
    </Sermon>
    <Sermon>
        <Title>(The Christian's Secret) 16 - Practical Results in Daily Life</Title>
        <Url>http://www.sermonindex.net/modules/mydownloads/visit.php?lid=27342</Url>
        <Speaker>Hannah Whitall Smith</Speaker>
        <Length>21.27Mb</Length>
        <Status>NOT_STARTED</Status>
        <isSermonSelected>false</isSermonSelected>
    </Sermon>
    <Sermon>
        <Title>(The Christian's Secret) 17 - The Joy of Obedience</Title>
        <Url>http://www.sermonindex.net/modules/mydownloads/visit.php?lid=27343</Url>
        <Speaker>Hannah Whitall Smith</Speaker>
        <Length>17.31Mb</Length>
        <Status>NOT_STARTED</Status>
        <isSermonSelected>false</isSermonSelected>
    </Sermon>
    <Sermon>
        <Title>(The Christian's Secret) 18 - Divine Union</Title>
        <Url>http://www.sermonindex.net/modules/mydownloads/visit.php?lid=27344</Url>
        <Speaker>Hannah Whitall Smith</Speaker>
        <Length>18.6Mb</Length>
        <Status>NOT_STARTED</Status>
        <isSermonSelected>false</isSermonSelected>
    </Sermon>
    <Sermon>
        <Title>(The Christian's Secret) 19 - The Chariots of God</Title>
        <Url>http://www.sermonindex.net/modules/mydownloads/visit.php?lid=27345</Url>
        <Speaker>Hannah Whitall Smith</Speaker>
        <Length>16.98Mb</Length>
        <Status>NOT_STARTED</Status>
        <isSermonSelected>false</isSermonSelected>
    </Sermon>
    <Sermon>
        <Title>(The Christian's Secret) 20 - The Life on Wings</Title>
        <Url>http://www.sermonindex.net/modules/mydownloads/visit.php?lid=27346</Url>
        <Speaker>Hannah Whitall Smith</Speaker>
        <Length>21.06Mb</Length>
        <Status>NOT_STARTED</Status>
        <isSermonSelected>false</isSermonSelected>
    </Sermon>
</Sermons>
