<?xml version="1.0" encoding="UTF-8" standalone="yes"?>
<Sermons>
    <Sermon>
        <Title>"Ye shall be as gods. That was not Christs ambition</Title>
        <Url>http://www.sermonindex.net/modules/mydownloads/visit.php?lid=22546</Url>
        <Speaker>Hans R. Waldvogel</Speaker>
        <Length>5.86Mb</Length>
        <Status>NOT_STARTED</Status>
        <isSermonSelected>false</isSermonSelected>
    </Sermon>
    <Sermon>
        <Title>A Conscience Void of Offence</Title>
        <Url>http://www.sermonindex.net/modules/mydownloads/visit.php?lid=22503</Url>
        <Speaker>Hans R. Waldvogel</Speaker>
        <Length>5.21Mb</Length>
        <Status>NOT_STARTED</Status>
        <isSermonSelected>false</isSermonSelected>
    </Sermon>
    <Sermon>
        <Title>Abandonment</Title>
        <Url>http://www.sermonindex.net/modules/mydownloads/visit.php?lid=22683</Url>
        <Speaker>Hans R. Waldvogel</Speaker>
        <Length>6.73Mb</Length>
        <Status>NOT_STARTED</Status>
        <isSermonSelected>false</isSermonSelected>
    </Sermon>
    <Sermon>
        <Title>Abiding  I John 2:28</Title>
        <Url>http://www.sermonindex.net/modules/mydownloads/visit.php?lid=22665</Url>
        <Speaker>Hans R. Waldvogel</Speaker>
        <Length>6.18Mb</Length>
        <Status>NOT_STARTED</Status>
        <isSermonSelected>false</isSermonSelected>
    </Sermon>
    <Sermon>
        <Title>Are you a living epistle?</Title>
        <Url>http://www.sermonindex.net/modules/mydownloads/visit.php?lid=22678</Url>
        <Speaker>Hans R. Waldvogel</Speaker>
        <Length>7.17Mb</Length>
        <Status>NOT_STARTED</Status>
        <isSermonSelected>false</isSermonSelected>
    </Sermon>
    <Sermon>
        <Title>Be diligent to get alone with God</Title>
        <Url>http://www.sermonindex.net/modules/mydownloads/visit.php?lid=22512</Url>
        <Speaker>Hans R. Waldvogel</Speaker>
        <Length>5.31Mb</Length>
        <Status>NOT_STARTED</Status>
        <isSermonSelected>false</isSermonSelected>
    </Sermon>
    <Sermon>
        <Title>Be My Strong Habitation</Title>
        <Url>http://www.sermonindex.net/modules/mydownloads/visit.php?lid=22641</Url>
        <Speaker>Hans R. Waldvogel</Speaker>
        <Length>5.61Mb</Length>
        <Status>NOT_STARTED</Status>
        <isSermonSelected>false</isSermonSelected>
    </Sermon>
    <Sermon>
        <Title>Become an inward Christian</Title>
        <Url>http://www.sermonindex.net/modules/mydownloads/visit.php?lid=22650</Url>
        <Speaker>Hans R. Waldvogel</Speaker>
        <Length>7.38Mb</Length>
        <Status>NOT_STARTED</Status>
        <isSermonSelected>false</isSermonSelected>
    </Sermon>
    <Sermon>
        <Title>Become transparent through conviction</Title>
        <Url>http://www.sermonindex.net/modules/mydownloads/visit.php?lid=22653</Url>
        <Speaker>Hans R. Waldvogel</Speaker>
        <Length>5.87Mb</Length>
        <Status>NOT_STARTED</Status>
        <isSermonSelected>false</isSermonSelected>
    </Sermon>
    <Sermon>
        <Title>Being Filled with the Spirit</Title>
        <Url>http://www.sermonindex.net/modules/mydownloads/visit.php?lid=22611</Url>
        <Speaker>Hans R. Waldvogel</Speaker>
        <Length>7.03Mb</Length>
        <Status>NOT_STARTED</Status>
        <isSermonSelected>false</isSermonSelected>
    </Sermon>
    <Sermon>
        <Title>Casting All Your Care upon Him</Title>
        <Url>http://www.sermonindex.net/modules/mydownloads/visit.php?lid=22416</Url>
        <Speaker>Hans R. Waldvogel</Speaker>
        <Length>4.04Mb</Length>
        <Status>NOT_STARTED</Status>
        <isSermonSelected>false</isSermonSelected>
    </Sermon>
    <Sermon>
        <Title>Choose your overcomer: Christ or the flesh</Title>
        <Url>http://www.sermonindex.net/modules/mydownloads/visit.php?lid=22645</Url>
        <Speaker>Hans R. Waldvogel</Speaker>
        <Length>7.13Mb</Length>
        <Status>NOT_STARTED</Status>
        <isSermonSelected>false</isSermonSelected>
    </Sermon>
    <Sermon>
        <Title>Christ in Me</Title>
        <Url>http://www.sermonindex.net/modules/mydownloads/visit.php?lid=22410</Url>
        <Speaker>Hans R. Waldvogel</Speaker>
        <Length>5.82Mb</Length>
        <Status>NOT_STARTED</Status>
        <isSermonSelected>false</isSermonSelected>
    </Sermon>
    <Sermon>
        <Title>Christ, Our Indwelling Sanctifier</Title>
        <Url>http://www.sermonindex.net/modules/mydownloads/visit.php?lid=22612</Url>
        <Speaker>Hans R. Waldvogel</Speaker>
        <Length>5.6Mb</Length>
        <Status>NOT_STARTED</Status>
        <isSermonSelected>false</isSermonSelected>
    </Sermon>
    <Sermon>
        <Title>Christians are dying, no longer seeing or hearing Christ</Title>
        <Url>http://www.sermonindex.net/modules/mydownloads/visit.php?lid=22634</Url>
        <Speaker>Hans R. Waldvogel</Speaker>
        <Length>6.75Mb</Length>
        <Status>NOT_STARTED</Status>
        <isSermonSelected>false</isSermonSelected>
    </Sermon>
    <Sermon>
        <Title>Christmas Talk</Title>
        <Url>http://www.sermonindex.net/modules/mydownloads/visit.php?lid=22642</Url>
        <Speaker>Hans R. Waldvogel</Speaker>
        <Length>3.15Mb</Length>
        <Status>NOT_STARTED</Status>
        <isSermonSelected>false</isSermonSelected>
    </Sermon>
    <Sermon>
        <Title>Communion: He comes to fill us with His love and make us like Himself</Title>
        <Url>http://www.sermonindex.net/modules/mydownloads/visit.php?lid=22656</Url>
        <Speaker>Hans R. Waldvogel</Speaker>
        <Length>4.66Mb</Length>
        <Status>NOT_STARTED</Status>
        <isSermonSelected>false</isSermonSelected>
    </Sermon>
    <Sermon>
        <Title>Confidence</Title>
        <Url>http://www.sermonindex.net/modules/mydownloads/visit.php?lid=22409</Url>
        <Speaker>Hans R. Waldvogel</Speaker>
        <Length>4.42Mb</Length>
        <Status>NOT_STARTED</Status>
        <isSermonSelected>false</isSermonSelected>
    </Sermon>
    <Sermon>
        <Title>Delight Thyself in the Lord</Title>
        <Url>http://www.sermonindex.net/modules/mydownloads/visit.php?lid=22501</Url>
        <Speaker>Hans R. Waldvogel</Speaker>
        <Length>4.15Mb</Length>
        <Status>NOT_STARTED</Status>
        <isSermonSelected>false</isSermonSelected>
    </Sermon>
    <Sermon>
        <Title>Desiring the Sincere Milk of the Word</Title>
        <Url>http://www.sermonindex.net/modules/mydownloads/visit.php?lid=22510</Url>
        <Speaker>Hans R. Waldvogel</Speaker>
        <Length>6.3Mb</Length>
        <Status>NOT_STARTED</Status>
        <isSermonSelected>false</isSermonSelected>
    </Sermon>
    <Sermon>
        <Title>Divine Healing</Title>
        <Url>http://www.sermonindex.net/modules/mydownloads/visit.php?lid=22648</Url>
        <Speaker>Hans R. Waldvogel</Speaker>
        <Length>11.07Mb</Length>
        <Status>NOT_STARTED</Status>
        <isSermonSelected>false</isSermonSelected>
    </Sermon>
    <Sermon>
        <Title>Do this in remembrance of Me Forget not all His benefits</Title>
        <Url>http://www.sermonindex.net/modules/mydownloads/visit.php?lid=22614</Url>
        <Speaker>Hans R. Waldvogel</Speaker>
        <Length>5.96Mb</Length>
        <Status>NOT_STARTED</Status>
        <isSermonSelected>false</isSermonSelected>
    </Sermon>
    <Sermon>
        <Title>Dont fool yourself. Find out how it really stands with your soul</Title>
        <Url>http://www.sermonindex.net/modules/mydownloads/visit.php?lid=22669</Url>
        <Speaker>Hans R. Waldvogel</Speaker>
        <Length>9.14Mb</Length>
        <Status>NOT_STARTED</Status>
        <isSermonSelected>false</isSermonSelected>
    </Sermon>
    <Sermon>
        <Title>Dont leave your first love</Title>
        <Url>http://www.sermonindex.net/modules/mydownloads/visit.php?lid=22679</Url>
        <Speaker>Hans R. Waldvogel</Speaker>
        <Length>9.21Mb</Length>
        <Status>NOT_STARTED</Status>
        <isSermonSelected>false</isSermonSelected>
    </Sermon>
    <Sermon>
        <Title>Draw near to your Father as a dear child</Title>
        <Url>http://www.sermonindex.net/modules/mydownloads/visit.php?lid=22655</Url>
        <Speaker>Hans R. Waldvogel</Speaker>
        <Length>7.13Mb</Length>
        <Status>NOT_STARTED</Status>
        <isSermonSelected>false</isSermonSelected>
    </Sermon>
    <Sermon>
        <Title>Encouragement to Praise</Title>
        <Url>http://www.sermonindex.net/modules/mydownloads/visit.php?lid=22537</Url>
        <Speaker>Hans R. Waldvogel</Speaker>
        <Length>8.24Mb</Length>
        <Status>NOT_STARTED</Status>
        <isSermonSelected>false</isSermonSelected>
    </Sermon>
    <Sermon>
        <Title>Entering into Rest</Title>
        <Url>http://www.sermonindex.net/modules/mydownloads/visit.php?lid=22403</Url>
        <Speaker>Hans R. Waldvogel</Speaker>
        <Length>3.94Mb</Length>
        <Status>NOT_STARTED</Status>
        <isSermonSelected>false</isSermonSelected>
    </Sermon>
    <Sermon>
        <Title>Everybody Praise The Lord</Title>
        <Url>http://www.sermonindex.net/modules/mydownloads/visit.php?lid=22623</Url>
        <Speaker>Hans R. Waldvogel</Speaker>
        <Length>1.88Mb</Length>
        <Status>NOT_STARTED</Status>
        <isSermonSelected>false</isSermonSelected>
    </Sermon>
    <Sermon>
        <Title>Exercising Yourself unto Godliness</Title>
        <Url>http://www.sermonindex.net/modules/mydownloads/visit.php?lid=22507</Url>
        <Speaker>Hans R. Waldvogel</Speaker>
        <Length>6.17Mb</Length>
        <Status>NOT_STARTED</Status>
        <isSermonSelected>false</isSermonSelected>
    </Sermon>
    <Sermon>
        <Title>Faith</Title>
        <Url>http://www.sermonindex.net/modules/mydownloads/visit.php?lid=22692</Url>
        <Speaker>Hans R. Waldvogel</Speaker>
        <Length>6.31Mb</Length>
        <Status>NOT_STARTED</Status>
        <isSermonSelected>false</isSermonSelected>
    </Sermon>
    <Sermon>
        <Title>Faith (Abraham was fully persuaded)</Title>
        <Url>http://www.sermonindex.net/modules/mydownloads/visit.php?lid=22536</Url>
        <Speaker>Hans R. Waldvogel</Speaker>
        <Length>5.07Mb</Length>
        <Status>NOT_STARTED</Status>
        <isSermonSelected>false</isSermonSelected>
    </Sermon>
    <Sermon>
        <Title>Faith, Hope, and Love</Title>
        <Url>http://www.sermonindex.net/modules/mydownloads/visit.php?lid=22414</Url>
        <Speaker>Hans R. Waldvogel</Speaker>
        <Length>5.65Mb</Length>
        <Status>NOT_STARTED</Status>
        <isSermonSelected>false</isSermonSelected>
    </Sermon>
    <Sermon>
        <Title>First Love</Title>
        <Url>http://www.sermonindex.net/modules/mydownloads/visit.php?lid=22417</Url>
        <Speaker>Hans R. Waldvogel</Speaker>
        <Length>5.7Mb</Length>
        <Status>NOT_STARTED</Status>
        <isSermonSelected>false</isSermonSelected>
    </Sermon>
    <Sermon>
        <Title>Following Jesus</Title>
        <Url>http://www.sermonindex.net/modules/mydownloads/visit.php?lid=22500</Url>
        <Speaker>Hans R. Waldvogel</Speaker>
        <Length>4.43Mb</Length>
        <Status>NOT_STARTED</Status>
        <isSermonSelected>false</isSermonSelected>
    </Sermon>
    <Sermon>
        <Title>Following Jesus: The Straight Gate</Title>
        <Url>http://www.sermonindex.net/modules/mydownloads/visit.php?lid=22625</Url>
        <Speaker>Hans R. Waldvogel</Speaker>
        <Length>5.62Mb</Length>
        <Status>NOT_STARTED</Status>
        <isSermonSelected>false</isSermonSelected>
    </Sermon>
    <Sermon>
        <Title>Forsake natural understanding and follow Gods way</Title>
        <Url>http://www.sermonindex.net/modules/mydownloads/visit.php?lid=22538</Url>
        <Speaker>Hans R. Waldvogel</Speaker>
        <Length>3.94Mb</Length>
        <Status>NOT_STARTED</Status>
        <isSermonSelected>false</isSermonSelected>
    </Sermon>
    <Sermon>
        <Title>Give up on your own kingdom, and yield to Gods supernatural provision</Title>
        <Url>http://www.sermonindex.net/modules/mydownloads/visit.php?lid=22545</Url>
        <Speaker>Hans R. Waldvogel</Speaker>
        <Length>5.63Mb</Length>
        <Status>NOT_STARTED</Status>
        <isSermonSelected>false</isSermonSelected>
    </Sermon>
    <Sermon>
        <Title>Give yourself to prayer, and God will give Himself to you</Title>
        <Url>http://www.sermonindex.net/modules/mydownloads/visit.php?lid=22662</Url>
        <Speaker>Hans R. Waldvogel</Speaker>
        <Length>4.38Mb</Length>
        <Status>NOT_STARTED</Status>
        <isSermonSelected>false</isSermonSelected>
    </Sermon>
    <Sermon>
        <Title>God Is Able</Title>
        <Url>http://www.sermonindex.net/modules/mydownloads/visit.php?lid=22540</Url>
        <Speaker>Hans R. Waldvogel</Speaker>
        <Length>4.44Mb</Length>
        <Status>NOT_STARTED</Status>
        <isSermonSelected>false</isSermonSelected>
    </Sermon>
    <Sermon>
        <Title>God Manifest in the Flesh</Title>
        <Url>http://www.sermonindex.net/modules/mydownloads/visit.php?lid=22628</Url>
        <Speaker>Hans R. Waldvogel</Speaker>
        <Length>4.5Mb</Length>
        <Status>NOT_STARTED</Status>
        <isSermonSelected>false</isSermonSelected>
    </Sermon>
    <Sermon>
        <Title>Grace of God</Title>
        <Url>http://www.sermonindex.net/modules/mydownloads/visit.php?lid=22499</Url>
        <Speaker>Hans R. Waldvogel</Speaker>
        <Length>3.95Mb</Length>
        <Status>NOT_STARTED</Status>
        <isSermonSelected>false</isSermonSelected>
    </Sermon>
    <Sermon>
        <Title>Groaning in the Spirit is answered by the salvation ready to be revealed</Title>
        <Url>http://www.sermonindex.net/modules/mydownloads/visit.php?lid=22544</Url>
        <Speaker>Hans R. Waldvogel</Speaker>
        <Length>5.22Mb</Length>
        <Status>NOT_STARTED</Status>
        <isSermonSelected>false</isSermonSelected>
    </Sermon>
    <Sermon>
        <Title>Having a spiritual life outside of church meetings</Title>
        <Url>http://www.sermonindex.net/modules/mydownloads/visit.php?lid=22517</Url>
        <Speaker>Hans R. Waldvogel</Speaker>
        <Length>4.1Mb</Length>
        <Status>NOT_STARTED</Status>
        <isSermonSelected>false</isSermonSelected>
    </Sermon>
    <Sermon>
        <Title>Hear His word and take steps in God, or go down like the Titanic</Title>
        <Url>http://www.sermonindex.net/modules/mydownloads/visit.php?lid=22676</Url>
        <Speaker>Hans R. Waldvogel</Speaker>
        <Length>5.62Mb</Length>
        <Status>NOT_STARTED</Status>
        <isSermonSelected>false</isSermonSelected>
    </Sermon>
    <Sermon>
        <Title>Hearing His voice, and receiving so great salvation</Title>
        <Url>http://www.sermonindex.net/modules/mydownloads/visit.php?lid=22659</Url>
        <Speaker>Hans R. Waldvogel</Speaker>
        <Length>5.33Mb</Length>
        <Status>NOT_STARTED</Status>
        <isSermonSelected>false</isSermonSelected>
    </Sermon>
    <Sermon>
        <Title>Holiness  Revelation 16:15</Title>
        <Url>http://www.sermonindex.net/modules/mydownloads/visit.php?lid=22615</Url>
        <Speaker>Hans R. Waldvogel</Speaker>
        <Length>5.52Mb</Length>
        <Status>NOT_STARTED</Status>
        <isSermonSelected>false</isSermonSelected>
    </Sermon>
    <Sermon>
        <Title>How ye ought to walk and to please God</Title>
        <Url>http://www.sermonindex.net/modules/mydownloads/visit.php?lid=22685</Url>
        <Speaker>Hans R. Waldvogel</Speaker>
        <Length>6.26Mb</Length>
        <Status>NOT_STARTED</Status>
        <isSermonSelected>false</isSermonSelected>
    </Sermon>
    <Sermon>
        <Title>I Called and Ye Refused</Title>
        <Url>http://www.sermonindex.net/modules/mydownloads/visit.php?lid=22415</Url>
        <Speaker>Hans R. Waldvogel</Speaker>
        <Length>5.06Mb</Length>
        <Status>NOT_STARTED</Status>
        <isSermonSelected>false</isSermonSelected>
    </Sermon>
    <Sermon>
        <Title>I Came to Kindle a Fire on the Earth</Title>
        <Url>http://www.sermonindex.net/modules/mydownloads/visit.php?lid=22644</Url>
        <Speaker>Hans R. Waldvogel</Speaker>
        <Length>9Mb</Length>
        <Status>NOT_STARTED</Status>
        <isSermonSelected>false</isSermonSelected>
    </Sermon>
    <Sermon>
        <Title>I have been ready for My people, but My people were not ready for just Jesus</Title>
        <Url>http://www.sermonindex.net/modules/mydownloads/visit.php?lid=22530</Url>
        <Speaker>Hans R. Waldvogel</Speaker>
        <Length>5.43Mb</Length>
        <Status>NOT_STARTED</Status>
        <isSermonSelected>false</isSermonSelected>
    </Sermon>
    <Sermon>
        <Title>I Waited Patiently</Title>
        <Url>http://www.sermonindex.net/modules/mydownloads/visit.php?lid=22637</Url>
        <Speaker>Hans R. Waldvogel</Speaker>
        <Length>7.3Mb</Length>
        <Status>NOT_STARTED</Status>
        <isSermonSelected>false</isSermonSelected>
    </Sermon>
    <Sermon>
        <Title>If the Vision Tarry (Light, and then a fight)</Title>
        <Url>http://www.sermonindex.net/modules/mydownloads/visit.php?lid=22533</Url>
        <Speaker>Hans R. Waldvogel</Speaker>
        <Length>7.9Mb</Length>
        <Status>NOT_STARTED</Status>
        <isSermonSelected>false</isSermonSelected>
    </Sermon>
    <Sermon>
        <Title>If you dont praise the Lord, youre going to fail</Title>
        <Url>http://www.sermonindex.net/modules/mydownloads/visit.php?lid=22539</Url>
        <Speaker>Hans R. Waldvogel</Speaker>
        <Length>3.8Mb</Length>
        <Status>NOT_STARTED</Status>
        <isSermonSelected>false</isSermonSelected>
    </Sermon>
    <Sermon>
        <Title>II Corinthians 12:9</Title>
        <Url>http://www.sermonindex.net/modules/mydownloads/visit.php?lid=22690</Url>
        <Speaker>Hans R. Waldvogel</Speaker>
        <Length>3.09Mb</Length>
        <Status>NOT_STARTED</Status>
        <isSermonSelected>false</isSermonSelected>
    </Sermon>
    <Sermon>
        <Title>In nothing be anxious; but in everything by prayer</Title>
        <Url>http://www.sermonindex.net/modules/mydownloads/visit.php?lid=22616</Url>
        <Speaker>Hans R. Waldvogel</Speaker>
        <Length>8.8Mb</Length>
        <Status>NOT_STARTED</Status>
        <isSermonSelected>false</isSermonSelected>
    </Sermon>
    <Sermon>
        <Title>Intercession: Which of You Shall Have a Friend?</Title>
        <Url>http://www.sermonindex.net/modules/mydownloads/visit.php?lid=22691</Url>
        <Speaker>Hans R. Waldvogel</Speaker>
        <Length>6.44Mb</Length>
        <Status>NOT_STARTED</Status>
        <isSermonSelected>false</isSermonSelected>
    </Sermon>
    <Sermon>
        <Title>Inward purity</Title>
        <Url>http://www.sermonindex.net/modules/mydownloads/visit.php?lid=22506</Url>
        <Speaker>Hans R. Waldvogel</Speaker>
        <Length>5.72Mb</Length>
        <Status>NOT_STARTED</Status>
        <isSermonSelected>false</isSermonSelected>
    </Sermon>
    <Sermon>
        <Title>Is He willing, and is He able?</Title>
        <Url>http://www.sermonindex.net/modules/mydownloads/visit.php?lid=22529</Url>
        <Speaker>Hans R. Waldvogel</Speaker>
        <Length>5.71Mb</Length>
        <Status>NOT_STARTED</Status>
        <isSermonSelected>false</isSermonSelected>
    </Sermon>
    <Sermon>
        <Title>Isaiah 12</Title>
        <Url>http://www.sermonindex.net/modules/mydownloads/visit.php?lid=22534</Url>
        <Speaker>Hans R. Waldvogel</Speaker>
        <Length>5.79Mb</Length>
        <Status>NOT_STARTED</Status>
        <isSermonSelected>false</isSermonSelected>
    </Sermon>
    <Sermon>
        <Title>Jesus Is Seeking Overcomers</Title>
        <Url>http://www.sermonindex.net/modules/mydownloads/visit.php?lid=22419</Url>
        <Speaker>Hans R. Waldvogel</Speaker>
        <Length>5.36Mb</Length>
        <Status>NOT_STARTED</Status>
        <isSermonSelected>false</isSermonSelected>
    </Sermon>
    <Sermon>
        <Title>Jesus Manifesting His Presence</Title>
        <Url>http://www.sermonindex.net/modules/mydownloads/visit.php?lid=22617</Url>
        <Speaker>Hans R. Waldvogel</Speaker>
        <Length>1.87Mb</Length>
        <Status>NOT_STARTED</Status>
        <isSermonSelected>false</isSermonSelected>
    </Sermon>
    <Sermon>
        <Title>Judging, being judged, and the marks of a spiritual minister</Title>
        <Url>http://www.sermonindex.net/modules/mydownloads/visit.php?lid=22627</Url>
        <Speaker>Hans R. Waldvogel</Speaker>
        <Length>6.32Mb</Length>
        <Status>NOT_STARTED</Status>
        <isSermonSelected>false</isSermonSelected>
    </Sermon>
    <Sermon>
        <Title>Keep Your Heart with All Diligence</Title>
        <Url>http://www.sermonindex.net/modules/mydownloads/visit.php?lid=22413</Url>
        <Speaker>Hans R. Waldvogel</Speaker>
        <Length>5.95Mb</Length>
        <Status>NOT_STARTED</Status>
        <isSermonSelected>false</isSermonSelected>
    </Sermon>
    <Sermon>
        <Title>Know Jesus, and make the exchange: Himself for your self</Title>
        <Url>http://www.sermonindex.net/modules/mydownloads/visit.php?lid=22688</Url>
        <Speaker>Hans R. Waldvogel</Speaker>
        <Length>4.02Mb</Length>
        <Status>NOT_STARTED</Status>
        <isSermonSelected>false</isSermonSelected>
    </Sermon>
    <Sermon>
        <Title>Knowing and Doing Gods Will</Title>
        <Url>http://www.sermonindex.net/modules/mydownloads/visit.php?lid=22630</Url>
        <Speaker>Hans R. Waldvogel</Speaker>
        <Length>5.16Mb</Length>
        <Status>NOT_STARTED</Status>
        <isSermonSelected>false</isSermonSelected>
    </Sermon>
    <Sermon>
        <Title>Labor to enter into that rest</Title>
        <Url>http://www.sermonindex.net/modules/mydownloads/visit.php?lid=22613</Url>
        <Speaker>Hans R. Waldvogel</Speaker>
        <Length>5.86Mb</Length>
        <Status>NOT_STARTED</Status>
        <isSermonSelected>false</isSermonSelected>
    </Sermon>
    <Sermon>
        <Title>Let go and let God</Title>
        <Url>http://www.sermonindex.net/modules/mydownloads/visit.php?lid=22673</Url>
        <Speaker>Hans R. Waldvogel</Speaker>
        <Length>3.29Mb</Length>
        <Status>NOT_STARTED</Status>
        <isSermonSelected>false</isSermonSelected>
    </Sermon>
    <Sermon>
        <Title>Let Him finish the good work begun in you</Title>
        <Url>http://www.sermonindex.net/modules/mydownloads/visit.php?lid=22661</Url>
        <Speaker>Hans R. Waldvogel</Speaker>
        <Length>6.41Mb</Length>
        <Status>NOT_STARTED</Status>
        <isSermonSelected>false</isSermonSelected>
    </Sermon>
    <Sermon>
        <Title>Let Your Light so Shine</Title>
        <Url>http://www.sermonindex.net/modules/mydownloads/visit.php?lid=22646</Url>
        <Speaker>Hans R. Waldvogel</Speaker>
        <Length>4.65Mb</Length>
        <Status>NOT_STARTED</Status>
        <isSermonSelected>false</isSermonSelected>
    </Sermon>
    <Sermon>
        <Title>Loving Jesus</Title>
        <Url>http://www.sermonindex.net/modules/mydownloads/visit.php?lid=22412</Url>
        <Speaker>Hans R. Waldvogel</Speaker>
        <Length>4.01Mb</Length>
        <Status>NOT_STARTED</Status>
        <isSermonSelected>false</isSermonSelected>
    </Sermon>
    <Sermon>
        <Title>Meditate on the greatness and love of God</Title>
        <Url>http://www.sermonindex.net/modules/mydownloads/visit.php?lid=22674</Url>
        <Speaker>Hans R. Waldvogel</Speaker>
        <Length>2.2Mb</Length>
        <Status>NOT_STARTED</Status>
        <isSermonSelected>false</isSermonSelected>
    </Sermon>
    <Sermon>
        <Title>My Heart is Fixed</Title>
        <Url>http://www.sermonindex.net/modules/mydownloads/visit.php?lid=22504</Url>
        <Speaker>Hans R. Waldvogel</Speaker>
        <Length>4.5Mb</Length>
        <Status>NOT_STARTED</Status>
        <isSermonSelected>false</isSermonSelected>
    </Sermon>
    <Sermon>
        <Title>Our One Message</Title>
        <Url>http://www.sermonindex.net/modules/mydownloads/visit.php?lid=22633</Url>
        <Speaker>Hans R. Waldvogel</Speaker>
        <Length>4.15Mb</Length>
        <Status>NOT_STARTED</Status>
        <isSermonSelected>false</isSermonSelected>
    </Sermon>
    <Sermon>
        <Title>Our Thoughts</Title>
        <Url>http://www.sermonindex.net/modules/mydownloads/visit.php?lid=22408</Url>
        <Speaker>Hans R. Waldvogel</Speaker>
        <Length>5.3Mb</Length>
        <Status>NOT_STARTED</Status>
        <isSermonSelected>false</isSermonSelected>
    </Sermon>
    <Sermon>
        <Title>Partakers of Christ</Title>
        <Url>http://www.sermonindex.net/modules/mydownloads/visit.php?lid=22420</Url>
        <Speaker>Hans R. Waldvogel</Speaker>
        <Length>7.68Mb</Length>
        <Status>NOT_STARTED</Status>
        <isSermonSelected>false</isSermonSelected>
    </Sermon>
    <Sermon>
        <Title>Peace</Title>
        <Url>http://www.sermonindex.net/modules/mydownloads/visit.php?lid=22407</Url>
        <Speaker>Hans R. Waldvogel</Speaker>
        <Length>2.93Mb</Length>
        <Status>NOT_STARTED</Status>
        <isSermonSelected>false</isSermonSelected>
    </Sermon>
    <Sermon>
        <Title>Pentecost is Loving Jesus</Title>
        <Url>http://www.sermonindex.net/modules/mydownloads/visit.php?lid=22658</Url>
        <Speaker>Hans R. Waldvogel</Speaker>
        <Length>5.54Mb</Length>
        <Status>NOT_STARTED</Status>
        <isSermonSelected>false</isSermonSelected>
    </Sermon>
    <Sermon>
        <Title>Pentecost, the Marriage of the Lamb</Title>
        <Url>http://www.sermonindex.net/modules/mydownloads/visit.php?lid=22687</Url>
        <Speaker>Hans R. Waldvogel</Speaker>
        <Length>3.36Mb</Length>
        <Status>NOT_STARTED</Status>
        <isSermonSelected>false</isSermonSelected>
    </Sermon>
    <Sermon>
        <Title>Praise</Title>
        <Url>http://www.sermonindex.net/modules/mydownloads/visit.php?lid=22404</Url>
        <Speaker>Hans R. Waldvogel</Speaker>
        <Length>4.33Mb</Length>
        <Status>NOT_STARTED</Status>
        <isSermonSelected>false</isSermonSelected>
    </Sermon>
    <Sermon>
        <Title>Praise and the Ten Virgins</Title>
        <Url>http://www.sermonindex.net/modules/mydownloads/visit.php?lid=22631</Url>
        <Speaker>Hans R. Waldvogel</Speaker>
        <Length>5.02Mb</Length>
        <Status>NOT_STARTED</Status>
        <isSermonSelected>false</isSermonSelected>
    </Sermon>
    <Sermon>
        <Title>Praying in the Spirit</Title>
        <Url>http://www.sermonindex.net/modules/mydownloads/visit.php?lid=22667</Url>
        <Speaker>Hans R. Waldvogel</Speaker>
        <Length>5.58Mb</Length>
        <Status>NOT_STARTED</Status>
        <isSermonSelected>false</isSermonSelected>
    </Sermon>
    <Sermon>
        <Title>Psalm 91</Title>
        <Url>http://www.sermonindex.net/modules/mydownloads/visit.php?lid=22514</Url>
        <Speaker>Hans R. Waldvogel</Speaker>
        <Length>15.99Mb</Length>
        <Status>NOT_STARTED</Status>
        <isSermonSelected>false</isSermonSelected>
    </Sermon>
    <Sermon>
        <Title>Psalm 92:1 (New Years Talk)</Title>
        <Url>http://www.sermonindex.net/modules/mydownloads/visit.php?lid=22643</Url>
        <Speaker>Hans R. Waldvogel</Speaker>
        <Length>4.75Mb</Length>
        <Status>NOT_STARTED</Status>
        <isSermonSelected>false</isSermonSelected>
    </Sermon>
    <Sermon>
        <Title>Purity of tongue and life</Title>
        <Url>http://www.sermonindex.net/modules/mydownloads/visit.php?lid=22610</Url>
        <Speaker>Hans R. Waldvogel</Speaker>
        <Length>6.15Mb</Length>
        <Status>NOT_STARTED</Status>
        <isSermonSelected>false</isSermonSelected>
    </Sermon>
    <Sermon>
        <Title>Reach out in faith and expect confidently</Title>
        <Url>http://www.sermonindex.net/modules/mydownloads/visit.php?lid=22686</Url>
        <Speaker>Hans R. Waldvogel</Speaker>
        <Length>5.73Mb</Length>
        <Status>NOT_STARTED</Status>
        <isSermonSelected>false</isSermonSelected>
    </Sermon>
    <Sermon>
        <Title>Receive a new heart, mind, and nature</Title>
        <Url>http://www.sermonindex.net/modules/mydownloads/visit.php?lid=22638</Url>
        <Speaker>Hans R. Waldvogel</Speaker>
        <Length>7.34Mb</Length>
        <Status>NOT_STARTED</Status>
        <isSermonSelected>false</isSermonSelected>
    </Sermon>
    <Sermon>
        <Title>Respect unto All His Commandments</Title>
        <Url>http://www.sermonindex.net/modules/mydownloads/visit.php?lid=22626</Url>
        <Speaker>Hans R. Waldvogel</Speaker>
        <Length>5.53Mb</Length>
        <Status>NOT_STARTED</Status>
        <isSermonSelected>false</isSermonSelected>
    </Sermon>
    <Sermon>
        <Title>Rest in the Lord</Title>
        <Url>http://www.sermonindex.net/modules/mydownloads/visit.php?lid=22406</Url>
        <Speaker>Hans R. Waldvogel</Speaker>
        <Length>2.29Mb</Length>
        <Status>NOT_STARTED</Status>
        <isSermonSelected>false</isSermonSelected>
    </Sermon>
    <Sermon>
        <Title>Rizpah  Communion</Title>
        <Url>http://www.sermonindex.net/modules/mydownloads/visit.php?lid=22618</Url>
        <Speaker>Hans R. Waldvogel</Speaker>
        <Length>5.07Mb</Length>
        <Status>NOT_STARTED</Status>
        <isSermonSelected>false</isSermonSelected>
    </Sermon>
    <Sermon>
        <Title>Seek Jesus Himself</Title>
        <Url>http://www.sermonindex.net/modules/mydownloads/visit.php?lid=22677</Url>
        <Speaker>Hans R. Waldvogel</Speaker>
        <Length>5.72Mb</Length>
        <Status>NOT_STARTED</Status>
        <isSermonSelected>false</isSermonSelected>
    </Sermon>
    <Sermon>
        <Title>Seeking God</Title>
        <Url>http://www.sermonindex.net/modules/mydownloads/visit.php?lid=22518</Url>
        <Speaker>Hans R. Waldvogel</Speaker>
        <Length>3.43Mb</Length>
        <Status>NOT_STARTED</Status>
        <isSermonSelected>false</isSermonSelected>
    </Sermon>
    <Sermon>
        <Title>Silence, inwardness, and love unto all the saints</Title>
        <Url>http://www.sermonindex.net/modules/mydownloads/visit.php?lid=22682</Url>
        <Speaker>Hans R. Waldvogel</Speaker>
        <Length>9.24Mb</Length>
        <Status>NOT_STARTED</Status>
        <isSermonSelected>false</isSermonSelected>
    </Sermon>
    <Sermon>
        <Title>Silent and constant contact with Jesus</Title>
        <Url>http://www.sermonindex.net/modules/mydownloads/visit.php?lid=22543</Url>
        <Speaker>Hans R. Waldvogel</Speaker>
        <Length>4.55Mb</Length>
        <Status>NOT_STARTED</Status>
        <isSermonSelected>false</isSermonSelected>
    </Sermon>
    <Sermon>
        <Title>Something is Happening</Title>
        <Url>http://www.sermonindex.net/modules/mydownloads/visit.php?lid=22689</Url>
        <Speaker>Hans R. Waldvogel</Speaker>
        <Length>4.82Mb</Length>
        <Status>NOT_STARTED</Status>
        <isSermonSelected>false</isSermonSelected>
    </Sermon>
    <Sermon>
        <Title>Surface slush wont do, but they that seek Me early shall find Me.</Title>
        <Url>http://www.sermonindex.net/modules/mydownloads/visit.php?lid=22664</Url>
        <Speaker>Hans R. Waldvogel</Speaker>
        <Length>3.35Mb</Length>
        <Status>NOT_STARTED</Status>
        <isSermonSelected>false</isSermonSelected>
    </Sermon>
    <Sermon>
        <Title>Take Up the Cross</Title>
        <Url>http://www.sermonindex.net/modules/mydownloads/visit.php?lid=22531</Url>
        <Speaker>Hans R. Waldvogel</Speaker>
        <Length>7.15Mb</Length>
        <Status>NOT_STARTED</Status>
        <isSermonSelected>false</isSermonSelected>
    </Sermon>
    <Sermon>
        <Title>Taking the Cross Sincerely</Title>
        <Url>http://www.sermonindex.net/modules/mydownloads/visit.php?lid=22649</Url>
        <Speaker>Hans R. Waldvogel</Speaker>
        <Length>8.01Mb</Length>
        <Status>NOT_STARTED</Status>
        <isSermonSelected>false</isSermonSelected>
    </Sermon>
    <Sermon>
        <Title>Talk before Communion</Title>
        <Url>http://www.sermonindex.net/modules/mydownloads/visit.php?lid=22651</Url>
        <Speaker>Hans R. Waldvogel</Speaker>
        <Length>7.2Mb</Length>
        <Status>NOT_STARTED</Status>
        <isSermonSelected>false</isSermonSelected>
    </Sermon>
    <Sermon>
        <Title>Talk on Healing</Title>
        <Url>http://www.sermonindex.net/modules/mydownloads/visit.php?lid=22497</Url>
        <Speaker>Hans R. Waldvogel</Speaker>
        <Length>3.24Mb</Length>
        <Status>NOT_STARTED</Status>
        <isSermonSelected>false</isSermonSelected>
    </Sermon>
    <Sermon>
        <Title>Talk on Praise</Title>
        <Url>http://www.sermonindex.net/modules/mydownloads/visit.php?lid=22495</Url>
        <Speaker>Hans R. Waldvogel</Speaker>
        <Length>4.76Mb</Length>
        <Status>NOT_STARTED</Status>
        <isSermonSelected>false</isSermonSelected>
    </Sermon>
    <Sermon>
        <Title>Talk on Prayer</Title>
        <Url>http://www.sermonindex.net/modules/mydownloads/visit.php?lid=22622</Url>
        <Speaker>Hans R. Waldvogel</Speaker>
        <Length>7Mb</Length>
        <Status>NOT_STARTED</Status>
        <isSermonSelected>false</isSermonSelected>
    </Sermon>
    <Sermon>
        <Title>The Baptism of the Holy Spirit</Title>
        <Url>http://www.sermonindex.net/modules/mydownloads/visit.php?lid=22640</Url>
        <Speaker>Hans R. Waldvogel</Speaker>
        <Length>4.86Mb</Length>
        <Status>NOT_STARTED</Status>
        <isSermonSelected>false</isSermonSelected>
    </Sermon>
    <Sermon>
        <Title>The call to find our place: united to Christ</Title>
        <Url>http://www.sermonindex.net/modules/mydownloads/visit.php?lid=22511</Url>
        <Speaker>Hans R. Waldvogel</Speaker>
        <Length>5Mb</Length>
        <Status>NOT_STARTED</Status>
        <isSermonSelected>false</isSermonSelected>
    </Sermon>
    <Sermon>
        <Title>The characteristics of an uttermost salvation</Title>
        <Url>http://www.sermonindex.net/modules/mydownloads/visit.php?lid=22639</Url>
        <Speaker>Hans R. Waldvogel</Speaker>
        <Length>5.11Mb</Length>
        <Status>NOT_STARTED</Status>
        <isSermonSelected>false</isSermonSelected>
    </Sermon>
    <Sermon>
        <Title>The Command To Rejoice Evermore</Title>
        <Url>http://www.sermonindex.net/modules/mydownloads/visit.php?lid=22502</Url>
        <Speaker>Hans R. Waldvogel</Speaker>
        <Length>3.47Mb</Length>
        <Status>NOT_STARTED</Status>
        <isSermonSelected>false</isSermonSelected>
    </Sermon>
    <Sermon>
        <Title>The Day of the Lord (Pentecost)</Title>
        <Url>http://www.sermonindex.net/modules/mydownloads/visit.php?lid=22541</Url>
        <Speaker>Hans R. Waldvogel</Speaker>
        <Length>6.3Mb</Length>
        <Status>NOT_STARTED</Status>
        <isSermonSelected>false</isSermonSelected>
    </Sermon>
    <Sermon>
        <Title>The eye is faith, and the light is His presence</Title>
        <Url>http://www.sermonindex.net/modules/mydownloads/visit.php?lid=22666</Url>
        <Speaker>Hans R. Waldvogel</Speaker>
        <Length>7.12Mb</Length>
        <Status>NOT_STARTED</Status>
        <isSermonSelected>false</isSermonSelected>
    </Sermon>
    <Sermon>
        <Title>The hope of salvation: to be like Him</Title>
        <Url>http://www.sermonindex.net/modules/mydownloads/visit.php?lid=22509</Url>
        <Speaker>Hans R. Waldvogel</Speaker>
        <Length>6.35Mb</Length>
        <Status>NOT_STARTED</Status>
        <isSermonSelected>false</isSermonSelected>
    </Sermon>
    <Sermon>
        <Title>The Inner Man</Title>
        <Url>http://www.sermonindex.net/modules/mydownloads/visit.php?lid=22684</Url>
        <Speaker>Hans R. Waldvogel</Speaker>
        <Length>6.85Mb</Length>
        <Status>NOT_STARTED</Status>
        <isSermonSelected>false</isSermonSelected>
    </Sermon>
    <Sermon>
        <Title>The Lords perfect provision for His own masterpiece</Title>
        <Url>http://www.sermonindex.net/modules/mydownloads/visit.php?lid=22632</Url>
        <Speaker>Hans R. Waldvogel</Speaker>
        <Length>4.09Mb</Length>
        <Status>NOT_STARTED</Status>
        <isSermonSelected>false</isSermonSelected>
    </Sermon>
    <Sermon>
        <Title>The Lords Prayer  Our Daily Bread</Title>
        <Url>http://www.sermonindex.net/modules/mydownloads/visit.php?lid=22647</Url>
        <Speaker>Hans R. Waldvogel</Speaker>
        <Length>7.31Mb</Length>
        <Status>NOT_STARTED</Status>
        <isSermonSelected>false</isSermonSelected>
    </Sermon>
    <Sermon>
        <Title>The Necessity of the Bible for Salvation</Title>
        <Url>http://www.sermonindex.net/modules/mydownloads/visit.php?lid=22635</Url>
        <Speaker>Hans R. Waldvogel</Speaker>
        <Length>6.12Mb</Length>
        <Status>NOT_STARTED</Status>
        <isSermonSelected>false</isSermonSelected>
    </Sermon>
    <Sermon>
        <Title>The Preaching of the Cross</Title>
        <Url>http://www.sermonindex.net/modules/mydownloads/visit.php?lid=22619</Url>
        <Speaker>Hans R. Waldvogel</Speaker>
        <Length>6.51Mb</Length>
        <Status>NOT_STARTED</Status>
        <isSermonSelected>false</isSermonSelected>
    </Sermon>
    <Sermon>
        <Title>The present spiritual realities of Zechariah 14</Title>
        <Url>http://www.sermonindex.net/modules/mydownloads/visit.php?lid=22515</Url>
        <Speaker>Hans R. Waldvogel</Speaker>
        <Length>6.89Mb</Length>
        <Status>NOT_STARTED</Status>
        <isSermonSelected>false</isSermonSelected>
    </Sermon>
    <Sermon>
        <Title>The simplicity of Believe also in Me</Title>
        <Url>http://www.sermonindex.net/modules/mydownloads/visit.php?lid=22542</Url>
        <Speaker>Hans R. Waldvogel</Speaker>
        <Length>5.52Mb</Length>
        <Status>NOT_STARTED</Status>
        <isSermonSelected>false</isSermonSelected>
    </Sermon>
    <Sermon>
        <Title>The Table of the Lord</Title>
        <Url>http://www.sermonindex.net/modules/mydownloads/visit.php?lid=22672</Url>
        <Speaker>Hans R. Waldvogel</Speaker>
        <Length>5.51Mb</Length>
        <Status>NOT_STARTED</Status>
        <isSermonSelected>false</isSermonSelected>
    </Sermon>
    <Sermon>
        <Title>The Test (A wise builder digs down to the Rock)</Title>
        <Url>http://www.sermonindex.net/modules/mydownloads/visit.php?lid=22535</Url>
        <Speaker>Hans R. Waldvogel</Speaker>
        <Length>5.7Mb</Length>
        <Status>NOT_STARTED</Status>
        <isSermonSelected>false</isSermonSelected>
    </Sermon>
    <Sermon>
        <Title>The Violent Take It by Force</Title>
        <Url>http://www.sermonindex.net/modules/mydownloads/visit.php?lid=22670</Url>
        <Speaker>Hans R. Waldvogel</Speaker>
        <Length>7.95Mb</Length>
        <Status>NOT_STARTED</Status>
        <isSermonSelected>false</isSermonSelected>
    </Sermon>
    <Sermon>
        <Title>The Word of God</Title>
        <Url>http://www.sermonindex.net/modules/mydownloads/visit.php?lid=22671</Url>
        <Speaker>Hans R. Waldvogel</Speaker>
        <Length>4.54Mb</Length>
        <Status>NOT_STARTED</Status>
        <isSermonSelected>false</isSermonSelected>
    </Sermon>
    <Sermon>
        <Title>Their Strength Is to Sit Still</Title>
        <Url>http://www.sermonindex.net/modules/mydownloads/visit.php?lid=22652</Url>
        <Speaker>Hans R. Waldvogel</Speaker>
        <Length>5.61Mb</Length>
        <Status>NOT_STARTED</Status>
        <isSermonSelected>false</isSermonSelected>
    </Sermon>
    <Sermon>
        <Title>There Hath No Temptation Taken You</Title>
        <Url>http://www.sermonindex.net/modules/mydownloads/visit.php?lid=22411</Url>
        <Speaker>Hans R. Waldvogel</Speaker>
        <Length>4.17Mb</Length>
        <Status>NOT_STARTED</Status>
        <isSermonSelected>false</isSermonSelected>
    </Sermon>
    <Sermon>
        <Title>They that Love the Lord Shall Be as the Sun</Title>
        <Url>http://www.sermonindex.net/modules/mydownloads/visit.php?lid=22505</Url>
        <Speaker>Hans R. Waldvogel</Speaker>
        <Length>6.51Mb</Length>
        <Status>NOT_STARTED</Status>
        <isSermonSelected>false</isSermonSelected>
    </Sermon>
    <Sermon>
        <Title>Three Appearings</Title>
        <Url>http://www.sermonindex.net/modules/mydownloads/visit.php?lid=22532</Url>
        <Speaker>Hans R. Waldvogel</Speaker>
        <Length>5.85Mb</Length>
        <Status>NOT_STARTED</Status>
        <isSermonSelected>false</isSermonSelected>
    </Sermon>
    <Sermon>
        <Title>Turn Your Eyes upon Jesus</Title>
        <Url>http://www.sermonindex.net/modules/mydownloads/visit.php?lid=22508</Url>
        <Speaker>Hans R. Waldvogel</Speaker>
        <Length>10.38Mb</Length>
        <Status>NOT_STARTED</Status>
        <isSermonSelected>false</isSermonSelected>
    </Sermon>
    <Sermon>
        <Title>Unfeigned Faith</Title>
        <Url>http://www.sermonindex.net/modules/mydownloads/visit.php?lid=22663</Url>
        <Speaker>Hans R. Waldvogel</Speaker>
        <Length>4.02Mb</Length>
        <Status>NOT_STARTED</Status>
        <isSermonSelected>false</isSermonSelected>
    </Sermon>
    <Sermon>
        <Title>Waiting on God</Title>
        <Url>http://www.sermonindex.net/modules/mydownloads/visit.php?lid=22418</Url>
        <Speaker>Hans R. Waldvogel</Speaker>
        <Length>4.71Mb</Length>
        <Status>NOT_STARTED</Status>
        <isSermonSelected>false</isSermonSelected>
    </Sermon>
    <Sermon>
        <Title>Waiting on God (with lessons from A. B. Simpsons testimony)</Title>
        <Url>http://www.sermonindex.net/modules/mydownloads/visit.php?lid=22516</Url>
        <Speaker>Hans R. Waldvogel</Speaker>
        <Length>6.75Mb</Length>
        <Status>NOT_STARTED</Status>
        <isSermonSelected>false</isSermonSelected>
    </Sermon>
    <Sermon>
        <Title>Wanting Jesus</Title>
        <Url>http://www.sermonindex.net/modules/mydownloads/visit.php?lid=22513</Url>
        <Speaker>Hans R. Waldvogel</Speaker>
        <Length>8.06Mb</Length>
        <Status>NOT_STARTED</Status>
        <isSermonSelected>false</isSermonSelected>
    </Sermon>
    <Sermon>
        <Title>We Glory in Tribulation Also</Title>
        <Url>http://www.sermonindex.net/modules/mydownloads/visit.php?lid=22657</Url>
        <Speaker>Hans R. Waldvogel</Speaker>
        <Length>5.6Mb</Length>
        <Status>NOT_STARTED</Status>
        <isSermonSelected>false</isSermonSelected>
    </Sermon>
    <Sermon>
        <Title>We Have Known and Believed the Love</Title>
        <Url>http://www.sermonindex.net/modules/mydownloads/visit.php?lid=22609</Url>
        <Speaker>Hans R. Waldvogel</Speaker>
        <Length>5.88Mb</Length>
        <Status>NOT_STARTED</Status>
        <isSermonSelected>false</isSermonSelected>
    </Sermon>
    <Sermon>
        <Title>We ourselves are they who are wretched</Title>
        <Url>http://www.sermonindex.net/modules/mydownloads/visit.php?lid=22621</Url>
        <Speaker>Hans R. Waldvogel</Speaker>
        <Length>7.86Mb</Length>
        <Status>NOT_STARTED</Status>
        <isSermonSelected>false</isSermonSelected>
    </Sermon>
    <Sermon>
        <Title>When Jesus comes unannounced</Title>
        <Url>http://www.sermonindex.net/modules/mydownloads/visit.php?lid=22680</Url>
        <Speaker>Hans R. Waldvogel</Speaker>
        <Length>9.41Mb</Length>
        <Status>NOT_STARTED</Status>
        <isSermonSelected>false</isSermonSelected>
    </Sermon>
    <Sermon>
        <Title>Will you follow the Lamb, or quit the field like Gideons thousands?</Title>
        <Url>http://www.sermonindex.net/modules/mydownloads/visit.php?lid=22654</Url>
        <Speaker>Hans R. Waldvogel</Speaker>
        <Length>6.56Mb</Length>
        <Status>NOT_STARTED</Status>
        <isSermonSelected>false</isSermonSelected>
    </Sermon>
    <Sermon>
        <Title>Without Faith It Is Impossible to Please God</Title>
        <Url>http://www.sermonindex.net/modules/mydownloads/visit.php?lid=22405</Url>
        <Speaker>Hans R. Waldvogel</Speaker>
        <Length>7.55Mb</Length>
        <Status>NOT_STARTED</Status>
        <isSermonSelected>false</isSermonSelected>
    </Sermon>
    <Sermon>
        <Title>Without Faith It Is Impossible to Please God</Title>
        <Url>http://www.sermonindex.net/modules/mydownloads/visit.php?lid=22668</Url>
        <Speaker>Hans R. Waldvogel</Speaker>
        <Length>5.68Mb</Length>
        <Status>NOT_STARTED</Status>
        <isSermonSelected>false</isSermonSelected>
    </Sermon>
    <Sermon>
        <Title>Worship thou Him So shall the King greatly desire thy beauty</Title>
        <Url>http://www.sermonindex.net/modules/mydownloads/visit.php?lid=22636</Url>
        <Speaker>Hans R. Waldvogel</Speaker>
        <Length>6.73Mb</Length>
        <Status>NOT_STARTED</Status>
        <isSermonSelected>false</isSermonSelected>
    </Sermon>
    <Sermon>
        <Title>Ye must be born again</Title>
        <Url>http://www.sermonindex.net/modules/mydownloads/visit.php?lid=22629</Url>
        <Speaker>Hans R. Waldvogel</Speaker>
        <Length>4.03Mb</Length>
        <Status>NOT_STARTED</Status>
        <isSermonSelected>false</isSermonSelected>
    </Sermon>
    <Sermon>
        <Title>Ye Ought to Be Teachers</Title>
        <Url>http://www.sermonindex.net/modules/mydownloads/visit.php?lid=22498</Url>
        <Speaker>Hans R. Waldvogel</Speaker>
        <Length>4.87Mb</Length>
        <Status>NOT_STARTED</Status>
        <isSermonSelected>false</isSermonSelected>
    </Sermon>
    <Sermon>
        <Title>Yield as pliable clay to the Potter</Title>
        <Url>http://www.sermonindex.net/modules/mydownloads/visit.php?lid=22675</Url>
        <Speaker>Hans R. Waldvogel</Speaker>
        <Length>4.1Mb</Length>
        <Status>NOT_STARTED</Status>
        <isSermonSelected>false</isSermonSelected>
    </Sermon>
    <Sermon>
        <Title>You Have to Work for It</Title>
        <Url>http://www.sermonindex.net/modules/mydownloads/visit.php?lid=22620</Url>
        <Speaker>Hans R. Waldvogel</Speaker>
        <Length>5.83Mb</Length>
        <Status>NOT_STARTED</Status>
        <isSermonSelected>false</isSermonSelected>
    </Sermon>
    <Sermon>
        <Title>Your Funeral Service</Title>
        <Url>http://www.sermonindex.net/modules/mydownloads/visit.php?lid=22681</Url>
        <Speaker>Hans R. Waldvogel</Speaker>
        <Length>7.25Mb</Length>
        <Status>NOT_STARTED</Status>
        <isSermonSelected>false</isSermonSelected>
    </Sermon>
    <Sermon>
        <Title>Not like Moses; take Him as your Father</Title>
        <Url>http://www.sermonindex.net/modules/mydownloads/visit.php?lid=22660</Url>
        <Speaker>Hans R. Waldvogel</Speaker>
        <Length>6.47Mb</Length>
        <Status>NOT_STARTED</Status>
        <isSermonSelected>false</isSermonSelected>
    </Sermon>
</Sermons>
