<?xml version="1.0" encoding="UTF-8" standalone="yes"?>
<Sermons>
    <Sermon>
        <Title>Christ Rejection</Title>
        <Url>http://www.sermonindex.net/modules/mydownloads/visit.php?lid=10191</Url>
        <Speaker>Harold Erickson</Speaker>
        <Length>5.19Mb</Length>
        <Status>NOT_STARTED</Status>
        <isSermonSelected>false</isSermonSelected>
    </Sermon>
    <Sermon>
        <Title>Geography Of The Spirit</Title>
        <Url>http://www.sermonindex.net/modules/mydownloads/visit.php?lid=10192</Url>
        <Speaker>Harold Erickson</Speaker>
        <Length>5.66Mb</Length>
        <Status>NOT_STARTED</Status>
        <isSermonSelected>false</isSermonSelected>
    </Sermon>
    <Sermon>
        <Title>Spiritual Vacuums Deut 6;21</Title>
        <Url>http://www.sermonindex.net/modules/mydownloads/visit.php?lid=10193</Url>
        <Speaker>Harold Erickson</Speaker>
        <Length>0Kb</Length>
        <Status>NOT_STARTED</Status>
        <isSermonSelected>false</isSermonSelected>
    </Sermon>
    <Sermon>
        <Title>Understanding Our Salvation</Title>
        <Url>http://www.sermonindex.net/modules/mydownloads/visit.php?lid=10194</Url>
        <Speaker>Harold Erickson</Speaker>
        <Length>5.1Mb</Length>
        <Status>NOT_STARTED</Status>
        <isSermonSelected>false</isSermonSelected>
    </Sermon>
</Sermons>
