<?xml version="1.0" encoding="UTF-8" standalone="yes"?>
<Sermons>
    <Sermon>
        <Title>1 Corinthians 11:23-25</Title>
        <Url>http://www.sermonindex.net/modules/mydownloads/visit.php?lid=27370</Url>
        <Speaker>Harry A. Ironside</Speaker>
        <Length>839Kb</Length>
        <Status>NOT_STARTED</Status>
        <isSermonSelected>false</isSermonSelected>
    </Sermon>
    <Sermon>
        <Title>Behold The Lamb</Title>
        <Url>http://www.sermonindex.net/modules/mydownloads/visit.php?lid=7549</Url>
        <Speaker>Harry A. Ironside</Speaker>
        <Length>676Kb</Length>
        <Status>NOT_STARTED</Status>
        <isSermonSelected>false</isSermonSelected>
    </Sermon>
    <Sermon>
        <Title>Boast Not Thyself</Title>
        <Url>http://www.sermonindex.net/modules/mydownloads/visit.php?lid=7553</Url>
        <Speaker>Harry A. Ironside</Speaker>
        <Length>794Kb</Length>
        <Status>NOT_STARTED</Status>
        <isSermonSelected>false</isSermonSelected>
    </Sermon>
    <Sermon>
        <Title>Charge That to My Account</Title>
        <Url>http://www.sermonindex.net/modules/mydownloads/visit.php?lid=259</Url>
        <Speaker>Harry A. Ironside</Speaker>
        <Length>1.94Mb</Length>
        <Status>NOT_STARTED</Status>
        <isSermonSelected>false</isSermonSelected>
    </Sermon>
    <Sermon>
        <Title>Cleansing Of The Leper</Title>
        <Url>http://www.sermonindex.net/modules/mydownloads/visit.php?lid=7550</Url>
        <Speaker>Harry A. Ironside</Speaker>
        <Length>4.6Mb</Length>
        <Status>NOT_STARTED</Status>
        <isSermonSelected>false</isSermonSelected>
    </Sermon>
    <Sermon>
        <Title>Come Unto Me</Title>
        <Url>http://www.sermonindex.net/modules/mydownloads/visit.php?lid=260</Url>
        <Speaker>Harry A. Ironside</Speaker>
        <Length>430Kb</Length>
        <Status>NOT_STARTED</Status>
        <isSermonSelected>false</isSermonSelected>
    </Sermon>
    <Sermon>
        <Title>Galatians 3:13</Title>
        <Url>http://www.sermonindex.net/modules/mydownloads/visit.php?lid=27371</Url>
        <Speaker>Harry A. Ironside</Speaker>
        <Length>4.36Mb</Length>
        <Status>NOT_STARTED</Status>
        <isSermonSelected>false</isSermonSelected>
    </Sermon>
    <Sermon>
        <Title>John 1:29</Title>
        <Url>http://www.sermonindex.net/modules/mydownloads/visit.php?lid=27372</Url>
        <Speaker>Harry A. Ironside</Speaker>
        <Length>697Kb</Length>
        <Status>NOT_STARTED</Status>
        <isSermonSelected>false</isSermonSelected>
    </Sermon>
    <Sermon>
        <Title>Proverbs 27</Title>
        <Url>http://www.sermonindex.net/modules/mydownloads/visit.php?lid=27373</Url>
        <Speaker>Harry A. Ironside</Speaker>
        <Length>727Kb</Length>
        <Status>NOT_STARTED</Status>
        <isSermonSelected>false</isSermonSelected>
    </Sermon>
    <Sermon>
        <Title>Psalm 32 ~ Durham NC-1949</Title>
        <Url>http://www.sermonindex.net/modules/mydownloads/visit.php?lid=27374</Url>
        <Speaker>Harry A. Ironside</Speaker>
        <Length>5.35Mb</Length>
        <Status>NOT_STARTED</Status>
        <isSermonSelected>false</isSermonSelected>
    </Sermon>
    <Sermon>
        <Title>Psalm 84</Title>
        <Url>http://www.sermonindex.net/modules/mydownloads/visit.php?lid=7551</Url>
        <Speaker>Harry A. Ironside</Speaker>
        <Length>4.3Mb</Length>
        <Status>NOT_STARTED</Status>
        <isSermonSelected>false</isSermonSelected>
    </Sermon>
    <Sermon>
        <Title>Redeemed From The Law</Title>
        <Url>http://www.sermonindex.net/modules/mydownloads/visit.php?lid=7552</Url>
        <Speaker>Harry A. Ironside</Speaker>
        <Length>650Kb</Length>
        <Status>NOT_STARTED</Status>
        <isSermonSelected>false</isSermonSelected>
    </Sermon>
    <Sermon>
        <Title>Revelation 1:3</Title>
        <Url>http://www.sermonindex.net/modules/mydownloads/visit.php?lid=27375</Url>
        <Speaker>Harry A. Ironside</Speaker>
        <Length>1.26Mb</Length>
        <Status>NOT_STARTED</Status>
        <isSermonSelected>false</isSermonSelected>
    </Sermon>
    <Sermon>
        <Title>Studies In Isaiah - Part 1</Title>
        <Url>http://www.sermonindex.net/modules/mydownloads/visit.php?lid=7555</Url>
        <Speaker>Harry A. Ironside</Speaker>
        <Length>5.26Mb</Length>
        <Status>NOT_STARTED</Status>
        <isSermonSelected>false</isSermonSelected>
    </Sermon>
    <Sermon>
        <Title>Studies In Isaiah - Part 10</Title>
        <Url>http://www.sermonindex.net/modules/mydownloads/visit.php?lid=27379</Url>
        <Speaker>Harry A. Ironside</Speaker>
        <Length>4.98Mb</Length>
        <Status>NOT_STARTED</Status>
        <isSermonSelected>false</isSermonSelected>
    </Sermon>
    <Sermon>
        <Title>Studies In Isaiah - Part 11</Title>
        <Url>http://www.sermonindex.net/modules/mydownloads/visit.php?lid=27380</Url>
        <Speaker>Harry A. Ironside</Speaker>
        <Length>3.18Mb</Length>
        <Status>NOT_STARTED</Status>
        <isSermonSelected>false</isSermonSelected>
    </Sermon>
    <Sermon>
        <Title>Studies In Isaiah - Part 12</Title>
        <Url>http://www.sermonindex.net/modules/mydownloads/visit.php?lid=27381</Url>
        <Speaker>Harry A. Ironside</Speaker>
        <Length>4.62Mb</Length>
        <Status>NOT_STARTED</Status>
        <isSermonSelected>false</isSermonSelected>
    </Sermon>
    <Sermon>
        <Title>Studies In Isaiah - Part 2</Title>
        <Url>http://www.sermonindex.net/modules/mydownloads/visit.php?lid=7556</Url>
        <Speaker>Harry A. Ironside</Speaker>
        <Length>5.25Mb</Length>
        <Status>NOT_STARTED</Status>
        <isSermonSelected>false</isSermonSelected>
    </Sermon>
    <Sermon>
        <Title>Studies In Isaiah - Part 3</Title>
        <Url>http://www.sermonindex.net/modules/mydownloads/visit.php?lid=7557</Url>
        <Speaker>Harry A. Ironside</Speaker>
        <Length>5.25Mb</Length>
        <Status>NOT_STARTED</Status>
        <isSermonSelected>false</isSermonSelected>
    </Sermon>
    <Sermon>
        <Title>Studies In Isaiah - Part 4</Title>
        <Url>http://www.sermonindex.net/modules/mydownloads/visit.php?lid=7558</Url>
        <Speaker>Harry A. Ironside</Speaker>
        <Length>5.24Mb</Length>
        <Status>NOT_STARTED</Status>
        <isSermonSelected>false</isSermonSelected>
    </Sermon>
    <Sermon>
        <Title>Studies In Isaiah - Part 5</Title>
        <Url>http://www.sermonindex.net/modules/mydownloads/visit.php?lid=7559</Url>
        <Speaker>Harry A. Ironside</Speaker>
        <Length>5.29Mb</Length>
        <Status>NOT_STARTED</Status>
        <isSermonSelected>false</isSermonSelected>
    </Sermon>
    <Sermon>
        <Title>Studies In Isaiah - Part 6</Title>
        <Url>http://www.sermonindex.net/modules/mydownloads/visit.php?lid=7560</Url>
        <Speaker>Harry A. Ironside</Speaker>
        <Length>5.33Mb</Length>
        <Status>NOT_STARTED</Status>
        <isSermonSelected>false</isSermonSelected>
    </Sermon>
    <Sermon>
        <Title>Studies In Isaiah - Part 7</Title>
        <Url>http://www.sermonindex.net/modules/mydownloads/visit.php?lid=27376</Url>
        <Speaker>Harry A. Ironside</Speaker>
        <Length>4.28Mb</Length>
        <Status>NOT_STARTED</Status>
        <isSermonSelected>false</isSermonSelected>
    </Sermon>
    <Sermon>
        <Title>Studies In Isaiah - Part 8</Title>
        <Url>http://www.sermonindex.net/modules/mydownloads/visit.php?lid=27377</Url>
        <Speaker>Harry A. Ironside</Speaker>
        <Length>5.38Mb</Length>
        <Status>NOT_STARTED</Status>
        <isSermonSelected>false</isSermonSelected>
    </Sermon>
    <Sermon>
        <Title>Studies In Isaiah - Part 9</Title>
        <Url>http://www.sermonindex.net/modules/mydownloads/visit.php?lid=27378</Url>
        <Speaker>Harry A. Ironside</Speaker>
        <Length>5.28Mb</Length>
        <Status>NOT_STARTED</Status>
        <isSermonSelected>false</isSermonSelected>
    </Sermon>
    <Sermon>
        <Title>This Do In Rememberance</Title>
        <Url>http://www.sermonindex.net/modules/mydownloads/visit.php?lid=7554</Url>
        <Speaker>Harry A. Ironside</Speaker>
        <Length>686Kb</Length>
        <Status>NOT_STARTED</Status>
        <isSermonSelected>false</isSermonSelected>
    </Sermon>
</Sermons>
