<?xml version="1.0" encoding="UTF-8" standalone="yes"?>
<Sermons>
    <Sermon>
        <Title>Pressures Of Christianity 01 The Blind Man Of John 9:</Title>
        <Url>http://www.sermonindex.net/modules/mydownloads/visit.php?lid=10134</Url>
        <Speaker>Harry Deutchman</Speaker>
        <Length>6.27Mb</Length>
        <Status>NOT_STARTED</Status>
        <isSermonSelected>false</isSermonSelected>
    </Sermon>
    <Sermon>
        <Title>Pressures Of Christianity 02 Daniel-Man Under Pressure</Title>
        <Url>http://www.sermonindex.net/modules/mydownloads/visit.php?lid=10135</Url>
        <Speaker>Harry Deutchman</Speaker>
        <Length>5.39Mb</Length>
        <Status>NOT_STARTED</Status>
        <isSermonSelected>false</isSermonSelected>
    </Sermon>
    <Sermon>
        <Title>Pressures Of Christianity 03 Faith Under Pressure</Title>
        <Url>http://www.sermonindex.net/modules/mydownloads/visit.php?lid=10136</Url>
        <Speaker>Harry Deutchman</Speaker>
        <Length>5.32Mb</Length>
        <Status>NOT_STARTED</Status>
        <isSermonSelected>false</isSermonSelected>
    </Sermon>
    <Sermon>
        <Title>Pressures Of Christianity 04 Godly Seed Under Pressure</Title>
        <Url>http://www.sermonindex.net/modules/mydownloads/visit.php?lid=10137</Url>
        <Speaker>Harry Deutchman</Speaker>
        <Length>5.11Mb</Length>
        <Status>NOT_STARTED</Status>
        <isSermonSelected>false</isSermonSelected>
    </Sermon>
    <Sermon>
        <Title>Pressures Of Christianity 05 Pressure Of Chastisement</Title>
        <Url>http://www.sermonindex.net/modules/mydownloads/visit.php?lid=10138</Url>
        <Speaker>Harry Deutchman</Speaker>
        <Length>5.87Mb</Length>
        <Status>NOT_STARTED</Status>
        <isSermonSelected>false</isSermonSelected>
    </Sermon>
    <Sermon>
        <Title>Pressures Of Christianity 06 Pressure-Burdenbearing</Title>
        <Url>http://www.sermonindex.net/modules/mydownloads/visit.php?lid=10139</Url>
        <Speaker>Harry Deutchman</Speaker>
        <Length>7.1Mb</Length>
        <Status>NOT_STARTED</Status>
        <isSermonSelected>false</isSermonSelected>
    </Sermon>
    <Sermon>
        <Title>Pressures Of Christianity 07 David Under Pressure</Title>
        <Url>http://www.sermonindex.net/modules/mydownloads/visit.php?lid=10140</Url>
        <Speaker>Harry Deutchman</Speaker>
        <Length>5.68Mb</Length>
        <Status>NOT_STARTED</Status>
        <isSermonSelected>false</isSermonSelected>
    </Sermon>
    <Sermon>
        <Title>Pressures Of Christianity 08 Pressure-Commercialism</Title>
        <Url>http://www.sermonindex.net/modules/mydownloads/visit.php?lid=10141</Url>
        <Speaker>Harry Deutchman</Speaker>
        <Length>5.66Mb</Length>
        <Status>NOT_STARTED</Status>
        <isSermonSelected>false</isSermonSelected>
    </Sermon>
</Sermons>
