<?xml version="1.0" encoding="UTF-8" standalone="yes"?>
<Sermons>
    <Sermon>
        <Title>(Revelation 19) All These Things</Title>
        <Url>http://www.sermonindex.net/modules/mydownloads/visit.php?lid=26481</Url>
        <Speaker>Hattie Hammond</Speaker>
        <Length>12.97Mb</Length>
        <Status>NOT_STARTED</Status>
        <isSermonSelected>false</isSermonSelected>
    </Sermon>
    <Sermon>
        <Title>A Bundle of Myrrh</Title>
        <Url>http://www.sermonindex.net/modules/mydownloads/visit.php?lid=26478</Url>
        <Speaker>Hattie Hammond</Speaker>
        <Length>12.24Mb</Length>
        <Status>NOT_STARTED</Status>
        <isSermonSelected>false</isSermonSelected>
    </Sermon>
    <Sermon>
        <Title>A Fresh Anointing</Title>
        <Url>http://www.sermonindex.net/modules/mydownloads/visit.php?lid=26477</Url>
        <Speaker>Hattie Hammond</Speaker>
        <Length>19.84Mb</Length>
        <Status>NOT_STARTED</Status>
        <isSermonSelected>false</isSermonSelected>
    </Sermon>
    <Sermon>
        <Title>A Word from the Lord</Title>
        <Url>http://www.sermonindex.net/modules/mydownloads/visit.php?lid=26488</Url>
        <Speaker>Hattie Hammond</Speaker>
        <Length>10.98Mb</Length>
        <Status>NOT_STARTED</Status>
        <isSermonSelected>false</isSermonSelected>
    </Sermon>
    <Sermon>
        <Title>Agelessness</Title>
        <Url>http://www.sermonindex.net/modules/mydownloads/visit.php?lid=26485</Url>
        <Speaker>Hattie Hammond</Speaker>
        <Length>8.47Mb</Length>
        <Status>NOT_STARTED</Status>
        <isSermonSelected>false</isSermonSelected>
    </Sermon>
    <Sermon>
        <Title>Christ Church Ministries</Title>
        <Url>http://www.sermonindex.net/modules/mydownloads/visit.php?lid=26615</Url>
        <Speaker>Hattie Hammond</Speaker>
        <Length>32.4Mb</Length>
        <Status>NOT_STARTED</Status>
        <isSermonSelected>false</isSermonSelected>
    </Sermon>
    <Sermon>
        <Title>Dedicated to God</Title>
        <Url>http://www.sermonindex.net/modules/mydownloads/visit.php?lid=26484</Url>
        <Speaker>Hattie Hammond</Speaker>
        <Length>16.62Mb</Length>
        <Status>NOT_STARTED</Status>
        <isSermonSelected>false</isSermonSelected>
    </Sermon>
    <Sermon>
        <Title>Deeper Life - Part 1</Title>
        <Url>http://www.sermonindex.net/modules/mydownloads/visit.php?lid=26616</Url>
        <Speaker>Hattie Hammond</Speaker>
        <Length>42.52Mb</Length>
        <Status>NOT_STARTED</Status>
        <isSermonSelected>false</isSermonSelected>
    </Sermon>
    <Sermon>
        <Title>Deeper Life - Part 2</Title>
        <Url>http://www.sermonindex.net/modules/mydownloads/visit.php?lid=26617</Url>
        <Speaker>Hattie Hammond</Speaker>
        <Length>42.01Mb</Length>
        <Status>NOT_STARTED</Status>
        <isSermonSelected>false</isSermonSelected>
    </Sermon>
    <Sermon>
        <Title>His Chariot</Title>
        <Url>http://www.sermonindex.net/modules/mydownloads/visit.php?lid=26479</Url>
        <Speaker>Hattie Hammond</Speaker>
        <Length>47.85Mb</Length>
        <Status>NOT_STARTED</Status>
        <isSermonSelected>false</isSermonSelected>
    </Sermon>
    <Sermon>
        <Title>Isaiah 53</Title>
        <Url>http://www.sermonindex.net/modules/mydownloads/visit.php?lid=23101</Url>
        <Speaker>Hattie Hammond</Speaker>
        <Length>8.17Mb</Length>
        <Status>NOT_STARTED</Status>
        <isSermonSelected>false</isSermonSelected>
    </Sermon>
    <Sermon>
        <Title>Many Voices in the World</Title>
        <Url>http://www.sermonindex.net/modules/mydownloads/visit.php?lid=26491</Url>
        <Speaker>Hattie Hammond</Speaker>
        <Length>28.43Mb</Length>
        <Status>NOT_STARTED</Status>
        <isSermonSelected>false</isSermonSelected>
    </Sermon>
    <Sermon>
        <Title>Ministry Prayers Questions</Title>
        <Url>http://www.sermonindex.net/modules/mydownloads/visit.php?lid=26482</Url>
        <Speaker>Hattie Hammond</Speaker>
        <Length>19.52Mb</Length>
        <Status>NOT_STARTED</Status>
        <isSermonSelected>false</isSermonSelected>
    </Sermon>
    <Sermon>
        <Title>Philippians 3 - and Praying Through</Title>
        <Url>http://www.sermonindex.net/modules/mydownloads/visit.php?lid=26480</Url>
        <Speaker>Hattie Hammond</Speaker>
        <Length>16.12Mb</Length>
        <Status>NOT_STARTED</Status>
        <isSermonSelected>false</isSermonSelected>
    </Sermon>
    <Sermon>
        <Title>Process of Becoming a Bride - Part 1</Title>
        <Url>http://www.sermonindex.net/modules/mydownloads/visit.php?lid=26618</Url>
        <Speaker>Hattie Hammond</Speaker>
        <Length>79.9Mb</Length>
        <Status>NOT_STARTED</Status>
        <isSermonSelected>false</isSermonSelected>
    </Sermon>
    <Sermon>
        <Title>Process of Becoming a Bride - Part 2</Title>
        <Url>http://www.sermonindex.net/modules/mydownloads/visit.php?lid=26619</Url>
        <Speaker>Hattie Hammond</Speaker>
        <Length>35.8Mb</Length>
        <Status>NOT_STARTED</Status>
        <isSermonSelected>false</isSermonSelected>
    </Sermon>
    <Sermon>
        <Title>Process of Becoming a Bride - Part 3</Title>
        <Url>http://www.sermonindex.net/modules/mydownloads/visit.php?lid=26620</Url>
        <Speaker>Hattie Hammond</Speaker>
        <Length>80.01Mb</Length>
        <Status>NOT_STARTED</Status>
        <isSermonSelected>false</isSermonSelected>
    </Sermon>
    <Sermon>
        <Title>Process of Becoming a Bride - Part 4</Title>
        <Url>http://www.sermonindex.net/modules/mydownloads/visit.php?lid=26621</Url>
        <Speaker>Hattie Hammond</Speaker>
        <Length>81.28Mb</Length>
        <Status>NOT_STARTED</Status>
        <isSermonSelected>false</isSermonSelected>
    </Sermon>
    <Sermon>
        <Title>Romans 8 - Study in Prayer</Title>
        <Url>http://www.sermonindex.net/modules/mydownloads/visit.php?lid=26483</Url>
        <Speaker>Hattie Hammond</Speaker>
        <Length>13.69Mb</Length>
        <Status>NOT_STARTED</Status>
        <isSermonSelected>false</isSermonSelected>
    </Sermon>
    <Sermon>
        <Title>Ten Virgins</Title>
        <Url>http://www.sermonindex.net/modules/mydownloads/visit.php?lid=26614</Url>
        <Speaker>Hattie Hammond</Speaker>
        <Length>41.91Mb</Length>
        <Status>NOT_STARTED</Status>
        <isSermonSelected>false</isSermonSelected>
    </Sermon>
    <Sermon>
        <Title>The Holy Spirit and Preaching</Title>
        <Url>http://www.sermonindex.net/modules/mydownloads/visit.php?lid=26489</Url>
        <Speaker>Hattie Hammond</Speaker>
        <Length>14.8Mb</Length>
        <Status>NOT_STARTED</Status>
        <isSermonSelected>false</isSermonSelected>
    </Sermon>
    <Sermon>
        <Title>The Holy Spirit and the Gifts</Title>
        <Url>http://www.sermonindex.net/modules/mydownloads/visit.php?lid=26487</Url>
        <Speaker>Hattie Hammond</Speaker>
        <Length>25.01Mb</Length>
        <Status>NOT_STARTED</Status>
        <isSermonSelected>false</isSermonSelected>
    </Sermon>
    <Sermon>
        <Title>The Holy Spirit and Worship</Title>
        <Url>http://www.sermonindex.net/modules/mydownloads/visit.php?lid=26486</Url>
        <Speaker>Hattie Hammond</Speaker>
        <Length>14.5Mb</Length>
        <Status>NOT_STARTED</Status>
        <isSermonSelected>false</isSermonSelected>
    </Sermon>
    <Sermon>
        <Title>The Privilege of Prayer</Title>
        <Url>http://www.sermonindex.net/modules/mydownloads/visit.php?lid=26476</Url>
        <Speaker>Hattie Hammond</Speaker>
        <Length>15.74Mb</Length>
        <Status>NOT_STARTED</Status>
        <isSermonSelected>false</isSermonSelected>
    </Sermon>
    <Sermon>
        <Title>Womens Aglow</Title>
        <Url>http://www.sermonindex.net/modules/mydownloads/visit.php?lid=26622</Url>
        <Speaker>Hattie Hammond</Speaker>
        <Length>53.5Mb</Length>
        <Status>NOT_STARTED</Status>
        <isSermonSelected>false</isSermonSelected>
    </Sermon>
</Sermons>
