<?xml version="1.0" encoding="UTF-8" standalone="yes"?>
<Sermons>
    <Sermon>
        <Title>1 Stir Me</Title>
        <Url>http://www.sermonindex.net/modules/mydownloads/visit.php?lid=17462</Url>
        <Speaker>Helen Roseveare</Speaker>
        <Length>9.56Mb</Length>
        <Status>NOT_STARTED</Status>
        <isSermonSelected>false</isSermonSelected>
    </Sermon>
    <Sermon>
        <Title>2 Stir Me to Go</Title>
        <Url>http://www.sermonindex.net/modules/mydownloads/visit.php?lid=17463</Url>
        <Speaker>Helen Roseveare</Speaker>
        <Length>11.56Mb</Length>
        <Status>NOT_STARTED</Status>
        <isSermonSelected>false</isSermonSelected>
    </Sermon>
    <Sermon>
        <Title>3 Stir Me to Give</Title>
        <Url>http://www.sermonindex.net/modules/mydownloads/visit.php?lid=17464</Url>
        <Speaker>Helen Roseveare</Speaker>
        <Length>10.19Mb</Length>
        <Status>NOT_STARTED</Status>
        <isSermonSelected>false</isSermonSelected>
    </Sermon>
    <Sermon>
        <Title>4 Stir Me to Pray</Title>
        <Url>http://www.sermonindex.net/modules/mydownloads/visit.php?lid=17465</Url>
        <Speaker>Helen Roseveare</Speaker>
        <Length>10.08Mb</Length>
        <Status>NOT_STARTED</Status>
        <isSermonSelected>false</isSermonSelected>
    </Sermon>
    <Sermon>
        <Title>A Privilege from The Almighty</Title>
        <Url>http://www.sermonindex.net/modules/mydownloads/visit.php?lid=23258</Url>
        <Speaker>Helen Roseveare</Speaker>
        <Length>5.1Mb</Length>
        <Status>NOT_STARTED</Status>
        <isSermonSelected>false</isSermonSelected>
    </Sermon>
    <Sermon>
        <Title>The Cost of Declaring His glory</Title>
        <Url>http://www.sermonindex.net/modules/mydownloads/visit.php?lid=8829</Url>
        <Speaker>Helen Roseveare</Speaker>
        <Length>4.2Mb</Length>
        <Status>NOT_STARTED</Status>
        <isSermonSelected>false</isSermonSelected>
    </Sermon>
</Sermons>
