<?xml version="1.0" encoding="UTF-8" standalone="yes"?>
<Sermons>
    <Sermon>
        <Title>A Heart From Sin Set Free</Title>
        <Url>http://www.sermonindex.net/modules/mydownloads/visit.php?lid=20349</Url>
        <Speaker>Herbert McGonigle</Speaker>
        <Length>6.6Mb</Length>
        <Status>NOT_STARTED</Status>
        <isSermonSelected>false</isSermonSelected>
    </Sermon>
    <Sermon>
        <Title>John Wesley's Vision of Authentic Christianity</Title>
        <Url>http://www.sermonindex.net/modules/mydownloads/visit.php?lid=20348</Url>
        <Speaker>Herbert McGonigle</Speaker>
        <Length>7.33Mb</Length>
        <Status>NOT_STARTED</Status>
        <isSermonSelected>false</isSermonSelected>
    </Sermon>
    <Sermon>
        <Title>Life in the Spirit Romans 7 &amp; 8</Title>
        <Url>http://www.sermonindex.net/modules/mydownloads/visit.php?lid=20351</Url>
        <Speaker>Herbert McGonigle</Speaker>
        <Length>7.87Mb</Length>
        <Status>NOT_STARTED</Status>
        <isSermonSelected>false</isSermonSelected>
    </Sermon>
    <Sermon>
        <Title>Principles for Holy Living</Title>
        <Url>http://www.sermonindex.net/modules/mydownloads/visit.php?lid=20350</Url>
        <Speaker>Herbert McGonigle</Speaker>
        <Length>7.19Mb</Length>
        <Status>NOT_STARTED</Status>
        <isSermonSelected>false</isSermonSelected>
    </Sermon>
</Sermons>
