<?xml version="1.0" encoding="UTF-8" standalone="yes"?>
<Sermons>
    <Sermon>
        <Title>Acceptable Sacrifice - Part 1</Title>
        <Url>http://www.sermonindex.net/modules/mydownloads/visit.php?lid=4065</Url>
        <Speaker>Hoseah Wu</Speaker>
        <Length>10.38Mb</Length>
        <Status>NOT_STARTED</Status>
        <isSermonSelected>false</isSermonSelected>
    </Sermon>
    <Sermon>
        <Title>Acceptable Sacrifice - Part 2</Title>
        <Url>http://www.sermonindex.net/modules/mydownloads/visit.php?lid=4066</Url>
        <Speaker>Hoseah Wu</Speaker>
        <Length>10.4Mb</Length>
        <Status>NOT_STARTED</Status>
        <isSermonSelected>false</isSermonSelected>
    </Sermon>
    <Sermon>
        <Title>Christ our City of Refuge</Title>
        <Url>http://www.sermonindex.net/modules/mydownloads/visit.php?lid=4067</Url>
        <Speaker>Hoseah Wu</Speaker>
        <Length>7.38Mb</Length>
        <Status>NOT_STARTED</Status>
        <isSermonSelected>false</isSermonSelected>
    </Sermon>
    <Sermon>
        <Title>Discipline - Personal Life</Title>
        <Url>http://www.sermonindex.net/modules/mydownloads/visit.php?lid=4068</Url>
        <Speaker>Hoseah Wu</Speaker>
        <Length>8.4Mb</Length>
        <Status>NOT_STARTED</Status>
        <isSermonSelected>false</isSermonSelected>
    </Sermon>
    <Sermon>
        <Title>Discipline - Personal Life, Questions and Answers</Title>
        <Url>http://www.sermonindex.net/modules/mydownloads/visit.php?lid=4069</Url>
        <Speaker>Hoseah Wu</Speaker>
        <Length>6.79Mb</Length>
        <Status>NOT_STARTED</Status>
        <isSermonSelected>false</isSermonSelected>
    </Sermon>
    <Sermon>
        <Title>Faith - Foundation of Christian Life</Title>
        <Url>http://www.sermonindex.net/modules/mydownloads/visit.php?lid=4070</Url>
        <Speaker>Hoseah Wu</Speaker>
        <Length>8.15Mb</Length>
        <Status>NOT_STARTED</Status>
        <isSermonSelected>false</isSermonSelected>
    </Sermon>
    <Sermon>
        <Title>Faith in Impossible Situations</Title>
        <Url>http://www.sermonindex.net/modules/mydownloads/visit.php?lid=4071</Url>
        <Speaker>Hoseah Wu</Speaker>
        <Length>6.57Mb</Length>
        <Status>NOT_STARTED</Status>
        <isSermonSelected>false</isSermonSelected>
    </Sermon>
    <Sermon>
        <Title>Fullness - A Costly Way</Title>
        <Url>http://www.sermonindex.net/modules/mydownloads/visit.php?lid=4072</Url>
        <Speaker>Hoseah Wu</Speaker>
        <Length>7.04Mb</Length>
        <Status>NOT_STARTED</Status>
        <isSermonSelected>false</isSermonSelected>
    </Sermon>
    <Sermon>
        <Title>Fullness in God's Heart</Title>
        <Url>http://www.sermonindex.net/modules/mydownloads/visit.php?lid=4073</Url>
        <Speaker>Hoseah Wu</Speaker>
        <Length>6.16Mb</Length>
        <Status>NOT_STARTED</Status>
        <isSermonSelected>false</isSermonSelected>
    </Sermon>
    <Sermon>
        <Title>How to Live a Separated Life: Be Diligent</Title>
        <Url>http://www.sermonindex.net/modules/mydownloads/visit.php?lid=4074</Url>
        <Speaker>Hoseah Wu</Speaker>
        <Length>4.67Mb</Length>
        <Status>NOT_STARTED</Status>
        <isSermonSelected>false</isSermonSelected>
    </Sermon>
    <Sermon>
        <Title>Jesus Christ's Testimony #1</Title>
        <Url>http://www.sermonindex.net/modules/mydownloads/visit.php?lid=4075</Url>
        <Speaker>Hoseah Wu</Speaker>
        <Length>10.19Mb</Length>
        <Status>NOT_STARTED</Status>
        <isSermonSelected>false</isSermonSelected>
    </Sermon>
    <Sermon>
        <Title>Jesus Christ's Testimony #2</Title>
        <Url>http://www.sermonindex.net/modules/mydownloads/visit.php?lid=4076</Url>
        <Speaker>Hoseah Wu</Speaker>
        <Length>11.02Mb</Length>
        <Status>NOT_STARTED</Status>
        <isSermonSelected>false</isSermonSelected>
    </Sermon>
    <Sermon>
        <Title>Preparing for His Return</Title>
        <Url>http://www.sermonindex.net/modules/mydownloads/visit.php?lid=4077</Url>
        <Speaker>Hoseah Wu</Speaker>
        <Length>6.11Mb</Length>
        <Status>NOT_STARTED</Status>
        <isSermonSelected>false</isSermonSelected>
    </Sermon>
    <Sermon>
        <Title>Seeing Him Who is Unseen</Title>
        <Url>http://www.sermonindex.net/modules/mydownloads/visit.php?lid=4078</Url>
        <Speaker>Hoseah Wu</Speaker>
        <Length>6.19Mb</Length>
        <Status>NOT_STARTED</Status>
        <isSermonSelected>false</isSermonSelected>
    </Sermon>
    <Sermon>
        <Title>Servant Heart of the Lord Jesus</Title>
        <Url>http://www.sermonindex.net/modules/mydownloads/visit.php?lid=4079</Url>
        <Speaker>Hoseah Wu</Speaker>
        <Length>5.15Mb</Length>
        <Status>NOT_STARTED</Status>
        <isSermonSelected>false</isSermonSelected>
    </Sermon>
    <Sermon>
        <Title>Spiritual Service: Trained to Administer the Church</Title>
        <Url>http://www.sermonindex.net/modules/mydownloads/visit.php?lid=4080</Url>
        <Speaker>Hoseah Wu</Speaker>
        <Length>7.15Mb</Length>
        <Status>NOT_STARTED</Status>
        <isSermonSelected>false</isSermonSelected>
    </Sermon>
    <Sermon>
        <Title>Standing in the Victory</Title>
        <Url>http://www.sermonindex.net/modules/mydownloads/visit.php?lid=4081</Url>
        <Speaker>Hoseah Wu</Speaker>
        <Length>5.19Mb</Length>
        <Status>NOT_STARTED</Status>
        <isSermonSelected>false</isSermonSelected>
    </Sermon>
    <Sermon>
        <Title>Testimony of the Goodness of the Lord</Title>
        <Url>http://www.sermonindex.net/modules/mydownloads/visit.php?lid=4082</Url>
        <Speaker>Hoseah Wu</Speaker>
        <Length>7.21Mb</Length>
        <Status>NOT_STARTED</Status>
        <isSermonSelected>false</isSermonSelected>
    </Sermon>
    <Sermon>
        <Title>The King is Coming: Faith 1: Church Life &amp; His Return</Title>
        <Url>http://www.sermonindex.net/modules/mydownloads/visit.php?lid=4083</Url>
        <Speaker>Hoseah Wu</Speaker>
        <Length>7.32Mb</Length>
        <Status>NOT_STARTED</Status>
        <isSermonSelected>false</isSermonSelected>
    </Sermon>
    <Sermon>
        <Title>The King is Coming: Faith 2: Church Life and His Return</Title>
        <Url>http://www.sermonindex.net/modules/mydownloads/visit.php?lid=4084</Url>
        <Speaker>Hoseah Wu</Speaker>
        <Length>8.35Mb</Length>
        <Status>NOT_STARTED</Status>
        <isSermonSelected>false</isSermonSelected>
    </Sermon>
    <Sermon>
        <Title>The Neglect of God's House</Title>
        <Url>http://www.sermonindex.net/modules/mydownloads/visit.php?lid=4085</Url>
        <Speaker>Hoseah Wu</Speaker>
        <Length>6.79Mb</Length>
        <Status>NOT_STARTED</Status>
        <isSermonSelected>false</isSermonSelected>
    </Sermon>
    <Sermon>
        <Title>The Persistent Love of God</Title>
        <Url>http://www.sermonindex.net/modules/mydownloads/visit.php?lid=4086</Url>
        <Speaker>Hoseah Wu</Speaker>
        <Length>7.01Mb</Length>
        <Status>NOT_STARTED</Status>
        <isSermonSelected>false</isSermonSelected>
    </Sermon>
    <Sermon>
        <Title>What It Takes For The Lord To Take Back His Throne</Title>
        <Url>http://www.sermonindex.net/modules/mydownloads/visit.php?lid=4087</Url>
        <Speaker>Hoseah Wu</Speaker>
        <Length>7.86Mb</Length>
        <Status>NOT_STARTED</Status>
        <isSermonSelected>false</isSermonSelected>
    </Sermon>
</Sermons>
