<?xml version="1.0" encoding="UTF-8" standalone="yes"?>
<Sermons>
    <Sermon>
        <Title>(History of the Salvation Army) CONSOLIDATION AND DEVELOPMENT UP TILL 1921</Title>
        <Url>http://www.sermonindex.net/modules/mydownloads/visit.php?lid=12209</Url>
        <Speaker>H. Scotney</Speaker>
        <Length>9.09Mb</Length>
        <Status>NOT_STARTED</Status>
        <isSermonSelected>false</isSermonSelected>
    </Sermon>
    <Sermon>
        <Title>(History of the Salvation Army) LET BATTLE COMMENCE</Title>
        <Url>http://www.sermonindex.net/modules/mydownloads/visit.php?lid=12206</Url>
        <Speaker>H. Scotney</Speaker>
        <Length>8.28Mb</Length>
        <Status>NOT_STARTED</Status>
        <isSermonSelected>false</isSermonSelected>
    </Sermon>
    <Sermon>
        <Title>(History of the Salvation Army) POSSESSING AND MAINTAINING HOLINESS</Title>
        <Url>http://www.sermonindex.net/modules/mydownloads/visit.php?lid=12211</Url>
        <Speaker>H. Scotney</Speaker>
        <Length>7.71Mb</Length>
        <Status>NOT_STARTED</Status>
        <isSermonSelected>false</isSermonSelected>
    </Sermon>
    <Sermon>
        <Title>(History of the Salvation Army) SWEEPING THROUGH THE LAND</Title>
        <Url>http://www.sermonindex.net/modules/mydownloads/visit.php?lid=12208</Url>
        <Speaker>H. Scotney</Speaker>
        <Length>8.66Mb</Length>
        <Status>NOT_STARTED</Status>
        <isSermonSelected>false</isSermonSelected>
    </Sermon>
    <Sermon>
        <Title>(History of the Salvation Army) THE DOCTRINE OF HOLINESS</Title>
        <Url>http://www.sermonindex.net/modules/mydownloads/visit.php?lid=12212</Url>
        <Speaker>H. Scotney</Speaker>
        <Length>10.23Mb</Length>
        <Status>NOT_STARTED</Status>
        <isSermonSelected>false</isSermonSelected>
    </Sermon>
    <Sermon>
        <Title>(History of the Salvation Army) THE SALVATION ARMY IN AUSTRALIA</Title>
        <Url>http://www.sermonindex.net/modules/mydownloads/visit.php?lid=12210</Url>
        <Speaker>H. Scotney</Speaker>
        <Length>11.88Mb</Length>
        <Status>NOT_STARTED</Status>
        <isSermonSelected>false</isSermonSelected>
    </Sermon>
</Sermons>
