<?xml version="1.0" encoding="UTF-8" standalone="yes"?>
<Sermons>
    <Sermon>
        <Title>Testimony</Title>
        <Url>http://www.sermonindex.net/modules/mydownloads/visit.php?lid=18249</Url>
        <Speaker>H.T. De Villiers</Speaker>
        <Length>9.47Mb</Length>
        <Status>NOT_STARTED</Status>
        <isSermonSelected>false</isSermonSelected>
    </Sermon>
    <Sermon>
        <Title>Why Revival Tarries</Title>
        <Url>http://www.sermonindex.net/modules/mydownloads/visit.php?lid=20450</Url>
        <Speaker>H.T. De Villiers</Speaker>
        <Length>10.56Mb</Length>
        <Status>NOT_STARTED</Status>
        <isSermonSelected>false</isSermonSelected>
    </Sermon>
</Sermons>
