<?xml version="1.0" encoding="UTF-8" standalone="yes"?>
<Sermons>
    <Sermon>
        <Title>(Union and Communion) 0 - Introductory</Title>
        <Url>http://www.sermonindex.net/modules/mydownloads/visit.php?lid=27317</Url>
        <Speaker>Hudson Taylor</Speaker>
        <Length>11.46Mb</Length>
        <Status>NOT_STARTED</Status>
        <isSermonSelected>false</isSermonSelected>
    </Sermon>
    <Sermon>
        <Title>(Union and Communion) 1 - The Unsatisfied Life and Its Remedy</Title>
        <Url>http://www.sermonindex.net/modules/mydownloads/visit.php?lid=27310</Url>
        <Speaker>Hudson Taylor</Speaker>
        <Length>27.76Mb</Length>
        <Status>NOT_STARTED</Status>
        <isSermonSelected>false</isSermonSelected>
    </Sermon>
    <Sermon>
        <Title>(Union and Communion) 2 - Communion Broken - Restoration</Title>
        <Url>http://www.sermonindex.net/modules/mydownloads/visit.php?lid=27311</Url>
        <Speaker>Hudson Taylor</Speaker>
        <Length>13.05Mb</Length>
        <Status>NOT_STARTED</Status>
        <isSermonSelected>false</isSermonSelected>
    </Sermon>
    <Sermon>
        <Title>(Union and Communion) 3 - The Joy of Unbroken Communion</Title>
        <Url>http://www.sermonindex.net/modules/mydownloads/visit.php?lid=27312</Url>
        <Speaker>Hudson Taylor</Speaker>
        <Length>13.17Mb</Length>
        <Status>NOT_STARTED</Status>
        <isSermonSelected>false</isSermonSelected>
    </Sermon>
    <Sermon>
        <Title>(Union and Communion) 4 - Communion Again Broken - Restoration</Title>
        <Url>http://www.sermonindex.net/modules/mydownloads/visit.php?lid=27313</Url>
        <Speaker>Hudson Taylor</Speaker>
        <Length>14.79Mb</Length>
        <Status>NOT_STARTED</Status>
        <isSermonSelected>false</isSermonSelected>
    </Sermon>
    <Sermon>
        <Title>(Union and Communion) 5 - Fruits of Recognized Union</Title>
        <Url>http://www.sermonindex.net/modules/mydownloads/visit.php?lid=27314</Url>
        <Speaker>Hudson Taylor</Speaker>
        <Length>15Mb</Length>
        <Status>NOT_STARTED</Status>
        <isSermonSelected>false</isSermonSelected>
    </Sermon>
    <Sermon>
        <Title>(Union and Communion) 6 - Unrestrained Communion</Title>
        <Url>http://www.sermonindex.net/modules/mydownloads/visit.php?lid=27315</Url>
        <Speaker>Hudson Taylor</Speaker>
        <Length>18.19Mb</Length>
        <Status>NOT_STARTED</Status>
        <isSermonSelected>false</isSermonSelected>
    </Sermon>
    <Sermon>
        <Title>(Union and Communion) 7 - Appendix - The Daughters of Jerusalem</Title>
        <Url>http://www.sermonindex.net/modules/mydownloads/visit.php?lid=27316</Url>
        <Speaker>Hudson Taylor</Speaker>
        <Length>3.51Mb</Length>
        <Status>NOT_STARTED</Status>
        <isSermonSelected>false</isSermonSelected>
    </Sermon>
    <Sermon>
        <Title>Hudson Taylor's Spiritual Secrets #1</Title>
        <Url>http://www.sermonindex.net/modules/mydownloads/visit.php?lid=21327</Url>
        <Speaker>Hudson Taylor</Speaker>
        <Length>10.21Mb</Length>
        <Status>NOT_STARTED</Status>
        <isSermonSelected>false</isSermonSelected>
    </Sermon>
    <Sermon>
        <Title>Hudson Taylor's Spiritual Secrets #2</Title>
        <Url>http://www.sermonindex.net/modules/mydownloads/visit.php?lid=21328</Url>
        <Speaker>Hudson Taylor</Speaker>
        <Length>10.44Mb</Length>
        <Status>NOT_STARTED</Status>
        <isSermonSelected>false</isSermonSelected>
    </Sermon>
    <Sermon>
        <Title>Hudson Taylor's Spiritual Secrets #3</Title>
        <Url>http://www.sermonindex.net/modules/mydownloads/visit.php?lid=21329</Url>
        <Speaker>Hudson Taylor</Speaker>
        <Length>10.4Mb</Length>
        <Status>NOT_STARTED</Status>
        <isSermonSelected>false</isSermonSelected>
    </Sermon>
    <Sermon>
        <Title>Hudson Taylor's Spiritual Secrets #4</Title>
        <Url>http://www.sermonindex.net/modules/mydownloads/visit.php?lid=21330</Url>
        <Speaker>Hudson Taylor</Speaker>
        <Length>10.55Mb</Length>
        <Status>NOT_STARTED</Status>
        <isSermonSelected>false</isSermonSelected>
    </Sermon>
    <Sermon>
        <Title>Hudson Taylor's Spiritual Secrets #5</Title>
        <Url>http://www.sermonindex.net/modules/mydownloads/visit.php?lid=21331</Url>
        <Speaker>Hudson Taylor</Speaker>
        <Length>10.12Mb</Length>
        <Status>NOT_STARTED</Status>
        <isSermonSelected>false</isSermonSelected>
    </Sermon>
</Sermons>
