<?xml version="1.0" encoding="UTF-8" standalone="yes"?>
<Sermons>
    <Sermon>
        <Title>Early Men Believed In Final Judgment!</Title>
        <Url>http://www.sermonindex.net/modules/mydownloads/visit.php?lid=13916</Url>
        <Speaker>Ian Brown</Speaker>
        <Length>3.32Mb</Length>
        <Status>NOT_STARTED</Status>
        <isSermonSelected>false</isSermonSelected>
    </Sermon>
    <Sermon>
        <Title>Send The Fire!</Title>
        <Url>http://www.sermonindex.net/modules/mydownloads/visit.php?lid=13915</Url>
        <Speaker>Ian Brown</Speaker>
        <Length>3.68Mb</Length>
        <Status>NOT_STARTED</Status>
        <isSermonSelected>false</isSermonSelected>
    </Sermon>
</Sermons>
