<?xml version="1.0" encoding="UTF-8" standalone="yes"?>
<Sermons>
    <Sermon>
        <Title>Canadian Christian Heritage Under Fire #1 - Christian History of Canada</Title>
        <Url>http://www.sermonindex.net/modules/mydownloads/visit.php?lid=10186</Url>
        <Speaker>Ian Goligher</Speaker>
        <Length>5.65Mb</Length>
        <Status>NOT_STARTED</Status>
        <isSermonSelected>false</isSermonSelected>
    </Sermon>
    <Sermon>
        <Title>Canadian Christian Heritage Under Fire #4 - New Evangelicalism Denounced</Title>
        <Url>http://www.sermonindex.net/modules/mydownloads/visit.php?lid=10189</Url>
        <Speaker>Ian Goligher</Speaker>
        <Length>5.25Mb</Length>
        <Status>NOT_STARTED</Status>
        <isSermonSelected>false</isSermonSelected>
    </Sermon>
    <Sermon>
        <Title>Christian Heritage Under Fire #3 - Where are the Preachers?</Title>
        <Url>http://www.sermonindex.net/modules/mydownloads/visit.php?lid=10188</Url>
        <Speaker>Ian Goligher</Speaker>
        <Length>5.6Mb</Length>
        <Status>NOT_STARTED</Status>
        <isSermonSelected>false</isSermonSelected>
    </Sermon>
    <Sermon>
        <Title>Our Canadian Christian Heritage Under Fire #2 - Modernism Wrecking Churches</Title>
        <Url>http://www.sermonindex.net/modules/mydownloads/visit.php?lid=10187</Url>
        <Speaker>Ian Goligher</Speaker>
        <Length>5.47Mb</Length>
        <Status>NOT_STARTED</Status>
        <isSermonSelected>false</isSermonSelected>
    </Sermon>
    <Sermon>
        <Title>Our Canadian Christian Heritage Under Fire #5 - We Need Revival in Canada</Title>
        <Url>http://www.sermonindex.net/modules/mydownloads/visit.php?lid=10190</Url>
        <Speaker>Ian Goligher</Speaker>
        <Length>4.91Mb</Length>
        <Status>NOT_STARTED</Status>
        <isSermonSelected>false</isSermonSelected>
    </Sermon>
    <Sermon>
        <Title>The Damnation of Riches</Title>
        <Url>http://www.sermonindex.net/modules/mydownloads/visit.php?lid=10185</Url>
        <Speaker>Ian Goligher</Speaker>
        <Length>3.63Mb</Length>
        <Status>NOT_STARTED</Status>
        <isSermonSelected>false</isSermonSelected>
    </Sermon>
    <Sermon>
        <Title>Weeping for Souls</Title>
        <Url>http://www.sermonindex.net/modules/mydownloads/visit.php?lid=10184</Url>
        <Speaker>Ian Goligher</Speaker>
        <Length>4.21Mb</Length>
        <Status>NOT_STARTED</Status>
        <isSermonSelected>false</isSermonSelected>
    </Sermon>
</Sermons>
