<?xml version="1.0" encoding="UTF-8" standalone="yes"?>
<Sermons>
    <Sermon>
        <Title>John 1</Title>
        <Url>http://www.sermonindex.net/modules/mydownloads/visit.php?lid=23290</Url>
        <Speaker>Ian Murray</Speaker>
        <Length>8.83Mb</Length>
        <Status>NOT_STARTED</Status>
        <isSermonSelected>false</isSermonSelected>
    </Sermon>
    <Sermon>
        <Title>Jonah 1</Title>
        <Url>http://www.sermonindex.net/modules/mydownloads/visit.php?lid=23291</Url>
        <Speaker>Ian Murray</Speaker>
        <Length>6.26Mb</Length>
        <Status>NOT_STARTED</Status>
        <isSermonSelected>false</isSermonSelected>
    </Sermon>
</Sermons>
