<?xml version="1.0" encoding="UTF-8" standalone="yes"?>
<Sermons>
    <Sermon>
        <Title>1950's National Radio Debate in Canada</Title>
        <Url>http://www.sermonindex.net/modules/mydownloads/visit.php?lid=3238</Url>
        <Speaker>Ian Paisley</Speaker>
        <Length>1.39Mb</Length>
        <Status>NOT_STARTED</Status>
        <isSermonSelected>false</isSermonSelected>
    </Sermon>
    <Sermon>
        <Title>A Plant Of Renown (Part One)</Title>
        <Url>http://www.sermonindex.net/modules/mydownloads/visit.php?lid=14927</Url>
        <Speaker>Ian Paisley</Speaker>
        <Length>3.12Mb</Length>
        <Status>NOT_STARTED</Status>
        <isSermonSelected>false</isSermonSelected>
    </Sermon>
    <Sermon>
        <Title>A Plant Of Renown (Part Two)</Title>
        <Url>http://www.sermonindex.net/modules/mydownloads/visit.php?lid=14926</Url>
        <Speaker>Ian Paisley</Speaker>
        <Length>4.22Mb</Length>
        <Status>NOT_STARTED</Status>
        <isSermonSelected>false</isSermonSelected>
    </Sermon>
    <Sermon>
        <Title>A Shattering Question To The Belivers Heart</Title>
        <Url>http://www.sermonindex.net/modules/mydownloads/visit.php?lid=14957</Url>
        <Speaker>Ian Paisley</Speaker>
        <Length>3.84Mb</Length>
        <Status>NOT_STARTED</Status>
        <isSermonSelected>false</isSermonSelected>
    </Sermon>
    <Sermon>
        <Title>A Stranger Than Fiction Truth - You Can Experience</Title>
        <Url>http://www.sermonindex.net/modules/mydownloads/visit.php?lid=14928</Url>
        <Speaker>Ian Paisley</Speaker>
        <Length>3.32Mb</Length>
        <Status>NOT_STARTED</Status>
        <isSermonSelected>false</isSermonSelected>
    </Sermon>
    <Sermon>
        <Title>Another Comforter</Title>
        <Url>http://www.sermonindex.net/modules/mydownloads/visit.php?lid=14937</Url>
        <Speaker>Ian Paisley</Speaker>
        <Length>4.25Mb</Length>
        <Status>NOT_STARTED</Status>
        <isSermonSelected>false</isSermonSelected>
    </Sermon>
    <Sermon>
        <Title>Belly Worshippers</Title>
        <Url>http://www.sermonindex.net/modules/mydownloads/visit.php?lid=15584</Url>
        <Speaker>Ian Paisley</Speaker>
        <Length>3.17Mb</Length>
        <Status>NOT_STARTED</Status>
        <isSermonSelected>false</isSermonSelected>
    </Sermon>
    <Sermon>
        <Title>Blest Holy Water</Title>
        <Url>http://www.sermonindex.net/modules/mydownloads/visit.php?lid=14908</Url>
        <Speaker>Ian Paisley</Speaker>
        <Length>5.22Mb</Length>
        <Status>NOT_STARTED</Status>
        <isSermonSelected>false</isSermonSelected>
    </Sermon>
    <Sermon>
        <Title>Bones Bones Bones</Title>
        <Url>http://www.sermonindex.net/modules/mydownloads/visit.php?lid=20668</Url>
        <Speaker>Ian Paisley</Speaker>
        <Length>3.06Mb</Length>
        <Status>NOT_STARTED</Status>
        <isSermonSelected>false</isSermonSelected>
    </Sermon>
    <Sermon>
        <Title>Break up your fallow ground</Title>
        <Url>http://www.sermonindex.net/modules/mydownloads/visit.php?lid=14233</Url>
        <Speaker>Ian Paisley</Speaker>
        <Length>7.65Mb</Length>
        <Status>NOT_STARTED</Status>
        <isSermonSelected>false</isSermonSelected>
    </Sermon>
    <Sermon>
        <Title>Can I Be Coverted Today</Title>
        <Url>http://www.sermonindex.net/modules/mydownloads/visit.php?lid=16058</Url>
        <Speaker>Ian Paisley</Speaker>
        <Length>3.76Mb</Length>
        <Status>NOT_STARTED</Status>
        <isSermonSelected>false</isSermonSelected>
    </Sermon>
    <Sermon>
        <Title>Can We Be Sure About The Future</Title>
        <Url>http://www.sermonindex.net/modules/mydownloads/visit.php?lid=14919</Url>
        <Speaker>Ian Paisley</Speaker>
        <Length>4.98Mb</Length>
        <Status>NOT_STARTED</Status>
        <isSermonSelected>false</isSermonSelected>
    </Sermon>
    <Sermon>
        <Title>Communion</Title>
        <Url>http://www.sermonindex.net/modules/mydownloads/visit.php?lid=14899</Url>
        <Speaker>Ian Paisley</Speaker>
        <Length>1.04Mb</Length>
        <Status>NOT_STARTED</Status>
        <isSermonSelected>false</isSermonSelected>
    </Sermon>
    <Sermon>
        <Title>Contrasting Picture of Life and Death</Title>
        <Url>http://www.sermonindex.net/modules/mydownloads/visit.php?lid=14934</Url>
        <Speaker>Ian Paisley</Speaker>
        <Length>5.18Mb</Length>
        <Status>NOT_STARTED</Status>
        <isSermonSelected>false</isSermonSelected>
    </Sermon>
    <Sermon>
        <Title>Coronation of Christ</Title>
        <Url>http://www.sermonindex.net/modules/mydownloads/visit.php?lid=13078</Url>
        <Speaker>Ian Paisley</Speaker>
        <Length>6.15Mb</Length>
        <Status>NOT_STARTED</Status>
        <isSermonSelected>false</isSermonSelected>
    </Sermon>
    <Sermon>
        <Title>Damnable Half Truths</Title>
        <Url>http://www.sermonindex.net/modules/mydownloads/visit.php?lid=14225</Url>
        <Speaker>Ian Paisley</Speaker>
        <Length>4.63Mb</Length>
        <Status>NOT_STARTED</Status>
        <isSermonSelected>false</isSermonSelected>
    </Sermon>
    <Sermon>
        <Title>Divine Eye Wash</Title>
        <Url>http://www.sermonindex.net/modules/mydownloads/visit.php?lid=14219</Url>
        <Speaker>Ian Paisley</Speaker>
        <Length>4.36Mb</Length>
        <Status>NOT_STARTED</Status>
        <isSermonSelected>false</isSermonSelected>
    </Sermon>
    <Sermon>
        <Title>Earthquaking The Way Into The Evangelisation Of A Continent</Title>
        <Url>http://www.sermonindex.net/modules/mydownloads/visit.php?lid=13081</Url>
        <Speaker>Ian Paisley</Speaker>
        <Length>4.18Mb</Length>
        <Status>NOT_STARTED</Status>
        <isSermonSelected>false</isSermonSelected>
    </Sermon>
    <Sermon>
        <Title>Evangelising the men and women of tomorrow - today</Title>
        <Url>http://www.sermonindex.net/modules/mydownloads/visit.php?lid=14956</Url>
        <Speaker>Ian Paisley</Speaker>
        <Length>3.92Mb</Length>
        <Status>NOT_STARTED</Status>
        <isSermonSelected>false</isSermonSelected>
    </Sermon>
    <Sermon>
        <Title>Fire! More Fire!! Much Fire!!!</Title>
        <Url>http://www.sermonindex.net/modules/mydownloads/visit.php?lid=14232</Url>
        <Speaker>Ian Paisley</Speaker>
        <Length>3.72Mb</Length>
        <Status>NOT_STARTED</Status>
        <isSermonSelected>false</isSermonSelected>
    </Sermon>
    <Sermon>
        <Title>Five Great Kings Gobsmacked By God's Spokesmen</Title>
        <Url>http://www.sermonindex.net/modules/mydownloads/visit.php?lid=14942</Url>
        <Speaker>Ian Paisley</Speaker>
        <Length>4.56Mb</Length>
        <Status>NOT_STARTED</Status>
        <isSermonSelected>false</isSermonSelected>
    </Sermon>
    <Sermon>
        <Title>Five Principles of Revival</Title>
        <Url>http://www.sermonindex.net/modules/mydownloads/visit.php?lid=2952</Url>
        <Speaker>Ian Paisley</Speaker>
        <Length>5.85Mb</Length>
        <Status>NOT_STARTED</Status>
        <isSermonSelected>false</isSermonSelected>
    </Sermon>
    <Sermon>
        <Title>Five Steps to Genuine Revival</Title>
        <Url>http://www.sermonindex.net/modules/mydownloads/visit.php?lid=15850</Url>
        <Speaker>Ian Paisley</Speaker>
        <Length>3.15Mb</Length>
        <Status>NOT_STARTED</Status>
        <isSermonSelected>false</isSermonSelected>
    </Sermon>
    <Sermon>
        <Title>Five Things That Characterise This World</Title>
        <Url>http://www.sermonindex.net/modules/mydownloads/visit.php?lid=14903</Url>
        <Speaker>Ian Paisley</Speaker>
        <Length>2.92Mb</Length>
        <Status>NOT_STARTED</Status>
        <isSermonSelected>false</isSermonSelected>
    </Sermon>
    <Sermon>
        <Title>Go Back? Never!</Title>
        <Url>http://www.sermonindex.net/modules/mydownloads/visit.php?lid=14948</Url>
        <Speaker>Ian Paisley</Speaker>
        <Length>3.25Mb</Length>
        <Status>NOT_STARTED</Status>
        <isSermonSelected>false</isSermonSelected>
    </Sermon>
    <Sermon>
        <Title>God's Heaven Literally Brought Down To Earth By God's Son</Title>
        <Url>http://www.sermonindex.net/modules/mydownloads/visit.php?lid=14941</Url>
        <Speaker>Ian Paisley</Speaker>
        <Length>3.56Mb</Length>
        <Status>NOT_STARTED</Status>
        <isSermonSelected>false</isSermonSelected>
    </Sermon>
    <Sermon>
        <Title>God's Inerasable Colour</Title>
        <Url>http://www.sermonindex.net/modules/mydownloads/visit.php?lid=14939</Url>
        <Speaker>Ian Paisley</Speaker>
        <Length>3.8Mb</Length>
        <Status>NOT_STARTED</Status>
        <isSermonSelected>false</isSermonSelected>
    </Sermon>
    <Sermon>
        <Title>God's Priceless Gift to a Bankrupt World</Title>
        <Url>http://www.sermonindex.net/modules/mydownloads/visit.php?lid=21170</Url>
        <Speaker>Ian Paisley</Speaker>
        <Length>5.63Mb</Length>
        <Status>NOT_STARTED</Status>
        <isSermonSelected>false</isSermonSelected>
    </Sermon>
    <Sermon>
        <Title>Have You The Holy Spirit?</Title>
        <Url>http://www.sermonindex.net/modules/mydownloads/visit.php?lid=14231</Url>
        <Speaker>Ian Paisley</Speaker>
        <Length>2.84Mb</Length>
        <Status>NOT_STARTED</Status>
        <isSermonSelected>false</isSermonSelected>
    </Sermon>
    <Sermon>
        <Title>He Shall See His Seed</Title>
        <Url>http://www.sermonindex.net/modules/mydownloads/visit.php?lid=14931</Url>
        <Speaker>Ian Paisley</Speaker>
        <Length>3.87Mb</Length>
        <Status>NOT_STARTED</Status>
        <isSermonSelected>false</isSermonSelected>
    </Sermon>
    <Sermon>
        <Title>Hell</Title>
        <Url>http://www.sermonindex.net/modules/mydownloads/visit.php?lid=2938</Url>
        <Speaker>Ian Paisley</Speaker>
        <Length>6.81Mb</Length>
        <Status>NOT_STARTED</Status>
        <isSermonSelected>false</isSermonSelected>
    </Sermon>
    <Sermon>
        <Title>Hell Enlarged! Avoid The Three Steps Which Will Take You There!</Title>
        <Url>http://www.sermonindex.net/modules/mydownloads/visit.php?lid=14226</Url>
        <Speaker>Ian Paisley</Speaker>
        <Length>4.49Mb</Length>
        <Status>NOT_STARTED</Status>
        <isSermonSelected>false</isSermonSelected>
    </Sermon>
    <Sermon>
        <Title>How The Eternal Glory Shattered Eternity's Barrier And The Time Barrier</Title>
        <Url>http://www.sermonindex.net/modules/mydownloads/visit.php?lid=14911</Url>
        <Speaker>Ian Paisley</Speaker>
        <Length>4.23Mb</Length>
        <Status>NOT_STARTED</Status>
        <isSermonSelected>false</isSermonSelected>
    </Sermon>
    <Sermon>
        <Title>How To See The Invisible</Title>
        <Url>http://www.sermonindex.net/modules/mydownloads/visit.php?lid=14920</Url>
        <Speaker>Ian Paisley</Speaker>
        <Length>3.44Mb</Length>
        <Status>NOT_STARTED</Status>
        <isSermonSelected>false</isSermonSelected>
    </Sermon>
    <Sermon>
        <Title>How To See The Unseen God</Title>
        <Url>http://www.sermonindex.net/modules/mydownloads/visit.php?lid=14929</Url>
        <Speaker>Ian Paisley</Speaker>
        <Length>3.21Mb</Length>
        <Status>NOT_STARTED</Status>
        <isSermonSelected>false</isSermonSelected>
    </Sermon>
    <Sermon>
        <Title>Infallibility: Where located? Where Demonstrated? Where Donated?</Title>
        <Url>http://www.sermonindex.net/modules/mydownloads/visit.php?lid=14909</Url>
        <Speaker>Ian Paisley</Speaker>
        <Length>3.88Mb</Length>
        <Status>NOT_STARTED</Status>
        <isSermonSelected>false</isSermonSelected>
    </Sermon>
    <Sermon>
        <Title>It Could Not Be Wider, Simpler, Mightier, Diviner Or Truer</Title>
        <Url>http://www.sermonindex.net/modules/mydownloads/visit.php?lid=14902</Url>
        <Speaker>Ian Paisley</Speaker>
        <Length>3.99Mb</Length>
        <Status>NOT_STARTED</Status>
        <isSermonSelected>false</isSermonSelected>
    </Sermon>
    <Sermon>
        <Title>Listen To These Three Odd Old Preachers</Title>
        <Url>http://www.sermonindex.net/modules/mydownloads/visit.php?lid=13076</Url>
        <Speaker>Ian Paisley</Speaker>
        <Length>3.86Mb</Length>
        <Status>NOT_STARTED</Status>
        <isSermonSelected>false</isSermonSelected>
    </Sermon>
    <Sermon>
        <Title>Love and Hatred At The Birth Of Our Lord Jesus Christ</Title>
        <Url>http://www.sermonindex.net/modules/mydownloads/visit.php?lid=14921</Url>
        <Speaker>Ian Paisley</Speaker>
        <Length>4.63Mb</Length>
        <Status>NOT_STARTED</Status>
        <isSermonSelected>false</isSermonSelected>
    </Sermon>
    <Sermon>
        <Title>Loving The Holy Spirit</Title>
        <Url>http://www.sermonindex.net/modules/mydownloads/visit.php?lid=14938</Url>
        <Speaker>Ian Paisley</Speaker>
        <Length>4.26Mb</Length>
        <Status>NOT_STARTED</Status>
        <isSermonSelected>false</isSermonSelected>
    </Sermon>
    <Sermon>
        <Title>Luther - The Man Who Would Not Bend</Title>
        <Url>http://www.sermonindex.net/modules/mydownloads/visit.php?lid=14227</Url>
        <Speaker>Ian Paisley</Speaker>
        <Length>3.4Mb</Length>
        <Status>NOT_STARTED</Status>
        <isSermonSelected>false</isSermonSelected>
    </Sermon>
    <Sermon>
        <Title>Martin Luther - The Scourge Of Papacy In The 16th Century</Title>
        <Url>http://www.sermonindex.net/modules/mydownloads/visit.php?lid=16059</Url>
        <Speaker>Ian Paisley</Speaker>
        <Length>4.14Mb</Length>
        <Status>NOT_STARTED</Status>
        <isSermonSelected>false</isSermonSelected>
    </Sermon>
    <Sermon>
        <Title>Measuring Immeasurable Distances</Title>
        <Url>http://www.sermonindex.net/modules/mydownloads/visit.php?lid=14930</Url>
        <Speaker>Ian Paisley</Speaker>
        <Length>4Mb</Length>
        <Status>NOT_STARTED</Status>
        <isSermonSelected>false</isSermonSelected>
    </Sermon>
    <Sermon>
        <Title>Midnight! What Then?</Title>
        <Url>http://www.sermonindex.net/modules/mydownloads/visit.php?lid=14955</Url>
        <Speaker>Ian Paisley</Speaker>
        <Length>3.14Mb</Length>
        <Status>NOT_STARTED</Status>
        <isSermonSelected>false</isSermonSelected>
    </Sermon>
    <Sermon>
        <Title>Modern Truths from the Conflict of David and Goliath</Title>
        <Url>http://www.sermonindex.net/modules/mydownloads/visit.php?lid=17057</Url>
        <Speaker>Ian Paisley</Speaker>
        <Length>4.83Mb</Length>
        <Status>NOT_STARTED</Status>
        <isSermonSelected>false</isSermonSelected>
    </Sermon>
    <Sermon>
        <Title>Only what can be done for Jesus will last</Title>
        <Url>http://www.sermonindex.net/modules/mydownloads/visit.php?lid=21169</Url>
        <Speaker>Ian Paisley</Speaker>
        <Length>16.9Mb</Length>
        <Status>NOT_STARTED</Status>
        <isSermonSelected>false</isSermonSelected>
    </Sermon>
    <Sermon>
        <Title>Preach the word</Title>
        <Url>http://www.sermonindex.net/modules/mydownloads/visit.php?lid=14229</Url>
        <Speaker>Ian Paisley</Speaker>
        <Length>4.49Mb</Length>
        <Status>NOT_STARTED</Status>
        <isSermonSelected>false</isSermonSelected>
    </Sermon>
    <Sermon>
        <Title>Psalm 12:6</Title>
        <Url>http://www.sermonindex.net/modules/mydownloads/visit.php?lid=14898</Url>
        <Speaker>Ian Paisley</Speaker>
        <Length>5.74Mb</Length>
        <Status>NOT_STARTED</Status>
        <isSermonSelected>false</isSermonSelected>
    </Sermon>
    <Sermon>
        <Title>Revival Is The Answer</Title>
        <Url>http://www.sermonindex.net/modules/mydownloads/visit.php?lid=17038</Url>
        <Speaker>Ian Paisley</Speaker>
        <Length>2.39Mb</Length>
        <Status>NOT_STARTED</Status>
        <isSermonSelected>false</isSermonSelected>
    </Sermon>
    <Sermon>
        <Title>Revival Possible and Actual</Title>
        <Url>http://www.sermonindex.net/modules/mydownloads/visit.php?lid=2904</Url>
        <Speaker>Ian Paisley</Speaker>
        <Length>3.13Mb</Length>
        <Status>NOT_STARTED</Status>
        <isSermonSelected>false</isSermonSelected>
    </Sermon>
    <Sermon>
        <Title>Steps In The Path To Being Filled With The Holy Spirit</Title>
        <Url>http://www.sermonindex.net/modules/mydownloads/visit.php?lid=13083</Url>
        <Speaker>Ian Paisley</Speaker>
        <Length>4.31Mb</Length>
        <Status>NOT_STARTED</Status>
        <isSermonSelected>false</isSermonSelected>
    </Sermon>
    <Sermon>
        <Title>The Accursed City Builder</Title>
        <Url>http://www.sermonindex.net/modules/mydownloads/visit.php?lid=14953</Url>
        <Speaker>Ian Paisley</Speaker>
        <Length>4.26Mb</Length>
        <Status>NOT_STARTED</Status>
        <isSermonSelected>false</isSermonSelected>
    </Sermon>
    <Sermon>
        <Title>The Age Of Sham</Title>
        <Url>http://www.sermonindex.net/modules/mydownloads/visit.php?lid=14230</Url>
        <Speaker>Ian Paisley</Speaker>
        <Length>4.72Mb</Length>
        <Status>NOT_STARTED</Status>
        <isSermonSelected>false</isSermonSelected>
    </Sermon>
    <Sermon>
        <Title>The Ancient Cross</Title>
        <Url>http://www.sermonindex.net/modules/mydownloads/visit.php?lid=14220</Url>
        <Speaker>Ian Paisley</Speaker>
        <Length>4.71Mb</Length>
        <Status>NOT_STARTED</Status>
        <isSermonSelected>false</isSermonSelected>
    </Sermon>
    <Sermon>
        <Title>The Arms Of Love Which Embrace The Two Eternities</Title>
        <Url>http://www.sermonindex.net/modules/mydownloads/visit.php?lid=14912</Url>
        <Speaker>Ian Paisley</Speaker>
        <Length>4.67Mb</Length>
        <Status>NOT_STARTED</Status>
        <isSermonSelected>false</isSermonSelected>
    </Sermon>
    <Sermon>
        <Title>The Battle Of The Ages</Title>
        <Url>http://www.sermonindex.net/modules/mydownloads/visit.php?lid=13077</Url>
        <Speaker>Ian Paisley</Speaker>
        <Length>3.98Mb</Length>
        <Status>NOT_STARTED</Status>
        <isSermonSelected>false</isSermonSelected>
    </Sermon>
    <Sermon>
        <Title>The Battle Within : The Anguished Conscience Vs The Answering Conscience</Title>
        <Url>http://www.sermonindex.net/modules/mydownloads/visit.php?lid=14913</Url>
        <Speaker>Ian Paisley</Speaker>
        <Length>3.67Mb</Length>
        <Status>NOT_STARTED</Status>
        <isSermonSelected>false</isSermonSelected>
    </Sermon>
    <Sermon>
        <Title>The Birth Of Our Lord Jesus Christ</Title>
        <Url>http://www.sermonindex.net/modules/mydownloads/visit.php?lid=14922</Url>
        <Speaker>Ian Paisley</Speaker>
        <Length>4.56Mb</Length>
        <Status>NOT_STARTED</Status>
        <isSermonSelected>false</isSermonSelected>
    </Sermon>
    <Sermon>
        <Title>The Boy Whose Small Lunch Fed Over 10,000 People</Title>
        <Url>http://www.sermonindex.net/modules/mydownloads/visit.php?lid=14951</Url>
        <Speaker>Ian Paisley</Speaker>
        <Length>2.45Mb</Length>
        <Status>NOT_STARTED</Status>
        <isSermonSelected>false</isSermonSelected>
    </Sermon>
    <Sermon>
        <Title>The Burning Hell That Jesus Preached</Title>
        <Url>http://www.sermonindex.net/modules/mydownloads/visit.php?lid=27434</Url>
        <Speaker>Ian Paisley</Speaker>
        <Length>74.43Mb</Length>
        <Status>NOT_STARTED</Status>
        <isSermonSelected>false</isSermonSelected>
    </Sermon>
    <Sermon>
        <Title>The Cry for Prophetic Power</Title>
        <Url>http://www.sermonindex.net/modules/mydownloads/visit.php?lid=17056</Url>
        <Speaker>Ian Paisley</Speaker>
        <Length>4.43Mb</Length>
        <Status>NOT_STARTED</Status>
        <isSermonSelected>false</isSermonSelected>
    </Sermon>
    <Sermon>
        <Title>The Cry Of The Blood Of The Murdered</Title>
        <Url>http://www.sermonindex.net/modules/mydownloads/visit.php?lid=14924</Url>
        <Speaker>Ian Paisley</Speaker>
        <Length>4.13Mb</Length>
        <Status>NOT_STARTED</Status>
        <isSermonSelected>false</isSermonSelected>
    </Sermon>
    <Sermon>
        <Title>The Dynamite of God</Title>
        <Url>http://www.sermonindex.net/modules/mydownloads/visit.php?lid=14218</Url>
        <Speaker>Ian Paisley</Speaker>
        <Length>3.93Mb</Length>
        <Status>NOT_STARTED</Status>
        <isSermonSelected>false</isSermonSelected>
    </Sermon>
    <Sermon>
        <Title>The Firebrand Priest In The Filthy Clothes</Title>
        <Url>http://www.sermonindex.net/modules/mydownloads/visit.php?lid=14224</Url>
        <Speaker>Ian Paisley</Speaker>
        <Length>4.43Mb</Length>
        <Status>NOT_STARTED</Status>
        <isSermonSelected>false</isSermonSelected>
    </Sermon>
    <Sermon>
        <Title>The First Gift Of The Father</Title>
        <Url>http://www.sermonindex.net/modules/mydownloads/visit.php?lid=13079</Url>
        <Speaker>Ian Paisley</Speaker>
        <Length>4Mb</Length>
        <Status>NOT_STARTED</Status>
        <isSermonSelected>false</isSermonSelected>
    </Sermon>
    <Sermon>
        <Title>The Five Pillars Of the Gospel</Title>
        <Url>http://www.sermonindex.net/modules/mydownloads/visit.php?lid=13082</Url>
        <Speaker>Ian Paisley</Speaker>
        <Length>4.32Mb</Length>
        <Status>NOT_STARTED</Status>
        <isSermonSelected>false</isSermonSelected>
    </Sermon>
    <Sermon>
        <Title>The Five Point Relationship of the Child of God</Title>
        <Url>http://www.sermonindex.net/modules/mydownloads/visit.php?lid=14933</Url>
        <Speaker>Ian Paisley</Speaker>
        <Length>3.99Mb</Length>
        <Status>NOT_STARTED</Status>
        <isSermonSelected>false</isSermonSelected>
    </Sermon>
    <Sermon>
        <Title>The French Reformer John Calvin</Title>
        <Url>http://www.sermonindex.net/modules/mydownloads/visit.php?lid=3186</Url>
        <Speaker>Ian Paisley</Speaker>
        <Length>3.59Mb</Length>
        <Status>NOT_STARTED</Status>
        <isSermonSelected>false</isSermonSelected>
    </Sermon>
    <Sermon>
        <Title>The Gospel Of The Devil! Believe It Not</Title>
        <Url>http://www.sermonindex.net/modules/mydownloads/visit.php?lid=14222</Url>
        <Speaker>Ian Paisley</Speaker>
        <Length>4.1Mb</Length>
        <Status>NOT_STARTED</Status>
        <isSermonSelected>false</isSermonSelected>
    </Sermon>
    <Sermon>
        <Title>The Gospel Of The Devil! Believe It Not (2)</Title>
        <Url>http://www.sermonindex.net/modules/mydownloads/visit.php?lid=14223</Url>
        <Speaker>Ian Paisley</Speaker>
        <Length>3.48Mb</Length>
        <Status>NOT_STARTED</Status>
        <isSermonSelected>false</isSermonSelected>
    </Sermon>
    <Sermon>
        <Title>The Great Revival In Wales</Title>
        <Url>http://www.sermonindex.net/modules/mydownloads/visit.php?lid=14234</Url>
        <Speaker>Ian Paisley</Speaker>
        <Length>3.64Mb</Length>
        <Status>NOT_STARTED</Status>
        <isSermonSelected>false</isSermonSelected>
    </Sermon>
    <Sermon>
        <Title>The Greatest Prayer Ever Offered</Title>
        <Url>http://www.sermonindex.net/modules/mydownloads/visit.php?lid=13084</Url>
        <Speaker>Ian Paisley</Speaker>
        <Length>3.1Mb</Length>
        <Status>NOT_STARTED</Status>
        <isSermonSelected>false</isSermonSelected>
    </Sermon>
    <Sermon>
        <Title>The Greatest Scoundrel In Government Who Called For The Gospel Preacher</Title>
        <Url>http://www.sermonindex.net/modules/mydownloads/visit.php?lid=14915</Url>
        <Speaker>Ian Paisley</Speaker>
        <Length>3.47Mb</Length>
        <Status>NOT_STARTED</Status>
        <isSermonSelected>false</isSermonSelected>
    </Sermon>
    <Sermon>
        <Title>The Greatest Wind That Ever Blew</Title>
        <Url>http://www.sermonindex.net/modules/mydownloads/visit.php?lid=16062</Url>
        <Speaker>Ian Paisley</Speaker>
        <Length>3.74Mb</Length>
        <Status>NOT_STARTED</Status>
        <isSermonSelected>false</isSermonSelected>
    </Sermon>
    <Sermon>
        <Title>The Hated But True Man</Title>
        <Url>http://www.sermonindex.net/modules/mydownloads/visit.php?lid=14228</Url>
        <Speaker>Ian Paisley</Speaker>
        <Length>3.92Mb</Length>
        <Status>NOT_STARTED</Status>
        <isSermonSelected>false</isSermonSelected>
    </Sermon>
    <Sermon>
        <Title>The Key To Grasp The Mystery Of The Word Of God</Title>
        <Url>http://www.sermonindex.net/modules/mydownloads/visit.php?lid=14900</Url>
        <Speaker>Ian Paisley</Speaker>
        <Length>4.16Mb</Length>
        <Status>NOT_STARTED</Status>
        <isSermonSelected>false</isSermonSelected>
    </Sermon>
    <Sermon>
        <Title>The Key To The Vanquishing Of The Power Of Hell</Title>
        <Url>http://www.sermonindex.net/modules/mydownloads/visit.php?lid=14235</Url>
        <Speaker>Ian Paisley</Speaker>
        <Length>4.44Mb</Length>
        <Status>NOT_STARTED</Status>
        <isSermonSelected>false</isSermonSelected>
    </Sermon>
    <Sermon>
        <Title>The Landlady From Heaven And The Tenants From Hell</Title>
        <Url>http://www.sermonindex.net/modules/mydownloads/visit.php?lid=14945</Url>
        <Speaker>Ian Paisley</Speaker>
        <Length>3.7Mb</Length>
        <Status>NOT_STARTED</Status>
        <isSermonSelected>false</isSermonSelected>
    </Sermon>
    <Sermon>
        <Title>The Last Milestone In The Pilgrimage Of Abraham</Title>
        <Url>http://www.sermonindex.net/modules/mydownloads/visit.php?lid=14944</Url>
        <Speaker>Ian Paisley</Speaker>
        <Length>4.24Mb</Length>
        <Status>NOT_STARTED</Status>
        <isSermonSelected>false</isSermonSelected>
    </Sermon>
    <Sermon>
        <Title>The Light of the World</Title>
        <Url>http://www.sermonindex.net/modules/mydownloads/visit.php?lid=14935</Url>
        <Speaker>Ian Paisley</Speaker>
        <Length>5.81Mb</Length>
        <Status>NOT_STARTED</Status>
        <isSermonSelected>false</isSermonSelected>
    </Sermon>
    <Sermon>
        <Title>The Love of God</Title>
        <Url>http://www.sermonindex.net/modules/mydownloads/visit.php?lid=14949</Url>
        <Speaker>Ian Paisley</Speaker>
        <Length>1.79Mb</Length>
        <Status>NOT_STARTED</Status>
        <isSermonSelected>false</isSermonSelected>
    </Sermon>
    <Sermon>
        <Title>The Most Striking Prayer Of The Bible - The Request Of 3000 Devils To Enter The...</Title>
        <Url>http://www.sermonindex.net/modules/mydownloads/visit.php?lid=14940</Url>
        <Speaker>Ian Paisley</Speaker>
        <Length>4.12Mb</Length>
        <Status>NOT_STARTED</Status>
        <isSermonSelected>false</isSermonSelected>
    </Sermon>
    <Sermon>
        <Title>The Must Of All Musts</Title>
        <Url>http://www.sermonindex.net/modules/mydownloads/visit.php?lid=14916</Url>
        <Speaker>Ian Paisley</Speaker>
        <Length>4.56Mb</Length>
        <Status>NOT_STARTED</Status>
        <isSermonSelected>false</isSermonSelected>
    </Sermon>
    <Sermon>
        <Title>The Must Of Christ Likening Himself To A Serpent</Title>
        <Url>http://www.sermonindex.net/modules/mydownloads/visit.php?lid=14917</Url>
        <Speaker>Ian Paisley</Speaker>
        <Length>5.22Mb</Length>
        <Status>NOT_STARTED</Status>
        <isSermonSelected>false</isSermonSelected>
    </Sermon>
    <Sermon>
        <Title>The Must Of The Day Time Working</Title>
        <Url>http://www.sermonindex.net/modules/mydownloads/visit.php?lid=14918</Url>
        <Speaker>Ian Paisley</Speaker>
        <Length>4.22Mb</Length>
        <Status>NOT_STARTED</Status>
        <isSermonSelected>false</isSermonSelected>
    </Sermon>
    <Sermon>
        <Title>The Musts Of Christ The Shepherd</Title>
        <Url>http://www.sermonindex.net/modules/mydownloads/visit.php?lid=14904</Url>
        <Speaker>Ian Paisley</Speaker>
        <Length>4.06Mb</Length>
        <Status>NOT_STARTED</Status>
        <isSermonSelected>false</isSermonSelected>
    </Sermon>
    <Sermon>
        <Title>The Musts Of Christs Commandment</Title>
        <Url>http://www.sermonindex.net/modules/mydownloads/visit.php?lid=14906</Url>
        <Speaker>Ian Paisley</Speaker>
        <Length>4.08Mb</Length>
        <Status>NOT_STARTED</Status>
        <isSermonSelected>false</isSermonSelected>
    </Sermon>
    <Sermon>
        <Title>The Musts Of Christs Career</Title>
        <Url>http://www.sermonindex.net/modules/mydownloads/visit.php?lid=14907</Url>
        <Speaker>Ian Paisley</Speaker>
        <Length>3.78Mb</Length>
        <Status>NOT_STARTED</Status>
        <isSermonSelected>false</isSermonSelected>
    </Sermon>
    <Sermon>
        <Title>The Musts Of The Lords Condemnation</Title>
        <Url>http://www.sermonindex.net/modules/mydownloads/visit.php?lid=14923</Url>
        <Speaker>Ian Paisley</Speaker>
        <Length>4.28Mb</Length>
        <Status>NOT_STARTED</Status>
        <isSermonSelected>false</isSermonSelected>
    </Sermon>
    <Sermon>
        <Title>The Musts On The Lips Of Our Lord</Title>
        <Url>http://www.sermonindex.net/modules/mydownloads/visit.php?lid=14925</Url>
        <Speaker>Ian Paisley</Speaker>
        <Length>3.75Mb</Length>
        <Status>NOT_STARTED</Status>
        <isSermonSelected>false</isSermonSelected>
    </Sermon>
    <Sermon>
        <Title>The Pierced Feet Of Our Lord Jesus</Title>
        <Url>http://www.sermonindex.net/modules/mydownloads/visit.php?lid=14932</Url>
        <Speaker>Ian Paisley</Speaker>
        <Length>3.42Mb</Length>
        <Status>NOT_STARTED</Status>
        <isSermonSelected>false</isSermonSelected>
    </Sermon>
    <Sermon>
        <Title>The Ploughing Of The Wicked</Title>
        <Url>http://www.sermonindex.net/modules/mydownloads/visit.php?lid=14952</Url>
        <Speaker>Ian Paisley</Speaker>
        <Length>3.06Mb</Length>
        <Status>NOT_STARTED</Status>
        <isSermonSelected>false</isSermonSelected>
    </Sermon>
    <Sermon>
        <Title>The Power Of The Holy Spirit Of God</Title>
        <Url>http://www.sermonindex.net/modules/mydownloads/visit.php?lid=13080</Url>
        <Speaker>Ian Paisley</Speaker>
        <Length>3.86Mb</Length>
        <Status>NOT_STARTED</Status>
        <isSermonSelected>false</isSermonSelected>
    </Sermon>
    <Sermon>
        <Title>The Red Light Of Warning On The Red Light District</Title>
        <Url>http://www.sermonindex.net/modules/mydownloads/visit.php?lid=14946</Url>
        <Speaker>Ian Paisley</Speaker>
        <Length>4.26Mb</Length>
        <Status>NOT_STARTED</Status>
        <isSermonSelected>false</isSermonSelected>
    </Sermon>
    <Sermon>
        <Title>The Scottish Reformer John Knox</Title>
        <Url>http://www.sermonindex.net/modules/mydownloads/visit.php?lid=3185</Url>
        <Speaker>Ian Paisley</Speaker>
        <Length>3.57Mb</Length>
        <Status>NOT_STARTED</Status>
        <isSermonSelected>false</isSermonSelected>
    </Sermon>
    <Sermon>
        <Title>The Secret And Strength Of Revival Praying</Title>
        <Url>http://www.sermonindex.net/modules/mydownloads/visit.php?lid=14237</Url>
        <Speaker>Ian Paisley</Speaker>
        <Length>4.1Mb</Length>
        <Status>NOT_STARTED</Status>
        <isSermonSelected>false</isSermonSelected>
    </Sermon>
    <Sermon>
        <Title>The Secret Whereby God Imparts The Mysteries Of The Bible</Title>
        <Url>http://www.sermonindex.net/modules/mydownloads/visit.php?lid=14914</Url>
        <Speaker>Ian Paisley</Speaker>
        <Length>3.18Mb</Length>
        <Status>NOT_STARTED</Status>
        <isSermonSelected>false</isSermonSelected>
    </Sermon>
    <Sermon>
        <Title>The Shouting Pulpit And The Shaking Pews</Title>
        <Url>http://www.sermonindex.net/modules/mydownloads/visit.php?lid=14236</Url>
        <Speaker>Ian Paisley</Speaker>
        <Length>3.86Mb</Length>
        <Status>NOT_STARTED</Status>
        <isSermonSelected>false</isSermonSelected>
    </Sermon>
    <Sermon>
        <Title>The Story Of The Two High Priests - One Filthy The Other Faultless</Title>
        <Url>http://www.sermonindex.net/modules/mydownloads/visit.php?lid=14950</Url>
        <Speaker>Ian Paisley</Speaker>
        <Length>3.85Mb</Length>
        <Status>NOT_STARTED</Status>
        <isSermonSelected>false</isSermonSelected>
    </Sermon>
    <Sermon>
        <Title>The Strange Occupation Of God</Title>
        <Url>http://www.sermonindex.net/modules/mydownloads/visit.php?lid=16061</Url>
        <Speaker>Ian Paisley</Speaker>
        <Length>4.47Mb</Length>
        <Status>NOT_STARTED</Status>
        <isSermonSelected>false</isSermonSelected>
    </Sermon>
    <Sermon>
        <Title>The Tears of the Saviour</Title>
        <Url>http://www.sermonindex.net/modules/mydownloads/visit.php?lid=14221</Url>
        <Speaker>Ian Paisley</Speaker>
        <Length>5.13Mb</Length>
        <Status>NOT_STARTED</Status>
        <isSermonSelected>false</isSermonSelected>
    </Sermon>
    <Sermon>
        <Title>The Tenth Must Of Christ</Title>
        <Url>http://www.sermonindex.net/modules/mydownloads/visit.php?lid=14905</Url>
        <Speaker>Ian Paisley</Speaker>
        <Length>3.67Mb</Length>
        <Status>NOT_STARTED</Status>
        <isSermonSelected>false</isSermonSelected>
    </Sermon>
    <Sermon>
        <Title>The Text To Which We Must Ever Return</Title>
        <Url>http://www.sermonindex.net/modules/mydownloads/visit.php?lid=14954</Url>
        <Speaker>Ian Paisley</Speaker>
        <Length>4.07Mb</Length>
        <Status>NOT_STARTED</Status>
        <isSermonSelected>false</isSermonSelected>
    </Sermon>
    <Sermon>
        <Title>The Winged Fowl Of Scripture</Title>
        <Url>http://www.sermonindex.net/modules/mydownloads/visit.php?lid=14936</Url>
        <Speaker>Ian Paisley</Speaker>
        <Length>3.88Mb</Length>
        <Status>NOT_STARTED</Status>
        <isSermonSelected>false</isSermonSelected>
    </Sermon>
    <Sermon>
        <Title>This Groaning World</Title>
        <Url>http://www.sermonindex.net/modules/mydownloads/visit.php?lid=16060</Url>
        <Speaker>Ian Paisley</Speaker>
        <Length>2.82Mb</Length>
        <Status>NOT_STARTED</Status>
        <isSermonSelected>false</isSermonSelected>
    </Sermon>
    <Sermon>
        <Title>Turn Us Again, O Lord God of Hosts</Title>
        <Url>http://www.sermonindex.net/modules/mydownloads/visit.php?lid=2951</Url>
        <Speaker>Ian Paisley</Speaker>
        <Length>5.81Mb</Length>
        <Status>NOT_STARTED</Status>
        <isSermonSelected>false</isSermonSelected>
    </Sermon>
    <Sermon>
        <Title>Undisguisable In Life -- Unrecognisable In Death</Title>
        <Url>http://www.sermonindex.net/modules/mydownloads/visit.php?lid=14901</Url>
        <Speaker>Ian Paisley</Speaker>
        <Length>3.74Mb</Length>
        <Status>NOT_STARTED</Status>
        <isSermonSelected>false</isSermonSelected>
    </Sermon>
    <Sermon>
        <Title>Unquestionable, Unconditional Surrender</Title>
        <Url>http://www.sermonindex.net/modules/mydownloads/visit.php?lid=14910</Url>
        <Speaker>Ian Paisley</Speaker>
        <Length>3.47Mb</Length>
        <Status>NOT_STARTED</Status>
        <isSermonSelected>false</isSermonSelected>
    </Sermon>
    <Sermon>
        <Title>What Is F.A.I.T.H.</Title>
        <Url>http://www.sermonindex.net/modules/mydownloads/visit.php?lid=14943</Url>
        <Speaker>Ian Paisley</Speaker>
        <Length>2.92Mb</Length>
        <Status>NOT_STARTED</Status>
        <isSermonSelected>false</isSermonSelected>
    </Sermon>
    <Sermon>
        <Title>Women's Rights - The Bible's First Suffragettes</Title>
        <Url>http://www.sermonindex.net/modules/mydownloads/visit.php?lid=14947</Url>
        <Speaker>Ian Paisley</Speaker>
        <Length>3.25Mb</Length>
        <Status>NOT_STARTED</Status>
        <isSermonSelected>false</isSermonSelected>
    </Sermon>
</Sermons>
