<?xml version="1.0" encoding="UTF-8" standalone="yes"?>
<Sermons>
    <Sermon>
        <Title>Abide with me (instrumental)</Title>
        <Url>http://www.sermonindex.net/modules/mydownloads/visit.php?lid=2688</Url>
        <Speaker>Instrumental Hymns</Speaker>
        <Length>2.09Mb</Length>
        <Status>ALREADY_DONE</Status>
        <isSermonSelected>false</isSermonSelected>
    </Sermon>
    <Sermon>
        <Title>Give of your Best to the Master (instrumental)</Title>
        <Url>http://www.sermonindex.net/modules/mydownloads/visit.php?lid=2689</Url>
        <Speaker>Instrumental Hymns</Speaker>
        <Length>4.25Mb</Length>
        <Status>ALREADY_DONE</Status>
        <isSermonSelected>false</isSermonSelected>
    </Sermon>
    <Sermon>
        <Title>Holy, Holy, Holy (instrumental)</Title>
        <Url>http://www.sermonindex.net/modules/mydownloads/visit.php?lid=2690</Url>
        <Speaker>Instrumental Hymns</Speaker>
        <Length>2.81Mb</Length>
        <Status>ALREADY_DONE</Status>
        <isSermonSelected>false</isSermonSelected>
    </Sermon>
    <Sermon>
        <Title>I Surrender All (vocal)</Title>
        <Url>http://www.sermonindex.net/modules/mydownloads/visit.php?lid=3304</Url>
        <Speaker>Instrumental Hymns</Speaker>
        <Length>4.09Mb</Length>
        <Status>ALREADY_DONE</Status>
        <isSermonSelected>false</isSermonSelected>
    </Sermon>
    <Sermon>
        <Title>Immortal, Invisible, God Only Wise (instrumental)</Title>
        <Url>http://www.sermonindex.net/modules/mydownloads/visit.php?lid=2691</Url>
        <Speaker>Instrumental Hymns</Speaker>
        <Length>1.88Mb</Length>
        <Status>ALREADY_DONE</Status>
        <isSermonSelected>false</isSermonSelected>
    </Sermon>
    <Sermon>
        <Title>Jesus Paid it All (instrumental)</Title>
        <Url>http://www.sermonindex.net/modules/mydownloads/visit.php?lid=2692</Url>
        <Speaker>Instrumental Hymns</Speaker>
        <Length>2.54Mb</Length>
        <Status>ALREADY_DONE</Status>
        <isSermonSelected>false</isSermonSelected>
    </Sermon>
    <Sermon>
        <Title>My Jesus I Love Thee (vocal)</Title>
        <Url>http://www.sermonindex.net/modules/mydownloads/visit.php?lid=3303</Url>
        <Speaker>Instrumental Hymns</Speaker>
        <Length>3.69Mb</Length>
        <Status>ALREADY_DONE</Status>
        <isSermonSelected>false</isSermonSelected>
    </Sermon>
    <Sermon>
        <Title>Near the Cross (instrumental)</Title>
        <Url>http://www.sermonindex.net/modules/mydownloads/visit.php?lid=2693</Url>
        <Speaker>Instrumental Hymns</Speaker>
        <Length>2.78Mb</Length>
        <Status>ALREADY_DONE</Status>
        <isSermonSelected>false</isSermonSelected>
    </Sermon>
    <Sermon>
        <Title>O Worship the King (instrumental)</Title>
        <Url>http://www.sermonindex.net/modules/mydownloads/visit.php?lid=2694</Url>
        <Speaker>Instrumental Hymns</Speaker>
        <Length>1.47Mb</Length>
        <Status>ALREADY_DONE</Status>
        <isSermonSelected>false</isSermonSelected>
    </Sermon>
    <Sermon>
        <Title>Praise Him Praise Him (instrumental)</Title>
        <Url>http://www.sermonindex.net/modules/mydownloads/visit.php?lid=2695</Url>
        <Speaker>Instrumental Hymns</Speaker>
        <Length>1.63Mb</Length>
        <Status>ALREADY_DONE</Status>
        <isSermonSelected>false</isSermonSelected>
    </Sermon>
    <Sermon>
        <Title>Praise to the Lord (instrumental)</Title>
        <Url>http://www.sermonindex.net/modules/mydownloads/visit.php?lid=2696</Url>
        <Speaker>Instrumental Hymns</Speaker>
        <Length>2.25Mb</Length>
        <Status>ALREADY_DONE</Status>
        <isSermonSelected>false</isSermonSelected>
    </Sermon>
    <Sermon>
        <Title>Praise, My Soul, the King of Heaven (instrumental)</Title>
        <Url>http://www.sermonindex.net/modules/mydownloads/visit.php?lid=2697</Url>
        <Speaker>Instrumental Hymns</Speaker>
        <Length>1.84Mb</Length>
        <Status>ALREADY_DONE</Status>
        <isSermonSelected>false</isSermonSelected>
    </Sermon>
    <Sermon>
        <Title>There is a Fountain (instrumental)</Title>
        <Url>http://www.sermonindex.net/modules/mydownloads/visit.php?lid=2687</Url>
        <Speaker>Instrumental Hymns</Speaker>
        <Length>3.75Mb</Length>
        <Status>ALREADY_DONE</Status>
        <isSermonSelected>false</isSermonSelected>
    </Sermon>
    <Sermon>
        <Title>Trust and Obey (instrumental)</Title>
        <Url>http://www.sermonindex.net/modules/mydownloads/visit.php?lid=2698</Url>
        <Speaker>Instrumental Hymns</Speaker>
        <Length>2.64Mb</Length>
        <Status>ALREADY_DONE</Status>
        <isSermonSelected>false</isSermonSelected>
    </Sermon>
</Sermons>
