<?xml version="1.0" encoding="UTF-8" standalone="yes"?>
<Sermons>
    <Sermon>
        <Title>All I need</Title>
        <Url>http://www.sermonindex.net/modules/mydownloads/visit.php?lid=9133</Url>
        <Speaker>Instrumental Worship</Speaker>
        <Length>3.04Mb</Length>
        <Status>NOT_STARTED</Status>
        <isSermonSelected>false</isSermonSelected>
    </Sermon>
    <Sermon>
        <Title>Amazing me</Title>
        <Url>http://www.sermonindex.net/modules/mydownloads/visit.php?lid=9137</Url>
        <Speaker>Instrumental Worship</Speaker>
        <Length>2.86Mb</Length>
        <Status>NOT_STARTED</Status>
        <isSermonSelected>false</isSermonSelected>
    </Sermon>
    <Sermon>
        <Title>Be Still</Title>
        <Url>http://www.sermonindex.net/modules/mydownloads/visit.php?lid=9132</Url>
        <Speaker>Instrumental Worship</Speaker>
        <Length>3.59Mb</Length>
        <Status>NOT_STARTED</Status>
        <isSermonSelected>false</isSermonSelected>
    </Sermon>
    <Sermon>
        <Title>Beyond the Sun Set</Title>
        <Url>http://www.sermonindex.net/modules/mydownloads/visit.php?lid=2527</Url>
        <Speaker>Instrumental Worship</Speaker>
        <Length>288Kb</Length>
        <Status>NOT_STARTED</Status>
        <isSermonSelected>false</isSermonSelected>
    </Sermon>
    <Sermon>
        <Title>Desperate</Title>
        <Url>http://www.sermonindex.net/modules/mydownloads/visit.php?lid=9134</Url>
        <Speaker>Instrumental Worship</Speaker>
        <Length>2.73Mb</Length>
        <Status>NOT_STARTED</Status>
        <isSermonSelected>false</isSermonSelected>
    </Sermon>
    <Sermon>
        <Title>Devotion</Title>
        <Url>http://www.sermonindex.net/modules/mydownloads/visit.php?lid=9143</Url>
        <Speaker>Instrumental Worship</Speaker>
        <Length>2.96Mb</Length>
        <Status>NOT_STARTED</Status>
        <isSermonSelected>false</isSermonSelected>
    </Sermon>
    <Sermon>
        <Title>I Stand Amazed</Title>
        <Url>http://www.sermonindex.net/modules/mydownloads/visit.php?lid=9141</Url>
        <Speaker>Instrumental Worship</Speaker>
        <Length>3.42Mb</Length>
        <Status>NOT_STARTED</Status>
        <isSermonSelected>false</isSermonSelected>
    </Sermon>
    <Sermon>
        <Title>I Will Sing of My Redeemer</Title>
        <Url>http://www.sermonindex.net/modules/mydownloads/visit.php?lid=9135</Url>
        <Speaker>Instrumental Worship</Speaker>
        <Length>4.08Mb</Length>
        <Status>NOT_STARTED</Status>
        <isSermonSelected>false</isSermonSelected>
    </Sermon>
    <Sermon>
        <Title>Light Beyond</Title>
        <Url>http://www.sermonindex.net/modules/mydownloads/visit.php?lid=9145</Url>
        <Speaker>Instrumental Worship</Speaker>
        <Length>1.82Mb</Length>
        <Status>NOT_STARTED</Status>
        <isSermonSelected>false</isSermonSelected>
    </Sermon>
    <Sermon>
        <Title>Quiet Me With Your Love</Title>
        <Url>http://www.sermonindex.net/modules/mydownloads/visit.php?lid=9142</Url>
        <Speaker>Instrumental Worship</Speaker>
        <Length>4.92Mb</Length>
        <Status>NOT_STARTED</Status>
        <isSermonSelected>false</isSermonSelected>
    </Sermon>
    <Sermon>
        <Title>When I Awake</Title>
        <Url>http://www.sermonindex.net/modules/mydownloads/visit.php?lid=9140</Url>
        <Speaker>Instrumental Worship</Speaker>
        <Length>4.2Mb</Length>
        <Status>NOT_STARTED</Status>
        <isSermonSelected>false</isSermonSelected>
    </Sermon>
    <Sermon>
        <Title>When I survey the Wondrous Cross</Title>
        <Url>http://www.sermonindex.net/modules/mydownloads/visit.php?lid=9138</Url>
        <Speaker>Instrumental Worship</Speaker>
        <Length>4.42Mb</Length>
        <Status>NOT_STARTED</Status>
        <isSermonSelected>false</isSermonSelected>
    </Sermon>
    <Sermon>
        <Title>When Tomorrow Comes</Title>
        <Url>http://www.sermonindex.net/modules/mydownloads/visit.php?lid=9144</Url>
        <Speaker>Instrumental Worship</Speaker>
        <Length>3.62Mb</Length>
        <Status>NOT_STARTED</Status>
        <isSermonSelected>false</isSermonSelected>
    </Sermon>
    <Sermon>
        <Title>You will Never Be Alone</Title>
        <Url>http://www.sermonindex.net/modules/mydownloads/visit.php?lid=9139</Url>
        <Speaker>Instrumental Worship</Speaker>
        <Length>4.73Mb</Length>
        <Status>NOT_STARTED</Status>
        <isSermonSelected>false</isSermonSelected>
    </Sermon>
    <Sermon>
        <Title>Your Love is Amazing</Title>
        <Url>http://www.sermonindex.net/modules/mydownloads/visit.php?lid=9136</Url>
        <Speaker>Instrumental Worship</Speaker>
        <Length>3.12Mb</Length>
        <Status>NOT_STARTED</Status>
        <isSermonSelected>false</isSermonSelected>
    </Sermon>
</Sermons>
