<?xml version="1.0" encoding="UTF-8" standalone="yes"?>
<Sermons>
    <Sermon>
        <Title>Growing Strong Through Spiritual Disciplines</Title>
        <Url>http://www.sermonindex.net/modules/mydownloads/visit.php?lid=17157</Url>
        <Speaker>Israel Wayne</Speaker>
        <Length>7.6Mb</Length>
        <Status>NOT_STARTED</Status>
        <isSermonSelected>false</isSermonSelected>
    </Sermon>
    <Sermon>
        <Title>The Call of Discipleship</Title>
        <Url>http://www.sermonindex.net/modules/mydownloads/visit.php?lid=17156</Url>
        <Speaker>Israel Wayne</Speaker>
        <Length>9.35Mb</Length>
        <Status>NOT_STARTED</Status>
        <isSermonSelected>false</isSermonSelected>
    </Sermon>
</Sermons>
