<?xml version="1.0" encoding="UTF-8" standalone="yes"?>
<Sermons>
    <Sermon>
        <Title>Can A Nation Rise Again?</Title>
        <Url>http://www.sermonindex.net/modules/mydownloads/visit.php?lid=13462</Url>
        <Speaker>Jack Hibbs</Speaker>
        <Length>7.15Mb</Length>
        <Status>NOT_STARTED</Status>
        <isSermonSelected>false</isSermonSelected>
    </Sermon>
    <Sermon>
        <Title>Life &amp; Times of Jesus #01</Title>
        <Url>http://www.sermonindex.net/modules/mydownloads/visit.php?lid=13481</Url>
        <Speaker>Jack Hibbs</Speaker>
        <Length>13.42Mb</Length>
        <Status>NOT_STARTED</Status>
        <isSermonSelected>false</isSermonSelected>
    </Sermon>
    <Sermon>
        <Title>Life &amp; Times of Jesus #02</Title>
        <Url>http://www.sermonindex.net/modules/mydownloads/visit.php?lid=13482</Url>
        <Speaker>Jack Hibbs</Speaker>
        <Length>11.42Mb</Length>
        <Status>NOT_STARTED</Status>
        <isSermonSelected>false</isSermonSelected>
    </Sermon>
    <Sermon>
        <Title>Life &amp; Times of Jesus #03</Title>
        <Url>http://www.sermonindex.net/modules/mydownloads/visit.php?lid=13483</Url>
        <Speaker>Jack Hibbs</Speaker>
        <Length>14.58Mb</Length>
        <Status>NOT_STARTED</Status>
        <isSermonSelected>false</isSermonSelected>
    </Sermon>
    <Sermon>
        <Title>Life &amp; Times of Jesus #04</Title>
        <Url>http://www.sermonindex.net/modules/mydownloads/visit.php?lid=13484</Url>
        <Speaker>Jack Hibbs</Speaker>
        <Length>11.88Mb</Length>
        <Status>NOT_STARTED</Status>
        <isSermonSelected>false</isSermonSelected>
    </Sermon>
    <Sermon>
        <Title>Life &amp; Times of Jesus #05</Title>
        <Url>http://www.sermonindex.net/modules/mydownloads/visit.php?lid=13485</Url>
        <Speaker>Jack Hibbs</Speaker>
        <Length>12.16Mb</Length>
        <Status>NOT_STARTED</Status>
        <isSermonSelected>false</isSermonSelected>
    </Sermon>
    <Sermon>
        <Title>Life &amp; Times of Jesus #06</Title>
        <Url>http://www.sermonindex.net/modules/mydownloads/visit.php?lid=13486</Url>
        <Speaker>Jack Hibbs</Speaker>
        <Length>13.14Mb</Length>
        <Status>NOT_STARTED</Status>
        <isSermonSelected>false</isSermonSelected>
    </Sermon>
    <Sermon>
        <Title>Life &amp; Times of Jesus #07</Title>
        <Url>http://www.sermonindex.net/modules/mydownloads/visit.php?lid=13487</Url>
        <Speaker>Jack Hibbs</Speaker>
        <Length>12.2Mb</Length>
        <Status>NOT_STARTED</Status>
        <isSermonSelected>false</isSermonSelected>
    </Sermon>
    <Sermon>
        <Title>Life &amp; Times of Jesus #08</Title>
        <Url>http://www.sermonindex.net/modules/mydownloads/visit.php?lid=13488</Url>
        <Speaker>Jack Hibbs</Speaker>
        <Length>11.07Mb</Length>
        <Status>NOT_STARTED</Status>
        <isSermonSelected>false</isSermonSelected>
    </Sermon>
    <Sermon>
        <Title>Life &amp; Times of Jesus #09</Title>
        <Url>http://www.sermonindex.net/modules/mydownloads/visit.php?lid=13489</Url>
        <Speaker>Jack Hibbs</Speaker>
        <Length>12.23Mb</Length>
        <Status>NOT_STARTED</Status>
        <isSermonSelected>false</isSermonSelected>
    </Sermon>
    <Sermon>
        <Title>Life &amp; Times of Jesus #10</Title>
        <Url>http://www.sermonindex.net/modules/mydownloads/visit.php?lid=13490</Url>
        <Speaker>Jack Hibbs</Speaker>
        <Length>13.84Mb</Length>
        <Status>NOT_STARTED</Status>
        <isSermonSelected>false</isSermonSelected>
    </Sermon>
    <Sermon>
        <Title>Life &amp; Times of Jesus #11</Title>
        <Url>http://www.sermonindex.net/modules/mydownloads/visit.php?lid=13491</Url>
        <Speaker>Jack Hibbs</Speaker>
        <Length>11.82Mb</Length>
        <Status>NOT_STARTED</Status>
        <isSermonSelected>false</isSermonSelected>
    </Sermon>
    <Sermon>
        <Title>Life &amp; Times of Jesus #12</Title>
        <Url>http://www.sermonindex.net/modules/mydownloads/visit.php?lid=13492</Url>
        <Speaker>Jack Hibbs</Speaker>
        <Length>12.87Mb</Length>
        <Status>NOT_STARTED</Status>
        <isSermonSelected>false</isSermonSelected>
    </Sermon>
    <Sermon>
        <Title>Life &amp; Times of Jesus #13</Title>
        <Url>http://www.sermonindex.net/modules/mydownloads/visit.php?lid=13493</Url>
        <Speaker>Jack Hibbs</Speaker>
        <Length>12.62Mb</Length>
        <Status>NOT_STARTED</Status>
        <isSermonSelected>false</isSermonSelected>
    </Sermon>
    <Sermon>
        <Title>Life &amp; Times of Jesus #14</Title>
        <Url>http://www.sermonindex.net/modules/mydownloads/visit.php?lid=13494</Url>
        <Speaker>Jack Hibbs</Speaker>
        <Length>11.83Mb</Length>
        <Status>NOT_STARTED</Status>
        <isSermonSelected>false</isSermonSelected>
    </Sermon>
    <Sermon>
        <Title>Life &amp; Times of Jesus #15</Title>
        <Url>http://www.sermonindex.net/modules/mydownloads/visit.php?lid=13495</Url>
        <Speaker>Jack Hibbs</Speaker>
        <Length>12.91Mb</Length>
        <Status>NOT_STARTED</Status>
        <isSermonSelected>false</isSermonSelected>
    </Sermon>
    <Sermon>
        <Title>Life &amp; Times of Jesus #16</Title>
        <Url>http://www.sermonindex.net/modules/mydownloads/visit.php?lid=13496</Url>
        <Speaker>Jack Hibbs</Speaker>
        <Length>13.37Mb</Length>
        <Status>NOT_STARTED</Status>
        <isSermonSelected>false</isSermonSelected>
    </Sermon>
    <Sermon>
        <Title>Middle East Crisis: The Last Jihad</Title>
        <Url>http://www.sermonindex.net/modules/mydownloads/visit.php?lid=13473</Url>
        <Speaker>Jack Hibbs</Speaker>
        <Length>8.73Mb</Length>
        <Status>NOT_STARTED</Status>
        <isSermonSelected>false</isSermonSelected>
    </Sermon>
    <Sermon>
        <Title>Middle East Crisis: What Christians Need To Know</Title>
        <Url>http://www.sermonindex.net/modules/mydownloads/visit.php?lid=13474</Url>
        <Speaker>Jack Hibbs</Speaker>
        <Length>8.8Mb</Length>
        <Status>NOT_STARTED</Status>
        <isSermonSelected>false</isSermonSelected>
    </Sermon>
    <Sermon>
        <Title>Middle East Crisis: What Is Mystery Babylon?</Title>
        <Url>http://www.sermonindex.net/modules/mydownloads/visit.php?lid=13475</Url>
        <Speaker>Jack Hibbs</Speaker>
        <Length>8.53Mb</Length>
        <Status>NOT_STARTED</Status>
        <isSermonSelected>false</isSermonSelected>
    </Sermon>
    <Sermon>
        <Title>Middle East Crisis: Whose War Is This?</Title>
        <Url>http://www.sermonindex.net/modules/mydownloads/visit.php?lid=13476</Url>
        <Speaker>Jack Hibbs</Speaker>
        <Length>9.56Mb</Length>
        <Status>NOT_STARTED</Status>
        <isSermonSelected>false</isSermonSelected>
    </Sermon>
    <Sermon>
        <Title>Prepare To Meet God</Title>
        <Url>http://www.sermonindex.net/modules/mydownloads/visit.php?lid=20011</Url>
        <Speaker>Jack Hibbs</Speaker>
        <Length>13.8Mb</Length>
        <Status>NOT_STARTED</Status>
        <isSermonSelected>false</isSermonSelected>
    </Sermon>
    <Sermon>
        <Title>The Discipline Of Danger - 2</Title>
        <Url>http://www.sermonindex.net/modules/mydownloads/visit.php?lid=21508</Url>
        <Speaker>Jack Hibbs</Speaker>
        <Length>12.86Mb</Length>
        <Status>NOT_STARTED</Status>
        <isSermonSelected>false</isSermonSelected>
    </Sermon>
    <Sermon>
        <Title>The Discipline Of Daring - 3</Title>
        <Url>http://www.sermonindex.net/modules/mydownloads/visit.php?lid=21507</Url>
        <Speaker>Jack Hibbs</Speaker>
        <Length>14.77Mb</Length>
        <Status>NOT_STARTED</Status>
        <isSermonSelected>false</isSermonSelected>
    </Sermon>
    <Sermon>
        <Title>The Discipline Of Darkness - 4</Title>
        <Url>http://www.sermonindex.net/modules/mydownloads/visit.php?lid=21506</Url>
        <Speaker>Jack Hibbs</Speaker>
        <Length>15.08Mb</Length>
        <Status>NOT_STARTED</Status>
        <isSermonSelected>false</isSermonSelected>
    </Sermon>
    <Sermon>
        <Title>The Discipline Of Decision - 5</Title>
        <Url>http://www.sermonindex.net/modules/mydownloads/visit.php?lid=21505</Url>
        <Speaker>Jack Hibbs</Speaker>
        <Length>13.42Mb</Length>
        <Status>NOT_STARTED</Status>
        <isSermonSelected>false</isSermonSelected>
    </Sermon>
    <Sermon>
        <Title>The Discipline Of Declining Days - 6</Title>
        <Url>http://www.sermonindex.net/modules/mydownloads/visit.php?lid=21504</Url>
        <Speaker>Jack Hibbs</Speaker>
        <Length>15.67Mb</Length>
        <Status>NOT_STARTED</Status>
        <isSermonSelected>false</isSermonSelected>
    </Sermon>
    <Sermon>
        <Title>The Discipline Of Defence - 8</Title>
        <Url>http://www.sermonindex.net/modules/mydownloads/visit.php?lid=21502</Url>
        <Speaker>Jack Hibbs</Speaker>
        <Length>13.4Mb</Length>
        <Status>NOT_STARTED</Status>
        <isSermonSelected>false</isSermonSelected>
    </Sermon>
    <Sermon>
        <Title>The Discipline Of Deformity - 9</Title>
        <Url>http://www.sermonindex.net/modules/mydownloads/visit.php?lid=21501</Url>
        <Speaker>Jack Hibbs</Speaker>
        <Length>15.08Mb</Length>
        <Status>NOT_STARTED</Status>
        <isSermonSelected>false</isSermonSelected>
    </Sermon>
    <Sermon>
        <Title>The Discipline Of Delay - 10</Title>
        <Url>http://www.sermonindex.net/modules/mydownloads/visit.php?lid=21500</Url>
        <Speaker>Jack Hibbs</Speaker>
        <Length>14.6Mb</Length>
        <Status>NOT_STARTED</Status>
        <isSermonSelected>false</isSermonSelected>
    </Sermon>
    <Sermon>
        <Title>The Discipline Of Delight - 11</Title>
        <Url>http://www.sermonindex.net/modules/mydownloads/visit.php?lid=21499</Url>
        <Speaker>Jack Hibbs</Speaker>
        <Length>15.78Mb</Length>
        <Status>NOT_STARTED</Status>
        <isSermonSelected>false</isSermonSelected>
    </Sermon>
    <Sermon>
        <Title>The Discipline Of Dependability - 12</Title>
        <Url>http://www.sermonindex.net/modules/mydownloads/visit.php?lid=21498</Url>
        <Speaker>Jack Hibbs</Speaker>
        <Length>14.22Mb</Length>
        <Status>NOT_STARTED</Status>
        <isSermonSelected>false</isSermonSelected>
    </Sermon>
    <Sermon>
        <Title>The Discipline Of Dependence - 7</Title>
        <Url>http://www.sermonindex.net/modules/mydownloads/visit.php?lid=21503</Url>
        <Speaker>Jack Hibbs</Speaker>
        <Length>16.27Mb</Length>
        <Status>NOT_STARTED</Status>
        <isSermonSelected>false</isSermonSelected>
    </Sermon>
    <Sermon>
        <Title>The Discipline Of Desire - 13</Title>
        <Url>http://www.sermonindex.net/modules/mydownloads/visit.php?lid=21497</Url>
        <Speaker>Jack Hibbs</Speaker>
        <Length>15.02Mb</Length>
        <Status>NOT_STARTED</Status>
        <isSermonSelected>false</isSermonSelected>
    </Sermon>
    <Sermon>
        <Title>The Discipline Of Desolation - 14</Title>
        <Url>http://www.sermonindex.net/modules/mydownloads/visit.php?lid=21496</Url>
        <Speaker>Jack Hibbs</Speaker>
        <Length>16.27Mb</Length>
        <Status>NOT_STARTED</Status>
        <isSermonSelected>false</isSermonSelected>
    </Sermon>
    <Sermon>
        <Title>The Discipline Of Despair - 15</Title>
        <Url>http://www.sermonindex.net/modules/mydownloads/visit.php?lid=21495</Url>
        <Speaker>Jack Hibbs</Speaker>
        <Length>14.25Mb</Length>
        <Status>NOT_STARTED</Status>
        <isSermonSelected>false</isSermonSelected>
    </Sermon>
    <Sermon>
        <Title>The Discipline Of Detail - 16</Title>
        <Url>http://www.sermonindex.net/modules/mydownloads/visit.php?lid=21494</Url>
        <Speaker>Jack Hibbs</Speaker>
        <Length>15.73Mb</Length>
        <Status>NOT_STARTED</Status>
        <isSermonSelected>false</isSermonSelected>
    </Sermon>
    <Sermon>
        <Title>The Discipline Of Determination - 17</Title>
        <Url>http://www.sermonindex.net/modules/mydownloads/visit.php?lid=21493</Url>
        <Speaker>Jack Hibbs</Speaker>
        <Length>14.27Mb</Length>
        <Status>NOT_STARTED</Status>
        <isSermonSelected>false</isSermonSelected>
    </Sermon>
    <Sermon>
        <Title>The Discipline Of Difficulty - 18</Title>
        <Url>http://www.sermonindex.net/modules/mydownloads/visit.php?lid=21492</Url>
        <Speaker>Jack Hibbs</Speaker>
        <Length>12.89Mb</Length>
        <Status>NOT_STARTED</Status>
        <isSermonSelected>false</isSermonSelected>
    </Sermon>
    <Sermon>
        <Title>The Discipline Of Disability - 19</Title>
        <Url>http://www.sermonindex.net/modules/mydownloads/visit.php?lid=21491</Url>
        <Speaker>Jack Hibbs</Speaker>
        <Length>15.01Mb</Length>
        <Status>NOT_STARTED</Status>
        <isSermonSelected>false</isSermonSelected>
    </Sermon>
    <Sermon>
        <Title>The Discipline Of Disappointment - 20</Title>
        <Url>http://www.sermonindex.net/modules/mydownloads/visit.php?lid=21490</Url>
        <Speaker>Jack Hibbs</Speaker>
        <Length>14.15Mb</Length>
        <Status>NOT_STARTED</Status>
        <isSermonSelected>false</isSermonSelected>
    </Sermon>
    <Sermon>
        <Title>The Discipline Of Discernment - 21</Title>
        <Url>http://www.sermonindex.net/modules/mydownloads/visit.php?lid=21489</Url>
        <Speaker>Jack Hibbs</Speaker>
        <Length>15.86Mb</Length>
        <Status>NOT_STARTED</Status>
        <isSermonSelected>false</isSermonSelected>
    </Sermon>
    <Sermon>
        <Title>The Discipline Of Discipleship - 1</Title>
        <Url>http://www.sermonindex.net/modules/mydownloads/visit.php?lid=21509</Url>
        <Speaker>Jack Hibbs</Speaker>
        <Length>19.1Mb</Length>
        <Status>NOT_STARTED</Status>
        <isSermonSelected>false</isSermonSelected>
    </Sermon>
    <Sermon>
        <Title>The Discipline Of Discontentment - 22</Title>
        <Url>http://www.sermonindex.net/modules/mydownloads/visit.php?lid=21488</Url>
        <Speaker>Jack Hibbs</Speaker>
        <Length>14.52Mb</Length>
        <Status>NOT_STARTED</Status>
        <isSermonSelected>false</isSermonSelected>
    </Sermon>
    <Sermon>
        <Title>The Discipline Of Disdain - 23</Title>
        <Url>http://www.sermonindex.net/modules/mydownloads/visit.php?lid=21487</Url>
        <Speaker>Jack Hibbs</Speaker>
        <Length>15.03Mb</Length>
        <Status>NOT_STARTED</Status>
        <isSermonSelected>false</isSermonSelected>
    </Sermon>
    <Sermon>
        <Title>The Discipline Of Disease - 24</Title>
        <Url>http://www.sermonindex.net/modules/mydownloads/visit.php?lid=21486</Url>
        <Speaker>Jack Hibbs</Speaker>
        <Length>16.85Mb</Length>
        <Status>NOT_STARTED</Status>
        <isSermonSelected>false</isSermonSelected>
    </Sermon>
    <Sermon>
        <Title>The Discipline Of Disillusionment -25</Title>
        <Url>http://www.sermonindex.net/modules/mydownloads/visit.php?lid=21485</Url>
        <Speaker>Jack Hibbs</Speaker>
        <Length>16.27Mb</Length>
        <Status>NOT_STARTED</Status>
        <isSermonSelected>false</isSermonSelected>
    </Sermon>
    <Sermon>
        <Title>The Times And The Seasons</Title>
        <Url>http://www.sermonindex.net/modules/mydownloads/visit.php?lid=13465</Url>
        <Speaker>Jack Hibbs</Speaker>
        <Length>15.17Mb</Length>
        <Status>NOT_STARTED</Status>
        <isSermonSelected>false</isSermonSelected>
    </Sermon>
</Sermons>
