<?xml version="1.0" encoding="UTF-8" standalone="yes"?>
<Sermons>
    <Sermon>
        <Title>1973</Title>
        <Url>http://www.sermonindex.net/modules/mydownloads/visit.php?lid=18601</Url>
        <Speaker>Jack Hyles</Speaker>
        <Length>4.42Mb</Length>
        <Status>NOT_STARTED</Status>
        <isSermonSelected>false</isSermonSelected>
    </Sermon>
    <Sermon>
        <Title>A Layway, A Castaway And a Giveaway</Title>
        <Url>http://www.sermonindex.net/modules/mydownloads/visit.php?lid=18558</Url>
        <Speaker>Jack Hyles</Speaker>
        <Length>3.98Mb</Length>
        <Status>NOT_STARTED</Status>
        <isSermonSelected>false</isSermonSelected>
    </Sermon>
    <Sermon>
        <Title>A Merry Heart Doeth Good Like Medicine</Title>
        <Url>http://www.sermonindex.net/modules/mydownloads/visit.php?lid=18586</Url>
        <Speaker>Jack Hyles</Speaker>
        <Length>3.96Mb</Length>
        <Status>NOT_STARTED</Status>
        <isSermonSelected>false</isSermonSelected>
    </Sermon>
    <Sermon>
        <Title>A Pattern For Good Works</Title>
        <Url>http://www.sermonindex.net/modules/mydownloads/visit.php?lid=18579</Url>
        <Speaker>Jack Hyles</Speaker>
        <Length>6.42Mb</Length>
        <Status>NOT_STARTED</Status>
        <isSermonSelected>false</isSermonSelected>
    </Sermon>
    <Sermon>
        <Title>Am I My Brother's Keeper?</Title>
        <Url>http://www.sermonindex.net/modules/mydownloads/visit.php?lid=18604</Url>
        <Speaker>Jack Hyles</Speaker>
        <Length>6.51Mb</Length>
        <Status>NOT_STARTED</Status>
        <isSermonSelected>false</isSermonSelected>
    </Sermon>
    <Sermon>
        <Title>Chimham</Title>
        <Url>http://www.sermonindex.net/modules/mydownloads/visit.php?lid=18562</Url>
        <Speaker>Jack Hyles</Speaker>
        <Length>6.21Mb</Length>
        <Status>NOT_STARTED</Status>
        <isSermonSelected>false</isSermonSelected>
    </Sermon>
    <Sermon>
        <Title>Circumstantial Happiness</Title>
        <Url>http://www.sermonindex.net/modules/mydownloads/visit.php?lid=18571</Url>
        <Speaker>Jack Hyles</Speaker>
        <Length>4.31Mb</Length>
        <Status>NOT_STARTED</Status>
        <isSermonSelected>false</isSermonSelected>
    </Sermon>
    <Sermon>
        <Title>Crucified With Christ</Title>
        <Url>http://www.sermonindex.net/modules/mydownloads/visit.php?lid=18585</Url>
        <Speaker>Jack Hyles</Speaker>
        <Length>5.5Mb</Length>
        <Status>NOT_STARTED</Status>
        <isSermonSelected>false</isSermonSelected>
    </Sermon>
    <Sermon>
        <Title>Deep Calleth Unto Deep</Title>
        <Url>http://www.sermonindex.net/modules/mydownloads/visit.php?lid=18565</Url>
        <Speaker>Jack Hyles</Speaker>
        <Length>3.36Mb</Length>
        <Status>NOT_STARTED</Status>
        <isSermonSelected>false</isSermonSelected>
    </Sermon>
    <Sermon>
        <Title>Fear Not, I Am The First And The Last</Title>
        <Url>http://www.sermonindex.net/modules/mydownloads/visit.php?lid=18609</Url>
        <Speaker>Jack Hyles</Speaker>
        <Length>3.75Mb</Length>
        <Status>NOT_STARTED</Status>
        <isSermonSelected>false</isSermonSelected>
    </Sermon>
    <Sermon>
        <Title>Filled With All The Fullness Of God</Title>
        <Url>http://www.sermonindex.net/modules/mydownloads/visit.php?lid=18575</Url>
        <Speaker>Jack Hyles</Speaker>
        <Length>4.2Mb</Length>
        <Status>NOT_STARTED</Status>
        <isSermonSelected>false</isSermonSelected>
    </Sermon>
    <Sermon>
        <Title>Fresh Oil</Title>
        <Url>http://www.sermonindex.net/modules/mydownloads/visit.php?lid=18619</Url>
        <Speaker>Jack Hyles</Speaker>
        <Length>15.48Mb</Length>
        <Status>NOT_STARTED</Status>
        <isSermonSelected>false</isSermonSelected>
    </Sermon>
    <Sermon>
        <Title>How Can Man, Born Of Woman, Be Justified With God</Title>
        <Url>http://www.sermonindex.net/modules/mydownloads/visit.php?lid=18580</Url>
        <Speaker>Jack Hyles</Speaker>
        <Length>3.15Mb</Length>
        <Status>NOT_STARTED</Status>
        <isSermonSelected>false</isSermonSelected>
    </Sermon>
    <Sermon>
        <Title>How To Get Along With God's Family</Title>
        <Url>http://www.sermonindex.net/modules/mydownloads/visit.php?lid=18572</Url>
        <Speaker>Jack Hyles</Speaker>
        <Length>6.41Mb</Length>
        <Status>NOT_STARTED</Status>
        <isSermonSelected>false</isSermonSelected>
    </Sermon>
    <Sermon>
        <Title>How To Grow In Grace</Title>
        <Url>http://www.sermonindex.net/modules/mydownloads/visit.php?lid=18600</Url>
        <Speaker>Jack Hyles</Speaker>
        <Length>6.37Mb</Length>
        <Status>NOT_STARTED</Status>
        <isSermonSelected>false</isSermonSelected>
    </Sermon>
    <Sermon>
        <Title>How To Walk With God</Title>
        <Url>http://www.sermonindex.net/modules/mydownloads/visit.php?lid=18591</Url>
        <Speaker>Jack Hyles</Speaker>
        <Length>6.97Mb</Length>
        <Status>NOT_STARTED</Status>
        <isSermonSelected>false</isSermonSelected>
    </Sermon>
    <Sermon>
        <Title>How We Got Here</Title>
        <Url>http://www.sermonindex.net/modules/mydownloads/visit.php?lid=18576</Url>
        <Speaker>Jack Hyles</Speaker>
        <Length>5.68Mb</Length>
        <Status>NOT_STARTED</Status>
        <isSermonSelected>false</isSermonSelected>
    </Sermon>
    <Sermon>
        <Title>I Glory In The Cross</Title>
        <Url>http://www.sermonindex.net/modules/mydownloads/visit.php?lid=18597</Url>
        <Speaker>Jack Hyles</Speaker>
        <Length>6.09Mb</Length>
        <Status>NOT_STARTED</Status>
        <isSermonSelected>false</isSermonSelected>
    </Sermon>
    <Sermon>
        <Title>I Have Sinned</Title>
        <Url>http://www.sermonindex.net/modules/mydownloads/visit.php?lid=18570</Url>
        <Speaker>Jack Hyles</Speaker>
        <Length>6.28Mb</Length>
        <Status>NOT_STARTED</Status>
        <isSermonSelected>false</isSermonSelected>
    </Sermon>
    <Sermon>
        <Title>I Love You</Title>
        <Url>http://www.sermonindex.net/modules/mydownloads/visit.php?lid=18563</Url>
        <Speaker>Jack Hyles</Speaker>
        <Length>4.23Mb</Length>
        <Status>NOT_STARTED</Status>
        <isSermonSelected>false</isSermonSelected>
    </Sermon>
    <Sermon>
        <Title>I Made A Covenant With Mine Eyes</Title>
        <Url>http://www.sermonindex.net/modules/mydownloads/visit.php?lid=18568</Url>
        <Speaker>Jack Hyles</Speaker>
        <Length>6.77Mb</Length>
        <Status>NOT_STARTED</Status>
        <isSermonSelected>false</isSermonSelected>
    </Sermon>
    <Sermon>
        <Title>I'll Be A Friend To Him</Title>
        <Url>http://www.sermonindex.net/modules/mydownloads/visit.php?lid=18610</Url>
        <Speaker>Jack Hyles</Speaker>
        <Length>6.96Mb</Length>
        <Status>NOT_STARTED</Status>
        <isSermonSelected>false</isSermonSelected>
    </Sermon>
    <Sermon>
        <Title>If Any Man Be In Christ, He Is A New Creature</Title>
        <Url>http://www.sermonindex.net/modules/mydownloads/visit.php?lid=18582</Url>
        <Speaker>Jack Hyles</Speaker>
        <Length>5.34Mb</Length>
        <Status>NOT_STARTED</Status>
        <isSermonSelected>false</isSermonSelected>
    </Sermon>
    <Sermon>
        <Title>Inside And Out</Title>
        <Url>http://www.sermonindex.net/modules/mydownloads/visit.php?lid=18590</Url>
        <Speaker>Jack Hyles</Speaker>
        <Length>3.45Mb</Length>
        <Status>NOT_STARTED</Status>
        <isSermonSelected>false</isSermonSelected>
    </Sermon>
    <Sermon>
        <Title>Jesus Wept</Title>
        <Url>http://www.sermonindex.net/modules/mydownloads/visit.php?lid=18618</Url>
        <Speaker>Jack Hyles</Speaker>
        <Length>5.97Mb</Length>
        <Status>NOT_STARTED</Status>
        <isSermonSelected>false</isSermonSelected>
    </Sermon>
    <Sermon>
        <Title>Jesus, A Friend Of Sinners</Title>
        <Url>http://www.sermonindex.net/modules/mydownloads/visit.php?lid=18594</Url>
        <Speaker>Jack Hyles</Speaker>
        <Length>3.91Mb</Length>
        <Status>NOT_STARTED</Status>
        <isSermonSelected>false</isSermonSelected>
    </Sermon>
    <Sermon>
        <Title>Just Keep On Coming</Title>
        <Url>http://www.sermonindex.net/modules/mydownloads/visit.php?lid=18560</Url>
        <Speaker>Jack Hyles</Speaker>
        <Length>5.78Mb</Length>
        <Status>NOT_STARTED</Status>
        <isSermonSelected>false</isSermonSelected>
    </Sermon>
    <Sermon>
        <Title>Keep It Fresh</Title>
        <Url>http://www.sermonindex.net/modules/mydownloads/visit.php?lid=18617</Url>
        <Speaker>Jack Hyles</Speaker>
        <Length>3.69Mb</Length>
        <Status>NOT_STARTED</Status>
        <isSermonSelected>false</isSermonSelected>
    </Sermon>
    <Sermon>
        <Title>Love Me</Title>
        <Url>http://www.sermonindex.net/modules/mydownloads/visit.php?lid=18564</Url>
        <Speaker>Jack Hyles</Speaker>
        <Length>5.43Mb</Length>
        <Status>NOT_STARTED</Status>
        <isSermonSelected>false</isSermonSelected>
    </Sermon>
    <Sermon>
        <Title>Mini-Skirts In Light Of The Bible</Title>
        <Url>http://www.sermonindex.net/modules/mydownloads/visit.php?lid=18581</Url>
        <Speaker>Jack Hyles</Speaker>
        <Length>7.28Mb</Length>
        <Status>NOT_STARTED</Status>
        <isSermonSelected>false</isSermonSelected>
    </Sermon>
    <Sermon>
        <Title>Misunderstood Love</Title>
        <Url>http://www.sermonindex.net/modules/mydownloads/visit.php?lid=18584</Url>
        <Speaker>Jack Hyles</Speaker>
        <Length>4.3Mb</Length>
        <Status>NOT_STARTED</Status>
        <isSermonSelected>false</isSermonSelected>
    </Sermon>
    <Sermon>
        <Title>My Happy Plenty</Title>
        <Url>http://www.sermonindex.net/modules/mydownloads/visit.php?lid=18577</Url>
        <Speaker>Jack Hyles</Speaker>
        <Length>3.55Mb</Length>
        <Status>NOT_STARTED</Status>
        <isSermonSelected>false</isSermonSelected>
    </Sermon>
    <Sermon>
        <Title>Oily Feet And Brassy Shoes</Title>
        <Url>http://www.sermonindex.net/modules/mydownloads/visit.php?lid=18603</Url>
        <Speaker>Jack Hyles</Speaker>
        <Length>4.12Mb</Length>
        <Status>NOT_STARTED</Status>
        <isSermonSelected>false</isSermonSelected>
    </Sermon>
    <Sermon>
        <Title>Outside The Gates With Jesus</Title>
        <Url>http://www.sermonindex.net/modules/mydownloads/visit.php?lid=18588</Url>
        <Speaker>Jack Hyles</Speaker>
        <Length>4.13Mb</Length>
        <Status>NOT_STARTED</Status>
        <isSermonSelected>false</isSermonSelected>
    </Sermon>
    <Sermon>
        <Title>Peace: Satan's Greatest Tool For Destruction</Title>
        <Url>http://www.sermonindex.net/modules/mydownloads/visit.php?lid=18567</Url>
        <Speaker>Jack Hyles</Speaker>
        <Length>3.93Mb</Length>
        <Status>NOT_STARTED</Status>
        <isSermonSelected>false</isSermonSelected>
    </Sermon>
    <Sermon>
        <Title>Rock Music</Title>
        <Url>http://www.sermonindex.net/modules/mydownloads/visit.php?lid=18593</Url>
        <Speaker>Jack Hyles</Speaker>
        <Length>6.51Mb</Length>
        <Status>NOT_STARTED</Status>
        <isSermonSelected>false</isSermonSelected>
    </Sermon>
    <Sermon>
        <Title>Satan's Bid For Your Life</Title>
        <Url>http://www.sermonindex.net/modules/mydownloads/visit.php?lid=18595</Url>
        <Speaker>Jack Hyles</Speaker>
        <Length>6.4Mb</Length>
        <Status>NOT_STARTED</Status>
        <isSermonSelected>false</isSermonSelected>
    </Sermon>
    <Sermon>
        <Title>Scattered</Title>
        <Url>http://www.sermonindex.net/modules/mydownloads/visit.php?lid=18566</Url>
        <Speaker>Jack Hyles</Speaker>
        <Length>7.15Mb</Length>
        <Status>NOT_STARTED</Status>
        <isSermonSelected>false</isSermonSelected>
    </Sermon>
    <Sermon>
        <Title>Seven Bible Valleys</Title>
        <Url>http://www.sermonindex.net/modules/mydownloads/visit.php?lid=18599</Url>
        <Speaker>Jack Hyles</Speaker>
        <Length>4.09Mb</Length>
        <Status>NOT_STARTED</Status>
        <isSermonSelected>false</isSermonSelected>
    </Sermon>
    <Sermon>
        <Title>Slippery When</Title>
        <Url>http://www.sermonindex.net/modules/mydownloads/visit.php?lid=18578</Url>
        <Speaker>Jack Hyles</Speaker>
        <Length>6.89Mb</Length>
        <Status>NOT_STARTED</Status>
        <isSermonSelected>false</isSermonSelected>
    </Sermon>
    <Sermon>
        <Title>Submit Yourselves Therefore To God</Title>
        <Url>http://www.sermonindex.net/modules/mydownloads/visit.php?lid=18605</Url>
        <Speaker>Jack Hyles</Speaker>
        <Length>4.18Mb</Length>
        <Status>NOT_STARTED</Status>
        <isSermonSelected>false</isSermonSelected>
    </Sermon>
    <Sermon>
        <Title>The At The Last Lamp</Title>
        <Url>http://www.sermonindex.net/modules/mydownloads/visit.php?lid=18602</Url>
        <Speaker>Jack Hyles</Speaker>
        <Length>5.87Mb</Length>
        <Status>NOT_STARTED</Status>
        <isSermonSelected>false</isSermonSelected>
    </Sermon>
    <Sermon>
        <Title>The Christians Hate Life</Title>
        <Url>http://www.sermonindex.net/modules/mydownloads/visit.php?lid=18614</Url>
        <Speaker>Jack Hyles</Speaker>
        <Length>6.38Mb</Length>
        <Status>NOT_STARTED</Status>
        <isSermonSelected>false</isSermonSelected>
    </Sermon>
    <Sermon>
        <Title>The First Step In Getting</Title>
        <Url>http://www.sermonindex.net/modules/mydownloads/visit.php?lid=18574</Url>
        <Speaker>Jack Hyles</Speaker>
        <Length>6.73Mb</Length>
        <Status>NOT_STARTED</Status>
        <isSermonSelected>false</isSermonSelected>
    </Sermon>
    <Sermon>
        <Title>The King Is Coming</Title>
        <Url>http://www.sermonindex.net/modules/mydownloads/visit.php?lid=18569</Url>
        <Speaker>Jack Hyles</Speaker>
        <Length>4.43Mb</Length>
        <Status>NOT_STARTED</Status>
        <isSermonSelected>false</isSermonSelected>
    </Sermon>
    <Sermon>
        <Title>The One Thing That Jesus Wants Most For His Own</Title>
        <Url>http://www.sermonindex.net/modules/mydownloads/visit.php?lid=18608</Url>
        <Speaker>Jack Hyles</Speaker>
        <Length>6.72Mb</Length>
        <Status>NOT_STARTED</Status>
        <isSermonSelected>false</isSermonSelected>
    </Sermon>
    <Sermon>
        <Title>The Pearl Of Great Price</Title>
        <Url>http://www.sermonindex.net/modules/mydownloads/visit.php?lid=18592</Url>
        <Speaker>Jack Hyles</Speaker>
        <Length>3.7Mb</Length>
        <Status>NOT_STARTED</Status>
        <isSermonSelected>false</isSermonSelected>
    </Sermon>
    <Sermon>
        <Title>The Sin Of Silence</Title>
        <Url>http://www.sermonindex.net/modules/mydownloads/visit.php?lid=18611</Url>
        <Speaker>Jack Hyles</Speaker>
        <Length>4.01Mb</Length>
        <Status>NOT_STARTED</Status>
        <isSermonSelected>false</isSermonSelected>
    </Sermon>
    <Sermon>
        <Title>The Super Bowl</Title>
        <Url>http://www.sermonindex.net/modules/mydownloads/visit.php?lid=18606</Url>
        <Speaker>Jack Hyles</Speaker>
        <Length>6.56Mb</Length>
        <Status>NOT_STARTED</Status>
        <isSermonSelected>false</isSermonSelected>
    </Sermon>
    <Sermon>
        <Title>The Way To Serve God</Title>
        <Url>http://www.sermonindex.net/modules/mydownloads/visit.php?lid=18561</Url>
        <Speaker>Jack Hyles</Speaker>
        <Length>3.97Mb</Length>
        <Status>NOT_STARTED</Status>
        <isSermonSelected>false</isSermonSelected>
    </Sermon>
    <Sermon>
        <Title>There's A Lion In The Streets</Title>
        <Url>http://www.sermonindex.net/modules/mydownloads/visit.php?lid=18616</Url>
        <Speaker>Jack Hyles</Speaker>
        <Length>6Mb</Length>
        <Status>NOT_STARTED</Status>
        <isSermonSelected>false</isSermonSelected>
    </Sermon>
    <Sermon>
        <Title>Turning Back</Title>
        <Url>http://www.sermonindex.net/modules/mydownloads/visit.php?lid=18613</Url>
        <Speaker>Jack Hyles</Speaker>
        <Length>4.27Mb</Length>
        <Status>NOT_STARTED</Status>
        <isSermonSelected>false</isSermonSelected>
    </Sermon>
    <Sermon>
        <Title>What Doth The Lord Require Of Thee?</Title>
        <Url>http://www.sermonindex.net/modules/mydownloads/visit.php?lid=18612</Url>
        <Speaker>Jack Hyles</Speaker>
        <Length>6.56Mb</Length>
        <Status>NOT_STARTED</Status>
        <isSermonSelected>false</isSermonSelected>
    </Sermon>
    <Sermon>
        <Title>What Is Its Own Reward?</Title>
        <Url>http://www.sermonindex.net/modules/mydownloads/visit.php?lid=18589</Url>
        <Speaker>Jack Hyles</Speaker>
        <Length>6.36Mb</Length>
        <Status>NOT_STARTED</Status>
        <isSermonSelected>false</isSermonSelected>
    </Sermon>
    <Sermon>
        <Title>What The Christian Can Loose</Title>
        <Url>http://www.sermonindex.net/modules/mydownloads/visit.php?lid=18587</Url>
        <Speaker>Jack Hyles</Speaker>
        <Length>6.48Mb</Length>
        <Status>NOT_STARTED</Status>
        <isSermonSelected>false</isSermonSelected>
    </Sermon>
    <Sermon>
        <Title>When God Answers No More</Title>
        <Url>http://www.sermonindex.net/modules/mydownloads/visit.php?lid=18583</Url>
        <Speaker>Jack Hyles</Speaker>
        <Length>5.34Mb</Length>
        <Status>NOT_STARTED</Status>
        <isSermonSelected>false</isSermonSelected>
    </Sermon>
    <Sermon>
        <Title>When God Hides His Face From The Righteous</Title>
        <Url>http://www.sermonindex.net/modules/mydownloads/visit.php?lid=18559</Url>
        <Speaker>Jack Hyles</Speaker>
        <Length>4.15Mb</Length>
        <Status>NOT_STARTED</Status>
        <isSermonSelected>false</isSermonSelected>
    </Sermon>
    <Sermon>
        <Title>Who Is The Idiot?</Title>
        <Url>http://www.sermonindex.net/modules/mydownloads/visit.php?lid=18596</Url>
        <Speaker>Jack Hyles</Speaker>
        <Length>4.24Mb</Length>
        <Status>NOT_STARTED</Status>
        <isSermonSelected>false</isSermonSelected>
    </Sermon>
    <Sermon>
        <Title>Whosoever Will</Title>
        <Url>http://www.sermonindex.net/modules/mydownloads/visit.php?lid=18573</Url>
        <Speaker>Jack Hyles</Speaker>
        <Length>3.99Mb</Length>
        <Status>NOT_STARTED</Status>
        <isSermonSelected>false</isSermonSelected>
    </Sermon>
    <Sermon>
        <Title>With All Your Heart</Title>
        <Url>http://www.sermonindex.net/modules/mydownloads/visit.php?lid=18598</Url>
        <Speaker>Jack Hyles</Speaker>
        <Length>5.83Mb</Length>
        <Status>NOT_STARTED</Status>
        <isSermonSelected>false</isSermonSelected>
    </Sermon>
    <Sermon>
        <Title>Without Wax</Title>
        <Url>http://www.sermonindex.net/modules/mydownloads/visit.php?lid=18615</Url>
        <Speaker>Jack Hyles</Speaker>
        <Length>4.78Mb</Length>
        <Status>NOT_STARTED</Status>
        <isSermonSelected>false</isSermonSelected>
    </Sermon>
    <Sermon>
        <Title>Yea Though I Walk Through The Valley Of The Shadow</Title>
        <Url>http://www.sermonindex.net/modules/mydownloads/visit.php?lid=18607</Url>
        <Speaker>Jack Hyles</Speaker>
        <Length>4.04Mb</Length>
        <Status>NOT_STARTED</Status>
        <isSermonSelected>false</isSermonSelected>
    </Sermon>
</Sermons>
