<?xml version="1.0" encoding="UTF-8" standalone="yes"?>
<Sermons>
    <Sermon>
        <Title>Suicide</Title>
        <Url>http://www.sermonindex.net/modules/mydownloads/visit.php?lid=3883</Url>
        <Speaker>Jack Hayford</Speaker>
        <Length>20.5Mb</Length>
        <Status>NOT_STARTED</Status>
        <isSermonSelected>false</isSermonSelected>
    </Sermon>
    <Sermon>
        <Title>Walking In The Light</Title>
        <Url>http://www.sermonindex.net/modules/mydownloads/visit.php?lid=2824</Url>
        <Speaker>Jack Hayford</Speaker>
        <Length>11.62Mb</Length>
        <Status>NOT_STARTED</Status>
        <isSermonSelected>false</isSermonSelected>
    </Sermon>
</Sermons>
