<?xml version="1.0" encoding="UTF-8" standalone="yes"?>
<Sermons>
    <Sermon>
        <Title>Are You Saved?</Title>
        <Url>http://www.sermonindex.net/modules/mydownloads/visit.php?lid=21952</Url>
        <Speaker>James MacDonald</Speaker>
        <Length>22.88Mb</Length>
        <Status>NOT_STARTED</Status>
        <isSermonSelected>false</isSermonSelected>
    </Sermon>
    <Sermon>
        <Title>God is in Control</Title>
        <Url>http://www.sermonindex.net/modules/mydownloads/visit.php?lid=21951</Url>
        <Speaker>James MacDonald</Speaker>
        <Length>22.68Mb</Length>
        <Status>NOT_STARTED</Status>
        <isSermonSelected>false</isSermonSelected>
    </Sermon>
    <Sermon>
        <Title>God on the Throne: A Picture of Holiness</Title>
        <Url>http://www.sermonindex.net/modules/mydownloads/visit.php?lid=21953</Url>
        <Speaker>James MacDonald</Speaker>
        <Length>25.4Mb</Length>
        <Status>NOT_STARTED</Status>
        <isSermonSelected>false</isSermonSelected>
    </Sermon>
    <Sermon>
        <Title>Holines, Brokeness, Repentance, Grace</Title>
        <Url>http://www.sermonindex.net/modules/mydownloads/visit.php?lid=17595</Url>
        <Speaker>James MacDonald</Speaker>
        <Length>21.59Mb</Length>
        <Status>NOT_STARTED</Status>
        <isSermonSelected>false</isSermonSelected>
    </Sermon>
</Sermons>
