<?xml version="1.0" encoding="UTF-8" standalone="yes"?>
<Sermons>
    <Sermon>
        <Title>Able To Save To T/Uttermost 01 Because Of His Character</Title>
        <Url>http://www.sermonindex.net/modules/mydownloads/visit.php?lid=9878</Url>
        <Speaker>James R. Cochrane</Speaker>
        <Length>4.8Mb</Length>
        <Status>NOT_STARTED</Status>
        <isSermonSelected>false</isSermonSelected>
    </Sermon>
    <Sermon>
        <Title>Able To Save To T/Uttermost 02 Because Of His Greatness</Title>
        <Url>http://www.sermonindex.net/modules/mydownloads/visit.php?lid=9879</Url>
        <Speaker>James R. Cochrane</Speaker>
        <Length>4.31Mb</Length>
        <Status>NOT_STARTED</Status>
        <isSermonSelected>false</isSermonSelected>
    </Sermon>
    <Sermon>
        <Title>Studies In Jonah 01 A Worshipping Prophet</Title>
        <Url>http://www.sermonindex.net/modules/mydownloads/visit.php?lid=9880</Url>
        <Speaker>James R. Cochrane</Speaker>
        <Length>4.54Mb</Length>
        <Status>NOT_STARTED</Status>
        <isSermonSelected>false</isSermonSelected>
    </Sermon>
    <Sermon>
        <Title>Studies In Jonah 02 A Recomissioned Prophet</Title>
        <Url>http://www.sermonindex.net/modules/mydownloads/visit.php?lid=9881</Url>
        <Speaker>James R. Cochrane</Speaker>
        <Length>4.85Mb</Length>
        <Status>NOT_STARTED</Status>
        <isSermonSelected>false</isSermonSelected>
    </Sermon>
    <Sermon>
        <Title>The Glorification Of Man 01 Morally</Title>
        <Url>http://www.sermonindex.net/modules/mydownloads/visit.php?lid=9888</Url>
        <Speaker>James R. Cochrane</Speaker>
        <Length>5.46Mb</Length>
        <Status>NOT_STARTED</Status>
        <isSermonSelected>false</isSermonSelected>
    </Sermon>
    <Sermon>
        <Title>The Glorification Of Man 02 Physically</Title>
        <Url>http://www.sermonindex.net/modules/mydownloads/visit.php?lid=9889</Url>
        <Speaker>James R. Cochrane</Speaker>
        <Length>6.19Mb</Length>
        <Status>NOT_STARTED</Status>
        <isSermonSelected>false</isSermonSelected>
    </Sermon>
    <Sermon>
        <Title>Week Of Meetings 1974-01 Luke 18:9</Title>
        <Url>http://www.sermonindex.net/modules/mydownloads/visit.php?lid=9882</Url>
        <Speaker>James R. Cochrane</Speaker>
        <Length>6.16Mb</Length>
        <Status>NOT_STARTED</Status>
        <isSermonSelected>false</isSermonSelected>
    </Sermon>
    <Sermon>
        <Title>Week Of Meetings 1974-02 Romans 1:21</Title>
        <Url>http://www.sermonindex.net/modules/mydownloads/visit.php?lid=9883</Url>
        <Speaker>James R. Cochrane</Speaker>
        <Length>4.94Mb</Length>
        <Status>NOT_STARTED</Status>
        <isSermonSelected>false</isSermonSelected>
    </Sermon>
    <Sermon>
        <Title>Week Of Meetings 1974-03 Savoring Things Of God</Title>
        <Url>http://www.sermonindex.net/modules/mydownloads/visit.php?lid=9884</Url>
        <Speaker>James R. Cochrane</Speaker>
        <Length>6.65Mb</Length>
        <Status>NOT_STARTED</Status>
        <isSermonSelected>false</isSermonSelected>
    </Sermon>
    <Sermon>
        <Title>Week Of Meetings 1974-04 Savoring Things Of God</Title>
        <Url>http://www.sermonindex.net/modules/mydownloads/visit.php?lid=9885</Url>
        <Speaker>James R. Cochrane</Speaker>
        <Length>7.22Mb</Length>
        <Status>NOT_STARTED</Status>
        <isSermonSelected>false</isSermonSelected>
    </Sermon>
    <Sermon>
        <Title>Week Of Meetings 1974-05 Person Who Is Coming</Title>
        <Url>http://www.sermonindex.net/modules/mydownloads/visit.php?lid=9886</Url>
        <Speaker>James R. Cochrane</Speaker>
        <Length>5.14Mb</Length>
        <Status>NOT_STARTED</Status>
        <isSermonSelected>false</isSermonSelected>
    </Sermon>
    <Sermon>
        <Title>Week Of Meetings 1974-06 Presentation Of T-Church</Title>
        <Url>http://www.sermonindex.net/modules/mydownloads/visit.php?lid=9887</Url>
        <Speaker>James R. Cochrane</Speaker>
        <Length>5.38Mb</Length>
        <Status>NOT_STARTED</Status>
        <isSermonSelected>false</isSermonSelected>
    </Sermon>
</Sermons>
