<?xml version="1.0" encoding="UTF-8" standalone="yes"?>
<Sermons>
    <Sermon>
        <Title>A Place to Stand</Title>
        <Url>http://www.sermonindex.net/modules/mydownloads/visit.php?lid=13668</Url>
        <Speaker>James Montgomery Boice</Speaker>
        <Length>11.15Mb</Length>
        <Status>NOT_STARTED</Status>
        <isSermonSelected>false</isSermonSelected>
    </Sermon>
    <Sermon>
        <Title>Body Life</Title>
        <Url>http://www.sermonindex.net/modules/mydownloads/visit.php?lid=13662</Url>
        <Speaker>James Montgomery Boice</Speaker>
        <Length>11.69Mb</Length>
        <Status>NOT_STARTED</Status>
        <isSermonSelected>false</isSermonSelected>
    </Sermon>
    <Sermon>
        <Title>Dealing With Bible Problems</Title>
        <Url>http://www.sermonindex.net/modules/mydownloads/visit.php?lid=13670</Url>
        <Speaker>James Montgomery Boice</Speaker>
        <Length>12.79Mb</Length>
        <Status>NOT_STARTED</Status>
        <isSermonSelected>false</isSermonSelected>
    </Sermon>
    <Sermon>
        <Title>Every Spiritual Blessing in Christ</Title>
        <Url>http://www.sermonindex.net/modules/mydownloads/visit.php?lid=13660</Url>
        <Speaker>James Montgomery Boice</Speaker>
        <Length>10.63Mb</Length>
        <Status>NOT_STARTED</Status>
        <isSermonSelected>false</isSermonSelected>
    </Sermon>
    <Sermon>
        <Title>Glory: Glory to God Alone</Title>
        <Url>http://www.sermonindex.net/modules/mydownloads/visit.php?lid=13667</Url>
        <Speaker>James Montgomery Boice</Speaker>
        <Length>10.56Mb</Length>
        <Status>NOT_STARTED</Status>
        <isSermonSelected>false</isSermonSelected>
    </Sermon>
    <Sermon>
        <Title>Grace: By Grace Alone</Title>
        <Url>http://www.sermonindex.net/modules/mydownloads/visit.php?lid=13666</Url>
        <Speaker>James Montgomery Boice</Speaker>
        <Length>10.9Mb</Length>
        <Status>NOT_STARTED</Status>
        <isSermonSelected>false</isSermonSelected>
    </Sermon>
    <Sermon>
        <Title>Holiness: The Angel's Awe</Title>
        <Url>http://www.sermonindex.net/modules/mydownloads/visit.php?lid=13665</Url>
        <Speaker>James Montgomery Boice</Speaker>
        <Length>12.47Mb</Length>
        <Status>NOT_STARTED</Status>
        <isSermonSelected>false</isSermonSelected>
    </Sermon>
    <Sermon>
        <Title>How Worship Should Be Done - Revelation 4:1-8</Title>
        <Url>http://www.sermonindex.net/modules/mydownloads/visit.php?lid=25792</Url>
        <Speaker>James Montgomery Boice</Speaker>
        <Length>15.4Mb</Length>
        <Status>NOT_STARTED</Status>
        <isSermonSelected>false</isSermonSelected>
    </Sermon>
    <Sermon>
        <Title>Jehovah Speaks - Revelation 1:8</Title>
        <Url>http://www.sermonindex.net/modules/mydownloads/visit.php?lid=25783</Url>
        <Speaker>James Montgomery Boice</Speaker>
        <Length>15.37Mb</Length>
        <Status>NOT_STARTED</Status>
        <isSermonSelected>false</isSermonSelected>
    </Sermon>
    <Sermon>
        <Title>John to the Seven Churches - Revelation 1:4-7</Title>
        <Url>http://www.sermonindex.net/modules/mydownloads/visit.php?lid=25782</Url>
        <Speaker>James Montgomery Boice</Speaker>
        <Length>15.65Mb</Length>
        <Status>NOT_STARTED</Status>
        <isSermonSelected>false</isSermonSelected>
    </Sermon>
    <Sermon>
        <Title>Sovereignty: Who's in Charge?</Title>
        <Url>http://www.sermonindex.net/modules/mydownloads/visit.php?lid=13664</Url>
        <Speaker>James Montgomery Boice</Speaker>
        <Length>10.99Mb</Length>
        <Status>NOT_STARTED</Status>
        <isSermonSelected>false</isSermonSelected>
    </Sermon>
    <Sermon>
        <Title>Spiritual Warfare</Title>
        <Url>http://www.sermonindex.net/modules/mydownloads/visit.php?lid=13663</Url>
        <Speaker>James Montgomery Boice</Speaker>
        <Length>10.86Mb</Length>
        <Status>NOT_STARTED</Status>
        <isSermonSelected>false</isSermonSelected>
    </Sermon>
    <Sermon>
        <Title>The Four Horsemen of the Apocalypse - 6:1-8</Title>
        <Url>http://www.sermonindex.net/modules/mydownloads/visit.php?lid=25794</Url>
        <Speaker>James Montgomery Boice</Speaker>
        <Length>15.85Mb</Length>
        <Status>NOT_STARTED</Status>
        <isSermonSelected>false</isSermonSelected>
    </Sermon>
    <Sermon>
        <Title>The Revelation of Jesus Christ - Revelation 1:1-3</Title>
        <Url>http://www.sermonindex.net/modules/mydownloads/visit.php?lid=25781</Url>
        <Speaker>James Montgomery Boice</Speaker>
        <Length>15.12Mb</Length>
        <Status>NOT_STARTED</Status>
        <isSermonSelected>false</isSermonSelected>
    </Sermon>
    <Sermon>
        <Title>The Sufficiency of Scripture</Title>
        <Url>http://www.sermonindex.net/modules/mydownloads/visit.php?lid=13671</Url>
        <Speaker>James Montgomery Boice</Speaker>
        <Length>10.6Mb</Length>
        <Status>NOT_STARTED</Status>
        <isSermonSelected>false</isSermonSelected>
    </Sermon>
    <Sermon>
        <Title>The Worship of the Elders - Revelation 4:9-11</Title>
        <Url>http://www.sermonindex.net/modules/mydownloads/visit.php?lid=25793</Url>
        <Speaker>James Montgomery Boice</Speaker>
        <Length>14.5Mb</Length>
        <Status>NOT_STARTED</Status>
        <isSermonSelected>false</isSermonSelected>
    </Sermon>
    <Sermon>
        <Title>To the Church in Ephesus - Revelation 2:1-7</Title>
        <Url>http://www.sermonindex.net/modules/mydownloads/visit.php?lid=25785</Url>
        <Speaker>James Montgomery Boice</Speaker>
        <Length>14.6Mb</Length>
        <Status>NOT_STARTED</Status>
        <isSermonSelected>false</isSermonSelected>
    </Sermon>
    <Sermon>
        <Title>To the Church in Laodicea - Revelation 3:14-22</Title>
        <Url>http://www.sermonindex.net/modules/mydownloads/visit.php?lid=25791</Url>
        <Speaker>James Montgomery Boice</Speaker>
        <Length>14.5Mb</Length>
        <Status>NOT_STARTED</Status>
        <isSermonSelected>false</isSermonSelected>
    </Sermon>
    <Sermon>
        <Title>To the Church in Pergamum - Revelation 2:12-17</Title>
        <Url>http://www.sermonindex.net/modules/mydownloads/visit.php?lid=25787</Url>
        <Speaker>James Montgomery Boice</Speaker>
        <Length>13.82Mb</Length>
        <Status>NOT_STARTED</Status>
        <isSermonSelected>false</isSermonSelected>
    </Sermon>
    <Sermon>
        <Title>To the Church in Philadelphia - Revelation 3:7-13</Title>
        <Url>http://www.sermonindex.net/modules/mydownloads/visit.php?lid=25790</Url>
        <Speaker>James Montgomery Boice</Speaker>
        <Length>16.04Mb</Length>
        <Status>NOT_STARTED</Status>
        <isSermonSelected>false</isSermonSelected>
    </Sermon>
    <Sermon>
        <Title>To the Church in Sardis - Revelation 3:1-6</Title>
        <Url>http://www.sermonindex.net/modules/mydownloads/visit.php?lid=25789</Url>
        <Speaker>James Montgomery Boice</Speaker>
        <Length>15.82Mb</Length>
        <Status>NOT_STARTED</Status>
        <isSermonSelected>false</isSermonSelected>
    </Sermon>
    <Sermon>
        <Title>To the Church in Smyrna - Revelation 2:8-11</Title>
        <Url>http://www.sermonindex.net/modules/mydownloads/visit.php?lid=25786</Url>
        <Speaker>James Montgomery Boice</Speaker>
        <Length>14.06Mb</Length>
        <Status>NOT_STARTED</Status>
        <isSermonSelected>false</isSermonSelected>
    </Sermon>
    <Sermon>
        <Title>To the Church in Thyatira - Revelation 2:18-29</Title>
        <Url>http://www.sermonindex.net/modules/mydownloads/visit.php?lid=25788</Url>
        <Speaker>James Montgomery Boice</Speaker>
        <Length>13.88Mb</Length>
        <Status>NOT_STARTED</Status>
        <isSermonSelected>false</isSermonSelected>
    </Sermon>
    <Sermon>
        <Title>Understanding God's Book</Title>
        <Url>http://www.sermonindex.net/modules/mydownloads/visit.php?lid=13669</Url>
        <Speaker>James Montgomery Boice</Speaker>
        <Length>12.81Mb</Length>
        <Status>NOT_STARTED</Status>
        <isSermonSelected>false</isSermonSelected>
    </Sermon>
    <Sermon>
        <Title>What We Are and Where We Are Going</Title>
        <Url>http://www.sermonindex.net/modules/mydownloads/visit.php?lid=13661</Url>
        <Speaker>James Montgomery Boice</Speaker>
        <Length>11.76Mb</Length>
        <Status>NOT_STARTED</Status>
        <isSermonSelected>false</isSermonSelected>
    </Sermon>
    <Sermon>
        <Title>When John Saw Jesus - Revelation 1:9-20</Title>
        <Url>http://www.sermonindex.net/modules/mydownloads/visit.php?lid=25784</Url>
        <Speaker>James Montgomery Boice</Speaker>
        <Length>15.24Mb</Length>
        <Status>NOT_STARTED</Status>
        <isSermonSelected>false</isSermonSelected>
    </Sermon>
</Sermons>
