<?xml version="1.0" encoding="UTF-8" standalone="yes"?>
<Sermons>
    <Sermon>
        <Title>Apologetics and Islam</Title>
        <Url>http://www.sermonindex.net/modules/mydownloads/visit.php?lid=21968</Url>
        <Speaker>James White</Speaker>
        <Length>18.85Mb</Length>
        <Status>NOT_STARTED</Status>
        <isSermonSelected>false</isSermonSelected>
    </Sermon>
    <Sermon>
        <Title>The Holiness of God</Title>
        <Url>http://www.sermonindex.net/modules/mydownloads/visit.php?lid=22229</Url>
        <Speaker>James White</Speaker>
        <Length>57.24Mb</Length>
        <Status>NOT_STARTED</Status>
        <isSermonSelected>false</isSermonSelected>
    </Sermon>
</Sermons>
