<?xml version="1.0" encoding="UTF-8" standalone="yes"?>
<Sermons>
    <Sermon>
        <Title>Ambassador In Bonds</Title>
        <Url>http://www.sermonindex.net/modules/mydownloads/visit.php?lid=4338</Url>
        <Speaker>Jamie Gordon</Speaker>
        <Length>7.24Mb</Length>
        <Status>NOT_STARTED</Status>
        <isSermonSelected>false</isSermonSelected>
    </Sermon>
    <Sermon>
        <Title>Christ's Last Words On The Cross</Title>
        <Url>http://www.sermonindex.net/modules/mydownloads/visit.php?lid=4337</Url>
        <Speaker>Jamie Gordon</Speaker>
        <Length>7.8Mb</Length>
        <Status>NOT_STARTED</Status>
        <isSermonSelected>false</isSermonSelected>
    </Sermon>
    <Sermon>
        <Title>Living Unto Death</Title>
        <Url>http://www.sermonindex.net/modules/mydownloads/visit.php?lid=4336</Url>
        <Speaker>Jamie Gordon</Speaker>
        <Length>7.46Mb</Length>
        <Status>NOT_STARTED</Status>
        <isSermonSelected>false</isSermonSelected>
    </Sermon>
</Sermons>
