<?xml version="1.0" encoding="UTF-8" standalone="yes"?>
<Sermons>
    <Sermon>
        <Title>A Call to Prayer: An Urgent Plea to Enter Into the Secret Place 1 of 2</Title>
        <Url>http://www.sermonindex.net/modules/mydownloads/visit.php?lid=13022</Url>
        <Speaker>J.C. Ryle</Speaker>
        <Length>5.24Mb</Length>
        <Status>NOT_STARTED</Status>
        <isSermonSelected>false</isSermonSelected>
    </Sermon>
    <Sermon>
        <Title>A Call to Prayer: An Urgent Plea to Enter Into the Secret Place 2 of 2</Title>
        <Url>http://www.sermonindex.net/modules/mydownloads/visit.php?lid=13023</Url>
        <Speaker>J.C. Ryle</Speaker>
        <Length>3.95Mb</Length>
        <Status>NOT_STARTED</Status>
        <isSermonSelected>false</isSermonSelected>
    </Sermon>
    <Sermon>
        <Title>Alive or Dead (reading)</Title>
        <Url>http://www.sermonindex.net/modules/mydownloads/visit.php?lid=3660</Url>
        <Speaker>J.C. Ryle</Speaker>
        <Length>4.48Mb</Length>
        <Status>NOT_STARTED</Status>
        <isSermonSelected>false</isSermonSelected>
    </Sermon>
    <Sermon>
        <Title>George Whitefield - His Life and Ministry</Title>
        <Url>http://www.sermonindex.net/modules/mydownloads/visit.php?lid=13038</Url>
        <Speaker>J.C. Ryle</Speaker>
        <Length>4.56Mb</Length>
        <Status>NOT_STARTED</Status>
        <isSermonSelected>false</isSermonSelected>
    </Sermon>
    <Sermon>
        <Title>Holiness: Its Nature, Hindrances, Difficulties and Roots 1 of 26</Title>
        <Url>http://www.sermonindex.net/modules/mydownloads/visit.php?lid=13037</Url>
        <Speaker>J.C. Ryle</Speaker>
        <Length>5.27Mb</Length>
        <Status>NOT_STARTED</Status>
        <isSermonSelected>false</isSermonSelected>
    </Sermon>
    <Sermon>
        <Title>Holiness: Its Nature, Hindrances, Difficulties and Roots 10 of 26</Title>
        <Url>http://www.sermonindex.net/modules/mydownloads/visit.php?lid=13045</Url>
        <Speaker>J.C. Ryle</Speaker>
        <Length>5.29Mb</Length>
        <Status>NOT_STARTED</Status>
        <isSermonSelected>false</isSermonSelected>
    </Sermon>
    <Sermon>
        <Title>Holiness: Its Nature, Hindrances, Difficulties and Roots 11 of 26</Title>
        <Url>http://www.sermonindex.net/modules/mydownloads/visit.php?lid=13044</Url>
        <Speaker>J.C. Ryle</Speaker>
        <Length>5.33Mb</Length>
        <Status>NOT_STARTED</Status>
        <isSermonSelected>false</isSermonSelected>
    </Sermon>
    <Sermon>
        <Title>Holiness: Its Nature, Hindrances, Difficulties and Roots 12 of 26</Title>
        <Url>http://www.sermonindex.net/modules/mydownloads/visit.php?lid=13043</Url>
        <Speaker>J.C. Ryle</Speaker>
        <Length>5.25Mb</Length>
        <Status>NOT_STARTED</Status>
        <isSermonSelected>false</isSermonSelected>
    </Sermon>
    <Sermon>
        <Title>Holiness: Its Nature, Hindrances, Difficulties and Roots 13 of 26</Title>
        <Url>http://www.sermonindex.net/modules/mydownloads/visit.php?lid=13031</Url>
        <Speaker>J.C. Ryle</Speaker>
        <Length>5.38Mb</Length>
        <Status>NOT_STARTED</Status>
        <isSermonSelected>false</isSermonSelected>
    </Sermon>
    <Sermon>
        <Title>Holiness: Its Nature, Hindrances, Difficulties and Roots 14 of 26</Title>
        <Url>http://www.sermonindex.net/modules/mydownloads/visit.php?lid=13030</Url>
        <Speaker>J.C. Ryle</Speaker>
        <Length>5.31Mb</Length>
        <Status>NOT_STARTED</Status>
        <isSermonSelected>false</isSermonSelected>
    </Sermon>
    <Sermon>
        <Title>Holiness: Its Nature, Hindrances, Difficulties and Roots 15 of 26</Title>
        <Url>http://www.sermonindex.net/modules/mydownloads/visit.php?lid=13029</Url>
        <Speaker>J.C. Ryle</Speaker>
        <Length>5.29Mb</Length>
        <Status>NOT_STARTED</Status>
        <isSermonSelected>false</isSermonSelected>
    </Sermon>
    <Sermon>
        <Title>Holiness: Its Nature, Hindrances, Difficulties and Roots 16 of 26</Title>
        <Url>http://www.sermonindex.net/modules/mydownloads/visit.php?lid=13028</Url>
        <Speaker>J.C. Ryle</Speaker>
        <Length>5.23Mb</Length>
        <Status>NOT_STARTED</Status>
        <isSermonSelected>false</isSermonSelected>
    </Sermon>
    <Sermon>
        <Title>Holiness: Its Nature, Hindrances, Difficulties and Roots 17 of 26</Title>
        <Url>http://www.sermonindex.net/modules/mydownloads/visit.php?lid=13027</Url>
        <Speaker>J.C. Ryle</Speaker>
        <Length>5.39Mb</Length>
        <Status>NOT_STARTED</Status>
        <isSermonSelected>false</isSermonSelected>
    </Sermon>
    <Sermon>
        <Title>Holiness: Its Nature, Hindrances, Difficulties and Roots 18 of 26</Title>
        <Url>http://www.sermonindex.net/modules/mydownloads/visit.php?lid=13026</Url>
        <Speaker>J.C. Ryle</Speaker>
        <Length>5.33Mb</Length>
        <Status>NOT_STARTED</Status>
        <isSermonSelected>false</isSermonSelected>
    </Sermon>
    <Sermon>
        <Title>Holiness: Its Nature, Hindrances, Difficulties and Roots 19 of 26</Title>
        <Url>http://www.sermonindex.net/modules/mydownloads/visit.php?lid=13025</Url>
        <Speaker>J.C. Ryle</Speaker>
        <Length>5.29Mb</Length>
        <Status>NOT_STARTED</Status>
        <isSermonSelected>false</isSermonSelected>
    </Sermon>
    <Sermon>
        <Title>Holiness: Its Nature, Hindrances, Difficulties and Roots 2 of 26</Title>
        <Url>http://www.sermonindex.net/modules/mydownloads/visit.php?lid=13036</Url>
        <Speaker>J.C. Ryle</Speaker>
        <Length>5.25Mb</Length>
        <Status>NOT_STARTED</Status>
        <isSermonSelected>false</isSermonSelected>
    </Sermon>
    <Sermon>
        <Title>Holiness: Its Nature, Hindrances, Difficulties and Roots 20 of 26</Title>
        <Url>http://www.sermonindex.net/modules/mydownloads/visit.php?lid=13024</Url>
        <Speaker>J.C. Ryle</Speaker>
        <Length>5.25Mb</Length>
        <Status>NOT_STARTED</Status>
        <isSermonSelected>false</isSermonSelected>
    </Sermon>
    <Sermon>
        <Title>Holiness: Its Nature, Hindrances, Difficulties and Roots 3 of 26</Title>
        <Url>http://www.sermonindex.net/modules/mydownloads/visit.php?lid=13035</Url>
        <Speaker>J.C. Ryle</Speaker>
        <Length>5.47Mb</Length>
        <Status>NOT_STARTED</Status>
        <isSermonSelected>false</isSermonSelected>
    </Sermon>
    <Sermon>
        <Title>Holiness: Its Nature, Hindrances, Difficulties and Roots 4 of 26</Title>
        <Url>http://www.sermonindex.net/modules/mydownloads/visit.php?lid=13034</Url>
        <Speaker>J.C. Ryle</Speaker>
        <Length>5.42Mb</Length>
        <Status>NOT_STARTED</Status>
        <isSermonSelected>false</isSermonSelected>
    </Sermon>
    <Sermon>
        <Title>Holiness: Its Nature, Hindrances, Difficulties and Roots 5 of 26</Title>
        <Url>http://www.sermonindex.net/modules/mydownloads/visit.php?lid=13033</Url>
        <Speaker>J.C. Ryle</Speaker>
        <Length>5.35Mb</Length>
        <Status>NOT_STARTED</Status>
        <isSermonSelected>false</isSermonSelected>
    </Sermon>
    <Sermon>
        <Title>Holiness: Its Nature, Hindrances, Difficulties and Roots 6 of 26</Title>
        <Url>http://www.sermonindex.net/modules/mydownloads/visit.php?lid=13032</Url>
        <Speaker>J.C. Ryle</Speaker>
        <Length>5.31Mb</Length>
        <Status>NOT_STARTED</Status>
        <isSermonSelected>false</isSermonSelected>
    </Sermon>
    <Sermon>
        <Title>Holiness: Its Nature, Hindrances, Difficulties and Roots 7 of 26</Title>
        <Url>http://www.sermonindex.net/modules/mydownloads/visit.php?lid=13040</Url>
        <Speaker>J.C. Ryle</Speaker>
        <Length>5.31Mb</Length>
        <Status>NOT_STARTED</Status>
        <isSermonSelected>false</isSermonSelected>
    </Sermon>
    <Sermon>
        <Title>Holiness: Its Nature, Hindrances, Difficulties and Roots 8 of 26</Title>
        <Url>http://www.sermonindex.net/modules/mydownloads/visit.php?lid=13039</Url>
        <Speaker>J.C. Ryle</Speaker>
        <Length>5.26Mb</Length>
        <Status>NOT_STARTED</Status>
        <isSermonSelected>false</isSermonSelected>
    </Sermon>
    <Sermon>
        <Title>Holiness: Its Nature, Hindrances, Difficulties and Roots 9 of 26</Title>
        <Url>http://www.sermonindex.net/modules/mydownloads/visit.php?lid=13046</Url>
        <Speaker>J.C. Ryle</Speaker>
        <Length>5.36Mb</Length>
        <Status>NOT_STARTED</Status>
        <isSermonSelected>false</isSermonSelected>
    </Sermon>
    <Sermon>
        <Title>Remember Lot</Title>
        <Url>http://www.sermonindex.net/modules/mydownloads/visit.php?lid=13042</Url>
        <Speaker>J.C. Ryle</Speaker>
        <Length>6.31Mb</Length>
        <Status>NOT_STARTED</Status>
        <isSermonSelected>false</isSermonSelected>
    </Sermon>
    <Sermon>
        <Title>The Fight (reading)</Title>
        <Url>http://www.sermonindex.net/modules/mydownloads/visit.php?lid=3661</Url>
        <Speaker>J.C. Ryle</Speaker>
        <Length>5.25Mb</Length>
        <Status>NOT_STARTED</Status>
        <isSermonSelected>false</isSermonSelected>
    </Sermon>
    <Sermon>
        <Title>The Secret of a Happy Life</Title>
        <Url>http://www.sermonindex.net/modules/mydownloads/visit.php?lid=13041</Url>
        <Speaker>J.C. Ryle</Speaker>
        <Length>8.37Mb</Length>
        <Status>NOT_STARTED</Status>
        <isSermonSelected>false</isSermonSelected>
    </Sermon>
    <Sermon>
        <Title>The True Church (reading)</Title>
        <Url>http://www.sermonindex.net/modules/mydownloads/visit.php?lid=3167</Url>
        <Speaker>J.C. Ryle</Speaker>
        <Length>7.04Mb</Length>
        <Status>NOT_STARTED</Status>
        <isSermonSelected>false</isSermonSelected>
    </Sermon>
</Sermons>
