<?xml version="1.0" encoding="UTF-8" standalone="yes"?>
<Sermons>
    <Sermon>
        <Title>(First Baptist Church) #1 - What Revival Is</Title>
        <Url>http://www.sermonindex.net/modules/mydownloads/visit.php?lid=12087</Url>
        <Speaker>J. Edwin Orr</Speaker>
        <Length>6.93Mb</Length>
        <Status>NOT_STARTED</Status>
        <isSermonSelected>false</isSermonSelected>
    </Sermon>
    <Sermon>
        <Title>(First Baptist Church) #2 - Conscience</Title>
        <Url>http://www.sermonindex.net/modules/mydownloads/visit.php?lid=12088</Url>
        <Speaker>J. Edwin Orr</Speaker>
        <Length>6.05Mb</Length>
        <Status>NOT_STARTED</Status>
        <isSermonSelected>false</isSermonSelected>
    </Sermon>
    <Sermon>
        <Title>(First Baptist Church) #3 - Forgiveness and Confession</Title>
        <Url>http://www.sermonindex.net/modules/mydownloads/visit.php?lid=12089</Url>
        <Speaker>J. Edwin Orr</Speaker>
        <Length>7.41Mb</Length>
        <Status>NOT_STARTED</Status>
        <isSermonSelected>false</isSermonSelected>
    </Sermon>
    <Sermon>
        <Title>(First Baptist Church) #4 - The Welsh Revival of 1904-05</Title>
        <Url>http://www.sermonindex.net/modules/mydownloads/visit.php?lid=12090</Url>
        <Speaker>J. Edwin Orr</Speaker>
        <Length>2.61Mb</Length>
        <Status>NOT_STARTED</Status>
        <isSermonSelected>false</isSermonSelected>
    </Sermon>
    <Sermon>
        <Title>(First Baptist Church) #5 - Searching the Heart</Title>
        <Url>http://www.sermonindex.net/modules/mydownloads/visit.php?lid=12091</Url>
        <Speaker>J. Edwin Orr</Speaker>
        <Length>5.9Mb</Length>
        <Status>NOT_STARTED</Status>
        <isSermonSelected>false</isSermonSelected>
    </Sermon>
    <Sermon>
        <Title>(First Baptist Church) #6 - Complete Commitment</Title>
        <Url>http://www.sermonindex.net/modules/mydownloads/visit.php?lid=12092</Url>
        <Speaker>J. Edwin Orr</Speaker>
        <Length>9.9Mb</Length>
        <Status>NOT_STARTED</Status>
        <isSermonSelected>false</isSermonSelected>
    </Sermon>
    <Sermon>
        <Title>(First Baptist Church) #7 - Decision</Title>
        <Url>http://www.sermonindex.net/modules/mydownloads/visit.php?lid=12093</Url>
        <Speaker>J. Edwin Orr</Speaker>
        <Length>5.56Mb</Length>
        <Status>NOT_STARTED</Status>
        <isSermonSelected>false</isSermonSelected>
    </Sermon>
    <Sermon>
        <Title>(First Baptist Church) #8 - The Work of the Holy Spirit</Title>
        <Url>http://www.sermonindex.net/modules/mydownloads/visit.php?lid=12094</Url>
        <Speaker>J. Edwin Orr</Speaker>
        <Length>9.01Mb</Length>
        <Status>NOT_STARTED</Status>
        <isSermonSelected>false</isSermonSelected>
    </Sermon>
    <Sermon>
        <Title>Atonement</Title>
        <Url>http://www.sermonindex.net/modules/mydownloads/visit.php?lid=7240</Url>
        <Speaker>J. Edwin Orr</Speaker>
        <Length>19.32Mb</Length>
        <Status>NOT_STARTED</Status>
        <isSermonSelected>false</isSermonSelected>
    </Sermon>
    <Sermon>
        <Title>Chapel of the Air - Characteristics of Revival</Title>
        <Url>http://www.sermonindex.net/modules/mydownloads/visit.php?lid=12074</Url>
        <Speaker>J. Edwin Orr</Speaker>
        <Length>1.4Mb</Length>
        <Status>NOT_STARTED</Status>
        <isSermonSelected>false</isSermonSelected>
    </Sermon>
    <Sermon>
        <Title>Chapel of the Air - Interview with Dr. Orr (part 1)</Title>
        <Url>http://www.sermonindex.net/modules/mydownloads/visit.php?lid=12077</Url>
        <Speaker>J. Edwin Orr</Speaker>
        <Length>1.78Mb</Length>
        <Status>NOT_STARTED</Status>
        <isSermonSelected>false</isSermonSelected>
    </Sermon>
    <Sermon>
        <Title>Chapel of the Air - Interview with Dr. Orr (part 2)</Title>
        <Url>http://www.sermonindex.net/modules/mydownloads/visit.php?lid=12078</Url>
        <Speaker>J. Edwin Orr</Speaker>
        <Length>1.78Mb</Length>
        <Status>NOT_STARTED</Status>
        <isSermonSelected>false</isSermonSelected>
    </Sermon>
    <Sermon>
        <Title>Chapel of the Air - Interview with Dr. Orr (part 3)</Title>
        <Url>http://www.sermonindex.net/modules/mydownloads/visit.php?lid=12079</Url>
        <Speaker>J. Edwin Orr</Speaker>
        <Length>1.77Mb</Length>
        <Status>NOT_STARTED</Status>
        <isSermonSelected>false</isSermonSelected>
    </Sermon>
    <Sermon>
        <Title>Chapel of the Air - Revival in America?</Title>
        <Url>http://www.sermonindex.net/modules/mydownloads/visit.php?lid=12076</Url>
        <Speaker>J. Edwin Orr</Speaker>
        <Length>1.42Mb</Length>
        <Status>NOT_STARTED</Status>
        <isSermonSelected>false</isSermonSelected>
    </Sermon>
    <Sermon>
        <Title>Chapel of the Air - Update on Revival</Title>
        <Url>http://www.sermonindex.net/modules/mydownloads/visit.php?lid=12075</Url>
        <Speaker>J. Edwin Orr</Speaker>
        <Length>1.47Mb</Length>
        <Status>NOT_STARTED</Status>
        <isSermonSelected>false</isSermonSelected>
    </Sermon>
    <Sermon>
        <Title>Christian's Authority</Title>
        <Url>http://www.sermonindex.net/modules/mydownloads/visit.php?lid=21602</Url>
        <Speaker>J. Edwin Orr</Speaker>
        <Length>4.45Mb</Length>
        <Status>NOT_STARTED</Status>
        <isSermonSelected>false</isSermonSelected>
    </Sermon>
    <Sermon>
        <Title>Confession and Revival</Title>
        <Url>http://www.sermonindex.net/modules/mydownloads/visit.php?lid=149</Url>
        <Speaker>J. Edwin Orr</Speaker>
        <Length>1.46Mb</Length>
        <Status>NOT_STARTED</Status>
        <isSermonSelected>false</isSermonSelected>
    </Sermon>
    <Sermon>
        <Title>Does Faith Make Sense?</Title>
        <Url>http://www.sermonindex.net/modules/mydownloads/visit.php?lid=21603</Url>
        <Speaker>J. Edwin Orr</Speaker>
        <Length>4.27Mb</Length>
        <Status>NOT_STARTED</Status>
        <isSermonSelected>false</isSermonSelected>
    </Sermon>
    <Sermon>
        <Title>Dr. Orr's Testimony</Title>
        <Url>http://www.sermonindex.net/modules/mydownloads/visit.php?lid=148</Url>
        <Speaker>J. Edwin Orr</Speaker>
        <Length>5.03Mb</Length>
        <Status>NOT_STARTED</Status>
        <isSermonSelected>false</isSermonSelected>
    </Sermon>
    <Sermon>
        <Title>Friday #1 Dr. Orr's Personal Testimony</Title>
        <Url>http://www.sermonindex.net/modules/mydownloads/visit.php?lid=135</Url>
        <Speaker>J. Edwin Orr</Speaker>
        <Length>8.29Mb</Length>
        <Status>NOT_STARTED</Status>
        <isSermonSelected>false</isSermonSelected>
    </Sermon>
    <Sermon>
        <Title>Great Awakenings in American History Part 2</Title>
        <Url>http://www.sermonindex.net/modules/mydownloads/visit.php?lid=150</Url>
        <Speaker>J. Edwin Orr</Speaker>
        <Length>4.59Mb</Length>
        <Status>NOT_STARTED</Status>
        <isSermonSelected>false</isSermonSelected>
    </Sermon>
    <Sermon>
        <Title>Great Awakenings in American History Part 3</Title>
        <Url>http://www.sermonindex.net/modules/mydownloads/visit.php?lid=152</Url>
        <Speaker>J. Edwin Orr</Speaker>
        <Length>5.01Mb</Length>
        <Status>NOT_STARTED</Status>
        <isSermonSelected>false</isSermonSelected>
    </Sermon>
    <Sermon>
        <Title>Great Awakenings in American History Part 4</Title>
        <Url>http://www.sermonindex.net/modules/mydownloads/visit.php?lid=151</Url>
        <Speaker>J. Edwin Orr</Speaker>
        <Length>7.02Mb</Length>
        <Status>NOT_STARTED</Status>
        <isSermonSelected>false</isSermonSelected>
    </Sermon>
    <Sermon>
        <Title>How Does God Forgive Sins?</Title>
        <Url>http://www.sermonindex.net/modules/mydownloads/visit.php?lid=12073</Url>
        <Speaker>J. Edwin Orr</Speaker>
        <Length>6.04Mb</Length>
        <Status>NOT_STARTED</Status>
        <isSermonSelected>false</isSermonSelected>
    </Sermon>
    <Sermon>
        <Title>How Does God Forgive Sins? (part 2)</Title>
        <Url>http://www.sermonindex.net/modules/mydownloads/visit.php?lid=12072</Url>
        <Speaker>J. Edwin Orr</Speaker>
        <Length>4.06Mb</Length>
        <Status>NOT_STARTED</Status>
        <isSermonSelected>false</isSermonSelected>
    </Sermon>
    <Sermon>
        <Title>How the Spirit Sends Revival</Title>
        <Url>http://www.sermonindex.net/modules/mydownloads/visit.php?lid=12083</Url>
        <Speaker>J. Edwin Orr</Speaker>
        <Length>5.69Mb</Length>
        <Status>NOT_STARTED</Status>
        <isSermonSelected>false</isSermonSelected>
    </Sermon>
    <Sermon>
        <Title>In Defense of Evan Roberts and the Welsh Revival</Title>
        <Url>http://www.sermonindex.net/modules/mydownloads/visit.php?lid=12085</Url>
        <Speaker>J. Edwin Orr</Speaker>
        <Length>2.76Mb</Length>
        <Status>NOT_STARTED</Status>
        <isSermonSelected>false</isSermonSelected>
    </Sermon>
    <Sermon>
        <Title>Is Revival the Work of God or the Work of Man?</Title>
        <Url>http://www.sermonindex.net/modules/mydownloads/visit.php?lid=12082</Url>
        <Speaker>J. Edwin Orr</Speaker>
        <Length>9.32Mb</Length>
        <Status>NOT_STARTED</Status>
        <isSermonSelected>false</isSermonSelected>
    </Sermon>
    <Sermon>
        <Title>Lessons in Revival from Acts 1-2</Title>
        <Url>http://www.sermonindex.net/modules/mydownloads/visit.php?lid=165</Url>
        <Speaker>J. Edwin Orr</Speaker>
        <Length>6.25Mb</Length>
        <Status>NOT_STARTED</Status>
        <isSermonSelected>false</isSermonSelected>
    </Sermon>
    <Sermon>
        <Title>Monday #1 Revivals in the Late 1700's</Title>
        <Url>http://www.sermonindex.net/modules/mydownloads/visit.php?lid=141</Url>
        <Speaker>J. Edwin Orr</Speaker>
        <Length>3.92Mb</Length>
        <Status>NOT_STARTED</Status>
        <isSermonSelected>false</isSermonSelected>
    </Sermon>
    <Sermon>
        <Title>Monday #2 The Work of the Holy Spirit</Title>
        <Url>http://www.sermonindex.net/modules/mydownloads/visit.php?lid=136</Url>
        <Speaker>J. Edwin Orr</Speaker>
        <Length>5.86Mb</Length>
        <Status>NOT_STARTED</Status>
        <isSermonSelected>false</isSermonSelected>
    </Sermon>
    <Sermon>
        <Title>Movements in Latin America</Title>
        <Url>http://www.sermonindex.net/modules/mydownloads/visit.php?lid=155</Url>
        <Speaker>J. Edwin Orr</Speaker>
        <Length>2.9Mb</Length>
        <Status>NOT_STARTED</Status>
        <isSermonSelected>false</isSermonSelected>
    </Sermon>
    <Sermon>
        <Title>Personal Testimony and Repentance</Title>
        <Url>http://www.sermonindex.net/modules/mydownloads/visit.php?lid=12071</Url>
        <Speaker>J. Edwin Orr</Speaker>
        <Length>7.37Mb</Length>
        <Status>NOT_STARTED</Status>
        <isSermonSelected>false</isSermonSelected>
    </Sermon>
    <Sermon>
        <Title>Revival on the American College Campus</Title>
        <Url>http://www.sermonindex.net/modules/mydownloads/visit.php?lid=12084</Url>
        <Speaker>J. Edwin Orr</Speaker>
        <Length>5.18Mb</Length>
        <Status>NOT_STARTED</Status>
        <isSermonSelected>false</isSermonSelected>
    </Sermon>
    <Sermon>
        <Title>Santification</Title>
        <Url>http://www.sermonindex.net/modules/mydownloads/visit.php?lid=7233</Url>
        <Speaker>J. Edwin Orr</Speaker>
        <Length>19.66Mb</Length>
        <Status>NOT_STARTED</Status>
        <isSermonSelected>false</isSermonSelected>
    </Sermon>
    <Sermon>
        <Title>Sunday #1 Introduction to Revival</Title>
        <Url>http://www.sermonindex.net/modules/mydownloads/visit.php?lid=142</Url>
        <Speaker>J. Edwin Orr</Speaker>
        <Length>3.18Mb</Length>
        <Status>NOT_STARTED</Status>
        <isSermonSelected>false</isSermonSelected>
    </Sermon>
    <Sermon>
        <Title>Sunday #1 The Welsh Revival of 1904-05</Title>
        <Url>http://www.sermonindex.net/modules/mydownloads/visit.php?lid=137</Url>
        <Speaker>J. Edwin Orr</Speaker>
        <Length>4.93Mb</Length>
        <Status>NOT_STARTED</Status>
        <isSermonSelected>false</isSermonSelected>
    </Sermon>
    <Sermon>
        <Title>Sunday #2 Decision</Title>
        <Url>http://www.sermonindex.net/modules/mydownloads/visit.php?lid=143</Url>
        <Speaker>J. Edwin Orr</Speaker>
        <Length>4.68Mb</Length>
        <Status>NOT_STARTED</Status>
        <isSermonSelected>false</isSermonSelected>
    </Sermon>
    <Sermon>
        <Title>Sunday #2 Repentance</Title>
        <Url>http://www.sermonindex.net/modules/mydownloads/visit.php?lid=138</Url>
        <Speaker>J. Edwin Orr</Speaker>
        <Length>5.69Mb</Length>
        <Status>NOT_STARTED</Status>
        <isSermonSelected>false</isSermonSelected>
    </Sermon>
    <Sermon>
        <Title>Temptation</Title>
        <Url>http://www.sermonindex.net/modules/mydownloads/visit.php?lid=166</Url>
        <Speaker>J. Edwin Orr</Speaker>
        <Length>6.34Mb</Length>
        <Status>NOT_STARTED</Status>
        <isSermonSelected>false</isSermonSelected>
    </Sermon>
    <Sermon>
        <Title>The Awakening of 1727 Onward</Title>
        <Url>http://www.sermonindex.net/modules/mydownloads/visit.php?lid=160</Url>
        <Speaker>J. Edwin Orr</Speaker>
        <Length>3.14Mb</Length>
        <Status>NOT_STARTED</Status>
        <isSermonSelected>false</isSermonSelected>
    </Sermon>
    <Sermon>
        <Title>The Awakening of 1792 Onward</Title>
        <Url>http://www.sermonindex.net/modules/mydownloads/visit.php?lid=156</Url>
        <Speaker>J. Edwin Orr</Speaker>
        <Length>3.17Mb</Length>
        <Status>NOT_STARTED</Status>
        <isSermonSelected>false</isSermonSelected>
    </Sermon>
    <Sermon>
        <Title>The Awakening of 1858 in America</Title>
        <Url>http://www.sermonindex.net/modules/mydownloads/visit.php?lid=161</Url>
        <Speaker>J. Edwin Orr</Speaker>
        <Length>3.23Mb</Length>
        <Status>NOT_STARTED</Status>
        <isSermonSelected>false</isSermonSelected>
    </Sermon>
    <Sermon>
        <Title>The Awakening of 1859 in Britain and Elsewhere</Title>
        <Url>http://www.sermonindex.net/modules/mydownloads/visit.php?lid=157</Url>
        <Speaker>J. Edwin Orr</Speaker>
        <Length>3.24Mb</Length>
        <Status>NOT_STARTED</Status>
        <isSermonSelected>false</isSermonSelected>
    </Sermon>
    <Sermon>
        <Title>The Awakening of 1904 in Wales</Title>
        <Url>http://www.sermonindex.net/modules/mydownloads/visit.php?lid=162</Url>
        <Speaker>J. Edwin Orr</Speaker>
        <Length>3.31Mb</Length>
        <Status>NOT_STARTED</Status>
        <isSermonSelected>false</isSermonSelected>
    </Sermon>
    <Sermon>
        <Title>The Awakening of 1905 in North America</Title>
        <Url>http://www.sermonindex.net/modules/mydownloads/visit.php?lid=158</Url>
        <Speaker>J. Edwin Orr</Speaker>
        <Length>3.12Mb</Length>
        <Status>NOT_STARTED</Status>
        <isSermonSelected>false</isSermonSelected>
    </Sermon>
    <Sermon>
        <Title>The Faith that Persuades</Title>
        <Url>http://www.sermonindex.net/modules/mydownloads/visit.php?lid=12070</Url>
        <Speaker>J. Edwin Orr</Speaker>
        <Length>7.37Mb</Length>
        <Status>NOT_STARTED</Status>
        <isSermonSelected>false</isSermonSelected>
    </Sermon>
    <Sermon>
        <Title>The First Word of the Gospel</Title>
        <Url>http://www.sermonindex.net/modules/mydownloads/visit.php?lid=167</Url>
        <Speaker>J. Edwin Orr</Speaker>
        <Length>6.19Mb</Length>
        <Status>NOT_STARTED</Status>
        <isSermonSelected>false</isSermonSelected>
    </Sermon>
    <Sermon>
        <Title>The Greatest Revival</Title>
        <Url>http://www.sermonindex.net/modules/mydownloads/visit.php?lid=12127</Url>
        <Speaker>J. Edwin Orr</Speaker>
        <Length>35.79Mb</Length>
        <Status>NOT_STARTED</Status>
        <isSermonSelected>false</isSermonSelected>
    </Sermon>
    <Sermon>
        <Title>The Missing Link</Title>
        <Url>http://www.sermonindex.net/modules/mydownloads/visit.php?lid=690</Url>
        <Speaker>J. Edwin Orr</Speaker>
        <Length>10.94Mb</Length>
        <Status>NOT_STARTED</Status>
        <isSermonSelected>false</isSermonSelected>
    </Sermon>
    <Sermon>
        <Title>The Movements Between World Wars</Title>
        <Url>http://www.sermonindex.net/modules/mydownloads/visit.php?lid=163</Url>
        <Speaker>J. Edwin Orr</Speaker>
        <Length>2.78Mb</Length>
        <Status>NOT_STARTED</Status>
        <isSermonSelected>false</isSermonSelected>
    </Sermon>
    <Sermon>
        <Title>The Place of Prayer in Revival</Title>
        <Url>http://www.sermonindex.net/modules/mydownloads/visit.php?lid=12081</Url>
        <Speaker>J. Edwin Orr</Speaker>
        <Length>2.77Mb</Length>
        <Status>NOT_STARTED</Status>
        <isSermonSelected>false</isSermonSelected>
    </Sermon>
    <Sermon>
        <Title>The Power of the Holy Spirit</Title>
        <Url>http://www.sermonindex.net/modules/mydownloads/visit.php?lid=153</Url>
        <Speaker>J. Edwin Orr</Speaker>
        <Length>2.47Mb</Length>
        <Status>NOT_STARTED</Status>
        <isSermonSelected>false</isSermonSelected>
    </Sermon>
    <Sermon>
        <Title>The Resurgence of 1830 Onward</Title>
        <Url>http://www.sermonindex.net/modules/mydownloads/visit.php?lid=159</Url>
        <Speaker>J. Edwin Orr</Speaker>
        <Length>3.12Mb</Length>
        <Status>NOT_STARTED</Status>
        <isSermonSelected>false</isSermonSelected>
    </Sermon>
    <Sermon>
        <Title>The Resurgence of 1882 Onward</Title>
        <Url>http://www.sermonindex.net/modules/mydownloads/visit.php?lid=164</Url>
        <Speaker>J. Edwin Orr</Speaker>
        <Length>2.92Mb</Length>
        <Status>NOT_STARTED</Status>
        <isSermonSelected>false</isSermonSelected>
    </Sermon>
    <Sermon>
        <Title>The Role Of Prayer In Spiritual Awakening</Title>
        <Url>http://www.sermonindex.net/modules/mydownloads/visit.php?lid=18527</Url>
        <Speaker>J. Edwin Orr</Speaker>
        <Length>5.93Mb</Length>
        <Status>NOT_STARTED</Status>
        <isSermonSelected>false</isSermonSelected>
    </Sermon>
    <Sermon>
        <Title>The Spiritual Dynamics of Missions</Title>
        <Url>http://www.sermonindex.net/modules/mydownloads/visit.php?lid=168</Url>
        <Speaker>J. Edwin Orr</Speaker>
        <Length>3.46Mb</Length>
        <Status>NOT_STARTED</Status>
        <isSermonSelected>false</isSermonSelected>
    </Sermon>
    <Sermon>
        <Title>The Who, What, Where of Decision</Title>
        <Url>http://www.sermonindex.net/modules/mydownloads/visit.php?lid=169</Url>
        <Speaker>J. Edwin Orr</Speaker>
        <Length>6.18Mb</Length>
        <Status>NOT_STARTED</Status>
        <isSermonSelected>false</isSermonSelected>
    </Sermon>
    <Sermon>
        <Title>Thursday #1 Revival in the Late 1800's</Title>
        <Url>http://www.sermonindex.net/modules/mydownloads/visit.php?lid=144</Url>
        <Speaker>J. Edwin Orr</Speaker>
        <Length>3.17Mb</Length>
        <Status>NOT_STARTED</Status>
        <isSermonSelected>false</isSermonSelected>
    </Sermon>
    <Sermon>
        <Title>Thursday #2 Complete Commitment</Title>
        <Url>http://www.sermonindex.net/modules/mydownloads/visit.php?lid=147</Url>
        <Speaker>J. Edwin Orr</Speaker>
        <Length>6.1Mb</Length>
        <Status>NOT_STARTED</Status>
        <isSermonSelected>false</isSermonSelected>
    </Sermon>
    <Sermon>
        <Title>Total Commitment</Title>
        <Url>http://www.sermonindex.net/modules/mydownloads/visit.php?lid=154</Url>
        <Speaker>J. Edwin Orr</Speaker>
        <Length>3.3Mb</Length>
        <Status>NOT_STARTED</Status>
        <isSermonSelected>false</isSermonSelected>
    </Sermon>
    <Sermon>
        <Title>Tuesday #1 Revival in Early America</Title>
        <Url>http://www.sermonindex.net/modules/mydownloads/visit.php?lid=145</Url>
        <Speaker>J. Edwin Orr</Speaker>
        <Length>4.2Mb</Length>
        <Status>NOT_STARTED</Status>
        <isSermonSelected>false</isSermonSelected>
    </Sermon>
    <Sermon>
        <Title>Tuesday #2 Forgiveness &amp; Confession</Title>
        <Url>http://www.sermonindex.net/modules/mydownloads/visit.php?lid=139</Url>
        <Speaker>J. Edwin Orr</Speaker>
        <Length>5.16Mb</Length>
        <Status>NOT_STARTED</Status>
        <isSermonSelected>false</isSermonSelected>
    </Sermon>
    <Sermon>
        <Title>Wednesday #1 Revival in America  Mid 1800s</Title>
        <Url>http://www.sermonindex.net/modules/mydownloads/visit.php?lid=146</Url>
        <Speaker>J. Edwin Orr</Speaker>
        <Length>5.04Mb</Length>
        <Status>NOT_STARTED</Status>
        <isSermonSelected>false</isSermonSelected>
    </Sermon>
    <Sermon>
        <Title>Wednesday #2 Hindrances to Revival</Title>
        <Url>http://www.sermonindex.net/modules/mydownloads/visit.php?lid=140</Url>
        <Speaker>J. Edwin Orr</Speaker>
        <Length>2.37Mb</Length>
        <Status>NOT_STARTED</Status>
        <isSermonSelected>false</isSermonSelected>
    </Sermon>
    <Sermon>
        <Title>Welsh Revival Facts and Fallacies</Title>
        <Url>http://www.sermonindex.net/modules/mydownloads/visit.php?lid=12086</Url>
        <Speaker>J. Edwin Orr</Speaker>
        <Length>8.76Mb</Length>
        <Status>NOT_STARTED</Status>
        <isSermonSelected>false</isSermonSelected>
    </Sermon>
    <Sermon>
        <Title>What Does it Really Mean to be Born Again?</Title>
        <Url>http://www.sermonindex.net/modules/mydownloads/visit.php?lid=12080</Url>
        <Speaker>J. Edwin Orr</Speaker>
        <Length>6.81Mb</Length>
        <Status>NOT_STARTED</Status>
        <isSermonSelected>false</isSermonSelected>
    </Sermon>
    <Sermon>
        <Title>What is Conscience</Title>
        <Url>http://www.sermonindex.net/modules/mydownloads/visit.php?lid=170</Url>
        <Speaker>J. Edwin Orr</Speaker>
        <Length>6.26Mb</Length>
        <Status>NOT_STARTED</Status>
        <isSermonSelected>false</isSermonSelected>
    </Sermon>
</Sermons>
