<?xml version="1.0" encoding="UTF-8" standalone="yes"?>
<Sermons>
    <Sermon>
        <Title>Children of God</Title>
        <Url>http://www.sermonindex.net/modules/mydownloads/visit.php?lid=7285</Url>
        <Speaker>Jeff Bastardi</Speaker>
        <Length>4.27Mb</Length>
        <Status>NOT_STARTED</Status>
        <isSermonSelected>false</isSermonSelected>
    </Sermon>
    <Sermon>
        <Title>Deny Yourself</Title>
        <Url>http://www.sermonindex.net/modules/mydownloads/visit.php?lid=7282</Url>
        <Speaker>Jeff Bastardi</Speaker>
        <Length>2.97Mb</Length>
        <Status>NOT_STARTED</Status>
        <isSermonSelected>false</isSermonSelected>
    </Sermon>
    <Sermon>
        <Title>Endure Till the End</Title>
        <Url>http://www.sermonindex.net/modules/mydownloads/visit.php?lid=7292</Url>
        <Speaker>Jeff Bastardi</Speaker>
        <Length>3.19Mb</Length>
        <Status>NOT_STARTED</Status>
        <isSermonSelected>false</isSermonSelected>
    </Sermon>
    <Sermon>
        <Title>Everlasting Life</Title>
        <Url>http://www.sermonindex.net/modules/mydownloads/visit.php?lid=7283</Url>
        <Speaker>Jeff Bastardi</Speaker>
        <Length>3.6Mb</Length>
        <Status>NOT_STARTED</Status>
        <isSermonSelected>false</isSermonSelected>
    </Sermon>
    <Sermon>
        <Title>God is love</Title>
        <Url>http://www.sermonindex.net/modules/mydownloads/visit.php?lid=7296</Url>
        <Speaker>Jeff Bastardi</Speaker>
        <Length>3.93Mb</Length>
        <Status>NOT_STARTED</Status>
        <isSermonSelected>false</isSermonSelected>
    </Sermon>
    <Sermon>
        <Title>God Let the Son Rise</Title>
        <Url>http://www.sermonindex.net/modules/mydownloads/visit.php?lid=7298</Url>
        <Speaker>Jeff Bastardi</Speaker>
        <Length>2.57Mb</Length>
        <Status>NOT_STARTED</Status>
        <isSermonSelected>false</isSermonSelected>
    </Sermon>
    <Sermon>
        <Title>God's Light</Title>
        <Url>http://www.sermonindex.net/modules/mydownloads/visit.php?lid=7289</Url>
        <Speaker>Jeff Bastardi</Speaker>
        <Length>4.35Mb</Length>
        <Status>NOT_STARTED</Status>
        <isSermonSelected>false</isSermonSelected>
    </Sermon>
    <Sermon>
        <Title>Healing Grace</Title>
        <Url>http://www.sermonindex.net/modules/mydownloads/visit.php?lid=7297</Url>
        <Speaker>Jeff Bastardi</Speaker>
        <Length>3.21Mb</Length>
        <Status>NOT_STARTED</Status>
        <isSermonSelected>false</isSermonSelected>
    </Sermon>
    <Sermon>
        <Title>Hungering and Thirsting</Title>
        <Url>http://www.sermonindex.net/modules/mydownloads/visit.php?lid=7288</Url>
        <Speaker>Jeff Bastardi</Speaker>
        <Length>242Kb</Length>
        <Status>NOT_STARTED</Status>
        <isSermonSelected>false</isSermonSelected>
    </Sermon>
    <Sermon>
        <Title>Life for Death</Title>
        <Url>http://www.sermonindex.net/modules/mydownloads/visit.php?lid=7290</Url>
        <Speaker>Jeff Bastardi</Speaker>
        <Length>2.67Mb</Length>
        <Status>NOT_STARTED</Status>
        <isSermonSelected>false</isSermonSelected>
    </Sermon>
    <Sermon>
        <Title>Living for Christ</Title>
        <Url>http://www.sermonindex.net/modules/mydownloads/visit.php?lid=7284</Url>
        <Speaker>Jeff Bastardi</Speaker>
        <Length>3.85Mb</Length>
        <Status>NOT_STARTED</Status>
        <isSermonSelected>false</isSermonSelected>
    </Sermon>
    <Sermon>
        <Title>Looking Through the Eyes of God</Title>
        <Url>http://www.sermonindex.net/modules/mydownloads/visit.php?lid=7287</Url>
        <Speaker>Jeff Bastardi</Speaker>
        <Length>3.56Mb</Length>
        <Status>NOT_STARTED</Status>
        <isSermonSelected>false</isSermonSelected>
    </Sermon>
    <Sermon>
        <Title>Meek and lowly Lamb of God</Title>
        <Url>http://www.sermonindex.net/modules/mydownloads/visit.php?lid=7295</Url>
        <Speaker>Jeff Bastardi</Speaker>
        <Length>3.32Mb</Length>
        <Status>NOT_STARTED</Status>
        <isSermonSelected>false</isSermonSelected>
    </Sermon>
    <Sermon>
        <Title>Newness of Life</Title>
        <Url>http://www.sermonindex.net/modules/mydownloads/visit.php?lid=7294</Url>
        <Speaker>Jeff Bastardi</Speaker>
        <Length>4.12Mb</Length>
        <Status>NOT_STARTED</Status>
        <isSermonSelected>false</isSermonSelected>
    </Sermon>
    <Sermon>
        <Title>Reborn of God</Title>
        <Url>http://www.sermonindex.net/modules/mydownloads/visit.php?lid=7281</Url>
        <Speaker>Jeff Bastardi</Speaker>
        <Length>1.96Mb</Length>
        <Status>NOT_STARTED</Status>
        <isSermonSelected>false</isSermonSelected>
    </Sermon>
    <Sermon>
        <Title>Save Me</Title>
        <Url>http://www.sermonindex.net/modules/mydownloads/visit.php?lid=7291</Url>
        <Speaker>Jeff Bastardi</Speaker>
        <Length>3.9Mb</Length>
        <Status>NOT_STARTED</Status>
        <isSermonSelected>false</isSermonSelected>
    </Sermon>
    <Sermon>
        <Title>Self</Title>
        <Url>http://www.sermonindex.net/modules/mydownloads/visit.php?lid=7293</Url>
        <Speaker>Jeff Bastardi</Speaker>
        <Length>3.83Mb</Length>
        <Status>NOT_STARTED</Status>
        <isSermonSelected>false</isSermonSelected>
    </Sermon>
    <Sermon>
        <Title>Serving You</Title>
        <Url>http://www.sermonindex.net/modules/mydownloads/visit.php?lid=7286</Url>
        <Speaker>Jeff Bastardi</Speaker>
        <Length>4.92Mb</Length>
        <Status>NOT_STARTED</Status>
        <isSermonSelected>false</isSermonSelected>
    </Sermon>
</Sermons>
