<?xml version="1.0" encoding="UTF-8" standalone="yes"?>
<Sermons>
    <Sermon>
        <Title>Born Of Water And The Spirit 01 John 3:</Title>
        <Url>http://www.sermonindex.net/modules/mydownloads/visit.php?lid=9652</Url>
        <Speaker>J. Henry Brown</Speaker>
        <Length>5.62Mb</Length>
        <Status>NOT_STARTED</Status>
        <isSermonSelected>false</isSermonSelected>
    </Sermon>
    <Sermon>
        <Title>Born Of Water And The Spirit 02 John 3:</Title>
        <Url>http://www.sermonindex.net/modules/mydownloads/visit.php?lid=9653</Url>
        <Speaker>J. Henry Brown</Speaker>
        <Length>5.71Mb</Length>
        <Status>NOT_STARTED</Status>
        <isSermonSelected>false</isSermonSelected>
    </Sermon>
    <Sermon>
        <Title>God's Provision-Man's Decision Gen.4:1</Title>
        <Url>http://www.sermonindex.net/modules/mydownloads/visit.php?lid=9666</Url>
        <Speaker>J. Henry Brown</Speaker>
        <Length>5.73Mb</Length>
        <Status>NOT_STARTED</Status>
        <isSermonSelected>false</isSermonSelected>
    </Sermon>
    <Sermon>
        <Title>Man's Cause And It's Effect Gen.11:1-9</Title>
        <Url>http://www.sermonindex.net/modules/mydownloads/visit.php?lid=9667</Url>
        <Speaker>J. Henry Brown</Speaker>
        <Length>5.83Mb</Length>
        <Status>NOT_STARTED</Status>
        <isSermonSelected>false</isSermonSelected>
    </Sermon>
    <Sermon>
        <Title>Man's Malady-God's Remedy 01 Gen.3:1</Title>
        <Url>http://www.sermonindex.net/modules/mydownloads/visit.php?lid=9669</Url>
        <Speaker>J. Henry Brown</Speaker>
        <Length>5.06Mb</Length>
        <Status>NOT_STARTED</Status>
        <isSermonSelected>false</isSermonSelected>
    </Sermon>
    <Sermon>
        <Title>Man's Malady-God's Remedy 02 Genesis 6:</Title>
        <Url>http://www.sermonindex.net/modules/mydownloads/visit.php?lid=9668</Url>
        <Speaker>J. Henry Brown</Speaker>
        <Length>4.65Mb</Length>
        <Status>NOT_STARTED</Status>
        <isSermonSelected>false</isSermonSelected>
    </Sermon>
    <Sermon>
        <Title>My Credentials Acts 2:</Title>
        <Url>http://www.sermonindex.net/modules/mydownloads/visit.php?lid=9670</Url>
        <Speaker>J. Henry Brown</Speaker>
        <Length>3.67Mb</Length>
        <Status>NOT_STARTED</Status>
        <isSermonSelected>false</isSermonSelected>
    </Sermon>
    <Sermon>
        <Title>That Which Is Born Of Flesh</Title>
        <Url>http://www.sermonindex.net/modules/mydownloads/visit.php?lid=9671</Url>
        <Speaker>J. Henry Brown</Speaker>
        <Length>4.56Mb</Length>
        <Status>NOT_STARTED</Status>
        <isSermonSelected>false</isSermonSelected>
    </Sermon>
    <Sermon>
        <Title>That Which Is Of The Flesh</Title>
        <Url>http://www.sermonindex.net/modules/mydownloads/visit.php?lid=9672</Url>
        <Speaker>J. Henry Brown</Speaker>
        <Length>4.1Mb</Length>
        <Status>NOT_STARTED</Status>
        <isSermonSelected>false</isSermonSelected>
    </Sermon>
    <Sermon>
        <Title>The Over-Ruling Of God</Title>
        <Url>http://www.sermonindex.net/modules/mydownloads/visit.php?lid=9673</Url>
        <Speaker>J. Henry Brown</Speaker>
        <Length>4.11Mb</Length>
        <Status>NOT_STARTED</Status>
        <isSermonSelected>false</isSermonSelected>
    </Sermon>
    <Sermon>
        <Title>The Tabernacle 01 The Sin Offering</Title>
        <Url>http://www.sermonindex.net/modules/mydownloads/visit.php?lid=9654</Url>
        <Speaker>J. Henry Brown</Speaker>
        <Length>7.13Mb</Length>
        <Status>NOT_STARTED</Status>
        <isSermonSelected>false</isSermonSelected>
    </Sermon>
    <Sermon>
        <Title>The Tabernacle 02 The Sin Offering</Title>
        <Url>http://www.sermonindex.net/modules/mydownloads/visit.php?lid=9655</Url>
        <Speaker>J. Henry Brown</Speaker>
        <Length>5.64Mb</Length>
        <Status>NOT_STARTED</Status>
        <isSermonSelected>false</isSermonSelected>
    </Sermon>
    <Sermon>
        <Title>The Tabernacle 03 Consecration-Priesthood</Title>
        <Url>http://www.sermonindex.net/modules/mydownloads/visit.php?lid=9656</Url>
        <Speaker>J. Henry Brown</Speaker>
        <Length>6.4Mb</Length>
        <Status>NOT_STARTED</Status>
        <isSermonSelected>false</isSermonSelected>
    </Sermon>
    <Sermon>
        <Title>The Tabernacle 04 The Laver - Ex.30:</Title>
        <Url>http://www.sermonindex.net/modules/mydownloads/visit.php?lid=9657</Url>
        <Speaker>J. Henry Brown</Speaker>
        <Length>3.96Mb</Length>
        <Status>NOT_STARTED</Status>
        <isSermonSelected>false</isSermonSelected>
    </Sermon>
    <Sermon>
        <Title>The Tabernacle 05 The Altar Of Incense</Title>
        <Url>http://www.sermonindex.net/modules/mydownloads/visit.php?lid=9658</Url>
        <Speaker>J. Henry Brown</Speaker>
        <Length>4.94Mb</Length>
        <Status>NOT_STARTED</Status>
        <isSermonSelected>false</isSermonSelected>
    </Sermon>
    <Sermon>
        <Title>The Tabernacle 06 The Table Of Shewbread</Title>
        <Url>http://www.sermonindex.net/modules/mydownloads/visit.php?lid=9659</Url>
        <Speaker>J. Henry Brown</Speaker>
        <Length>7.52Mb</Length>
        <Status>NOT_STARTED</Status>
        <isSermonSelected>false</isSermonSelected>
    </Sermon>
    <Sermon>
        <Title>The Tabernacle 07 The Lampstand</Title>
        <Url>http://www.sermonindex.net/modules/mydownloads/visit.php?lid=9660</Url>
        <Speaker>J. Henry Brown</Speaker>
        <Length>7.02Mb</Length>
        <Status>NOT_STARTED</Status>
        <isSermonSelected>false</isSermonSelected>
    </Sermon>
    <Sermon>
        <Title>The Tabernacle 08 The Veil</Title>
        <Url>http://www.sermonindex.net/modules/mydownloads/visit.php?lid=9661</Url>
        <Speaker>J. Henry Brown</Speaker>
        <Length>6.86Mb</Length>
        <Status>NOT_STARTED</Status>
        <isSermonSelected>false</isSermonSelected>
    </Sermon>
    <Sermon>
        <Title>The Tabernacle 09 Mercy Seat-Cheribum</Title>
        <Url>http://www.sermonindex.net/modules/mydownloads/visit.php?lid=9662</Url>
        <Speaker>J. Henry Brown</Speaker>
        <Length>7.37Mb</Length>
        <Status>NOT_STARTED</Status>
        <isSermonSelected>false</isSermonSelected>
    </Sermon>
    <Sermon>
        <Title>The Tabernacle 10 The High Priest-Ex.28:</Title>
        <Url>http://www.sermonindex.net/modules/mydownloads/visit.php?lid=9663</Url>
        <Speaker>J. Henry Brown</Speaker>
        <Length>6.12Mb</Length>
        <Status>NOT_STARTED</Status>
        <isSermonSelected>false</isSermonSelected>
    </Sermon>
    <Sermon>
        <Title>The Tabernacle 11 The Curtains</Title>
        <Url>http://www.sermonindex.net/modules/mydownloads/visit.php?lid=9664</Url>
        <Speaker>J. Henry Brown</Speaker>
        <Length>5.46Mb</Length>
        <Status>NOT_STARTED</Status>
        <isSermonSelected>false</isSermonSelected>
    </Sermon>
    <Sermon>
        <Title>The Tabernacle 12 Boards-Bars (Incomplete)</Title>
        <Url>http://www.sermonindex.net/modules/mydownloads/visit.php?lid=9665</Url>
        <Speaker>J. Henry Brown</Speaker>
        <Length>6.8Mb</Length>
        <Status>NOT_STARTED</Status>
        <isSermonSelected>false</isSermonSelected>
    </Sermon>
    <Sermon>
        <Title>Water And The Spirit</Title>
        <Url>http://www.sermonindex.net/modules/mydownloads/visit.php?lid=9674</Url>
        <Speaker>J. Henry Brown</Speaker>
        <Length>4.94Mb</Length>
        <Status>NOT_STARTED</Status>
        <isSermonSelected>false</isSermonSelected>
    </Sermon>
    <Sermon>
        <Title>We Would See Jesus</Title>
        <Url>http://www.sermonindex.net/modules/mydownloads/visit.php?lid=9675</Url>
        <Speaker>J. Henry Brown</Speaker>
        <Length>4.09Mb</Length>
        <Status>NOT_STARTED</Status>
        <isSermonSelected>false</isSermonSelected>
    </Sermon>
</Sermons>
