<?xml version="1.0" encoding="UTF-8" standalone="yes"?>
<Sermons>
    <Sermon>
        <Title>A Spiritual Call</Title>
        <Url>http://www.sermonindex.net/modules/mydownloads/visit.php?lid=13886</Url>
        <Speaker>Jim Binney</Speaker>
        <Length>13.87Mb</Length>
        <Status>NOT_STARTED</Status>
        <isSermonSelected>false</isSermonSelected>
    </Sermon>
    <Sermon>
        <Title>The Cup of Christ</Title>
        <Url>http://www.sermonindex.net/modules/mydownloads/visit.php?lid=13887</Url>
        <Speaker>Jim Binney</Speaker>
        <Length>11.99Mb</Length>
        <Status>NOT_STARTED</Status>
        <isSermonSelected>false</isSermonSelected>
    </Sermon>
</Sermons>
