<?xml version="1.0" encoding="UTF-8" standalone="yes"?>
<Sermons>
    <Sermon>
        <Title>(The Aggressive Holy Spirit) The Mystery &amp; Method of Kingdom Growth</Title>
        <Url>http://www.sermonindex.net/modules/mydownloads/visit.php?lid=12903</Url>
        <Speaker>Jim Elliff</Speaker>
        <Length>12.13Mb</Length>
        <Status>NOT_STARTED</Status>
        <isSermonSelected>false</isSermonSelected>
    </Sermon>
    <Sermon>
        <Title>(The Aggressive Holy Spirit) What do you do with Immorality?</Title>
        <Url>http://www.sermonindex.net/modules/mydownloads/visit.php?lid=12901</Url>
        <Speaker>Jim Elliff</Speaker>
        <Length>15.07Mb</Length>
        <Status>NOT_STARTED</Status>
        <isSermonSelected>false</isSermonSelected>
    </Sermon>
    <Sermon>
        <Title>(The Aggressive Holy Spirit) Word &amp; Spirit: How God Implants Truth</Title>
        <Url>http://www.sermonindex.net/modules/mydownloads/visit.php?lid=12902</Url>
        <Speaker>Jim Elliff</Speaker>
        <Length>12.32Mb</Length>
        <Status>NOT_STARTED</Status>
        <isSermonSelected>false</isSermonSelected>
    </Sermon>
</Sermons>
