<?xml version="1.0" encoding="UTF-8" standalone="yes"?>
<Sermons>
    <Sermon>
        <Title>(Genesis) Genesis 10-11</Title>
        <Url>http://www.sermonindex.net/modules/mydownloads/visit.php?lid=11744</Url>
        <Speaker>Joe Focht</Speaker>
        <Length>10.54Mb</Length>
        <Status>NOT_STARTED</Status>
        <isSermonSelected>false</isSermonSelected>
    </Sermon>
    <Sermon>
        <Title>(Genesis) Genesis 12-13</Title>
        <Url>http://www.sermonindex.net/modules/mydownloads/visit.php?lid=11745</Url>
        <Speaker>Joe Focht</Speaker>
        <Length>10.65Mb</Length>
        <Status>NOT_STARTED</Status>
        <isSermonSelected>false</isSermonSelected>
    </Sermon>
    <Sermon>
        <Title>(Genesis) Genesis 14</Title>
        <Url>http://www.sermonindex.net/modules/mydownloads/visit.php?lid=11746</Url>
        <Speaker>Joe Focht</Speaker>
        <Length>8.34Mb</Length>
        <Status>NOT_STARTED</Status>
        <isSermonSelected>false</isSermonSelected>
    </Sermon>
    <Sermon>
        <Title>(Genesis) Genesis 15-17</Title>
        <Url>http://www.sermonindex.net/modules/mydownloads/visit.php?lid=11747</Url>
        <Speaker>Joe Focht</Speaker>
        <Length>9.63Mb</Length>
        <Status>NOT_STARTED</Status>
        <isSermonSelected>false</isSermonSelected>
    </Sermon>
    <Sermon>
        <Title>(Genesis) Genesis 18-19</Title>
        <Url>http://www.sermonindex.net/modules/mydownloads/visit.php?lid=11748</Url>
        <Speaker>Joe Focht</Speaker>
        <Length>10.62Mb</Length>
        <Status>NOT_STARTED</Status>
        <isSermonSelected>false</isSermonSelected>
    </Sermon>
    <Sermon>
        <Title>(Genesis) Genesis 1:1-8</Title>
        <Url>http://www.sermonindex.net/modules/mydownloads/visit.php?lid=11737</Url>
        <Speaker>Joe Focht</Speaker>
        <Length>10.31Mb</Length>
        <Status>NOT_STARTED</Status>
        <isSermonSelected>false</isSermonSelected>
    </Sermon>
    <Sermon>
        <Title>(Genesis) Genesis 1:9-31</Title>
        <Url>http://www.sermonindex.net/modules/mydownloads/visit.php?lid=11738</Url>
        <Speaker>Joe Focht</Speaker>
        <Length>9.5Mb</Length>
        <Status>NOT_STARTED</Status>
        <isSermonSelected>false</isSermonSelected>
    </Sermon>
    <Sermon>
        <Title>(Genesis) Genesis 2</Title>
        <Url>http://www.sermonindex.net/modules/mydownloads/visit.php?lid=11739</Url>
        <Speaker>Joe Focht</Speaker>
        <Length>10.37Mb</Length>
        <Status>NOT_STARTED</Status>
        <isSermonSelected>false</isSermonSelected>
    </Sermon>
    <Sermon>
        <Title>(Genesis) Genesis 20-21</Title>
        <Url>http://www.sermonindex.net/modules/mydownloads/visit.php?lid=11749</Url>
        <Speaker>Joe Focht</Speaker>
        <Length>9.71Mb</Length>
        <Status>NOT_STARTED</Status>
        <isSermonSelected>false</isSermonSelected>
    </Sermon>
    <Sermon>
        <Title>(Genesis) Genesis 22-24:60</Title>
        <Url>http://www.sermonindex.net/modules/mydownloads/visit.php?lid=11750</Url>
        <Speaker>Joe Focht</Speaker>
        <Length>11.72Mb</Length>
        <Status>NOT_STARTED</Status>
        <isSermonSelected>false</isSermonSelected>
    </Sermon>
    <Sermon>
        <Title>(Genesis) Genesis 24:60-26:35</Title>
        <Url>http://www.sermonindex.net/modules/mydownloads/visit.php?lid=11751</Url>
        <Speaker>Joe Focht</Speaker>
        <Length>8.82Mb</Length>
        <Status>NOT_STARTED</Status>
        <isSermonSelected>false</isSermonSelected>
    </Sermon>
    <Sermon>
        <Title>(Genesis) Genesis 27-28:15</Title>
        <Url>http://www.sermonindex.net/modules/mydownloads/visit.php?lid=11752</Url>
        <Speaker>Joe Focht</Speaker>
        <Length>8.63Mb</Length>
        <Status>NOT_STARTED</Status>
        <isSermonSelected>false</isSermonSelected>
    </Sermon>
    <Sermon>
        <Title>(Genesis) Genesis 28:16-31:55</Title>
        <Url>http://www.sermonindex.net/modules/mydownloads/visit.php?lid=11753</Url>
        <Speaker>Joe Focht</Speaker>
        <Length>9.6Mb</Length>
        <Status>NOT_STARTED</Status>
        <isSermonSelected>false</isSermonSelected>
    </Sermon>
    <Sermon>
        <Title>(Genesis) Genesis 3</Title>
        <Url>http://www.sermonindex.net/modules/mydownloads/visit.php?lid=11740</Url>
        <Speaker>Joe Focht</Speaker>
        <Length>11.02Mb</Length>
        <Status>NOT_STARTED</Status>
        <isSermonSelected>false</isSermonSelected>
    </Sermon>
    <Sermon>
        <Title>(Genesis) Genesis 32-34</Title>
        <Url>http://www.sermonindex.net/modules/mydownloads/visit.php?lid=11754</Url>
        <Speaker>Joe Focht</Speaker>
        <Length>9.75Mb</Length>
        <Status>NOT_STARTED</Status>
        <isSermonSelected>false</isSermonSelected>
    </Sermon>
    <Sermon>
        <Title>(Genesis) Genesis 35-37:11</Title>
        <Url>http://www.sermonindex.net/modules/mydownloads/visit.php?lid=11755</Url>
        <Speaker>Joe Focht</Speaker>
        <Length>9.94Mb</Length>
        <Status>NOT_STARTED</Status>
        <isSermonSelected>false</isSermonSelected>
    </Sermon>
    <Sermon>
        <Title>(Genesis) Genesis 37:12-39:10</Title>
        <Url>http://www.sermonindex.net/modules/mydownloads/visit.php?lid=11756</Url>
        <Speaker>Joe Focht</Speaker>
        <Length>12.15Mb</Length>
        <Status>NOT_STARTED</Status>
        <isSermonSelected>false</isSermonSelected>
    </Sermon>
    <Sermon>
        <Title>(Genesis) Genesis 39:11-40:23</Title>
        <Url>http://www.sermonindex.net/modules/mydownloads/visit.php?lid=11757</Url>
        <Speaker>Joe Focht</Speaker>
        <Length>9.12Mb</Length>
        <Status>NOT_STARTED</Status>
        <isSermonSelected>false</isSermonSelected>
    </Sermon>
    <Sermon>
        <Title>(Genesis) Genesis 4-5:10</Title>
        <Url>http://www.sermonindex.net/modules/mydownloads/visit.php?lid=11741</Url>
        <Speaker>Joe Focht</Speaker>
        <Length>8.89Mb</Length>
        <Status>NOT_STARTED</Status>
        <isSermonSelected>false</isSermonSelected>
    </Sermon>
    <Sermon>
        <Title>(Genesis) Genesis 41-42</Title>
        <Url>http://www.sermonindex.net/modules/mydownloads/visit.php?lid=11758</Url>
        <Speaker>Joe Focht</Speaker>
        <Length>10.68Mb</Length>
        <Status>NOT_STARTED</Status>
        <isSermonSelected>false</isSermonSelected>
    </Sermon>
    <Sermon>
        <Title>(Genesis) Genesis 42:24-45:28</Title>
        <Url>http://www.sermonindex.net/modules/mydownloads/visit.php?lid=11759</Url>
        <Speaker>Joe Focht</Speaker>
        <Length>9.16Mb</Length>
        <Status>NOT_STARTED</Status>
        <isSermonSelected>false</isSermonSelected>
    </Sermon>
    <Sermon>
        <Title>(Genesis) Genesis 46-48</Title>
        <Url>http://www.sermonindex.net/modules/mydownloads/visit.php?lid=11760</Url>
        <Speaker>Joe Focht</Speaker>
        <Length>8.8Mb</Length>
        <Status>NOT_STARTED</Status>
        <isSermonSelected>false</isSermonSelected>
    </Sermon>
    <Sermon>
        <Title>(Genesis) Genesis 49-50</Title>
        <Url>http://www.sermonindex.net/modules/mydownloads/visit.php?lid=11761</Url>
        <Speaker>Joe Focht</Speaker>
        <Length>9Mb</Length>
        <Status>NOT_STARTED</Status>
        <isSermonSelected>false</isSermonSelected>
    </Sermon>
    <Sermon>
        <Title>(Genesis) Genesis 5:11-6:22</Title>
        <Url>http://www.sermonindex.net/modules/mydownloads/visit.php?lid=11742</Url>
        <Speaker>Joe Focht</Speaker>
        <Length>11.18Mb</Length>
        <Status>NOT_STARTED</Status>
        <isSermonSelected>false</isSermonSelected>
    </Sermon>
    <Sermon>
        <Title>(Genesis) Genesis 7-9</Title>
        <Url>http://www.sermonindex.net/modules/mydownloads/visit.php?lid=11743</Url>
        <Speaker>Joe Focht</Speaker>
        <Length>10.82Mb</Length>
        <Status>NOT_STARTED</Status>
        <isSermonSelected>false</isSermonSelected>
    </Sermon>
    <Sermon>
        <Title>Create in Me a New Heart</Title>
        <Url>http://www.sermonindex.net/modules/mydownloads/visit.php?lid=13468</Url>
        <Speaker>Joe Focht</Speaker>
        <Length>14.79Mb</Length>
        <Status>NOT_STARTED</Status>
        <isSermonSelected>false</isSermonSelected>
    </Sermon>
    <Sermon>
        <Title>Fruit of unholiness</Title>
        <Url>http://www.sermonindex.net/modules/mydownloads/visit.php?lid=14612</Url>
        <Speaker>Joe Focht</Speaker>
        <Length>21.66Mb</Length>
        <Status>NOT_STARTED</Status>
        <isSermonSelected>false</isSermonSelected>
    </Sermon>
    <Sermon>
        <Title>Gods Calling</Title>
        <Url>http://www.sermonindex.net/modules/mydownloads/visit.php?lid=13467</Url>
        <Speaker>Joe Focht</Speaker>
        <Length>15.26Mb</Length>
        <Status>NOT_STARTED</Status>
        <isSermonSelected>false</isSermonSelected>
    </Sermon>
    <Sermon>
        <Title>The Emerging Church - Departing from the Word</Title>
        <Url>http://www.sermonindex.net/modules/mydownloads/visit.php?lid=13466</Url>
        <Speaker>Joe Focht</Speaker>
        <Length>23.07Mb</Length>
        <Status>NOT_STARTED</Status>
        <isSermonSelected>false</isSermonSelected>
    </Sermon>
</Sermons>
