<?xml version="1.0" encoding="UTF-8" standalone="yes"?>
<Sermons>
    <Sermon>
        <Title>Adam &amp; Eve - Simple Faith</Title>
        <Url>http://www.sermonindex.net/modules/mydownloads/visit.php?lid=2801</Url>
        <Speaker>Joel Beeke</Speaker>
        <Length>8.64Mb</Length>
        <Status>NOT_STARTED</Status>
        <isSermonSelected>false</isSermonSelected>
    </Sermon>
    <Sermon>
        <Title>Caleb - Persevering Faith</Title>
        <Url>http://www.sermonindex.net/modules/mydownloads/visit.php?lid=2804</Url>
        <Speaker>Joel Beeke</Speaker>
        <Length>8.38Mb</Length>
        <Status>NOT_STARTED</Status>
        <isSermonSelected>false</isSermonSelected>
    </Sermon>
    <Sermon>
        <Title>The Canaanite Woman - Great Faith</Title>
        <Url>http://www.sermonindex.net/modules/mydownloads/visit.php?lid=2803</Url>
        <Speaker>Joel Beeke</Speaker>
        <Length>8.95Mb</Length>
        <Status>NOT_STARTED</Status>
        <isSermonSelected>false</isSermonSelected>
    </Sermon>
    <Sermon>
        <Title>The Shunammite Woman - Submissive Faith</Title>
        <Url>http://www.sermonindex.net/modules/mydownloads/visit.php?lid=2802</Url>
        <Speaker>Joel Beeke</Speaker>
        <Length>8.91Mb</Length>
        <Status>NOT_STARTED</Status>
        <isSermonSelected>false</isSermonSelected>
    </Sermon>
</Sermons>
