<?xml version="1.0" encoding="UTF-8" standalone="yes"?>
<Sermons>
    <Sermon>
        <Title>Preach the Word</Title>
        <Url>http://www.sermonindex.net/modules/mydownloads/visit.php?lid=13456</Url>
        <Speaker>John Walvoord</Speaker>
        <Length>12.11Mb</Length>
        <Status>NOT_STARTED</Status>
        <isSermonSelected>false</isSermonSelected>
    </Sermon>
    <Sermon>
        <Title>Prophecy - Part 1</Title>
        <Url>http://www.sermonindex.net/modules/mydownloads/visit.php?lid=13457</Url>
        <Speaker>John Walvoord</Speaker>
        <Length>8.64Mb</Length>
        <Status>NOT_STARTED</Status>
        <isSermonSelected>false</isSermonSelected>
    </Sermon>
    <Sermon>
        <Title>Prophecy - Part 2</Title>
        <Url>http://www.sermonindex.net/modules/mydownloads/visit.php?lid=13458</Url>
        <Speaker>John Walvoord</Speaker>
        <Length>7.88Mb</Length>
        <Status>NOT_STARTED</Status>
        <isSermonSelected>false</isSermonSelected>
    </Sermon>
</Sermons>
