<?xml version="1.0" encoding="UTF-8" standalone="yes"?>
<Sermons>
    <Sermon>
        <Title>God Of Spirit</Title>
        <Url>http://www.sermonindex.net/modules/mydownloads/visit.php?lid=12194</Url>
        <Speaker>John Gowans</Speaker>
        <Length>0Kb</Length>
        <Status>NOT_STARTED</Status>
        <isSermonSelected>false</isSermonSelected>
    </Sermon>
    <Sermon>
        <Title>Obedience</Title>
        <Url>http://www.sermonindex.net/modules/mydownloads/visit.php?lid=12191</Url>
        <Speaker>John Gowans</Speaker>
        <Length>4.71Mb</Length>
        <Status>NOT_STARTED</Status>
        <isSermonSelected>false</isSermonSelected>
    </Sermon>
    <Sermon>
        <Title>The Way Forward</Title>
        <Url>http://www.sermonindex.net/modules/mydownloads/visit.php?lid=12195</Url>
        <Speaker>John Gowans</Speaker>
        <Length>6.26Mb</Length>
        <Status>NOT_STARTED</Status>
        <isSermonSelected>false</isSermonSelected>
    </Sermon>
    <Sermon>
        <Title>Wilt Thou Be Made Whole?</Title>
        <Url>http://www.sermonindex.net/modules/mydownloads/visit.php?lid=12192</Url>
        <Speaker>John Gowans</Speaker>
        <Length>5.05Mb</Length>
        <Status>NOT_STARTED</Status>
        <isSermonSelected>false</isSermonSelected>
    </Sermon>
    <Sermon>
        <Title>Your Call To Ministry</Title>
        <Url>http://www.sermonindex.net/modules/mydownloads/visit.php?lid=12193</Url>
        <Speaker>John Gowans</Speaker>
        <Length>8.28Mb</Length>
        <Status>NOT_STARTED</Status>
        <isSermonSelected>false</isSermonSelected>
    </Sermon>
</Sermons>
