<?xml version="1.0" encoding="UTF-8" standalone="yes"?>
<Sermons>
    <Sermon>
        <Title>Communion with Christ</Title>
        <Url>http://www.sermonindex.net/modules/mydownloads/visit.php?lid=23315</Url>
        <Speaker>John Owen</Speaker>
        <Length>11.69Mb</Length>
        <Status>NOT_STARTED</Status>
        <isSermonSelected>false</isSermonSelected>
    </Sermon>
    <Sermon>
        <Title>The Beauty and Strength of Zion</Title>
        <Url>http://www.sermonindex.net/modules/mydownloads/visit.php?lid=23313</Url>
        <Speaker>John Owen</Speaker>
        <Length>24.91Mb</Length>
        <Status>NOT_STARTED</Status>
        <isSermonSelected>false</isSermonSelected>
    </Sermon>
    <Sermon>
        <Title>The Dangerous Symptoms of Any Lust (Chapter 9 of the book, The Mortification of Sin)</Title>
        <Url>http://www.sermonindex.net/modules/mydownloads/visit.php?lid=23312</Url>
        <Speaker>John Owen</Speaker>
        <Length>3.08Mb</Length>
        <Status>NOT_STARTED</Status>
        <isSermonSelected>false</isSermonSelected>
    </Sermon>
    <Sermon>
        <Title>The Grace and Duty of Being Spiritually Minded #1</Title>
        <Url>http://www.sermonindex.net/modules/mydownloads/visit.php?lid=14737</Url>
        <Speaker>John Owen</Speaker>
        <Length>10.59Mb</Length>
        <Status>NOT_STARTED</Status>
        <isSermonSelected>false</isSermonSelected>
    </Sermon>
    <Sermon>
        <Title>The Grace and Duty of Being Spiritually Minded #2</Title>
        <Url>http://www.sermonindex.net/modules/mydownloads/visit.php?lid=14738</Url>
        <Speaker>John Owen</Speaker>
        <Length>10.2Mb</Length>
        <Status>NOT_STARTED</Status>
        <isSermonSelected>false</isSermonSelected>
    </Sermon>
    <Sermon>
        <Title>The Grace and Duty of Being Spiritually Minded #3</Title>
        <Url>http://www.sermonindex.net/modules/mydownloads/visit.php?lid=14739</Url>
        <Speaker>John Owen</Speaker>
        <Length>10.44Mb</Length>
        <Status>NOT_STARTED</Status>
        <isSermonSelected>false</isSermonSelected>
    </Sermon>
    <Sermon>
        <Title>The Sin and Judgment of Spiritual Barrenness: Fruitlessness, Unprofitableness, &amp; Ruin</Title>
        <Url>http://www.sermonindex.net/modules/mydownloads/visit.php?lid=23311</Url>
        <Speaker>John Owen</Speaker>
        <Length>25.96Mb</Length>
        <Status>NOT_STARTED</Status>
        <isSermonSelected>false</isSermonSelected>
    </Sermon>
    <Sermon>
        <Title>Ways and Means of Recovery from Spiritual Decays</Title>
        <Url>http://www.sermonindex.net/modules/mydownloads/visit.php?lid=23314</Url>
        <Speaker>John Owen</Speaker>
        <Length>19.33Mb</Length>
        <Status>NOT_STARTED</Status>
        <isSermonSelected>false</isSermonSelected>
    </Sermon>
</Sermons>
