<?xml version="1.0" encoding="UTF-8" standalone="yes"?>
<Sermons>
    <Sermon>
        <Title>A Few Sighs from Hell (reading)</Title>
        <Url>http://www.sermonindex.net/modules/mydownloads/visit.php?lid=3656</Url>
        <Speaker>John Bunyan</Speaker>
        <Length>4.2Mb</Length>
        <Status>NOT_STARTED</Status>
        <isSermonSelected>false</isSermonSelected>
    </Sermon>
    <Sermon>
        <Title>Pilgrim's Progress01: Introduction</Title>
        <Url>http://www.sermonindex.net/modules/mydownloads/visit.php?lid=3662</Url>
        <Speaker>John Bunyan</Speaker>
        <Length>608Kb</Length>
        <Status>NOT_STARTED</Status>
        <isSermonSelected>false</isSermonSelected>
    </Sermon>
    <Sermon>
        <Title>Pilgrim's Progress02: Obstinate and Pliable</Title>
        <Url>http://www.sermonindex.net/modules/mydownloads/visit.php?lid=3663</Url>
        <Speaker>John Bunyan</Speaker>
        <Length>606Kb</Length>
        <Status>NOT_STARTED</Status>
        <isSermonSelected>false</isSermonSelected>
    </Sermon>
    <Sermon>
        <Title>Pilgrim's Progress03: Slough of Despond</Title>
        <Url>http://www.sermonindex.net/modules/mydownloads/visit.php?lid=3664</Url>
        <Speaker>John Bunyan</Speaker>
        <Length>302Kb</Length>
        <Status>NOT_STARTED</Status>
        <isSermonSelected>false</isSermonSelected>
    </Sermon>
    <Sermon>
        <Title>Pilgrim's Progress04: Help</Title>
        <Url>http://www.sermonindex.net/modules/mydownloads/visit.php?lid=3665</Url>
        <Speaker>John Bunyan</Speaker>
        <Length>338Kb</Length>
        <Status>NOT_STARTED</Status>
        <isSermonSelected>false</isSermonSelected>
    </Sermon>
    <Sermon>
        <Title>Pilgrim's Progress05: Mr. Worldly Wiseman</Title>
        <Url>http://www.sermonindex.net/modules/mydownloads/visit.php?lid=3666</Url>
        <Speaker>John Bunyan</Speaker>
        <Length>736Kb</Length>
        <Status>NOT_STARTED</Status>
        <isSermonSelected>false</isSermonSelected>
    </Sermon>
    <Sermon>
        <Title>Pilgrim's Progress06: Mt. Sinai</Title>
        <Url>http://www.sermonindex.net/modules/mydownloads/visit.php?lid=3667</Url>
        <Speaker>John Bunyan</Speaker>
        <Length>1.32Mb</Length>
        <Status>NOT_STARTED</Status>
        <isSermonSelected>false</isSermonSelected>
    </Sermon>
    <Sermon>
        <Title>Pilgrim's Progress07: Goodwill</Title>
        <Url>http://www.sermonindex.net/modules/mydownloads/visit.php?lid=3668</Url>
        <Speaker>John Bunyan</Speaker>
        <Length>782Kb</Length>
        <Status>NOT_STARTED</Status>
        <isSermonSelected>false</isSermonSelected>
    </Sermon>
    <Sermon>
        <Title>Pilgrim's Progress08: Interpreter</Title>
        <Url>http://www.sermonindex.net/modules/mydownloads/visit.php?lid=3669</Url>
        <Speaker>John Bunyan</Speaker>
        <Length>576Kb</Length>
        <Status>NOT_STARTED</Status>
        <isSermonSelected>false</isSermonSelected>
    </Sermon>
    <Sermon>
        <Title>Pilgrim's Progress09: Patience and Passion</Title>
        <Url>http://www.sermonindex.net/modules/mydownloads/visit.php?lid=3670</Url>
        <Speaker>John Bunyan</Speaker>
        <Length>464Kb</Length>
        <Status>NOT_STARTED</Status>
        <isSermonSelected>false</isSermonSelected>
    </Sermon>
    <Sermon>
        <Title>Pilgrim's Progress10: Pictures</Title>
        <Url>http://www.sermonindex.net/modules/mydownloads/visit.php?lid=3671</Url>
        <Speaker>John Bunyan</Speaker>
        <Length>424Kb</Length>
        <Status>NOT_STARTED</Status>
        <isSermonSelected>false</isSermonSelected>
    </Sermon>
    <Sermon>
        <Title>Pilgrim's Progress11: Man in the Iron Cage</Title>
        <Url>http://www.sermonindex.net/modules/mydownloads/visit.php?lid=3672</Url>
        <Speaker>John Bunyan</Speaker>
        <Length>520Kb</Length>
        <Status>NOT_STARTED</Status>
        <isSermonSelected>false</isSermonSelected>
    </Sermon>
    <Sermon>
        <Title>Pilgrim's Progress12: Man with the Dream</Title>
        <Url>http://www.sermonindex.net/modules/mydownloads/visit.php?lid=3673</Url>
        <Speaker>John Bunyan</Speaker>
        <Length>378Kb</Length>
        <Status>NOT_STARTED</Status>
        <isSermonSelected>false</isSermonSelected>
    </Sermon>
    <Sermon>
        <Title>Pilgrim's Progress13: Salvation</Title>
        <Url>http://www.sermonindex.net/modules/mydownloads/visit.php?lid=3674</Url>
        <Speaker>John Bunyan</Speaker>
        <Length>552Kb</Length>
        <Status>NOT_STARTED</Status>
        <isSermonSelected>false</isSermonSelected>
    </Sermon>
    <Sermon>
        <Title>Pilgrim's Progress14: Formalist and Hypocrisy</Title>
        <Url>http://www.sermonindex.net/modules/mydownloads/visit.php?lid=3675</Url>
        <Speaker>John Bunyan</Speaker>
        <Length>696Kb</Length>
        <Status>NOT_STARTED</Status>
        <isSermonSelected>false</isSermonSelected>
    </Sermon>
    <Sermon>
        <Title>Pilgrim's Progress15: Timorous and Mistrust</Title>
        <Url>http://www.sermonindex.net/modules/mydownloads/visit.php?lid=3676</Url>
        <Speaker>John Bunyan</Speaker>
        <Length>582Kb</Length>
        <Status>NOT_STARTED</Status>
        <isSermonSelected>false</isSermonSelected>
    </Sermon>
    <Sermon>
        <Title>Pilgrim's Progress16: Porter</Title>
        <Url>http://www.sermonindex.net/modules/mydownloads/visit.php?lid=3677</Url>
        <Speaker>John Bunyan</Speaker>
        <Length>758Kb</Length>
        <Status>NOT_STARTED</Status>
        <isSermonSelected>false</isSermonSelected>
    </Sermon>
    <Sermon>
        <Title>Pilgrim's Progress17: Piety</Title>
        <Url>http://www.sermonindex.net/modules/mydownloads/visit.php?lid=3679</Url>
        <Speaker>John Bunyan</Speaker>
        <Length>518Kb</Length>
        <Status>NOT_STARTED</Status>
        <isSermonSelected>false</isSermonSelected>
    </Sermon>
    <Sermon>
        <Title>Pilgrim's Progress18: Prudence</Title>
        <Url>http://www.sermonindex.net/modules/mydownloads/visit.php?lid=3680</Url>
        <Speaker>John Bunyan</Speaker>
        <Length>250Kb</Length>
        <Status>NOT_STARTED</Status>
        <isSermonSelected>false</isSermonSelected>
    </Sermon>
    <Sermon>
        <Title>Pilgrim's Progress19: Charity</Title>
        <Url>http://www.sermonindex.net/modules/mydownloads/visit.php?lid=3681</Url>
        <Speaker>John Bunyan</Speaker>
        <Length>342Kb</Length>
        <Status>NOT_STARTED</Status>
        <isSermonSelected>false</isSermonSelected>
    </Sermon>
    <Sermon>
        <Title>Pilgrim's Progress20: Peace</Title>
        <Url>http://www.sermonindex.net/modules/mydownloads/visit.php?lid=3682</Url>
        <Speaker>John Bunyan</Speaker>
        <Length>966Kb</Length>
        <Status>NOT_STARTED</Status>
        <isSermonSelected>false</isSermonSelected>
    </Sermon>
    <Sermon>
        <Title>Pilgrim's Progress21: Battle with Apollyon</Title>
        <Url>http://www.sermonindex.net/modules/mydownloads/visit.php?lid=3683</Url>
        <Speaker>John Bunyan</Speaker>
        <Length>1.05Mb</Length>
        <Status>NOT_STARTED</Status>
        <isSermonSelected>false</isSermonSelected>
    </Sermon>
    <Sermon>
        <Title>Pilgrim's Progress22: Men with Evil Report</Title>
        <Url>http://www.sermonindex.net/modules/mydownloads/visit.php?lid=3684</Url>
        <Speaker>John Bunyan</Speaker>
        <Length>542Kb</Length>
        <Status>NOT_STARTED</Status>
        <isSermonSelected>false</isSermonSelected>
    </Sermon>
    <Sermon>
        <Title>Pilgrim's Progress23: Valley of Shadow of Death</Title>
        <Url>http://www.sermonindex.net/modules/mydownloads/visit.php?lid=3685</Url>
        <Speaker>John Bunyan</Speaker>
        <Length>1.06Mb</Length>
        <Status>NOT_STARTED</Status>
        <isSermonSelected>false</isSermonSelected>
    </Sermon>
    <Sermon>
        <Title>Pilgrim's Progress24: Faithful</Title>
        <Url>http://www.sermonindex.net/modules/mydownloads/visit.php?lid=3686</Url>
        <Speaker>John Bunyan</Speaker>
        <Length>478Kb</Length>
        <Status>NOT_STARTED</Status>
        <isSermonSelected>false</isSermonSelected>
    </Sermon>
    <Sermon>
        <Title>Pilgrim's Progress25: Adam and Moses</Title>
        <Url>http://www.sermonindex.net/modules/mydownloads/visit.php?lid=3687</Url>
        <Speaker>John Bunyan</Speaker>
        <Length>646Kb</Length>
        <Status>NOT_STARTED</Status>
        <isSermonSelected>false</isSermonSelected>
    </Sermon>
    <Sermon>
        <Title>Pilgrim's Progress26: Discontent and Shame</Title>
        <Url>http://www.sermonindex.net/modules/mydownloads/visit.php?lid=3688</Url>
        <Speaker>John Bunyan</Speaker>
        <Length>882Kb</Length>
        <Status>NOT_STARTED</Status>
        <isSermonSelected>false</isSermonSelected>
    </Sermon>
</Sermons>
