<?xml version="1.0" encoding="UTF-8" standalone="yes"?>
<Sermons>
    <Sermon>
        <Title>My sins rose as high as a mountain (singing)</Title>
        <Url>http://www.sermonindex.net/modules/mydownloads/visit.php?lid=3841</Url>
        <Speaker>John Lawley</Speaker>
        <Length>958Kb</Length>
        <Status>NOT_STARTED</Status>
        <isSermonSelected>false</isSermonSelected>
    </Sermon>
    <Sermon>
        <Title>Salvation Choruses (singing)</Title>
        <Url>http://www.sermonindex.net/modules/mydownloads/visit.php?lid=3840</Url>
        <Speaker>John Lawley</Speaker>
        <Length>962Kb</Length>
        <Status>NOT_STARTED</Status>
        <isSermonSelected>false</isSermonSelected>
    </Sermon>
</Sermons>
