<?xml version="1.0" encoding="UTF-8" standalone="yes"?>
<Sermons>
    <Sermon>
        <Title>Back To Bethel</Title>
        <Url>http://www.sermonindex.net/modules/mydownloads/visit.php?lid=27098</Url>
        <Speaker>John R. Rice</Speaker>
        <Length>10.3Mb</Length>
        <Status>NOT_STARTED</Status>
        <isSermonSelected>false</isSermonSelected>
    </Sermon>
    <Sermon>
        <Title>Barren Ground</Title>
        <Url>http://www.sermonindex.net/modules/mydownloads/visit.php?lid=27111</Url>
        <Speaker>John R. Rice</Speaker>
        <Length>8.54Mb</Length>
        <Status>NOT_STARTED</Status>
        <isSermonSelected>false</isSermonSelected>
    </Sermon>
    <Sermon>
        <Title>Hindered Prayer</Title>
        <Url>http://www.sermonindex.net/modules/mydownloads/visit.php?lid=27103</Url>
        <Speaker>John R. Rice</Speaker>
        <Length>10.09Mb</Length>
        <Status>NOT_STARTED</Status>
        <isSermonSelected>false</isSermonSelected>
    </Sermon>
    <Sermon>
        <Title>Inspiration Of The Bible</Title>
        <Url>http://www.sermonindex.net/modules/mydownloads/visit.php?lid=27113</Url>
        <Speaker>John R. Rice</Speaker>
        <Length>12.01Mb</Length>
        <Status>NOT_STARTED</Status>
        <isSermonSelected>false</isSermonSelected>
    </Sermon>
    <Sermon>
        <Title>Jesus Filled With The Spirit</Title>
        <Url>http://www.sermonindex.net/modules/mydownloads/visit.php?lid=27108</Url>
        <Speaker>John R. Rice</Speaker>
        <Length>5.72Mb</Length>
        <Status>NOT_STARTED</Status>
        <isSermonSelected>false</isSermonSelected>
    </Sermon>
    <Sermon>
        <Title>Luke Warmness</Title>
        <Url>http://www.sermonindex.net/modules/mydownloads/visit.php?lid=27107</Url>
        <Speaker>John R. Rice</Speaker>
        <Length>13.26Mb</Length>
        <Status>NOT_STARTED</Status>
        <isSermonSelected>false</isSermonSelected>
    </Sermon>
    <Sermon>
        <Title>Moreover Brethren I Declare Unto You The Gospel</Title>
        <Url>http://www.sermonindex.net/modules/mydownloads/visit.php?lid=27109</Url>
        <Speaker>John R. Rice</Speaker>
        <Length>3.81Mb</Length>
        <Status>NOT_STARTED</Status>
        <isSermonSelected>false</isSermonSelected>
    </Sermon>
    <Sermon>
        <Title>Paul Rejoices Over Preaching by Enemies</Title>
        <Url>http://www.sermonindex.net/modules/mydownloads/visit.php?lid=263</Url>
        <Speaker>John R. Rice</Speaker>
        <Length>3.44Mb</Length>
        <Status>NOT_STARTED</Status>
        <isSermonSelected>false</isSermonSelected>
    </Sermon>
    <Sermon>
        <Title>Prayer for the Holy Spirit - 1</Title>
        <Url>http://www.sermonindex.net/modules/mydownloads/visit.php?lid=264</Url>
        <Speaker>John R. Rice</Speaker>
        <Length>1.62Mb</Length>
        <Status>NOT_STARTED</Status>
        <isSermonSelected>false</isSermonSelected>
    </Sermon>
    <Sermon>
        <Title>Prayer for the Holy Spirit - 2</Title>
        <Url>http://www.sermonindex.net/modules/mydownloads/visit.php?lid=265</Url>
        <Speaker>John R. Rice</Speaker>
        <Length>1.68Mb</Length>
        <Status>NOT_STARTED</Status>
        <isSermonSelected>false</isSermonSelected>
    </Sermon>
    <Sermon>
        <Title>Prayer for the Holy Spirit - 3</Title>
        <Url>http://www.sermonindex.net/modules/mydownloads/visit.php?lid=266</Url>
        <Speaker>John R. Rice</Speaker>
        <Length>1.5Mb</Length>
        <Status>NOT_STARTED</Status>
        <isSermonSelected>false</isSermonSelected>
    </Sermon>
    <Sermon>
        <Title>Prevailing Prayer</Title>
        <Url>http://www.sermonindex.net/modules/mydownloads/visit.php?lid=27104</Url>
        <Speaker>John R. Rice</Speaker>
        <Length>11.14Mb</Length>
        <Status>NOT_STARTED</Status>
        <isSermonSelected>false</isSermonSelected>
    </Sermon>
    <Sermon>
        <Title>The Last Judgment Of The Unsaved Men</Title>
        <Url>http://www.sermonindex.net/modules/mydownloads/visit.php?lid=27110</Url>
        <Speaker>John R. Rice</Speaker>
        <Length>13.05Mb</Length>
        <Status>NOT_STARTED</Status>
        <isSermonSelected>false</isSermonSelected>
    </Sermon>
    <Sermon>
        <Title>The Power Of Pentecost</Title>
        <Url>http://www.sermonindex.net/modules/mydownloads/visit.php?lid=27114</Url>
        <Speaker>John R. Rice</Speaker>
        <Length>9.16Mb</Length>
        <Status>NOT_STARTED</Status>
        <isSermonSelected>false</isSermonSelected>
    </Sermon>
    <Sermon>
        <Title>The Seven Fold Sin Of Not Winning Souls</Title>
        <Url>http://www.sermonindex.net/modules/mydownloads/visit.php?lid=27099</Url>
        <Speaker>John R. Rice</Speaker>
        <Length>5.06Mb</Length>
        <Status>NOT_STARTED</Status>
        <isSermonSelected>false</isSermonSelected>
    </Sermon>
    <Sermon>
        <Title>Warning People Full Time</Title>
        <Url>http://www.sermonindex.net/modules/mydownloads/visit.php?lid=27112</Url>
        <Speaker>John R. Rice</Speaker>
        <Length>7.97Mb</Length>
        <Status>NOT_STARTED</Status>
        <isSermonSelected>false</isSermonSelected>
    </Sermon>
    <Sermon>
        <Title>What Revival Costs - Part One</Title>
        <Url>http://www.sermonindex.net/modules/mydownloads/visit.php?lid=27105</Url>
        <Speaker>John R. Rice</Speaker>
        <Length>10.93Mb</Length>
        <Status>NOT_STARTED</Status>
        <isSermonSelected>false</isSermonSelected>
    </Sermon>
    <Sermon>
        <Title>What Revival Costs - Part Two</Title>
        <Url>http://www.sermonindex.net/modules/mydownloads/visit.php?lid=27106</Url>
        <Speaker>John R. Rice</Speaker>
        <Length>7.43Mb</Length>
        <Status>NOT_STARTED</Status>
        <isSermonSelected>false</isSermonSelected>
    </Sermon>
    <Sermon>
        <Title>When Jesus Returns</Title>
        <Url>http://www.sermonindex.net/modules/mydownloads/visit.php?lid=27101</Url>
        <Speaker>John R. Rice</Speaker>
        <Length>9.87Mb</Length>
        <Status>NOT_STARTED</Status>
        <isSermonSelected>false</isSermonSelected>
    </Sermon>
    <Sermon>
        <Title>When Skeletons Come Out of Closets</Title>
        <Url>http://www.sermonindex.net/modules/mydownloads/visit.php?lid=267</Url>
        <Speaker>John R. Rice</Speaker>
        <Length>6.52Mb</Length>
        <Status>NOT_STARTED</Status>
        <isSermonSelected>false</isSermonSelected>
    </Sermon>
    <Sermon>
        <Title>Win Your Loved Ones</Title>
        <Url>http://www.sermonindex.net/modules/mydownloads/visit.php?lid=27100</Url>
        <Speaker>John R. Rice</Speaker>
        <Length>13.42Mb</Length>
        <Status>NOT_STARTED</Status>
        <isSermonSelected>false</isSermonSelected>
    </Sermon>
    <Sermon>
        <Title>Winning Souls Is Wise</Title>
        <Url>http://www.sermonindex.net/modules/mydownloads/visit.php?lid=27102</Url>
        <Speaker>John R. Rice</Speaker>
        <Length>8.7Mb</Length>
        <Status>NOT_STARTED</Status>
        <isSermonSelected>false</isSermonSelected>
    </Sermon>
</Sermons>
