<?xml version="1.0" encoding="UTF-8" standalone="yes"?>
<Sermons>
    <Sermon>
        <Title>Noah and the dispersal from Babel</Title>
        <Url>http://www.sermonindex.net/modules/mydownloads/visit.php?lid=23165</Url>
        <Speaker>John Whitcomb</Speaker>
        <Length>9.49Mb</Length>
        <Status>NOT_STARTED</Status>
        <isSermonSelected>false</isSermonSelected>
    </Sermon>
    <Sermon>
        <Title>The Flood and Modern Geology</Title>
        <Url>http://www.sermonindex.net/modules/mydownloads/visit.php?lid=23168</Url>
        <Speaker>John Whitcomb</Speaker>
        <Length>9.55Mb</Length>
        <Status>NOT_STARTED</Status>
        <isSermonSelected>false</isSermonSelected>
    </Sermon>
    <Sermon>
        <Title>The origin of life</Title>
        <Url>http://www.sermonindex.net/modules/mydownloads/visit.php?lid=23166</Url>
        <Speaker>John Whitcomb</Speaker>
        <Length>9.46Mb</Length>
        <Status>NOT_STARTED</Status>
        <isSermonSelected>false</isSermonSelected>
    </Sermon>
    <Sermon>
        <Title>The origin of the universe</Title>
        <Url>http://www.sermonindex.net/modules/mydownloads/visit.php?lid=23167</Url>
        <Speaker>John Whitcomb</Speaker>
        <Length>9.71Mb</Length>
        <Status>NOT_STARTED</Status>
        <isSermonSelected>false</isSermonSelected>
    </Sermon>
</Sermons>
