<?xml version="1.0" encoding="UTF-8" standalone="yes"?>
<Sermons>
    <Sermon>
        <Title>Great Commission</Title>
        <Url>http://www.sermonindex.net/modules/mydownloads/visit.php?lid=11652</Url>
        <Speaker>John Stott</Speaker>
        <Length>8.71Mb</Length>
        <Status>NOT_STARTED</Status>
        <isSermonSelected>false</isSermonSelected>
    </Sermon>
    <Sermon>
        <Title>Great Commission - Part 1</Title>
        <Url>http://www.sermonindex.net/modules/mydownloads/visit.php?lid=11653</Url>
        <Speaker>John Stott</Speaker>
        <Length>9.17Mb</Length>
        <Status>NOT_STARTED</Status>
        <isSermonSelected>false</isSermonSelected>
    </Sermon>
    <Sermon>
        <Title>Great Commission - Part 2</Title>
        <Url>http://www.sermonindex.net/modules/mydownloads/visit.php?lid=11654</Url>
        <Speaker>John Stott</Speaker>
        <Length>8.94Mb</Length>
        <Status>NOT_STARTED</Status>
        <isSermonSelected>false</isSermonSelected>
    </Sermon>
    <Sermon>
        <Title>II Timothy - Part 1 - Continue in the Gospel</Title>
        <Url>http://www.sermonindex.net/modules/mydownloads/visit.php?lid=11655</Url>
        <Speaker>John Stott</Speaker>
        <Length>11.48Mb</Length>
        <Status>NOT_STARTED</Status>
        <isSermonSelected>false</isSermonSelected>
    </Sermon>
    <Sermon>
        <Title>II Timothy - Part 2 - Proclaim the Gospel</Title>
        <Url>http://www.sermonindex.net/modules/mydownloads/visit.php?lid=11656</Url>
        <Speaker>John Stott</Speaker>
        <Length>11.07Mb</Length>
        <Status>NOT_STARTED</Status>
        <isSermonSelected>false</isSermonSelected>
    </Sermon>
    <Sermon>
        <Title>II Timothy - Part 3 - Guard the Gospel</Title>
        <Url>http://www.sermonindex.net/modules/mydownloads/visit.php?lid=11657</Url>
        <Speaker>John Stott</Speaker>
        <Length>10.42Mb</Length>
        <Status>NOT_STARTED</Status>
        <isSermonSelected>false</isSermonSelected>
    </Sermon>
    <Sermon>
        <Title>II Timothy - Part 4 - Suffer for the Gospel</Title>
        <Url>http://www.sermonindex.net/modules/mydownloads/visit.php?lid=11658</Url>
        <Speaker>John Stott</Speaker>
        <Length>11.89Mb</Length>
        <Status>NOT_STARTED</Status>
        <isSermonSelected>false</isSermonSelected>
    </Sermon>
</Sermons>
