<?xml version="1.0" encoding="UTF-8" standalone="yes"?>
<Sermons>
    <Sermon>
        <Title>A Nation Abandoned by God</Title>
        <Url>http://www.sermonindex.net/modules/mydownloads/visit.php?lid=21980</Url>
        <Speaker>John MacArthur</Speaker>
        <Length>28.72Mb</Length>
        <Status>NOT_STARTED</Status>
        <isSermonSelected>false</isSermonSelected>
    </Sermon>
    <Sermon>
        <Title>How to Play Church (1969)</Title>
        <Url>http://www.sermonindex.net/modules/mydownloads/visit.php?lid=23738</Url>
        <Speaker>John MacArthur</Speaker>
        <Length>4.2Mb</Length>
        <Status>NOT_STARTED</Status>
        <isSermonSelected>false</isSermonSelected>
    </Sermon>
    <Sermon>
        <Title>Satan (1969)</Title>
        <Url>http://www.sermonindex.net/modules/mydownloads/visit.php?lid=23741</Url>
        <Speaker>John MacArthur</Speaker>
        <Length>5.37Mb</Length>
        <Status>NOT_STARTED</Status>
        <isSermonSelected>false</isSermonSelected>
    </Sermon>
    <Sermon>
        <Title>The Foolishness of the World (1969)</Title>
        <Url>http://www.sermonindex.net/modules/mydownloads/visit.php?lid=23737</Url>
        <Speaker>John MacArthur</Speaker>
        <Length>5.15Mb</Length>
        <Status>NOT_STARTED</Status>
        <isSermonSelected>false</isSermonSelected>
    </Sermon>
    <Sermon>
        <Title>The Ideal Church (1969)</Title>
        <Url>http://www.sermonindex.net/modules/mydownloads/visit.php?lid=23739</Url>
        <Speaker>John MacArthur</Speaker>
        <Length>5.05Mb</Length>
        <Status>NOT_STARTED</Status>
        <isSermonSelected>false</isSermonSelected>
    </Sermon>
    <Sermon>
        <Title>The Marks of God's Children (1969)</Title>
        <Url>http://www.sermonindex.net/modules/mydownloads/visit.php?lid=23740</Url>
        <Speaker>John MacArthur</Speaker>
        <Length>5.14Mb</Length>
        <Status>NOT_STARTED</Status>
        <isSermonSelected>false</isSermonSelected>
    </Sermon>
    <Sermon>
        <Title>The Narrow Road</Title>
        <Url>http://www.sermonindex.net/modules/mydownloads/visit.php?lid=19516</Url>
        <Speaker>John MacArthur</Speaker>
        <Length>10.77Mb</Length>
        <Status>NOT_STARTED</Status>
        <isSermonSelected>false</isSermonSelected>
    </Sermon>
    <Sermon>
        <Title>The Theology of Sleep!</Title>
        <Url>http://www.sermonindex.net/modules/mydownloads/visit.php?lid=22205</Url>
        <Speaker>John MacArthur</Speaker>
        <Length>14.53Mb</Length>
        <Status>NOT_STARTED</Status>
        <isSermonSelected>false</isSermonSelected>
    </Sermon>
</Sermons>
