<?xml version="1.0" encoding="UTF-8" standalone="yes"?>
<Sermons>
    <Sermon>
        <Title>Benediction for the Zion of God</Title>
        <Url>http://www.sermonindex.net/modules/mydownloads/visit.php?lid=12975</Url>
        <Speaker>John Alexander Dowie</Speaker>
        <Length>1.02Mb</Length>
        <Status>NOT_STARTED</Status>
        <isSermonSelected>false</isSermonSelected>
    </Sermon>
    <Sermon>
        <Title>Coming of Zion City</Title>
        <Url>http://www.sermonindex.net/modules/mydownloads/visit.php?lid=12969</Url>
        <Speaker>John Alexander Dowie</Speaker>
        <Length>2.81Mb</Length>
        <Status>NOT_STARTED</Status>
        <isSermonSelected>false</isSermonSelected>
    </Sermon>
    <Sermon>
        <Title>Esther Dowie's Death, pt 1</Title>
        <Url>http://www.sermonindex.net/modules/mydownloads/visit.php?lid=12973</Url>
        <Speaker>John Alexander Dowie</Speaker>
        <Length>2.04Mb</Length>
        <Status>NOT_STARTED</Status>
        <isSermonSelected>false</isSermonSelected>
    </Sermon>
    <Sermon>
        <Title>Esther Dowie's Death, pt 2</Title>
        <Url>http://www.sermonindex.net/modules/mydownloads/visit.php?lid=12974</Url>
        <Speaker>John Alexander Dowie</Speaker>
        <Length>2.2Mb</Length>
        <Status>NOT_STARTED</Status>
        <isSermonSelected>false</isSermonSelected>
    </Sermon>
    <Sermon>
        <Title>Go Forward, Oh Zion (Male Duet)</Title>
        <Url>http://www.sermonindex.net/modules/mydownloads/visit.php?lid=12978</Url>
        <Speaker>John Alexander Dowie</Speaker>
        <Length>1.75Mb</Length>
        <Status>NOT_STARTED</Status>
        <isSermonSelected>false</isSermonSelected>
    </Sermon>
    <Sermon>
        <Title>I Will, Be Thou Clean (Tenor Solo)</Title>
        <Url>http://www.sermonindex.net/modules/mydownloads/visit.php?lid=12977</Url>
        <Speaker>John Alexander Dowie</Speaker>
        <Length>2.09Mb</Length>
        <Status>NOT_STARTED</Status>
        <isSermonSelected>false</isSermonSelected>
    </Sermon>
    <Sermon>
        <Title>Monogamatic Marriage</Title>
        <Url>http://www.sermonindex.net/modules/mydownloads/visit.php?lid=12971</Url>
        <Speaker>John Alexander Dowie</Speaker>
        <Length>3.25Mb</Length>
        <Status>NOT_STARTED</Status>
        <isSermonSelected>false</isSermonSelected>
    </Sermon>
    <Sermon>
        <Title>Sixty-Six Nations Represented</Title>
        <Url>http://www.sermonindex.net/modules/mydownloads/visit.php?lid=12970</Url>
        <Speaker>John Alexander Dowie</Speaker>
        <Length>2.18Mb</Length>
        <Status>NOT_STARTED</Status>
        <isSermonSelected>false</isSermonSelected>
    </Sermon>
    <Sermon>
        <Title>The Prodigal Son</Title>
        <Url>http://www.sermonindex.net/modules/mydownloads/visit.php?lid=12972</Url>
        <Speaker>John Alexander Dowie</Speaker>
        <Length>2.97Mb</Length>
        <Status>NOT_STARTED</Status>
        <isSermonSelected>false</isSermonSelected>
    </Sermon>
    <Sermon>
        <Title>We're Marching to Zion (Zion City Choir)</Title>
        <Url>http://www.sermonindex.net/modules/mydownloads/visit.php?lid=12976</Url>
        <Speaker>John Alexander Dowie</Speaker>
        <Length>2.49Mb</Length>
        <Status>NOT_STARTED</Status>
        <isSermonSelected>false</isSermonSelected>
    </Sermon>
</Sermons>
