<?xml version="1.0" encoding="UTF-8" standalone="yes"?>
<Sermons>
    <Sermon>
        <Title>Communism, Islam, Sept 11, Soverenty Of God - part1</Title>
        <Url>http://www.sermonindex.net/modules/mydownloads/visit.php?lid=11439</Url>
        <Speaker>Josef Tson</Speaker>
        <Length>11.08Mb</Length>
        <Status>NOT_STARTED</Status>
        <isSermonSelected>false</isSermonSelected>
    </Sermon>
    <Sermon>
        <Title>Communism, Islam, Sept 11, Soverenty Of God - part2</Title>
        <Url>http://www.sermonindex.net/modules/mydownloads/visit.php?lid=11440</Url>
        <Speaker>Josef Tson</Speaker>
        <Length>9.71Mb</Length>
        <Status>NOT_STARTED</Status>
        <isSermonSelected>false</isSermonSelected>
    </Sermon>
    <Sermon>
        <Title>Communism, Islam, Sept 11, Soverenty Of God - part3</Title>
        <Url>http://www.sermonindex.net/modules/mydownloads/visit.php?lid=11441</Url>
        <Speaker>Josef Tson</Speaker>
        <Length>4Mb</Length>
        <Status>NOT_STARTED</Status>
        <isSermonSelected>false</isSermonSelected>
    </Sermon>
    <Sermon>
        <Title>Communism, Islam, Sept 11, Soverenty Of God - part4</Title>
        <Url>http://www.sermonindex.net/modules/mydownloads/visit.php?lid=11442</Url>
        <Speaker>Josef Tson</Speaker>
        <Length>8.73Mb</Length>
        <Status>NOT_STARTED</Status>
        <isSermonSelected>false</isSermonSelected>
    </Sermon>
    <Sermon>
        <Title>Courage in Christian Ministry</Title>
        <Url>http://www.sermonindex.net/modules/mydownloads/visit.php?lid=24156</Url>
        <Speaker>Josef Tson</Speaker>
        <Length>20.34Mb</Length>
        <Status>NOT_STARTED</Status>
        <isSermonSelected>false</isSermonSelected>
    </Sermon>
    <Sermon>
        <Title>Harvesting Eternal Rewards - Part 1</Title>
        <Url>http://www.sermonindex.net/modules/mydownloads/visit.php?lid=17301</Url>
        <Speaker>Josef Tson</Speaker>
        <Length>11.83Mb</Length>
        <Status>NOT_STARTED</Status>
        <isSermonSelected>false</isSermonSelected>
    </Sermon>
    <Sermon>
        <Title>Harvesting Eternal Rewards - Part 2</Title>
        <Url>http://www.sermonindex.net/modules/mydownloads/visit.php?lid=17302</Url>
        <Speaker>Josef Tson</Speaker>
        <Length>13.88Mb</Length>
        <Status>NOT_STARTED</Status>
        <isSermonSelected>false</isSermonSelected>
    </Sermon>
    <Sermon>
        <Title>Harvesting Eternal Rewards - Part 3</Title>
        <Url>http://www.sermonindex.net/modules/mydownloads/visit.php?lid=17303</Url>
        <Speaker>Josef Tson</Speaker>
        <Length>12.17Mb</Length>
        <Status>NOT_STARTED</Status>
        <isSermonSelected>false</isSermonSelected>
    </Sermon>
    <Sermon>
        <Title>Harvesting Eternal Rewards - Part 4</Title>
        <Url>http://www.sermonindex.net/modules/mydownloads/visit.php?lid=17304</Url>
        <Speaker>Josef Tson</Speaker>
        <Length>13.44Mb</Length>
        <Status>NOT_STARTED</Status>
        <isSermonSelected>false</isSermonSelected>
    </Sermon>
    <Sermon>
        <Title>Harvesting Eternal Rewards - Part 5</Title>
        <Url>http://www.sermonindex.net/modules/mydownloads/visit.php?lid=17305</Url>
        <Speaker>Josef Tson</Speaker>
        <Length>12.47Mb</Length>
        <Status>NOT_STARTED</Status>
        <isSermonSelected>false</isSermonSelected>
    </Sermon>
    <Sermon>
        <Title>Harvesting Eternal Rewards - Part 6</Title>
        <Url>http://www.sermonindex.net/modules/mydownloads/visit.php?lid=17306</Url>
        <Speaker>Josef Tson</Speaker>
        <Length>13.99Mb</Length>
        <Status>NOT_STARTED</Status>
        <isSermonSelected>false</isSermonSelected>
    </Sermon>
    <Sermon>
        <Title>Harvesting Eternal Rewards - Part 7</Title>
        <Url>http://www.sermonindex.net/modules/mydownloads/visit.php?lid=17307</Url>
        <Speaker>Josef Tson</Speaker>
        <Length>14.22Mb</Length>
        <Status>NOT_STARTED</Status>
        <isSermonSelected>false</isSermonSelected>
    </Sermon>
    <Sermon>
        <Title>Living In Union with Christ in Dangerous Times 1 of 3</Title>
        <Url>http://www.sermonindex.net/modules/mydownloads/visit.php?lid=25503</Url>
        <Speaker>Josef Tson</Speaker>
        <Length>24.84Mb</Length>
        <Status>NOT_STARTED</Status>
        <isSermonSelected>false</isSermonSelected>
    </Sermon>
    <Sermon>
        <Title>Living In Union with Christ in Dangerous Times 2 of 3</Title>
        <Url>http://www.sermonindex.net/modules/mydownloads/visit.php?lid=25504</Url>
        <Speaker>Josef Tson</Speaker>
        <Length>31.23Mb</Length>
        <Status>NOT_STARTED</Status>
        <isSermonSelected>false</isSermonSelected>
    </Sermon>
    <Sermon>
        <Title>Living In Union with Christ in Dangerous Times 3 of 3</Title>
        <Url>http://www.sermonindex.net/modules/mydownloads/visit.php?lid=25505</Url>
        <Speaker>Josef Tson</Speaker>
        <Length>25.29Mb</Length>
        <Status>NOT_STARTED</Status>
        <isSermonSelected>false</isSermonSelected>
    </Sermon>
    <Sermon>
        <Title>The Battle is for the Mind</Title>
        <Url>http://www.sermonindex.net/modules/mydownloads/visit.php?lid=11443</Url>
        <Speaker>Josef Tson</Speaker>
        <Length>10.13Mb</Length>
        <Status>NOT_STARTED</Status>
        <isSermonSelected>false</isSermonSelected>
    </Sermon>
    <Sermon>
        <Title>Three Secrets to Conquer Fear</Title>
        <Url>http://www.sermonindex.net/modules/mydownloads/visit.php?lid=19651</Url>
        <Speaker>Josef Tson</Speaker>
        <Length>11.7Mb</Length>
        <Status>NOT_STARTED</Status>
        <isSermonSelected>false</isSermonSelected>
    </Sermon>
    <Sermon>
        <Title>Truth, Love, and Self-Sacrifice - the Weapons of Christ and the Christian</Title>
        <Url>http://www.sermonindex.net/modules/mydownloads/visit.php?lid=11444</Url>
        <Speaker>Josef Tson</Speaker>
        <Length>7.08Mb</Length>
        <Status>NOT_STARTED</Status>
        <isSermonSelected>false</isSermonSelected>
    </Sermon>
</Sermons>
