<?xml version="1.0" encoding="UTF-8" standalone="yes"?>
<Sermons>
    <Sermon>
        <Title>A Blind Watchman</Title>
        <Url>http://www.sermonindex.net/modules/mydownloads/visit.php?lid=23946</Url>
        <Speaker>Joshua Daniel</Speaker>
        <Length>16.61Mb</Length>
        <Status>NOT_STARTED</Status>
        <isSermonSelected>false</isSermonSelected>
    </Sermon>
    <Sermon>
        <Title>A Spiritual Life</Title>
        <Url>http://www.sermonindex.net/modules/mydownloads/visit.php?lid=23940</Url>
        <Speaker>Joshua Daniel</Speaker>
        <Length>16.6Mb</Length>
        <Status>NOT_STARTED</Status>
        <isSermonSelected>false</isSermonSelected>
    </Sermon>
    <Sermon>
        <Title>A test of faith</Title>
        <Url>http://www.sermonindex.net/modules/mydownloads/visit.php?lid=23933</Url>
        <Speaker>Joshua Daniel</Speaker>
        <Length>8.3Mb</Length>
        <Status>NOT_STARTED</Status>
        <isSermonSelected>false</isSermonSelected>
    </Sermon>
    <Sermon>
        <Title>A Watchman</Title>
        <Url>http://www.sermonindex.net/modules/mydownloads/visit.php?lid=23947</Url>
        <Speaker>Joshua Daniel</Speaker>
        <Length>16.61Mb</Length>
        <Status>NOT_STARTED</Status>
        <isSermonSelected>false</isSermonSelected>
    </Sermon>
    <Sermon>
        <Title>Abiding in God's promise</Title>
        <Url>http://www.sermonindex.net/modules/mydownloads/visit.php?lid=23930</Url>
        <Speaker>Joshua Daniel</Speaker>
        <Length>16.61Mb</Length>
        <Status>NOT_STARTED</Status>
        <isSermonSelected>false</isSermonSelected>
    </Sermon>
    <Sermon>
        <Title>Can God call you faithful?</Title>
        <Url>http://www.sermonindex.net/modules/mydownloads/visit.php?lid=23926</Url>
        <Speaker>Joshua Daniel</Speaker>
        <Length>16.6Mb</Length>
        <Status>NOT_STARTED</Status>
        <isSermonSelected>false</isSermonSelected>
    </Sermon>
    <Sermon>
        <Title>Constancy and Consistency</Title>
        <Url>http://www.sermonindex.net/modules/mydownloads/visit.php?lid=23931</Url>
        <Speaker>Joshua Daniel</Speaker>
        <Length>16.6Mb</Length>
        <Status>NOT_STARTED</Status>
        <isSermonSelected>false</isSermonSelected>
    </Sermon>
    <Sermon>
        <Title>Endued Power from on high</Title>
        <Url>http://www.sermonindex.net/modules/mydownloads/visit.php?lid=23950</Url>
        <Speaker>Joshua Daniel</Speaker>
        <Length>16.6Mb</Length>
        <Status>NOT_STARTED</Status>
        <isSermonSelected>false</isSermonSelected>
    </Sermon>
    <Sermon>
        <Title>Faithfulness</Title>
        <Url>http://www.sermonindex.net/modules/mydownloads/visit.php?lid=23927</Url>
        <Speaker>Joshua Daniel</Speaker>
        <Length>16.6Mb</Length>
        <Status>NOT_STARTED</Status>
        <isSermonSelected>false</isSermonSelected>
    </Sermon>
    <Sermon>
        <Title>Falling into the Hand of God</Title>
        <Url>http://www.sermonindex.net/modules/mydownloads/visit.php?lid=23949</Url>
        <Speaker>Joshua Daniel</Speaker>
        <Length>16.6Mb</Length>
        <Status>NOT_STARTED</Status>
        <isSermonSelected>false</isSermonSelected>
    </Sermon>
    <Sermon>
        <Title>God changeth not</Title>
        <Url>http://www.sermonindex.net/modules/mydownloads/visit.php?lid=23928</Url>
        <Speaker>Joshua Daniel</Speaker>
        <Length>16.6Mb</Length>
        <Status>NOT_STARTED</Status>
        <isSermonSelected>false</isSermonSelected>
    </Sermon>
    <Sermon>
        <Title>God looks for a contrite spirit</Title>
        <Url>http://www.sermonindex.net/modules/mydownloads/visit.php?lid=23935</Url>
        <Speaker>Joshua Daniel</Speaker>
        <Length>8.3Mb</Length>
        <Status>NOT_STARTED</Status>
        <isSermonSelected>false</isSermonSelected>
    </Sermon>
    <Sermon>
        <Title>God will not despise a broken and contrite heart</Title>
        <Url>http://www.sermonindex.net/modules/mydownloads/visit.php?lid=23934</Url>
        <Speaker>Joshua Daniel</Speaker>
        <Length>8.3Mb</Length>
        <Status>NOT_STARTED</Status>
        <isSermonSelected>false</isSermonSelected>
    </Sermon>
    <Sermon>
        <Title>He sent His Word and healed them</Title>
        <Url>http://www.sermonindex.net/modules/mydownloads/visit.php?lid=23938</Url>
        <Speaker>Joshua Daniel</Speaker>
        <Length>16.6Mb</Length>
        <Status>NOT_STARTED</Status>
        <isSermonSelected>false</isSermonSelected>
    </Sermon>
    <Sermon>
        <Title>I am the God that changeth not</Title>
        <Url>http://www.sermonindex.net/modules/mydownloads/visit.php?lid=23929</Url>
        <Speaker>Joshua Daniel</Speaker>
        <Length>16.61Mb</Length>
        <Status>NOT_STARTED</Status>
        <isSermonSelected>false</isSermonSelected>
    </Sermon>
    <Sermon>
        <Title>I must be about my Father's business</Title>
        <Url>http://www.sermonindex.net/modules/mydownloads/visit.php?lid=23936</Url>
        <Speaker>Joshua Daniel</Speaker>
        <Length>16.6Mb</Length>
        <Status>NOT_STARTED</Status>
        <isSermonSelected>false</isSermonSelected>
    </Sermon>
    <Sermon>
        <Title>Jesus, the Friend of Sinners</Title>
        <Url>http://www.sermonindex.net/modules/mydownloads/visit.php?lid=14535</Url>
        <Speaker>Joshua Daniel</Speaker>
        <Length>26.18Mb</Length>
        <Status>NOT_STARTED</Status>
        <isSermonSelected>false</isSermonSelected>
    </Sermon>
    <Sermon>
        <Title>My Conversion</Title>
        <Url>http://www.sermonindex.net/modules/mydownloads/visit.php?lid=14533</Url>
        <Speaker>Joshua Daniel</Speaker>
        <Length>24.1Mb</Length>
        <Status>NOT_STARTED</Status>
        <isSermonSelected>false</isSermonSelected>
    </Sermon>
    <Sermon>
        <Title>Out of the Heart proceed evil thoughts</Title>
        <Url>http://www.sermonindex.net/modules/mydownloads/visit.php?lid=23939</Url>
        <Speaker>Joshua Daniel</Speaker>
        <Length>16.6Mb</Length>
        <Status>NOT_STARTED</Status>
        <isSermonSelected>false</isSermonSelected>
    </Sermon>
    <Sermon>
        <Title>Power belongs to God</Title>
        <Url>http://www.sermonindex.net/modules/mydownloads/visit.php?lid=23951</Url>
        <Speaker>Joshua Daniel</Speaker>
        <Length>16.6Mb</Length>
        <Status>NOT_STARTED</Status>
        <isSermonSelected>false</isSermonSelected>
    </Sermon>
    <Sermon>
        <Title>Rend your heart and not your garment</Title>
        <Url>http://www.sermonindex.net/modules/mydownloads/visit.php?lid=23948</Url>
        <Speaker>Joshua Daniel</Speaker>
        <Length>16.6Mb</Length>
        <Status>NOT_STARTED</Status>
        <isSermonSelected>false</isSermonSelected>
    </Sermon>
    <Sermon>
        <Title>Satan takes away the Word immediately</Title>
        <Url>http://www.sermonindex.net/modules/mydownloads/visit.php?lid=23944</Url>
        <Speaker>Joshua Daniel</Speaker>
        <Length>16.61Mb</Length>
        <Status>NOT_STARTED</Status>
        <isSermonSelected>false</isSermonSelected>
    </Sermon>
    <Sermon>
        <Title>Soulish religion</Title>
        <Url>http://www.sermonindex.net/modules/mydownloads/visit.php?lid=23941</Url>
        <Speaker>Joshua Daniel</Speaker>
        <Length>16.6Mb</Length>
        <Status>NOT_STARTED</Status>
        <isSermonSelected>false</isSermonSelected>
    </Sermon>
    <Sermon>
        <Title>Speak the Word only</Title>
        <Url>http://www.sermonindex.net/modules/mydownloads/visit.php?lid=23937</Url>
        <Speaker>Joshua Daniel</Speaker>
        <Length>16.6Mb</Length>
        <Status>NOT_STARTED</Status>
        <isSermonSelected>false</isSermonSelected>
    </Sermon>
    <Sermon>
        <Title>The battle against the powers of darkness</Title>
        <Url>http://www.sermonindex.net/modules/mydownloads/visit.php?lid=23943</Url>
        <Speaker>Joshua Daniel</Speaker>
        <Length>16.6Mb</Length>
        <Status>NOT_STARTED</Status>
        <isSermonSelected>false</isSermonSelected>
    </Sermon>
    <Sermon>
        <Title>The Cock Crew</Title>
        <Url>http://www.sermonindex.net/modules/mydownloads/visit.php?lid=18548</Url>
        <Speaker>Joshua Daniel</Speaker>
        <Length>47.86Mb</Length>
        <Status>NOT_STARTED</Status>
        <isSermonSelected>false</isSermonSelected>
    </Sermon>
    <Sermon>
        <Title>The deception of the heart</Title>
        <Url>http://www.sermonindex.net/modules/mydownloads/visit.php?lid=23932</Url>
        <Speaker>Joshua Daniel</Speaker>
        <Length>16.6Mb</Length>
        <Status>NOT_STARTED</Status>
        <isSermonSelected>false</isSermonSelected>
    </Sermon>
    <Sermon>
        <Title>The Sower Soweth the Word</Title>
        <Url>http://www.sermonindex.net/modules/mydownloads/visit.php?lid=23945</Url>
        <Speaker>Joshua Daniel</Speaker>
        <Length>16.69Mb</Length>
        <Status>NOT_STARTED</Status>
        <isSermonSelected>false</isSermonSelected>
    </Sermon>
    <Sermon>
        <Title>Walk As Jesus Walked</Title>
        <Url>http://www.sermonindex.net/modules/mydownloads/visit.php?lid=14534</Url>
        <Speaker>Joshua Daniel</Speaker>
        <Length>25.45Mb</Length>
        <Status>NOT_STARTED</Status>
        <isSermonSelected>false</isSermonSelected>
    </Sermon>
    <Sermon>
        <Title>We wrestle not against flesh and blood</Title>
        <Url>http://www.sermonindex.net/modules/mydownloads/visit.php?lid=23942</Url>
        <Speaker>Joshua Daniel</Speaker>
        <Length>16.61Mb</Length>
        <Status>NOT_STARTED</Status>
        <isSermonSelected>false</isSermonSelected>
    </Sermon>
</Sermons>
