<?xml version="1.0" encoding="UTF-8" standalone="yes"?>
<Sermons>
    <Sermon>
        <Title>The Insanity of Sin - Part 1</Title>
        <Url>http://www.sermonindex.net/modules/mydownloads/visit.php?lid=22293</Url>
        <Speaker>Joy Dawson</Speaker>
        <Length>9.45Mb</Length>
        <Status>NOT_STARTED</Status>
        <isSermonSelected>false</isSermonSelected>
    </Sermon>
    <Sermon>
        <Title>The Insanity of Sin - Part 2</Title>
        <Url>http://www.sermonindex.net/modules/mydownloads/visit.php?lid=22294</Url>
        <Speaker>Joy Dawson</Speaker>
        <Length>9.25Mb</Length>
        <Status>NOT_STARTED</Status>
        <isSermonSelected>false</isSermonSelected>
    </Sermon>
</Sermons>
