<?xml version="1.0" encoding="UTF-8" standalone="yes"?>
<Sermons>
    <Sermon>
        <Title>Eternity</Title>
        <Url>http://www.sermonindex.net/modules/mydownloads/visit.php?lid=23279</Url>
        <Speaker>J. Wesley Adcock</Speaker>
        <Length>13.21Mb</Length>
        <Status>NOT_STARTED</Status>
        <isSermonSelected>false</isSermonSelected>
    </Sermon>
    <Sermon>
        <Title>Revival</Title>
        <Url>http://www.sermonindex.net/modules/mydownloads/visit.php?lid=23280</Url>
        <Speaker>J. Wesley Adcock</Speaker>
        <Length>8.48Mb</Length>
        <Status>NOT_STARTED</Status>
        <isSermonSelected>false</isSermonSelected>
    </Sermon>
</Sermons>
