<?xml version="1.0" encoding="UTF-8" standalone="yes"?>
<Sermons>
    <Sermon>
        <Title>1974 Jerusalem Conference - Part 1</Title>
        <Url>http://www.sermonindex.net/modules/mydownloads/visit.php?lid=1225</Url>
        <Speaker>Kathryn Kuhlman</Speaker>
        <Length>7.88Mb</Length>
        <Status>NOT_STARTED</Status>
        <isSermonSelected>false</isSermonSelected>
    </Sermon>
    <Sermon>
        <Title>1974 Jerusalem Conference - Part 2</Title>
        <Url>http://www.sermonindex.net/modules/mydownloads/visit.php?lid=1230</Url>
        <Speaker>Kathryn Kuhlman</Speaker>
        <Length>7.96Mb</Length>
        <Status>NOT_STARTED</Status>
        <isSermonSelected>false</isSermonSelected>
    </Sermon>
    <Sermon>
        <Title>An Hour With Kathryn Kuhlman - Part 1</Title>
        <Url>http://www.sermonindex.net/modules/mydownloads/visit.php?lid=1240</Url>
        <Speaker>Kathryn Kuhlman</Speaker>
        <Length>3.19Mb</Length>
        <Status>NOT_STARTED</Status>
        <isSermonSelected>false</isSermonSelected>
    </Sermon>
    <Sermon>
        <Title>An Hour With Kathryn Kuhlman - Part 2</Title>
        <Url>http://www.sermonindex.net/modules/mydownloads/visit.php?lid=1241</Url>
        <Speaker>Kathryn Kuhlman</Speaker>
        <Length>2.58Mb</Length>
        <Status>NOT_STARTED</Status>
        <isSermonSelected>false</isSermonSelected>
    </Sermon>
    <Sermon>
        <Title>Anaheim Talk</Title>
        <Url>http://www.sermonindex.net/modules/mydownloads/visit.php?lid=4148</Url>
        <Speaker>Kathryn Kuhlman</Speaker>
        <Length>20.48Mb</Length>
        <Status>NOT_STARTED</Status>
        <isSermonSelected>false</isSermonSelected>
    </Sermon>
    <Sermon>
        <Title>Baptism of the Holy Spirit - Part 1</Title>
        <Url>http://www.sermonindex.net/modules/mydownloads/visit.php?lid=1214</Url>
        <Speaker>Kathryn Kuhlman</Speaker>
        <Length>7.53Mb</Length>
        <Status>NOT_STARTED</Status>
        <isSermonSelected>false</isSermonSelected>
    </Sermon>
    <Sermon>
        <Title>Baptism of the Holy Spirit - Part 2</Title>
        <Url>http://www.sermonindex.net/modules/mydownloads/visit.php?lid=1215</Url>
        <Speaker>Kathryn Kuhlman</Speaker>
        <Length>7.6Mb</Length>
        <Status>NOT_STARTED</Status>
        <isSermonSelected>false</isSermonSelected>
    </Sermon>
    <Sermon>
        <Title>Free To Do</Title>
        <Url>http://www.sermonindex.net/modules/mydownloads/visit.php?lid=1194</Url>
        <Speaker>Kathryn Kuhlman</Speaker>
        <Length>1.87Mb</Length>
        <Status>NOT_STARTED</Status>
        <isSermonSelected>false</isSermonSelected>
    </Sermon>
    <Sermon>
        <Title>God Directs our Lives</Title>
        <Url>http://www.sermonindex.net/modules/mydownloads/visit.php?lid=1555</Url>
        <Speaker>Kathryn Kuhlman</Speaker>
        <Length>2.7Mb</Length>
        <Status>NOT_STARTED</Status>
        <isSermonSelected>false</isSermonSelected>
    </Sermon>
    <Sermon>
        <Title>Gods Presence</Title>
        <Url>http://www.sermonindex.net/modules/mydownloads/visit.php?lid=1195</Url>
        <Speaker>Kathryn Kuhlman</Speaker>
        <Length>2Mb</Length>
        <Status>NOT_STARTED</Status>
        <isSermonSelected>false</isSermonSelected>
    </Sermon>
    <Sermon>
        <Title>Gods Will</Title>
        <Url>http://www.sermonindex.net/modules/mydownloads/visit.php?lid=1196</Url>
        <Speaker>Kathryn Kuhlman</Speaker>
        <Length>2.54Mb</Length>
        <Status>NOT_STARTED</Status>
        <isSermonSelected>false</isSermonSelected>
    </Sermon>
    <Sermon>
        <Title>How This Ministry Of Healing Came Into Being</Title>
        <Url>http://www.sermonindex.net/modules/mydownloads/visit.php?lid=1235</Url>
        <Speaker>Kathryn Kuhlman</Speaker>
        <Length>3.18Mb</Length>
        <Status>NOT_STARTED</Status>
        <isSermonSelected>false</isSermonSelected>
    </Sermon>
    <Sermon>
        <Title>If Only You Knew</Title>
        <Url>http://www.sermonindex.net/modules/mydownloads/visit.php?lid=1197</Url>
        <Speaker>Kathryn Kuhlman</Speaker>
        <Length>4.64Mb</Length>
        <Status>NOT_STARTED</Status>
        <isSermonSelected>false</isSermonSelected>
    </Sermon>
    <Sermon>
        <Title>In Tribute to Kathryn Kuhlman - Part 1</Title>
        <Url>http://www.sermonindex.net/modules/mydownloads/visit.php?lid=1222</Url>
        <Speaker>Kathryn Kuhlman</Speaker>
        <Length>5.11Mb</Length>
        <Status>NOT_STARTED</Status>
        <isSermonSelected>false</isSermonSelected>
    </Sermon>
    <Sermon>
        <Title>In Tribute to Kathryn Kuhlman - Part 2</Title>
        <Url>http://www.sermonindex.net/modules/mydownloads/visit.php?lid=1223</Url>
        <Speaker>Kathryn Kuhlman</Speaker>
        <Length>5.17Mb</Length>
        <Status>NOT_STARTED</Status>
        <isSermonSelected>false</isSermonSelected>
    </Sermon>
    <Sermon>
        <Title>Jesus Christ Is All In All</Title>
        <Url>http://www.sermonindex.net/modules/mydownloads/visit.php?lid=1224</Url>
        <Speaker>Kathryn Kuhlman</Speaker>
        <Length>6.89Mb</Length>
        <Status>NOT_STARTED</Status>
        <isSermonSelected>false</isSermonSelected>
    </Sermon>
    <Sermon>
        <Title>Jesus Christ is our Great High Priest</Title>
        <Url>http://www.sermonindex.net/modules/mydownloads/visit.php?lid=1239</Url>
        <Speaker>Kathryn Kuhlman</Speaker>
        <Length>2.35Mb</Length>
        <Status>NOT_STARTED</Status>
        <isSermonSelected>false</isSermonSelected>
    </Sermon>
    <Sermon>
        <Title>Mental Attitude</Title>
        <Url>http://www.sermonindex.net/modules/mydownloads/visit.php?lid=1198</Url>
        <Speaker>Kathryn Kuhlman</Speaker>
        <Length>2.2Mb</Length>
        <Status>NOT_STARTED</Status>
        <isSermonSelected>false</isSermonSelected>
    </Sermon>
    <Sermon>
        <Title>No Stopping the Holy Spirit</Title>
        <Url>http://www.sermonindex.net/modules/mydownloads/visit.php?lid=1231</Url>
        <Speaker>Kathryn Kuhlman</Speaker>
        <Length>1.71Mb</Length>
        <Status>NOT_STARTED</Status>
        <isSermonSelected>false</isSermonSelected>
    </Sermon>
    <Sermon>
        <Title>Released now from the bondage of depression</Title>
        <Url>http://www.sermonindex.net/modules/mydownloads/visit.php?lid=1219</Url>
        <Speaker>Kathryn Kuhlman</Speaker>
        <Length>4.74Mb</Length>
        <Status>NOT_STARTED</Status>
        <isSermonSelected>false</isSermonSelected>
    </Sermon>
    <Sermon>
        <Title>Salvation is Somebody</Title>
        <Url>http://www.sermonindex.net/modules/mydownloads/visit.php?lid=1199</Url>
        <Speaker>Kathryn Kuhlman</Speaker>
        <Length>2.39Mb</Length>
        <Status>NOT_STARTED</Status>
        <isSermonSelected>false</isSermonSelected>
    </Sermon>
    <Sermon>
        <Title>Slow Me Down</Title>
        <Url>http://www.sermonindex.net/modules/mydownloads/visit.php?lid=1205</Url>
        <Speaker>Kathryn Kuhlman</Speaker>
        <Length>1.98Mb</Length>
        <Status>NOT_STARTED</Status>
        <isSermonSelected>false</isSermonSelected>
    </Sermon>
    <Sermon>
        <Title>Surrender to the Faithful One Brings Abiding Victory</Title>
        <Url>http://www.sermonindex.net/modules/mydownloads/visit.php?lid=1218</Url>
        <Speaker>Kathryn Kuhlman</Speaker>
        <Length>2.96Mb</Length>
        <Status>NOT_STARTED</Status>
        <isSermonSelected>false</isSermonSelected>
    </Sermon>
    <Sermon>
        <Title>The Beginning Of Miracles - Part 1</Title>
        <Url>http://www.sermonindex.net/modules/mydownloads/visit.php?lid=1232</Url>
        <Speaker>Kathryn Kuhlman</Speaker>
        <Length>5Mb</Length>
        <Status>NOT_STARTED</Status>
        <isSermonSelected>false</isSermonSelected>
    </Sermon>
    <Sermon>
        <Title>The Beginning Of Miracles - Part 2</Title>
        <Url>http://www.sermonindex.net/modules/mydownloads/visit.php?lid=1233</Url>
        <Speaker>Kathryn Kuhlman</Speaker>
        <Length>3.32Mb</Length>
        <Status>NOT_STARTED</Status>
        <isSermonSelected>false</isSermonSelected>
    </Sermon>
    <Sermon>
        <Title>The Power Of God - Part 1</Title>
        <Url>http://www.sermonindex.net/modules/mydownloads/visit.php?lid=1206</Url>
        <Speaker>Kathryn Kuhlman</Speaker>
        <Length>5.16Mb</Length>
        <Status>NOT_STARTED</Status>
        <isSermonSelected>false</isSermonSelected>
    </Sermon>
    <Sermon>
        <Title>The Power Of God - Part 2</Title>
        <Url>http://www.sermonindex.net/modules/mydownloads/visit.php?lid=1213</Url>
        <Speaker>Kathryn Kuhlman</Speaker>
        <Length>4.97Mb</Length>
        <Status>NOT_STARTED</Status>
        <isSermonSelected>false</isSermonSelected>
    </Sermon>
    <Sermon>
        <Title>The Promises Of God - Part 1</Title>
        <Url>http://www.sermonindex.net/modules/mydownloads/visit.php?lid=1216</Url>
        <Speaker>Kathryn Kuhlman</Speaker>
        <Length>4.95Mb</Length>
        <Status>NOT_STARTED</Status>
        <isSermonSelected>false</isSermonSelected>
    </Sermon>
    <Sermon>
        <Title>The Promises Of God - Part 2</Title>
        <Url>http://www.sermonindex.net/modules/mydownloads/visit.php?lid=1217</Url>
        <Speaker>Kathryn Kuhlman</Speaker>
        <Length>5.18Mb</Length>
        <Status>NOT_STARTED</Status>
        <isSermonSelected>false</isSermonSelected>
    </Sermon>
    <Sermon>
        <Title>The Secret Of Miracles Revealed In Jesus's Life</Title>
        <Url>http://www.sermonindex.net/modules/mydownloads/visit.php?lid=1234</Url>
        <Speaker>Kathryn Kuhlman</Speaker>
        <Length>3.23Mb</Length>
        <Status>NOT_STARTED</Status>
        <isSermonSelected>false</isSermonSelected>
    </Sermon>
    <Sermon>
        <Title>The Thin Line Between Faith And Presumption</Title>
        <Url>http://www.sermonindex.net/modules/mydownloads/visit.php?lid=1236</Url>
        <Speaker>Kathryn Kuhlman</Speaker>
        <Length>2.05Mb</Length>
        <Status>NOT_STARTED</Status>
        <isSermonSelected>false</isSermonSelected>
    </Sermon>
    <Sermon>
        <Title>Today Inherit the mind of Christ</Title>
        <Url>http://www.sermonindex.net/modules/mydownloads/visit.php?lid=1220</Url>
        <Speaker>Kathryn Kuhlman</Speaker>
        <Length>4.83Mb</Length>
        <Status>NOT_STARTED</Status>
        <isSermonSelected>false</isSermonSelected>
    </Sermon>
    <Sermon>
        <Title>Trust Never Experiments Outside God's Will</Title>
        <Url>http://www.sermonindex.net/modules/mydownloads/visit.php?lid=1237</Url>
        <Speaker>Kathryn Kuhlman</Speaker>
        <Length>2.5Mb</Length>
        <Status>NOT_STARTED</Status>
        <isSermonSelected>false</isSermonSelected>
    </Sermon>
    <Sermon>
        <Title>Why You Must Know God In Person</Title>
        <Url>http://www.sermonindex.net/modules/mydownloads/visit.php?lid=1238</Url>
        <Speaker>Kathryn Kuhlman</Speaker>
        <Length>2.5Mb</Length>
        <Status>NOT_STARTED</Status>
        <isSermonSelected>false</isSermonSelected>
    </Sermon>
    <Sermon>
        <Title>Your Bible insists on a Spirit filled life</Title>
        <Url>http://www.sermonindex.net/modules/mydownloads/visit.php?lid=1221</Url>
        <Speaker>Kathryn Kuhlman</Speaker>
        <Length>4.84Mb</Length>
        <Status>NOT_STARTED</Status>
        <isSermonSelected>false</isSermonSelected>
    </Sermon>
</Sermons>
