<?xml version="1.0" encoding="UTF-8" standalone="yes"?>
<Sermons>
    <Sermon>
        <Title>(2008 USA Tour) Caleb, Give Me This Mountain!</Title>
        <Url>http://www.sermonindex.net/modules/mydownloads/visit.php?lid=17985</Url>
        <Speaker>Keith Daniel</Speaker>
        <Length>15.12Mb</Length>
        <Status>ALREADY_DONE</Status>
        <isSermonSelected>false</isSermonSelected>
    </Sermon>
    <Sermon>
        <Title>(2008 USA Tour) Father of The Prodigal</Title>
        <Url>http://www.sermonindex.net/modules/mydownloads/visit.php?lid=17986</Url>
        <Speaker>Keith Daniel</Speaker>
        <Length>20.83Mb</Length>
        <Status>ALREADY_DONE</Status>
        <isSermonSelected>false</isSermonSelected>
    </Sermon>
    <Sermon>
        <Title>(2008 USA Tour) Marriage! The Scriptures!</Title>
        <Url>http://www.sermonindex.net/modules/mydownloads/visit.php?lid=17987</Url>
        <Speaker>Keith Daniel</Speaker>
        <Length>24.23Mb</Length>
        <Status>ALREADY_DONE</Status>
        <isSermonSelected>false</isSermonSelected>
    </Sermon>
    <Sermon>
        <Title>(2008 USA Tour) Preachers In The Last Days!</Title>
        <Url>http://www.sermonindex.net/modules/mydownloads/visit.php?lid=17988</Url>
        <Speaker>Keith Daniel</Speaker>
        <Length>16.71Mb</Length>
        <Status>ALREADY_DONE</Status>
        <isSermonSelected>false</isSermonSelected>
    </Sermon>
    <Sermon>
        <Title>(2008 USA Tour) Singles Table Talk</Title>
        <Url>http://www.sermonindex.net/modules/mydownloads/visit.php?lid=17989</Url>
        <Speaker>Keith Daniel</Speaker>
        <Length>25.43Mb</Length>
        <Status>ALREADY_DONE</Status>
        <isSermonSelected>false</isSermonSelected>
    </Sermon>
    <Sermon>
        <Title>(2008 USA Tour) The Fool!</Title>
        <Url>http://www.sermonindex.net/modules/mydownloads/visit.php?lid=17990</Url>
        <Speaker>Keith Daniel</Speaker>
        <Length>16.19Mb</Length>
        <Status>ALREADY_DONE</Status>
        <isSermonSelected>false</isSermonSelected>
    </Sermon>
    <Sermon>
        <Title>(2008 USA Tour) The Secret Place</Title>
        <Url>http://www.sermonindex.net/modules/mydownloads/visit.php?lid=17991</Url>
        <Speaker>Keith Daniel</Speaker>
        <Length>26.27Mb</Length>
        <Status>ALREADY_DONE</Status>
        <isSermonSelected>false</isSermonSelected>
    </Sermon>
    <Sermon>
        <Title>(Covenant Word Ministries) Ask And It Shall Be Given You</Title>
        <Url>http://www.sermonindex.net/modules/mydownloads/visit.php?lid=16289</Url>
        <Speaker>Keith Daniel</Speaker>
        <Length>14.42Mb</Length>
        <Status>ALREADY_DONE</Status>
        <isSermonSelected>false</isSermonSelected>
    </Sermon>
    <Sermon>
        <Title>(Covenant Word Ministries) Compromising Christianity</Title>
        <Url>http://www.sermonindex.net/modules/mydownloads/visit.php?lid=16290</Url>
        <Speaker>Keith Daniel</Speaker>
        <Length>14.33Mb</Length>
        <Status>ALREADY_DONE</Status>
        <isSermonSelected>false</isSermonSelected>
    </Sermon>
    <Sermon>
        <Title>(Covenant Word Ministries) Hell!</Title>
        <Url>http://www.sermonindex.net/modules/mydownloads/visit.php?lid=16291</Url>
        <Speaker>Keith Daniel</Speaker>
        <Length>16.88Mb</Length>
        <Status>ALREADY_DONE</Status>
        <isSermonSelected>false</isSermonSelected>
    </Sermon>
    <Sermon>
        <Title>(Covenant Word Ministries) Servant Of Sin</Title>
        <Url>http://www.sermonindex.net/modules/mydownloads/visit.php?lid=16292</Url>
        <Speaker>Keith Daniel</Speaker>
        <Length>14.25Mb</Length>
        <Status>ALREADY_DONE</Status>
        <isSermonSelected>false</isSermonSelected>
    </Sermon>
    <Sermon>
        <Title>(Faith Community Chapel) 10/29</Title>
        <Url>http://www.sermonindex.net/modules/mydownloads/visit.php?lid=16126</Url>
        <Speaker>Keith Daniel</Speaker>
        <Length>14.66Mb</Length>
        <Status>ALREADY_DONE</Status>
        <isSermonSelected>false</isSermonSelected>
    </Sermon>
    <Sermon>
        <Title>(Faith Community Chapel) 10/30 Message</Title>
        <Url>http://www.sermonindex.net/modules/mydownloads/visit.php?lid=16127</Url>
        <Speaker>Keith Daniel</Speaker>
        <Length>18.37Mb</Length>
        <Status>ALREADY_DONE</Status>
        <isSermonSelected>false</isSermonSelected>
    </Sermon>
    <Sermon>
        <Title>(Faith Community Chapel) 10/31 Message</Title>
        <Url>http://www.sermonindex.net/modules/mydownloads/visit.php?lid=16128</Url>
        <Speaker>Keith Daniel</Speaker>
        <Length>15.24Mb</Length>
        <Status>ALREADY_DONE</Status>
        <isSermonSelected>false</isSermonSelected>
    </Sermon>
    <Sermon>
        <Title>(Montana) Daniel</Title>
        <Url>http://www.sermonindex.net/modules/mydownloads/visit.php?lid=11445</Url>
        <Speaker>Keith Daniel</Speaker>
        <Length>12.57Mb</Length>
        <Status>ALREADY_DONE</Status>
        <isSermonSelected>false</isSermonSelected>
    </Sermon>
    <Sermon>
        <Title>(Mount Vernon) Daniel</Title>
        <Url>http://www.sermonindex.net/modules/mydownloads/visit.php?lid=8184</Url>
        <Speaker>Keith Daniel</Speaker>
        <Length>6.48Mb</Length>
        <Status>ALREADY_DONE</Status>
        <isSermonSelected>false</isSermonSelected>
    </Sermon>
    <Sermon>
        <Title>(Mount Vernon) My Godly Father in-law</Title>
        <Url>http://www.sermonindex.net/modules/mydownloads/visit.php?lid=8185</Url>
        <Speaker>Keith Daniel</Speaker>
        <Length>12.04Mb</Length>
        <Status>ALREADY_DONE</Status>
        <isSermonSelected>false</isSermonSelected>
    </Sermon>
    <Sermon>
        <Title>(Mount Vernon) The Creation in Genesis</Title>
        <Url>http://www.sermonindex.net/modules/mydownloads/visit.php?lid=8186</Url>
        <Speaker>Keith Daniel</Speaker>
        <Length>6.64Mb</Length>
        <Status>ALREADY_DONE</Status>
        <isSermonSelected>false</isSermonSelected>
    </Sermon>
    <Sermon>
        <Title>(Mount Vernon) The Parable of the Sower</Title>
        <Url>http://www.sermonindex.net/modules/mydownloads/visit.php?lid=8187</Url>
        <Speaker>Keith Daniel</Speaker>
        <Length>10.6Mb</Length>
        <Status>ALREADY_DONE</Status>
        <isSermonSelected>false</isSermonSelected>
    </Sermon>
    <Sermon>
        <Title>(Riverfront Character Inn) Session 1</Title>
        <Url>http://www.sermonindex.net/modules/mydownloads/visit.php?lid=8960</Url>
        <Speaker>Keith Daniel</Speaker>
        <Length>5.8Mb</Length>
        <Status>ALREADY_DONE</Status>
        <isSermonSelected>false</isSermonSelected>
    </Sermon>
    <Sermon>
        <Title>(Riverfront Character Inn) Session 2 - Part 1</Title>
        <Url>http://www.sermonindex.net/modules/mydownloads/visit.php?lid=8961</Url>
        <Speaker>Keith Daniel</Speaker>
        <Length>8.59Mb</Length>
        <Status>ALREADY_DONE</Status>
        <isSermonSelected>false</isSermonSelected>
    </Sermon>
    <Sermon>
        <Title>(Riverfront Character Inn) Session 2 - Part 2</Title>
        <Url>http://www.sermonindex.net/modules/mydownloads/visit.php?lid=8962</Url>
        <Speaker>Keith Daniel</Speaker>
        <Length>7.98Mb</Length>
        <Status>ALREADY_DONE</Status>
        <isSermonSelected>false</isSermonSelected>
    </Sermon>
    <Sermon>
        <Title>(Women) 01. Marriage is honourable</Title>
        <Url>http://www.sermonindex.net/modules/mydownloads/visit.php?lid=16495</Url>
        <Speaker>Keith Daniel</Speaker>
        <Length>51.53Mb</Length>
        <Status>ALREADY_DONE</Status>
        <isSermonSelected>false</isSermonSelected>
    </Sermon>
    <Sermon>
        <Title>(Women) 02. What fruit can be expected from a happy marriage (part1)</Title>
        <Url>http://www.sermonindex.net/modules/mydownloads/visit.php?lid=16496</Url>
        <Speaker>Keith Daniel</Speaker>
        <Length>32.95Mb</Length>
        <Status>ALREADY_DONE</Status>
        <isSermonSelected>false</isSermonSelected>
    </Sermon>
    <Sermon>
        <Title>(Women) 03. What fruit can be expected from a happy marriage (part2)</Title>
        <Url>http://www.sermonindex.net/modules/mydownloads/visit.php?lid=16497</Url>
        <Speaker>Keith Daniel</Speaker>
        <Length>35.14Mb</Length>
        <Status>ALREADY_DONE</Status>
        <isSermonSelected>false</isSermonSelected>
    </Sermon>
    <Sermon>
        <Title>(Women) 04. A wounded spirit</Title>
        <Url>http://www.sermonindex.net/modules/mydownloads/visit.php?lid=16498</Url>
        <Speaker>Keith Daniel</Speaker>
        <Length>40.31Mb</Length>
        <Status>ALREADY_DONE</Status>
        <isSermonSelected>false</isSermonSelected>
    </Sermon>
    <Sermon>
        <Title>16 Facets of the Word of God</Title>
        <Url>http://www.sermonindex.net/modules/mydownloads/visit.php?lid=27056</Url>
        <Speaker>Keith Daniel</Speaker>
        <Length>26.77Mb</Length>
        <Status>NOT_STARTED</Status>
        <isSermonSelected>false</isSermonSelected>
    </Sermon>
    <Sermon>
        <Title>1st Epistle of Peter</Title>
        <Url>http://www.sermonindex.net/modules/mydownloads/visit.php?lid=8189</Url>
        <Speaker>Keith Daniel</Speaker>
        <Length>17.17Mb</Length>
        <Status>ALREADY_DONE</Status>
        <isSermonSelected>false</isSermonSelected>
    </Sermon>
    <Sermon>
        <Title>A Man After God's Own Heart</Title>
        <Url>http://www.sermonindex.net/modules/mydownloads/visit.php?lid=7266</Url>
        <Speaker>Keith Daniel</Speaker>
        <Length>12.86Mb</Length>
        <Status>ALREADY_DONE</Status>
        <isSermonSelected>false</isSermonSelected>
    </Sermon>
    <Sermon>
        <Title>A Message to Fathers and Children</Title>
        <Url>http://www.sermonindex.net/modules/mydownloads/visit.php?lid=4590</Url>
        <Speaker>Keith Daniel</Speaker>
        <Length>15.06Mb</Length>
        <Status>ALREADY_DONE</Status>
        <isSermonSelected>false</isSermonSelected>
    </Sermon>
    <Sermon>
        <Title>A Season and a Time</Title>
        <Url>http://www.sermonindex.net/modules/mydownloads/visit.php?lid=27051</Url>
        <Speaker>Keith Daniel</Speaker>
        <Length>32.89Mb</Length>
        <Status>NOT_STARTED</Status>
        <isSermonSelected>false</isSermonSelected>
    </Sermon>
    <Sermon>
        <Title>A Son That Brings Shame</Title>
        <Url>http://www.sermonindex.net/modules/mydownloads/visit.php?lid=24725</Url>
        <Speaker>Keith Daniel</Speaker>
        <Length>45.52Mb</Length>
        <Status>ALREADY_DONE</Status>
        <isSermonSelected>false</isSermonSelected>
    </Sermon>
    <Sermon>
        <Title>A Time for Everything</Title>
        <Url>http://www.sermonindex.net/modules/mydownloads/visit.php?lid=27055</Url>
        <Speaker>Keith Daniel</Speaker>
        <Length>25.89Mb</Length>
        <Status>NOT_STARTED</Status>
        <isSermonSelected>false</isSermonSelected>
    </Sermon>
    <Sermon>
        <Title>A Time To Be Silent</Title>
        <Url>http://www.sermonindex.net/modules/mydownloads/visit.php?lid=27511</Url>
        <Speaker>Keith Daniel</Speaker>
        <Length>67.82Mb</Length>
        <Status>NOT_STARTED</Status>
        <isSermonSelected>false</isSermonSelected>
    </Sermon>
    <Sermon>
        <Title>A Truly Wealthy Man</Title>
        <Url>http://www.sermonindex.net/modules/mydownloads/visit.php?lid=4306</Url>
        <Speaker>Keith Daniel</Speaker>
        <Length>13.13Mb</Length>
        <Status>ALREADY_DONE</Status>
        <isSermonSelected>false</isSermonSelected>
    </Sermon>
    <Sermon>
        <Title>A Warning To American Christianity</Title>
        <Url>http://www.sermonindex.net/modules/mydownloads/visit.php?lid=7109</Url>
        <Speaker>Keith Daniel</Speaker>
        <Length>17.34Mb</Length>
        <Status>ALREADY_DONE</Status>
        <isSermonSelected>false</isSermonSelected>
    </Sermon>
    <Sermon>
        <Title>Abide in Me</Title>
        <Url>http://www.sermonindex.net/modules/mydownloads/visit.php?lid=6556</Url>
        <Speaker>Keith Daniel</Speaker>
        <Length>12.08Mb</Length>
        <Status>ALREADY_DONE</Status>
        <isSermonSelected>false</isSermonSelected>
    </Sermon>
    <Sermon>
        <Title>Absolute Surrender</Title>
        <Url>http://www.sermonindex.net/modules/mydownloads/visit.php?lid=1833</Url>
        <Speaker>Keith Daniel</Speaker>
        <Length>6.81Mb</Length>
        <Status>ALREADY_DONE</Status>
        <isSermonSelected>false</isSermonSelected>
    </Sermon>
    <Sermon>
        <Title>Adding Not Subtracting</Title>
        <Url>http://www.sermonindex.net/modules/mydownloads/visit.php?lid=25888</Url>
        <Speaker>Keith Daniel</Speaker>
        <Length>11.5Mb</Length>
        <Status>NOT_STARTED</Status>
        <isSermonSelected>false</isSermonSelected>
    </Sermon>
    <Sermon>
        <Title>Americas Only Hope</Title>
        <Url>http://www.sermonindex.net/modules/mydownloads/visit.php?lid=4995</Url>
        <Speaker>Keith Daniel</Speaker>
        <Length>18.22Mb</Length>
        <Status>ALREADY_DONE</Status>
        <isSermonSelected>false</isSermonSelected>
    </Sermon>
    <Sermon>
        <Title>Are You A Bruised Reed?</Title>
        <Url>http://www.sermonindex.net/modules/mydownloads/visit.php?lid=4248</Url>
        <Speaker>Keith Daniel</Speaker>
        <Length>15.24Mb</Length>
        <Status>ALREADY_DONE</Status>
        <isSermonSelected>false</isSermonSelected>
    </Sermon>
    <Sermon>
        <Title>Are You A Soul Winner</Title>
        <Url>http://www.sermonindex.net/modules/mydownloads/visit.php?lid=4339</Url>
        <Speaker>Keith Daniel</Speaker>
        <Length>69.27Mb</Length>
        <Status>ALREADY_DONE</Status>
        <isSermonSelected>false</isSermonSelected>
    </Sermon>
    <Sermon>
        <Title>Are you a Soul Winner?! (2012)</Title>
        <Url>http://www.sermonindex.net/modules/mydownloads/visit.php?lid=24184</Url>
        <Speaker>Keith Daniel</Speaker>
        <Length>12.45Mb</Length>
        <Status>ALREADY_DONE</Status>
        <isSermonSelected>false</isSermonSelected>
    </Sermon>
    <Sermon>
        <Title>Are You Real With God?</Title>
        <Url>http://www.sermonindex.net/modules/mydownloads/visit.php?lid=7103</Url>
        <Speaker>Keith Daniel</Speaker>
        <Length>20.01Mb</Length>
        <Status>ALREADY_DONE</Status>
        <isSermonSelected>false</isSermonSelected>
    </Sermon>
    <Sermon>
        <Title>Artificial Christians</Title>
        <Url>http://www.sermonindex.net/modules/mydownloads/visit.php?lid=23389</Url>
        <Speaker>Keith Daniel</Speaker>
        <Length>16.35Mb</Length>
        <Status>ALREADY_DONE</Status>
        <isSermonSelected>false</isSermonSelected>
    </Sermon>
    <Sermon>
        <Title>Ask, And it shall be Given unto you</Title>
        <Url>http://www.sermonindex.net/modules/mydownloads/visit.php?lid=8190</Url>
        <Speaker>Keith Daniel</Speaker>
        <Length>18.23Mb</Length>
        <Status>ALREADY_DONE</Status>
        <isSermonSelected>false</isSermonSelected>
    </Sermon>
    <Sermon>
        <Title>Assurance of True Salvation</Title>
        <Url>http://www.sermonindex.net/modules/mydownloads/visit.php?lid=10482</Url>
        <Speaker>Keith Daniel</Speaker>
        <Length>23.73Mb</Length>
        <Status>ALREADY_DONE</Status>
        <isSermonSelected>false</isSermonSelected>
    </Sermon>
    <Sermon>
        <Title>Be Ye Holy For I am Holy</Title>
        <Url>http://www.sermonindex.net/modules/mydownloads/visit.php?lid=1864</Url>
        <Speaker>Keith Daniel</Speaker>
        <Length>8.36Mb</Length>
        <Status>ALREADY_DONE</Status>
        <isSermonSelected>false</isSermonSelected>
    </Sermon>
    <Sermon>
        <Title>Becoming a Solider God's army requires a Personal Calvary</Title>
        <Url>http://www.sermonindex.net/modules/mydownloads/visit.php?lid=10483</Url>
        <Speaker>Keith Daniel</Speaker>
        <Length>10.15Mb</Length>
        <Status>ALREADY_DONE</Status>
        <isSermonSelected>false</isSermonSelected>
    </Sermon>
    <Sermon>
        <Title>Becoming a Solider God's army requires a Personal Calvary (High Quality)</Title>
        <Url>http://www.sermonindex.net/modules/mydownloads/visit.php?lid=12867</Url>
        <Speaker>Keith Daniel</Speaker>
        <Length>7.62Mb</Length>
        <Status>ALREADY_DONE</Status>
        <isSermonSelected>false</isSermonSelected>
    </Sermon>
    <Sermon>
        <Title>Book of James</Title>
        <Url>http://www.sermonindex.net/modules/mydownloads/visit.php?lid=1862</Url>
        <Speaker>Keith Daniel</Speaker>
        <Length>8.45Mb</Length>
        <Status>ALREADY_DONE</Status>
        <isSermonSelected>false</isSermonSelected>
    </Sermon>
    <Sermon>
        <Title>Children</Title>
        <Url>http://www.sermonindex.net/modules/mydownloads/visit.php?lid=27029</Url>
        <Speaker>Keith Daniel</Speaker>
        <Length>24.54Mb</Length>
        <Status>NOT_STARTED</Status>
        <isSermonSelected>false</isSermonSelected>
    </Sermon>
    <Sermon>
        <Title>Christ's Cry to the Church Of This Day and Age</Title>
        <Url>http://www.sermonindex.net/modules/mydownloads/visit.php?lid=4236</Url>
        <Speaker>Keith Daniel</Speaker>
        <Length>12.52Mb</Length>
        <Status>ALREADY_DONE</Status>
        <isSermonSelected>false</isSermonSelected>
    </Sermon>
    <Sermon>
        <Title>Couples Night</Title>
        <Url>http://www.sermonindex.net/modules/mydownloads/visit.php?lid=10735</Url>
        <Speaker>Keith Daniel</Speaker>
        <Length>16.55Mb</Length>
        <Status>ALREADY_DONE</Status>
        <isSermonSelected>false</isSermonSelected>
    </Sermon>
    <Sermon>
        <Title>Creation in Redemption</Title>
        <Url>http://www.sermonindex.net/modules/mydownloads/visit.php?lid=10484</Url>
        <Speaker>Keith Daniel</Speaker>
        <Length>22.57Mb</Length>
        <Status>ALREADY_DONE</Status>
        <isSermonSelected>false</isSermonSelected>
    </Sermon>
    <Sermon>
        <Title>Cut Off!</Title>
        <Url>http://www.sermonindex.net/modules/mydownloads/visit.php?lid=25889</Url>
        <Speaker>Keith Daniel</Speaker>
        <Length>15.54Mb</Length>
        <Status>NOT_STARTED</Status>
        <isSermonSelected>false</isSermonSelected>
    </Sermon>
    <Sermon>
        <Title>Desire the sincere milk of the word</Title>
        <Url>http://www.sermonindex.net/modules/mydownloads/visit.php?lid=22951</Url>
        <Speaker>Keith Daniel</Speaker>
        <Length>18.04Mb</Length>
        <Status>ALREADY_DONE</Status>
        <isSermonSelected>false</isSermonSelected>
    </Sermon>
    <Sermon>
        <Title>Desperation Revelation Resignation</Title>
        <Url>http://www.sermonindex.net/modules/mydownloads/visit.php?lid=6277</Url>
        <Speaker>Keith Daniel</Speaker>
        <Length>19.13Mb</Length>
        <Status>ALREADY_DONE</Status>
        <isSermonSelected>false</isSermonSelected>
    </Sermon>
    <Sermon>
        <Title>Don't Forsake Your Godly Heritage</Title>
        <Url>http://www.sermonindex.net/modules/mydownloads/visit.php?lid=16064</Url>
        <Speaker>Keith Daniel</Speaker>
        <Length>31.05Mb</Length>
        <Status>ALREADY_DONE</Status>
        <isSermonSelected>false</isSermonSelected>
    </Sermon>
    <Sermon>
        <Title>Don't Let The Past Cripple The Future</Title>
        <Url>http://www.sermonindex.net/modules/mydownloads/visit.php?lid=23391</Url>
        <Speaker>Keith Daniel</Speaker>
        <Length>32.39Mb</Length>
        <Status>ALREADY_DONE</Status>
        <isSermonSelected>false</isSermonSelected>
    </Sermon>
    <Sermon>
        <Title>Don't say No to God</Title>
        <Url>http://www.sermonindex.net/modules/mydownloads/visit.php?lid=8191</Url>
        <Speaker>Keith Daniel</Speaker>
        <Length>12.49Mb</Length>
        <Status>ALREADY_DONE</Status>
        <isSermonSelected>false</isSermonSelected>
    </Sermon>
    <Sermon>
        <Title>Every Branch in Me that Beareth Not Fruit</Title>
        <Url>http://www.sermonindex.net/modules/mydownloads/visit.php?lid=1857</Url>
        <Speaker>Keith Daniel</Speaker>
        <Length>7.84Mb</Length>
        <Status>ALREADY_DONE</Status>
        <isSermonSelected>false</isSermonSelected>
    </Sermon>
    <Sermon>
        <Title>Every House Divided Against Itself Shall Not Stand!</Title>
        <Url>http://www.sermonindex.net/modules/mydownloads/visit.php?lid=23387</Url>
        <Speaker>Keith Daniel</Speaker>
        <Length>17.9Mb</Length>
        <Status>ALREADY_DONE</Status>
        <isSermonSelected>false</isSermonSelected>
    </Sermon>
    <Sermon>
        <Title>Examine Yourselves</Title>
        <Url>http://www.sermonindex.net/modules/mydownloads/visit.php?lid=1859</Url>
        <Speaker>Keith Daniel</Speaker>
        <Length>6.31Mb</Length>
        <Status>ALREADY_DONE</Status>
        <isSermonSelected>false</isSermonSelected>
    </Sermon>
    <Sermon>
        <Title>Finished with the World</Title>
        <Url>http://www.sermonindex.net/modules/mydownloads/visit.php?lid=1865</Url>
        <Speaker>Keith Daniel</Speaker>
        <Length>8.67Mb</Length>
        <Status>ALREADY_DONE</Status>
        <isSermonSelected>false</isSermonSelected>
    </Sermon>
    <Sermon>
        <Title>First Epistle of John - Part 1</Title>
        <Url>http://www.sermonindex.net/modules/mydownloads/visit.php?lid=7169</Url>
        <Speaker>Keith Daniel</Speaker>
        <Length>11.66Mb</Length>
        <Status>ALREADY_DONE</Status>
        <isSermonSelected>false</isSermonSelected>
    </Sermon>
    <Sermon>
        <Title>First Epistle of John - Part 2</Title>
        <Url>http://www.sermonindex.net/modules/mydownloads/visit.php?lid=7170</Url>
        <Speaker>Keith Daniel</Speaker>
        <Length>11.9Mb</Length>
        <Status>ALREADY_DONE</Status>
        <isSermonSelected>false</isSermonSelected>
    </Sermon>
    <Sermon>
        <Title>Five Smooth Stones (2006)</Title>
        <Url>http://www.sermonindex.net/modules/mydownloads/visit.php?lid=26687</Url>
        <Speaker>Keith Daniel</Speaker>
        <Length>9.83Mb</Length>
        <Status>NOT_STARTED</Status>
        <isSermonSelected>false</isSermonSelected>
    </Sermon>
    <Sermon>
        <Title>Forgiveness</Title>
        <Url>http://www.sermonindex.net/modules/mydownloads/visit.php?lid=6557</Url>
        <Speaker>Keith Daniel</Speaker>
        <Length>19.6Mb</Length>
        <Status>ALREADY_DONE</Status>
        <isSermonSelected>false</isSermonSelected>
    </Sermon>
    <Sermon>
        <Title>Give up the Fight with God</Title>
        <Url>http://www.sermonindex.net/modules/mydownloads/visit.php?lid=9363</Url>
        <Speaker>Keith Daniel</Speaker>
        <Length>10.01Mb</Length>
        <Status>ALREADY_DONE</Status>
        <isSermonSelected>false</isSermonSelected>
    </Sermon>
    <Sermon>
        <Title>God Demands Integrity In All Our Dealings With Money</Title>
        <Url>http://www.sermonindex.net/modules/mydownloads/visit.php?lid=19040</Url>
        <Speaker>Keith Daniel</Speaker>
        <Length>22.85Mb</Length>
        <Status>ALREADY_DONE</Status>
        <isSermonSelected>false</isSermonSelected>
    </Sermon>
    <Sermon>
        <Title>God so Loved the World</Title>
        <Url>http://www.sermonindex.net/modules/mydownloads/visit.php?lid=27052</Url>
        <Speaker>Keith Daniel</Speaker>
        <Length>20.84Mb</Length>
        <Status>NOT_STARTED</Status>
        <isSermonSelected>false</isSermonSelected>
    </Sermon>
    <Sermon>
        <Title>God's Four Warnings</Title>
        <Url>http://www.sermonindex.net/modules/mydownloads/visit.php?lid=1863</Url>
        <Speaker>Keith Daniel</Speaker>
        <Length>6.52Mb</Length>
        <Status>ALREADY_DONE</Status>
        <isSermonSelected>false</isSermonSelected>
    </Sermon>
    <Sermon>
        <Title>Godliness in the Home</Title>
        <Url>http://www.sermonindex.net/modules/mydownloads/visit.php?lid=10485</Url>
        <Speaker>Keith Daniel</Speaker>
        <Length>19.89Mb</Length>
        <Status>ALREADY_DONE</Status>
        <isSermonSelected>false</isSermonSelected>
    </Sermon>
    <Sermon>
        <Title>Have You Been Unfaithful to God?</Title>
        <Url>http://www.sermonindex.net/modules/mydownloads/visit.php?lid=1856</Url>
        <Speaker>Keith Daniel</Speaker>
        <Length>9.91Mb</Length>
        <Status>ALREADY_DONE</Status>
        <isSermonSelected>false</isSermonSelected>
    </Sermon>
    <Sermon>
        <Title>Have You Had a Personal Calvary</Title>
        <Url>http://www.sermonindex.net/modules/mydownloads/visit.php?lid=9364</Url>
        <Speaker>Keith Daniel</Speaker>
        <Length>10.67Mb</Length>
        <Status>ALREADY_DONE</Status>
        <isSermonSelected>false</isSermonSelected>
    </Sermon>
    <Sermon>
        <Title>Have You Turned From A Life of Sin?</Title>
        <Url>http://www.sermonindex.net/modules/mydownloads/visit.php?lid=4636</Url>
        <Speaker>Keith Daniel</Speaker>
        <Length>11.22Mb</Length>
        <Status>ALREADY_DONE</Status>
        <isSermonSelected>false</isSermonSelected>
    </Sermon>
    <Sermon>
        <Title>He Was Despised And Rejected Of Men and We Will Be Also</Title>
        <Url>http://www.sermonindex.net/modules/mydownloads/visit.php?lid=23392</Url>
        <Speaker>Keith Daniel</Speaker>
        <Length>37.89Mb</Length>
        <Status>ALREADY_DONE</Status>
        <isSermonSelected>false</isSermonSelected>
    </Sermon>
    <Sermon>
        <Title>HELL!</Title>
        <Url>http://www.sermonindex.net/modules/mydownloads/visit.php?lid=16065</Url>
        <Speaker>Keith Daniel</Speaker>
        <Length>35.04Mb</Length>
        <Status>ALREADY_DONE</Status>
        <isSermonSelected>false</isSermonSelected>
    </Sermon>
    <Sermon>
        <Title>Holy Spirit - Part 1</Title>
        <Url>http://www.sermonindex.net/modules/mydownloads/visit.php?lid=5715</Url>
        <Speaker>Keith Daniel</Speaker>
        <Length>11.86Mb</Length>
        <Status>ALREADY_DONE</Status>
        <isSermonSelected>false</isSermonSelected>
    </Sermon>
    <Sermon>
        <Title>Holy Spirit - Part 2</Title>
        <Url>http://www.sermonindex.net/modules/mydownloads/visit.php?lid=5716</Url>
        <Speaker>Keith Daniel</Speaker>
        <Length>11.11Mb</Length>
        <Status>ALREADY_DONE</Status>
        <isSermonSelected>false</isSermonSelected>
    </Sermon>
    <Sermon>
        <Title>How are the Mighty Fallen</Title>
        <Url>http://www.sermonindex.net/modules/mydownloads/visit.php?lid=27551</Url>
        <Speaker>Keith Daniel</Speaker>
        <Length>72.06Mb</Length>
        <Status>NOT_STARTED</Status>
        <isSermonSelected>false</isSermonSelected>
    </Sermon>
    <Sermon>
        <Title>Husbands Love Your Wifes!</Title>
        <Url>http://www.sermonindex.net/modules/mydownloads/visit.php?lid=5285</Url>
        <Speaker>Keith Daniel</Speaker>
        <Length>43.96Mb</Length>
        <Status>ALREADY_DONE</Status>
        <isSermonSelected>false</isSermonSelected>
    </Sermon>
    <Sermon>
        <Title>I Will Walk Within My House With A Perfect Heart</Title>
        <Url>http://www.sermonindex.net/modules/mydownloads/visit.php?lid=19107</Url>
        <Speaker>Keith Daniel</Speaker>
        <Length>11.43Mb</Length>
        <Status>ALREADY_DONE</Status>
        <isSermonSelected>false</isSermonSelected>
    </Sermon>
    <Sermon>
        <Title>If You Faced Death Right Now</Title>
        <Url>http://www.sermonindex.net/modules/mydownloads/visit.php?lid=4591</Url>
        <Speaker>Keith Daniel</Speaker>
        <Length>15.54Mb</Length>
        <Status>ALREADY_DONE</Status>
        <isSermonSelected>false</isSermonSelected>
    </Sermon>
    <Sermon>
        <Title>If you Stand Before God Today</Title>
        <Url>http://www.sermonindex.net/modules/mydownloads/visit.php?lid=9365</Url>
        <Speaker>Keith Daniel</Speaker>
        <Length>9.33Mb</Length>
        <Status>ALREADY_DONE</Status>
        <isSermonSelected>false</isSermonSelected>
    </Sermon>
    <Sermon>
        <Title>In the Image of God</Title>
        <Url>http://www.sermonindex.net/modules/mydownloads/visit.php?lid=4617</Url>
        <Speaker>Keith Daniel</Speaker>
        <Length>17.52Mb</Length>
        <Status>ALREADY_DONE</Status>
        <isSermonSelected>false</isSermonSelected>
    </Sermon>
    <Sermon>
        <Title>In The School of God</Title>
        <Url>http://www.sermonindex.net/modules/mydownloads/visit.php?lid=4635</Url>
        <Speaker>Keith Daniel</Speaker>
        <Length>13.48Mb</Length>
        <Status>ALREADY_DONE</Status>
        <isSermonSelected>false</isSermonSelected>
    </Sermon>
    <Sermon>
        <Title>Jesus Paid it All</Title>
        <Url>http://www.sermonindex.net/modules/mydownloads/visit.php?lid=9366</Url>
        <Speaker>Keith Daniel</Speaker>
        <Length>9.96Mb</Length>
        <Status>ALREADY_DONE</Status>
        <isSermonSelected>false</isSermonSelected>
    </Sermon>
    <Sermon>
        <Title>Jonah-The Man, The Message, The Movement</Title>
        <Url>http://www.sermonindex.net/modules/mydownloads/visit.php?lid=7265</Url>
        <Speaker>Keith Daniel</Speaker>
        <Length>12.51Mb</Length>
        <Status>ALREADY_DONE</Status>
        <isSermonSelected>false</isSermonSelected>
    </Sermon>
    <Sermon>
        <Title>Judgement is Mine</Title>
        <Url>http://www.sermonindex.net/modules/mydownloads/visit.php?lid=8188</Url>
        <Speaker>Keith Daniel</Speaker>
        <Length>15.33Mb</Length>
        <Status>ALREADY_DONE</Status>
        <isSermonSelected>false</isSermonSelected>
    </Sermon>
    <Sermon>
        <Title>Lest after I have preached to Others I Should be a Castaway!</Title>
        <Url>http://www.sermonindex.net/modules/mydownloads/visit.php?lid=25886</Url>
        <Speaker>Keith Daniel</Speaker>
        <Length>17.33Mb</Length>
        <Status>NOT_STARTED</Status>
        <isSermonSelected>false</isSermonSelected>
    </Sermon>
    <Sermon>
        <Title>Light Rejected</Title>
        <Url>http://www.sermonindex.net/modules/mydownloads/visit.php?lid=1855</Url>
        <Speaker>Keith Daniel</Speaker>
        <Length>8.01Mb</Length>
        <Status>ALREADY_DONE</Status>
        <isSermonSelected>false</isSermonSelected>
    </Sermon>
    <Sermon>
        <Title>Light Rejected! Light Neglected! Light Reflected!</Title>
        <Url>http://www.sermonindex.net/modules/mydownloads/visit.php?lid=14137</Url>
        <Speaker>Keith Daniel</Speaker>
        <Length>8.93Mb</Length>
        <Status>ALREADY_DONE</Status>
        <isSermonSelected>false</isSermonSelected>
    </Sermon>
    <Sermon>
        <Title>Loving God's Word</Title>
        <Url>http://www.sermonindex.net/modules/mydownloads/visit.php?lid=11446</Url>
        <Speaker>Keith Daniel</Speaker>
        <Length>25.12Mb</Length>
        <Status>ALREADY_DONE</Status>
        <isSermonSelected>false</isSermonSelected>
    </Sermon>
    <Sermon>
        <Title>Mark in the Valley</Title>
        <Url>http://www.sermonindex.net/modules/mydownloads/visit.php?lid=23390</Url>
        <Speaker>Keith Daniel</Speaker>
        <Length>15.35Mb</Length>
        <Status>ALREADY_DONE</Status>
        <isSermonSelected>false</isSermonSelected>
    </Sermon>
    <Sermon>
        <Title>Marriage</Title>
        <Url>http://www.sermonindex.net/modules/mydownloads/visit.php?lid=1853</Url>
        <Speaker>Keith Daniel</Speaker>
        <Length>9.15Mb</Length>
        <Status>ALREADY_DONE</Status>
        <isSermonSelected>false</isSermonSelected>
    </Sermon>
    <Sermon>
        <Title>Marriage In The Christian Home - Part 1</Title>
        <Url>http://www.sermonindex.net/modules/mydownloads/visit.php?lid=4685</Url>
        <Speaker>Keith Daniel</Speaker>
        <Length>19.27Mb</Length>
        <Status>ALREADY_DONE</Status>
        <isSermonSelected>false</isSermonSelected>
    </Sermon>
    <Sermon>
        <Title>Marriage In The Christian Home - Part 2</Title>
        <Url>http://www.sermonindex.net/modules/mydownloads/visit.php?lid=4686</Url>
        <Speaker>Keith Daniel</Speaker>
        <Length>7.04Mb</Length>
        <Status>ALREADY_DONE</Status>
        <isSermonSelected>false</isSermonSelected>
    </Sermon>
    <Sermon>
        <Title>Marriage in the Scriptures</Title>
        <Url>http://www.sermonindex.net/modules/mydownloads/visit.php?lid=17458</Url>
        <Speaker>Keith Daniel</Speaker>
        <Length>90.12Mb</Length>
        <Status>ALREADY_DONE</Status>
        <isSermonSelected>false</isSermonSelected>
    </Sermon>
    <Sermon>
        <Title>Message 1 of 5 - New Zealand</Title>
        <Url>http://www.sermonindex.net/modules/mydownloads/visit.php?lid=21705</Url>
        <Speaker>Keith Daniel</Speaker>
        <Length>6.82Mb</Length>
        <Status>ALREADY_DONE</Status>
        <isSermonSelected>false</isSermonSelected>
    </Sermon>
    <Sermon>
        <Title>Message 2 of 5 - New Zealand</Title>
        <Url>http://www.sermonindex.net/modules/mydownloads/visit.php?lid=21706</Url>
        <Speaker>Keith Daniel</Speaker>
        <Length>8.17Mb</Length>
        <Status>ALREADY_DONE</Status>
        <isSermonSelected>false</isSermonSelected>
    </Sermon>
    <Sermon>
        <Title>Message 3 of 5 - New Zealand</Title>
        <Url>http://www.sermonindex.net/modules/mydownloads/visit.php?lid=21707</Url>
        <Speaker>Keith Daniel</Speaker>
        <Length>8.29Mb</Length>
        <Status>ALREADY_DONE</Status>
        <isSermonSelected>false</isSermonSelected>
    </Sermon>
    <Sermon>
        <Title>Message 4 of 5 - New Zealand</Title>
        <Url>http://www.sermonindex.net/modules/mydownloads/visit.php?lid=21708</Url>
        <Speaker>Keith Daniel</Speaker>
        <Length>6.43Mb</Length>
        <Status>ALREADY_DONE</Status>
        <isSermonSelected>false</isSermonSelected>
    </Sermon>
    <Sermon>
        <Title>Message 5 of 5 - New Zealand</Title>
        <Url>http://www.sermonindex.net/modules/mydownloads/visit.php?lid=21709</Url>
        <Speaker>Keith Daniel</Speaker>
        <Length>3.82Mb</Length>
        <Status>ALREADY_DONE</Status>
        <isSermonSelected>false</isSermonSelected>
    </Sermon>
    <Sermon>
        <Title>My Godly Father</Title>
        <Url>http://www.sermonindex.net/modules/mydownloads/visit.php?lid=4227</Url>
        <Speaker>Keith Daniel</Speaker>
        <Length>13.19Mb</Length>
        <Status>ALREADY_DONE</Status>
        <isSermonSelected>false</isSermonSelected>
    </Sermon>
    <Sermon>
        <Title>My Godly Father in-law - Part 1</Title>
        <Url>http://www.sermonindex.net/modules/mydownloads/visit.php?lid=8240</Url>
        <Speaker>Keith Daniel</Speaker>
        <Length>6.22Mb</Length>
        <Status>ALREADY_DONE</Status>
        <isSermonSelected>false</isSermonSelected>
    </Sermon>
    <Sermon>
        <Title>My Godly Father in-law - Part 2</Title>
        <Url>http://www.sermonindex.net/modules/mydownloads/visit.php?lid=8241</Url>
        <Speaker>Keith Daniel</Speaker>
        <Length>5.83Mb</Length>
        <Status>ALREADY_DONE</Status>
        <isSermonSelected>false</isSermonSelected>
    </Sermon>
    <Sermon>
        <Title>Only One Life to Live</Title>
        <Url>http://www.sermonindex.net/modules/mydownloads/visit.php?lid=7264</Url>
        <Speaker>Keith Daniel</Speaker>
        <Length>16.56Mb</Length>
        <Status>ALREADY_DONE</Status>
        <isSermonSelected>false</isSermonSelected>
    </Sermon>
    <Sermon>
        <Title>Open Your Eyes: Soul Winning!</Title>
        <Url>http://www.sermonindex.net/modules/mydownloads/visit.php?lid=20921</Url>
        <Speaker>Keith Daniel</Speaker>
        <Length>23.57Mb</Length>
        <Status>ALREADY_DONE</Status>
        <isSermonSelected>false</isSermonSelected>
    </Sermon>
    <Sermon>
        <Title>Our Adversary The Devil And His Angels</Title>
        <Url>http://www.sermonindex.net/modules/mydownloads/visit.php?lid=20919</Url>
        <Speaker>Keith Daniel</Speaker>
        <Length>35.13Mb</Length>
        <Status>ALREADY_DONE</Status>
        <isSermonSelected>false</isSermonSelected>
    </Sermon>
    <Sermon>
        <Title>Our Children</Title>
        <Url>http://www.sermonindex.net/modules/mydownloads/visit.php?lid=27054</Url>
        <Speaker>Keith Daniel</Speaker>
        <Length>36.81Mb</Length>
        <Status>NOT_STARTED</Status>
        <isSermonSelected>false</isSermonSelected>
    </Sermon>
    <Sermon>
        <Title>Perfect Love Casteth Out Fear</Title>
        <Url>http://www.sermonindex.net/modules/mydownloads/visit.php?lid=8192</Url>
        <Speaker>Keith Daniel</Speaker>
        <Length>11.87Mb</Length>
        <Status>ALREADY_DONE</Status>
        <isSermonSelected>false</isSermonSelected>
    </Sermon>
    <Sermon>
        <Title>Perilous Times Shall Come</Title>
        <Url>http://www.sermonindex.net/modules/mydownloads/visit.php?lid=27513</Url>
        <Speaker>Keith Daniel</Speaker>
        <Length>44.11Mb</Length>
        <Status>NOT_STARTED</Status>
        <isSermonSelected>false</isSermonSelected>
    </Sermon>
    <Sermon>
        <Title>Persecution, Affliction, And Tribulation</Title>
        <Url>http://www.sermonindex.net/modules/mydownloads/visit.php?lid=4245</Url>
        <Speaker>Keith Daniel</Speaker>
        <Length>15.15Mb</Length>
        <Status>ALREADY_DONE</Status>
        <isSermonSelected>false</isSermonSelected>
    </Sermon>
    <Sermon>
        <Title>Personal Testimony</Title>
        <Url>http://www.sermonindex.net/modules/mydownloads/visit.php?lid=4228</Url>
        <Speaker>Keith Daniel</Speaker>
        <Length>11.96Mb</Length>
        <Status>ALREADY_DONE</Status>
        <isSermonSelected>false</isSermonSelected>
    </Sermon>
    <Sermon>
        <Title>Practical Principles For a Godly Marriage</Title>
        <Url>http://www.sermonindex.net/modules/mydownloads/visit.php?lid=4616</Url>
        <Speaker>Keith Daniel</Speaker>
        <Length>20.27Mb</Length>
        <Status>ALREADY_DONE</Status>
        <isSermonSelected>false</isSermonSelected>
    </Sermon>
    <Sermon>
        <Title>Pray for Protection</Title>
        <Url>http://www.sermonindex.net/modules/mydownloads/visit.php?lid=11447</Url>
        <Speaker>Keith Daniel</Speaker>
        <Length>17.81Mb</Length>
        <Status>ALREADY_DONE</Status>
        <isSermonSelected>false</isSermonSelected>
    </Sermon>
    <Sermon>
        <Title>Preachers in the Last Days</Title>
        <Url>http://www.sermonindex.net/modules/mydownloads/visit.php?lid=17459</Url>
        <Speaker>Keith Daniel</Speaker>
        <Length>78.39Mb</Length>
        <Status>ALREADY_DONE</Status>
        <isSermonSelected>false</isSermonSelected>
    </Sermon>
    <Sermon>
        <Title>Principles of the Most Holy War</Title>
        <Url>http://www.sermonindex.net/modules/mydownloads/visit.php?lid=7263</Url>
        <Speaker>Keith Daniel</Speaker>
        <Length>16.13Mb</Length>
        <Status>ALREADY_DONE</Status>
        <isSermonSelected>false</isSermonSelected>
    </Sermon>
    <Sermon>
        <Title>Protection From Backslidding</Title>
        <Url>http://www.sermonindex.net/modules/mydownloads/visit.php?lid=4247</Url>
        <Speaker>Keith Daniel</Speaker>
        <Length>13.27Mb</Length>
        <Status>ALREADY_DONE</Status>
        <isSermonSelected>false</isSermonSelected>
    </Sermon>
    <Sermon>
        <Title>Protection from the Power of Satan</Title>
        <Url>http://www.sermonindex.net/modules/mydownloads/visit.php?lid=9367</Url>
        <Speaker>Keith Daniel</Speaker>
        <Length>26.07Mb</Length>
        <Status>ALREADY_DONE</Status>
        <isSermonSelected>false</isSermonSelected>
    </Sermon>
    <Sermon>
        <Title>Prove Me Now</Title>
        <Url>http://www.sermonindex.net/modules/mydownloads/visit.php?lid=7110</Url>
        <Speaker>Keith Daniel</Speaker>
        <Length>14.24Mb</Length>
        <Status>ALREADY_DONE</Status>
        <isSermonSelected>false</isSermonSelected>
    </Sermon>
    <Sermon>
        <Title>Questions and Answers Session</Title>
        <Url>http://www.sermonindex.net/modules/mydownloads/visit.php?lid=10486</Url>
        <Speaker>Keith Daniel</Speaker>
        <Length>18.84Mb</Length>
        <Status>ALREADY_DONE</Status>
        <isSermonSelected>false</isSermonSelected>
    </Sermon>
    <Sermon>
        <Title>Quiet Time</Title>
        <Url>http://www.sermonindex.net/modules/mydownloads/visit.php?lid=7271</Url>
        <Speaker>Keith Daniel</Speaker>
        <Length>19.76Mb</Length>
        <Status>ALREADY_DONE</Status>
        <isSermonSelected>false</isSermonSelected>
    </Sermon>
    <Sermon>
        <Title>Revival Among the Dry Bones</Title>
        <Url>http://www.sermonindex.net/modules/mydownloads/visit.php?lid=7272</Url>
        <Speaker>Keith Daniel</Speaker>
        <Length>18.28Mb</Length>
        <Status>ALREADY_DONE</Status>
        <isSermonSelected>false</isSermonSelected>
    </Sermon>
    <Sermon>
        <Title>Romans 1</Title>
        <Url>http://www.sermonindex.net/modules/mydownloads/visit.php?lid=17460</Url>
        <Speaker>Keith Daniel</Speaker>
        <Length>65.46Mb</Length>
        <Status>ALREADY_DONE</Status>
        <isSermonSelected>false</isSermonSelected>
    </Sermon>
    <Sermon>
        <Title>Satan Found A Whisperer</Title>
        <Url>http://www.sermonindex.net/modules/mydownloads/visit.php?lid=5273</Url>
        <Speaker>Keith Daniel</Speaker>
        <Length>37.62Mb</Length>
        <Status>ALREADY_DONE</Status>
        <isSermonSelected>false</isSermonSelected>
    </Sermon>
    <Sermon>
        <Title>Satan's Servants in God's Pulpit</Title>
        <Url>http://www.sermonindex.net/modules/mydownloads/visit.php?lid=19041</Url>
        <Speaker>Keith Daniel</Speaker>
        <Length>23.14Mb</Length>
        <Status>ALREADY_DONE</Status>
        <isSermonSelected>false</isSermonSelected>
    </Sermon>
    <Sermon>
        <Title>Separated From our Loved Ones!</Title>
        <Url>http://www.sermonindex.net/modules/mydownloads/visit.php?lid=25887</Url>
        <Speaker>Keith Daniel</Speaker>
        <Length>18.61Mb</Length>
        <Status>NOT_STARTED</Status>
        <isSermonSelected>false</isSermonSelected>
    </Sermon>
    <Sermon>
        <Title>Sermon on the Mount</Title>
        <Url>http://www.sermonindex.net/modules/mydownloads/visit.php?lid=1858</Url>
        <Speaker>Keith Daniel</Speaker>
        <Length>9.72Mb</Length>
        <Status>ALREADY_DONE</Status>
        <isSermonSelected>false</isSermonSelected>
    </Sermon>
    <Sermon>
        <Title>Servants Of Sin</Title>
        <Url>http://www.sermonindex.net/modules/mydownloads/visit.php?lid=22953</Url>
        <Speaker>Keith Daniel</Speaker>
        <Length>15.5Mb</Length>
        <Status>ALREADY_DONE</Status>
        <isSermonSelected>false</isSermonSelected>
    </Sermon>
    <Sermon>
        <Title>She Shall Be Praised</Title>
        <Url>http://www.sermonindex.net/modules/mydownloads/visit.php?lid=27057</Url>
        <Speaker>Keith Daniel</Speaker>
        <Length>27.9Mb</Length>
        <Status>NOT_STARTED</Status>
        <isSermonSelected>false</isSermonSelected>
    </Sermon>
    <Sermon>
        <Title>Sixteen Vital Facets Of The Bible</Title>
        <Url>http://www.sermonindex.net/modules/mydownloads/visit.php?lid=27512</Url>
        <Speaker>Keith Daniel</Speaker>
        <Length>69.56Mb</Length>
        <Status>NOT_STARTED</Status>
        <isSermonSelected>false</isSermonSelected>
    </Sermon>
    <Sermon>
        <Title>Submission and Piety at Home</Title>
        <Url>http://www.sermonindex.net/modules/mydownloads/visit.php?lid=9368</Url>
        <Speaker>Keith Daniel</Speaker>
        <Length>10.68Mb</Length>
        <Status>ALREADY_DONE</Status>
        <isSermonSelected>false</isSermonSelected>
    </Sermon>
    <Sermon>
        <Title>Taranaki Bible Conference January 19-2012 - 1 of 5 sermons</Title>
        <Url>http://www.sermonindex.net/modules/mydownloads/visit.php?lid=23729</Url>
        <Speaker>Keith Daniel</Speaker>
        <Length>8.31Mb</Length>
        <Status>ALREADY_DONE</Status>
        <isSermonSelected>false</isSermonSelected>
    </Sermon>
    <Sermon>
        <Title>Taranaki Bible Conference January 19-2012 - 2 of 5 sermons</Title>
        <Url>http://www.sermonindex.net/modules/mydownloads/visit.php?lid=23730</Url>
        <Speaker>Keith Daniel</Speaker>
        <Length>11.71Mb</Length>
        <Status>ALREADY_DONE</Status>
        <isSermonSelected>false</isSermonSelected>
    </Sermon>
    <Sermon>
        <Title>Taranaki Bible Conference January 19-2012 - 3 of 5 sermons</Title>
        <Url>http://www.sermonindex.net/modules/mydownloads/visit.php?lid=23731</Url>
        <Speaker>Keith Daniel</Speaker>
        <Length>8.53Mb</Length>
        <Status>ALREADY_DONE</Status>
        <isSermonSelected>false</isSermonSelected>
    </Sermon>
    <Sermon>
        <Title>Taranaki Bible Conference January 19-2012 - 4 of 5 sermons</Title>
        <Url>http://www.sermonindex.net/modules/mydownloads/visit.php?lid=23732</Url>
        <Speaker>Keith Daniel</Speaker>
        <Length>8.09Mb</Length>
        <Status>ALREADY_DONE</Status>
        <isSermonSelected>false</isSermonSelected>
    </Sermon>
    <Sermon>
        <Title>Taranaki Bible Conference January 19-2012 - 5 of 5 sermons</Title>
        <Url>http://www.sermonindex.net/modules/mydownloads/visit.php?lid=23733</Url>
        <Speaker>Keith Daniel</Speaker>
        <Length>4.13Mb</Length>
        <Status>ALREADY_DONE</Status>
        <isSermonSelected>false</isSermonSelected>
    </Sermon>
    <Sermon>
        <Title>Ten Vital Evidences of True Salvation</Title>
        <Url>http://www.sermonindex.net/modules/mydownloads/visit.php?lid=27549</Url>
        <Speaker>Keith Daniel</Speaker>
        <Length>102.12Mb</Length>
        <Status>NOT_STARTED</Status>
        <isSermonSelected>false</isSermonSelected>
    </Sermon>
    <Sermon>
        <Title>The APOSTATE Evangelical Church Of Today</Title>
        <Url>http://www.sermonindex.net/modules/mydownloads/visit.php?lid=23388</Url>
        <Speaker>Keith Daniel</Speaker>
        <Length>14.18Mb</Length>
        <Status>ALREADY_DONE</Status>
        <isSermonSelected>false</isSermonSelected>
    </Sermon>
    <Sermon>
        <Title>The Book of Job</Title>
        <Url>http://www.sermonindex.net/modules/mydownloads/visit.php?lid=5314</Url>
        <Speaker>Keith Daniel</Speaker>
        <Length>53.24Mb</Length>
        <Status>ALREADY_DONE</Status>
        <isSermonSelected>false</isSermonSelected>
    </Sermon>
    <Sermon>
        <Title>The Branch cannot Bear Fruit of Itself</Title>
        <Url>http://www.sermonindex.net/modules/mydownloads/visit.php?lid=24766</Url>
        <Speaker>Keith Daniel</Speaker>
        <Length>22.83Mb</Length>
        <Status>ALREADY_DONE</Status>
        <isSermonSelected>false</isSermonSelected>
    </Sermon>
    <Sermon>
        <Title>The Call Of God To Preach And Its Consequences</Title>
        <Url>http://www.sermonindex.net/modules/mydownloads/visit.php?lid=20920</Url>
        <Speaker>Keith Daniel</Speaker>
        <Length>49.64Mb</Length>
        <Status>ALREADY_DONE</Status>
        <isSermonSelected>false</isSermonSelected>
    </Sermon>
    <Sermon>
        <Title>The Child Samuel</Title>
        <Url>http://www.sermonindex.net/modules/mydownloads/visit.php?lid=27548</Url>
        <Speaker>Keith Daniel</Speaker>
        <Length>68.86Mb</Length>
        <Status>NOT_STARTED</Status>
        <isSermonSelected>false</isSermonSelected>
    </Sermon>
    <Sermon>
        <Title>The Christian Race</Title>
        <Url>http://www.sermonindex.net/modules/mydownloads/visit.php?lid=4637</Url>
        <Speaker>Keith Daniel</Speaker>
        <Length>13.72Mb</Length>
        <Status>ALREADY_DONE</Status>
        <isSermonSelected>false</isSermonSelected>
    </Sermon>
    <Sermon>
        <Title>The Compromising Church</Title>
        <Url>http://www.sermonindex.net/modules/mydownloads/visit.php?lid=16066</Url>
        <Speaker>Keith Daniel</Speaker>
        <Length>34.34Mb</Length>
        <Status>ALREADY_DONE</Status>
        <isSermonSelected>false</isSermonSelected>
    </Sermon>
    <Sermon>
        <Title>The Consequences of Preaching The Truth</Title>
        <Url>http://www.sermonindex.net/modules/mydownloads/visit.php?lid=24764</Url>
        <Speaker>Keith Daniel</Speaker>
        <Length>32.26Mb</Length>
        <Status>ALREADY_DONE</Status>
        <isSermonSelected>false</isSermonSelected>
    </Sermon>
    <Sermon>
        <Title>The Convicting Work of the Holy Spirit</Title>
        <Url>http://www.sermonindex.net/modules/mydownloads/visit.php?lid=25890</Url>
        <Speaker>Keith Daniel</Speaker>
        <Length>10.86Mb</Length>
        <Status>NOT_STARTED</Status>
        <isSermonSelected>false</isSermonSelected>
    </Sermon>
    <Sermon>
        <Title>The Epistle Of James</Title>
        <Url>http://www.sermonindex.net/modules/mydownloads/visit.php?lid=14140</Url>
        <Speaker>Keith Daniel</Speaker>
        <Length>8.31Mb</Length>
        <Status>ALREADY_DONE</Status>
        <isSermonSelected>false</isSermonSelected>
    </Sermon>
    <Sermon>
        <Title>The Epistle To The Romans</Title>
        <Url>http://www.sermonindex.net/modules/mydownloads/visit.php?lid=14139</Url>
        <Speaker>Keith Daniel</Speaker>
        <Length>5.91Mb</Length>
        <Status>ALREADY_DONE</Status>
        <isSermonSelected>false</isSermonSelected>
    </Sermon>
    <Sermon>
        <Title>The Five Smooth Stones</Title>
        <Url>http://www.sermonindex.net/modules/mydownloads/visit.php?lid=13791</Url>
        <Speaker>Keith Daniel</Speaker>
        <Length>15.51Mb</Length>
        <Status>ALREADY_DONE</Status>
        <isSermonSelected>false</isSermonSelected>
    </Sermon>
    <Sermon>
        <Title>The Foremost Proof of Holiness</Title>
        <Url>http://www.sermonindex.net/modules/mydownloads/visit.php?lid=9369</Url>
        <Speaker>Keith Daniel</Speaker>
        <Length>14.05Mb</Length>
        <Status>ALREADY_DONE</Status>
        <isSermonSelected>false</isSermonSelected>
    </Sermon>
    <Sermon>
        <Title>The Four Warnings Of God</Title>
        <Url>http://www.sermonindex.net/modules/mydownloads/visit.php?lid=14136</Url>
        <Speaker>Keith Daniel</Speaker>
        <Length>7.17Mb</Length>
        <Status>ALREADY_DONE</Status>
        <isSermonSelected>false</isSermonSelected>
    </Sermon>
    <Sermon>
        <Title>The Full Resurrection Power of Christ</Title>
        <Url>http://www.sermonindex.net/modules/mydownloads/visit.php?lid=4615</Url>
        <Speaker>Keith Daniel</Speaker>
        <Length>15.54Mb</Length>
        <Status>ALREADY_DONE</Status>
        <isSermonSelected>false</isSermonSelected>
    </Sermon>
    <Sermon>
        <Title>The Gospel of Romans</Title>
        <Url>http://www.sermonindex.net/modules/mydownloads/visit.php?lid=7262</Url>
        <Speaker>Keith Daniel</Speaker>
        <Length>14.46Mb</Length>
        <Status>ALREADY_DONE</Status>
        <isSermonSelected>false</isSermonSelected>
    </Sermon>
    <Sermon>
        <Title>The Greatest Danger This World Faces Today</Title>
        <Url>http://www.sermonindex.net/modules/mydownloads/visit.php?lid=25885</Url>
        <Speaker>Keith Daniel</Speaker>
        <Length>9.39Mb</Length>
        <Status>NOT_STARTED</Status>
        <isSermonSelected>false</isSermonSelected>
    </Sermon>
    <Sermon>
        <Title>The Hurting Home</Title>
        <Url>http://www.sermonindex.net/modules/mydownloads/visit.php?lid=10739</Url>
        <Speaker>Keith Daniel</Speaker>
        <Length>21.26Mb</Length>
        <Status>ALREADY_DONE</Status>
        <isSermonSelected>false</isSermonSelected>
    </Sermon>
    <Sermon>
        <Title>The influnce of the Holy Spirit Through a Believer</Title>
        <Url>http://www.sermonindex.net/modules/mydownloads/visit.php?lid=8193</Url>
        <Speaker>Keith Daniel</Speaker>
        <Length>19.83Mb</Length>
        <Status>ALREADY_DONE</Status>
        <isSermonSelected>false</isSermonSelected>
    </Sermon>
    <Sermon>
        <Title>The King's Highway</Title>
        <Url>http://www.sermonindex.net/modules/mydownloads/visit.php?lid=13792</Url>
        <Speaker>Keith Daniel</Speaker>
        <Length>30.16Mb</Length>
        <Status>ALREADY_DONE</Status>
        <isSermonSelected>false</isSermonSelected>
    </Sermon>
    <Sermon>
        <Title>The Law of God In All The Scriptures!</Title>
        <Url>http://www.sermonindex.net/modules/mydownloads/visit.php?lid=24727</Url>
        <Speaker>Keith Daniel</Speaker>
        <Length>40.86Mb</Length>
        <Status>ALREADY_DONE</Status>
        <isSermonSelected>false</isSermonSelected>
    </Sermon>
    <Sermon>
        <Title>The Mightiest Weapon God can have at His Disposal</Title>
        <Url>http://www.sermonindex.net/modules/mydownloads/visit.php?lid=8194</Url>
        <Speaker>Keith Daniel</Speaker>
        <Length>15.16Mb</Length>
        <Status>ALREADY_DONE</Status>
        <isSermonSelected>false</isSermonSelected>
    </Sermon>
    <Sermon>
        <Title>The Parable of the Sower - Part 1</Title>
        <Url>http://www.sermonindex.net/modules/mydownloads/visit.php?lid=8242</Url>
        <Speaker>Keith Daniel</Speaker>
        <Length>5.25Mb</Length>
        <Status>ALREADY_DONE</Status>
        <isSermonSelected>false</isSermonSelected>
    </Sermon>
    <Sermon>
        <Title>The Parable of the Sower - Part 2</Title>
        <Url>http://www.sermonindex.net/modules/mydownloads/visit.php?lid=8243</Url>
        <Speaker>Keith Daniel</Speaker>
        <Length>5.37Mb</Length>
        <Status>ALREADY_DONE</Status>
        <isSermonSelected>false</isSermonSelected>
    </Sermon>
    <Sermon>
        <Title>The Possibility of Death</Title>
        <Url>http://www.sermonindex.net/modules/mydownloads/visit.php?lid=4634</Url>
        <Speaker>Keith Daniel</Speaker>
        <Length>11.97Mb</Length>
        <Status>ALREADY_DONE</Status>
        <isSermonSelected>false</isSermonSelected>
    </Sermon>
    <Sermon>
        <Title>The Prodigal Son</Title>
        <Url>http://www.sermonindex.net/modules/mydownloads/visit.php?lid=17457</Url>
        <Speaker>Keith Daniel</Speaker>
        <Length>80.35Mb</Length>
        <Status>ALREADY_DONE</Status>
        <isSermonSelected>false</isSermonSelected>
    </Sermon>
    <Sermon>
        <Title>The Second Coming of Christ</Title>
        <Url>http://www.sermonindex.net/modules/mydownloads/visit.php?lid=13793</Url>
        <Speaker>Keith Daniel</Speaker>
        <Length>25.59Mb</Length>
        <Status>ALREADY_DONE</Status>
        <isSermonSelected>false</isSermonSelected>
    </Sermon>
    <Sermon>
        <Title>The Sin of Unclean Lips</Title>
        <Url>http://www.sermonindex.net/modules/mydownloads/visit.php?lid=14245</Url>
        <Speaker>Keith Daniel</Speaker>
        <Length>10.67Mb</Length>
        <Status>ALREADY_DONE</Status>
        <isSermonSelected>false</isSermonSelected>
    </Sermon>
    <Sermon>
        <Title>The Sins of the Prophets</Title>
        <Url>http://www.sermonindex.net/modules/mydownloads/visit.php?lid=7273</Url>
        <Speaker>Keith Daniel</Speaker>
        <Length>9.29Mb</Length>
        <Status>ALREADY_DONE</Status>
        <isSermonSelected>false</isSermonSelected>
    </Sermon>
    <Sermon>
        <Title>The Spiritual Birth</Title>
        <Url>http://www.sermonindex.net/modules/mydownloads/visit.php?lid=3994</Url>
        <Speaker>Keith Daniel</Speaker>
        <Length>13.34Mb</Length>
        <Status>ALREADY_DONE</Status>
        <isSermonSelected>false</isSermonSelected>
    </Sermon>
    <Sermon>
        <Title>The Testimony of Will Macfarlane</Title>
        <Url>http://www.sermonindex.net/modules/mydownloads/visit.php?lid=10738</Url>
        <Speaker>Keith Daniel</Speaker>
        <Length>14.96Mb</Length>
        <Status>ALREADY_DONE</Status>
        <isSermonSelected>false</isSermonSelected>
    </Sermon>
    <Sermon>
        <Title>The Thorn in the Flesh</Title>
        <Url>http://www.sermonindex.net/modules/mydownloads/visit.php?lid=9370</Url>
        <Speaker>Keith Daniel</Speaker>
        <Length>10.98Mb</Length>
        <Status>ALREADY_DONE</Status>
        <isSermonSelected>false</isSermonSelected>
    </Sermon>
    <Sermon>
        <Title>The Tightrope Walker!! - Calvinism vs. Arminianism</Title>
        <Url>http://www.sermonindex.net/modules/mydownloads/visit.php?lid=19110</Url>
        <Speaker>Keith Daniel</Speaker>
        <Length>9.63Mb</Length>
        <Status>ALREADY_DONE</Status>
        <isSermonSelected>false</isSermonSelected>
    </Sermon>
    <Sermon>
        <Title>The Tongue</Title>
        <Url>http://www.sermonindex.net/modules/mydownloads/visit.php?lid=7274</Url>
        <Speaker>Keith Daniel</Speaker>
        <Length>11.48Mb</Length>
        <Status>ALREADY_DONE</Status>
        <isSermonSelected>false</isSermonSelected>
    </Sermon>
    <Sermon>
        <Title>The Tragedy of Solomon's Life</Title>
        <Url>http://www.sermonindex.net/modules/mydownloads/visit.php?lid=27550</Url>
        <Speaker>Keith Daniel</Speaker>
        <Length>78.7Mb</Length>
        <Status>NOT_STARTED</Status>
        <isSermonSelected>false</isSermonSelected>
    </Sermon>
    <Sermon>
        <Title>The Use and Abuse of Money</Title>
        <Url>http://www.sermonindex.net/modules/mydownloads/visit.php?lid=20469</Url>
        <Speaker>Keith Daniel</Speaker>
        <Length>101.95Mb</Length>
        <Status>ALREADY_DONE</Status>
        <isSermonSelected>false</isSermonSelected>
    </Sermon>
    <Sermon>
        <Title>The Use And Abuse Of Money</Title>
        <Url>http://www.sermonindex.net/modules/mydownloads/visit.php?lid=20922</Url>
        <Speaker>Keith Daniel</Speaker>
        <Length>67.96Mb</Length>
        <Status>ALREADY_DONE</Status>
        <isSermonSelected>false</isSermonSelected>
    </Sermon>
    <Sermon>
        <Title>The Vanity of Life</Title>
        <Url>http://www.sermonindex.net/modules/mydownloads/visit.php?lid=1854</Url>
        <Speaker>Keith Daniel</Speaker>
        <Length>9.62Mb</Length>
        <Status>ALREADY_DONE</Status>
        <isSermonSelected>false</isSermonSelected>
    </Sermon>
    <Sermon>
        <Title>The Word of God</Title>
        <Url>http://www.sermonindex.net/modules/mydownloads/visit.php?lid=4633</Url>
        <Speaker>Keith Daniel</Speaker>
        <Length>13.56Mb</Length>
        <Status>ALREADY_DONE</Status>
        <isSermonSelected>false</isSermonSelected>
    </Sermon>
    <Sermon>
        <Title>The Word of God (Laurel Mountain Chapel)</Title>
        <Url>http://www.sermonindex.net/modules/mydownloads/visit.php?lid=27053</Url>
        <Speaker>Keith Daniel</Speaker>
        <Length>33.46Mb</Length>
        <Status>NOT_STARTED</Status>
        <isSermonSelected>false</isSermonSelected>
    </Sermon>
    <Sermon>
        <Title>Visiting the Iniquity of the Fathers</Title>
        <Url>http://www.sermonindex.net/modules/mydownloads/visit.php?lid=13794</Url>
        <Speaker>Keith Daniel</Speaker>
        <Length>22.33Mb</Length>
        <Status>ALREADY_DONE</Status>
        <isSermonSelected>false</isSermonSelected>
    </Sermon>
    <Sermon>
        <Title>When A Man's Enemies are the Members of his own household</Title>
        <Url>http://www.sermonindex.net/modules/mydownloads/visit.php?lid=24183</Url>
        <Speaker>Keith Daniel</Speaker>
        <Length>13.66Mb</Length>
        <Status>ALREADY_DONE</Status>
        <isSermonSelected>false</isSermonSelected>
    </Sermon>
    <Sermon>
        <Title>When The Devil Cannot Touch You!</Title>
        <Url>http://www.sermonindex.net/modules/mydownloads/visit.php?lid=24185</Url>
        <Speaker>Keith Daniel</Speaker>
        <Length>15.08Mb</Length>
        <Status>ALREADY_DONE</Status>
        <isSermonSelected>false</isSermonSelected>
    </Sermon>
    <Sermon>
        <Title>When the Godly Fall</Title>
        <Url>http://www.sermonindex.net/modules/mydownloads/visit.php?lid=8195</Url>
        <Speaker>Keith Daniel</Speaker>
        <Length>17.32Mb</Length>
        <Status>ALREADY_DONE</Status>
        <isSermonSelected>false</isSermonSelected>
    </Sermon>
    <Sermon>
        <Title>When Victory Is Impossible</Title>
        <Url>http://www.sermonindex.net/modules/mydownloads/visit.php?lid=24765</Url>
        <Speaker>Keith Daniel</Speaker>
        <Length>32.83Mb</Length>
        <Status>ALREADY_DONE</Status>
        <isSermonSelected>false</isSermonSelected>
    </Sermon>
    <Sermon>
        <Title>Ye Shall Be Free Indeed!</Title>
        <Url>http://www.sermonindex.net/modules/mydownloads/visit.php?lid=16067</Url>
        <Speaker>Keith Daniel</Speaker>
        <Length>25.58Mb</Length>
        <Status>ALREADY_DONE</Status>
        <isSermonSelected>false</isSermonSelected>
    </Sermon>
    <Sermon>
        <Title>Ye shall know them by their fruits</Title>
        <Url>http://www.sermonindex.net/modules/mydownloads/visit.php?lid=22950</Url>
        <Speaker>Keith Daniel</Speaker>
        <Length>12.91Mb</Length>
        <Status>ALREADY_DONE</Status>
        <isSermonSelected>false</isSermonSelected>
    </Sermon>
    <Sermon>
        <Title>Your First Mission is Your Family - Don't Let Go Of Them!</Title>
        <Url>http://www.sermonindex.net/modules/mydownloads/visit.php?lid=3993</Url>
        <Speaker>Keith Daniel</Speaker>
        <Length>12.11Mb</Length>
        <Status>ALREADY_DONE</Status>
        <isSermonSelected>false</isSermonSelected>
    </Sermon>
</Sermons>
