<?xml version="1.0" encoding="UTF-8" standalone="yes"?>
<Sermons>
    <Sermon>
        <Title>Comfort ye my people</Title>
        <Url>http://www.sermonindex.net/modules/mydownloads/visit.php?lid=23202</Url>
        <Speaker>Ken Burnett</Speaker>
        <Length>9.1Mb</Length>
        <Status>NOT_STARTED</Status>
        <isSermonSelected>false</isSermonSelected>
    </Sermon>
    <Sermon>
        <Title>I am speaking to you Gentiles</Title>
        <Url>http://www.sermonindex.net/modules/mydownloads/visit.php?lid=23203</Url>
        <Speaker>Ken Burnett</Speaker>
        <Length>9.42Mb</Length>
        <Status>NOT_STARTED</Status>
        <isSermonSelected>false</isSermonSelected>
    </Sermon>
</Sermons>
