<?xml version="1.0" encoding="UTF-8" standalone="yes"?>
<Sermons>
    <Sermon>
        <Title>2 Peter 2:1</Title>
        <Url>http://www.sermonindex.net/modules/mydownloads/visit.php?lid=8430</Url>
        <Speaker>Ken Baird</Speaker>
        <Length>4.97Mb</Length>
        <Status>NOT_STARTED</Status>
        <isSermonSelected>false</isSermonSelected>
    </Sermon>
    <Sermon>
        <Title>A Variety Of Terms</Title>
        <Url>http://www.sermonindex.net/modules/mydownloads/visit.php?lid=8444</Url>
        <Speaker>Ken Baird</Speaker>
        <Length>3.1Mb</Length>
        <Status>NOT_STARTED</Status>
        <isSermonSelected>false</isSermonSelected>
    </Sermon>
    <Sermon>
        <Title>Appropiating The Lord</Title>
        <Url>http://www.sermonindex.net/modules/mydownloads/visit.php?lid=8458</Url>
        <Speaker>Ken Baird</Speaker>
        <Length>7.14Mb</Length>
        <Status>NOT_STARTED</Status>
        <isSermonSelected>false</isSermonSelected>
    </Sermon>
    <Sermon>
        <Title>Church - Part 1</Title>
        <Url>http://www.sermonindex.net/modules/mydownloads/visit.php?lid=8406</Url>
        <Speaker>Ken Baird</Speaker>
        <Length>5.33Mb</Length>
        <Status>NOT_STARTED</Status>
        <isSermonSelected>false</isSermonSelected>
    </Sermon>
    <Sermon>
        <Title>Church - Part 2</Title>
        <Url>http://www.sermonindex.net/modules/mydownloads/visit.php?lid=8407</Url>
        <Speaker>Ken Baird</Speaker>
        <Length>6.79Mb</Length>
        <Status>NOT_STARTED</Status>
        <isSermonSelected>false</isSermonSelected>
    </Sermon>
    <Sermon>
        <Title>Church - Part 3</Title>
        <Url>http://www.sermonindex.net/modules/mydownloads/visit.php?lid=8408</Url>
        <Speaker>Ken Baird</Speaker>
        <Length>6.11Mb</Length>
        <Status>NOT_STARTED</Status>
        <isSermonSelected>false</isSermonSelected>
    </Sermon>
    <Sermon>
        <Title>Church - Part 4</Title>
        <Url>http://www.sermonindex.net/modules/mydownloads/visit.php?lid=8409</Url>
        <Speaker>Ken Baird</Speaker>
        <Length>6.7Mb</Length>
        <Status>NOT_STARTED</Status>
        <isSermonSelected>false</isSermonSelected>
    </Sermon>
    <Sermon>
        <Title>Church - Part 5</Title>
        <Url>http://www.sermonindex.net/modules/mydownloads/visit.php?lid=8410</Url>
        <Speaker>Ken Baird</Speaker>
        <Length>6.76Mb</Length>
        <Status>NOT_STARTED</Status>
        <isSermonSelected>false</isSermonSelected>
    </Sermon>
    <Sermon>
        <Title>Church - Part 6</Title>
        <Url>http://www.sermonindex.net/modules/mydownloads/visit.php?lid=8411</Url>
        <Speaker>Ken Baird</Speaker>
        <Length>6.1Mb</Length>
        <Status>NOT_STARTED</Status>
        <isSermonSelected>false</isSermonSelected>
    </Sermon>
    <Sermon>
        <Title>Church - Part 7</Title>
        <Url>http://www.sermonindex.net/modules/mydownloads/visit.php?lid=8412</Url>
        <Speaker>Ken Baird</Speaker>
        <Length>0Kb</Length>
        <Status>NOT_STARTED</Status>
        <isSermonSelected>false</isSermonSelected>
    </Sermon>
    <Sermon>
        <Title>Continual Quickening - Part 1</Title>
        <Url>http://www.sermonindex.net/modules/mydownloads/visit.php?lid=8413</Url>
        <Speaker>Ken Baird</Speaker>
        <Length>6.15Mb</Length>
        <Status>NOT_STARTED</Status>
        <isSermonSelected>false</isSermonSelected>
    </Sermon>
    <Sermon>
        <Title>Continual Quickening - Part 2</Title>
        <Url>http://www.sermonindex.net/modules/mydownloads/visit.php?lid=8414</Url>
        <Speaker>Ken Baird</Speaker>
        <Length>6.08Mb</Length>
        <Status>NOT_STARTED</Status>
        <isSermonSelected>false</isSermonSelected>
    </Sermon>
    <Sermon>
        <Title>Crowns - Part 1</Title>
        <Url>http://www.sermonindex.net/modules/mydownloads/visit.php?lid=8415</Url>
        <Speaker>Ken Baird</Speaker>
        <Length>6.52Mb</Length>
        <Status>NOT_STARTED</Status>
        <isSermonSelected>false</isSermonSelected>
    </Sermon>
    <Sermon>
        <Title>Crowns - Part 2</Title>
        <Url>http://www.sermonindex.net/modules/mydownloads/visit.php?lid=8416</Url>
        <Speaker>Ken Baird</Speaker>
        <Length>6.45Mb</Length>
        <Status>NOT_STARTED</Status>
        <isSermonSelected>false</isSermonSelected>
    </Sermon>
    <Sermon>
        <Title>Elijah and Elisha</Title>
        <Url>http://www.sermonindex.net/modules/mydownloads/visit.php?lid=8442</Url>
        <Speaker>Ken Baird</Speaker>
        <Length>3.9Mb</Length>
        <Status>NOT_STARTED</Status>
        <isSermonSelected>false</isSermonSelected>
    </Sermon>
    <Sermon>
        <Title>Fullness</Title>
        <Url>http://www.sermonindex.net/modules/mydownloads/visit.php?lid=8445</Url>
        <Speaker>Ken Baird</Speaker>
        <Length>4.35Mb</Length>
        <Status>NOT_STARTED</Status>
        <isSermonSelected>false</isSermonSelected>
    </Sermon>
    <Sermon>
        <Title>Genesis 3:1-7</Title>
        <Url>http://www.sermonindex.net/modules/mydownloads/visit.php?lid=8432</Url>
        <Speaker>Ken Baird</Speaker>
        <Length>5.19Mb</Length>
        <Status>NOT_STARTED</Status>
        <isSermonSelected>false</isSermonSelected>
    </Sermon>
    <Sermon>
        <Title>Gifts From The Father</Title>
        <Url>http://www.sermonindex.net/modules/mydownloads/visit.php?lid=8446</Url>
        <Speaker>Ken Baird</Speaker>
        <Length>5.23Mb</Length>
        <Status>NOT_STARTED</Status>
        <isSermonSelected>false</isSermonSelected>
    </Sermon>
    <Sermon>
        <Title>If Any Man Thirst</Title>
        <Url>http://www.sermonindex.net/modules/mydownloads/visit.php?lid=8433</Url>
        <Speaker>Ken Baird</Speaker>
        <Length>5.13Mb</Length>
        <Status>NOT_STARTED</Status>
        <isSermonSelected>false</isSermonSelected>
    </Sermon>
    <Sermon>
        <Title>Jehosophat</Title>
        <Url>http://www.sermonindex.net/modules/mydownloads/visit.php?lid=8447</Url>
        <Speaker>Ken Baird</Speaker>
        <Length>4.07Mb</Length>
        <Status>NOT_STARTED</Status>
        <isSermonSelected>false</isSermonSelected>
    </Sermon>
    <Sermon>
        <Title>Jeremiah 37-39</Title>
        <Url>http://www.sermonindex.net/modules/mydownloads/visit.php?lid=8448</Url>
        <Speaker>Ken Baird</Speaker>
        <Length>4.17Mb</Length>
        <Status>NOT_STARTED</Status>
        <isSermonSelected>false</isSermonSelected>
    </Sermon>
    <Sermon>
        <Title>Motivating Power Of Love</Title>
        <Url>http://www.sermonindex.net/modules/mydownloads/visit.php?lid=8436</Url>
        <Speaker>Ken Baird</Speaker>
        <Length>4.9Mb</Length>
        <Status>NOT_STARTED</Status>
        <isSermonSelected>false</isSermonSelected>
    </Sermon>
    <Sermon>
        <Title>Open House At Lyman</Title>
        <Url>http://www.sermonindex.net/modules/mydownloads/visit.php?lid=8452</Url>
        <Speaker>Ken Baird</Speaker>
        <Length>4.49Mb</Length>
        <Status>NOT_STARTED</Status>
        <isSermonSelected>false</isSermonSelected>
    </Sermon>
    <Sermon>
        <Title>Parable Of The Inheritance</Title>
        <Url>http://www.sermonindex.net/modules/mydownloads/visit.php?lid=8437</Url>
        <Speaker>Ken Baird</Speaker>
        <Length>3.98Mb</Length>
        <Status>NOT_STARTED</Status>
        <isSermonSelected>false</isSermonSelected>
    </Sermon>
    <Sermon>
        <Title>Parable Of The Sower</Title>
        <Url>http://www.sermonindex.net/modules/mydownloads/visit.php?lid=8456</Url>
        <Speaker>Ken Baird</Speaker>
        <Length>5Mb</Length>
        <Status>NOT_STARTED</Status>
        <isSermonSelected>false</isSermonSelected>
    </Sermon>
    <Sermon>
        <Title>Philemon 3</Title>
        <Url>http://www.sermonindex.net/modules/mydownloads/visit.php?lid=8438</Url>
        <Speaker>Ken Baird</Speaker>
        <Length>4.96Mb</Length>
        <Status>NOT_STARTED</Status>
        <isSermonSelected>false</isSermonSelected>
    </Sermon>
    <Sermon>
        <Title>Pleading Of The King</Title>
        <Url>http://www.sermonindex.net/modules/mydownloads/visit.php?lid=8450</Url>
        <Speaker>Ken Baird</Speaker>
        <Length>4.16Mb</Length>
        <Status>NOT_STARTED</Status>
        <isSermonSelected>false</isSermonSelected>
    </Sermon>
    <Sermon>
        <Title>Rahab The Harlot</Title>
        <Url>http://www.sermonindex.net/modules/mydownloads/visit.php?lid=8429</Url>
        <Speaker>Ken Baird</Speaker>
        <Length>4.12Mb</Length>
        <Status>NOT_STARTED</Status>
        <isSermonSelected>false</isSermonSelected>
    </Sermon>
    <Sermon>
        <Title>Rehoboam</Title>
        <Url>http://www.sermonindex.net/modules/mydownloads/visit.php?lid=8434</Url>
        <Speaker>Ken Baird</Speaker>
        <Length>3.53Mb</Length>
        <Status>NOT_STARTED</Status>
        <isSermonSelected>false</isSermonSelected>
    </Sermon>
    <Sermon>
        <Title>Seven Beatitudes In Revelation</Title>
        <Url>http://www.sermonindex.net/modules/mydownloads/visit.php?lid=8453</Url>
        <Speaker>Ken Baird</Speaker>
        <Length>4.94Mb</Length>
        <Status>NOT_STARTED</Status>
        <isSermonSelected>false</isSermonSelected>
    </Sermon>
    <Sermon>
        <Title>Studies in Hebrews - Part 1</Title>
        <Url>http://www.sermonindex.net/modules/mydownloads/visit.php?lid=8417</Url>
        <Speaker>Ken Baird</Speaker>
        <Length>5.58Mb</Length>
        <Status>NOT_STARTED</Status>
        <isSermonSelected>false</isSermonSelected>
    </Sermon>
    <Sermon>
        <Title>Studies in Hebrews - Part 2</Title>
        <Url>http://www.sermonindex.net/modules/mydownloads/visit.php?lid=8418</Url>
        <Speaker>Ken Baird</Speaker>
        <Length>5.69Mb</Length>
        <Status>NOT_STARTED</Status>
        <isSermonSelected>false</isSermonSelected>
    </Sermon>
    <Sermon>
        <Title>Studies in Hebrews - Part 3</Title>
        <Url>http://www.sermonindex.net/modules/mydownloads/visit.php?lid=8419</Url>
        <Speaker>Ken Baird</Speaker>
        <Length>6.18Mb</Length>
        <Status>NOT_STARTED</Status>
        <isSermonSelected>false</isSermonSelected>
    </Sermon>
    <Sermon>
        <Title>Studies in Hebrews - Part 4</Title>
        <Url>http://www.sermonindex.net/modules/mydownloads/visit.php?lid=8420</Url>
        <Speaker>Ken Baird</Speaker>
        <Length>6.71Mb</Length>
        <Status>NOT_STARTED</Status>
        <isSermonSelected>false</isSermonSelected>
    </Sermon>
    <Sermon>
        <Title>Superiorities In Christ</Title>
        <Url>http://www.sermonindex.net/modules/mydownloads/visit.php?lid=8443</Url>
        <Speaker>Ken Baird</Speaker>
        <Length>5.25Mb</Length>
        <Status>NOT_STARTED</Status>
        <isSermonSelected>false</isSermonSelected>
    </Sermon>
    <Sermon>
        <Title>The Demands Of A King</Title>
        <Url>http://www.sermonindex.net/modules/mydownloads/visit.php?lid=8435</Url>
        <Speaker>Ken Baird</Speaker>
        <Length>4.3Mb</Length>
        <Status>NOT_STARTED</Status>
        <isSermonSelected>false</isSermonSelected>
    </Sermon>
    <Sermon>
        <Title>The Gospel Message</Title>
        <Url>http://www.sermonindex.net/modules/mydownloads/visit.php?lid=8431</Url>
        <Speaker>Ken Baird</Speaker>
        <Length>3.83Mb</Length>
        <Status>NOT_STARTED</Status>
        <isSermonSelected>false</isSermonSelected>
    </Sermon>
    <Sermon>
        <Title>The Holy Spirit - Part 1</Title>
        <Url>http://www.sermonindex.net/modules/mydownloads/visit.php?lid=8421</Url>
        <Speaker>Ken Baird</Speaker>
        <Length>5.57Mb</Length>
        <Status>NOT_STARTED</Status>
        <isSermonSelected>false</isSermonSelected>
    </Sermon>
    <Sermon>
        <Title>The Holy Spirit - Part 2</Title>
        <Url>http://www.sermonindex.net/modules/mydownloads/visit.php?lid=8422</Url>
        <Speaker>Ken Baird</Speaker>
        <Length>6.04Mb</Length>
        <Status>NOT_STARTED</Status>
        <isSermonSelected>false</isSermonSelected>
    </Sermon>
    <Sermon>
        <Title>The Holy Spirit - Part 3</Title>
        <Url>http://www.sermonindex.net/modules/mydownloads/visit.php?lid=8423</Url>
        <Speaker>Ken Baird</Speaker>
        <Length>6.03Mb</Length>
        <Status>NOT_STARTED</Status>
        <isSermonSelected>false</isSermonSelected>
    </Sermon>
    <Sermon>
        <Title>The Holy Spirit - Part 4</Title>
        <Url>http://www.sermonindex.net/modules/mydownloads/visit.php?lid=8424</Url>
        <Speaker>Ken Baird</Speaker>
        <Length>5.68Mb</Length>
        <Status>NOT_STARTED</Status>
        <isSermonSelected>false</isSermonSelected>
    </Sermon>
    <Sermon>
        <Title>The Holy Spirit - Part 5</Title>
        <Url>http://www.sermonindex.net/modules/mydownloads/visit.php?lid=8425</Url>
        <Speaker>Ken Baird</Speaker>
        <Length>6.89Mb</Length>
        <Status>NOT_STARTED</Status>
        <isSermonSelected>false</isSermonSelected>
    </Sermon>
    <Sermon>
        <Title>The Holy Spirit - Part 6</Title>
        <Url>http://www.sermonindex.net/modules/mydownloads/visit.php?lid=8426</Url>
        <Speaker>Ken Baird</Speaker>
        <Length>6.43Mb</Length>
        <Status>NOT_STARTED</Status>
        <isSermonSelected>false</isSermonSelected>
    </Sermon>
    <Sermon>
        <Title>The Holy Spirit's Ministry</Title>
        <Url>http://www.sermonindex.net/modules/mydownloads/visit.php?lid=8455</Url>
        <Speaker>Ken Baird</Speaker>
        <Length>5Mb</Length>
        <Status>NOT_STARTED</Status>
        <isSermonSelected>false</isSermonSelected>
    </Sermon>
    <Sermon>
        <Title>The Lord's Prayer</Title>
        <Url>http://www.sermonindex.net/modules/mydownloads/visit.php?lid=8451</Url>
        <Speaker>Ken Baird</Speaker>
        <Length>3.69Mb</Length>
        <Status>NOT_STARTED</Status>
        <isSermonSelected>false</isSermonSelected>
    </Sermon>
    <Sermon>
        <Title>The Rock In Scripture</Title>
        <Url>http://www.sermonindex.net/modules/mydownloads/visit.php?lid=8439</Url>
        <Speaker>Ken Baird</Speaker>
        <Length>5.19Mb</Length>
        <Status>NOT_STARTED</Status>
        <isSermonSelected>false</isSermonSelected>
    </Sermon>
    <Sermon>
        <Title>The Supernatural Life</Title>
        <Url>http://www.sermonindex.net/modules/mydownloads/visit.php?lid=8440</Url>
        <Speaker>Ken Baird</Speaker>
        <Length>5.18Mb</Length>
        <Status>NOT_STARTED</Status>
        <isSermonSelected>false</isSermonSelected>
    </Sermon>
    <Sermon>
        <Title>The Wisdom Of Solomon</Title>
        <Url>http://www.sermonindex.net/modules/mydownloads/visit.php?lid=8457</Url>
        <Speaker>Ken Baird</Speaker>
        <Length>3.98Mb</Length>
        <Status>NOT_STARTED</Status>
        <isSermonSelected>false</isSermonSelected>
    </Sermon>
    <Sermon>
        <Title>The Wisdom Of The King</Title>
        <Url>http://www.sermonindex.net/modules/mydownloads/visit.php?lid=8441</Url>
        <Speaker>Ken Baird</Speaker>
        <Length>4.24Mb</Length>
        <Status>NOT_STARTED</Status>
        <isSermonSelected>false</isSermonSelected>
    </Sermon>
    <Sermon>
        <Title>Things That Bring Us Together</Title>
        <Url>http://www.sermonindex.net/modules/mydownloads/visit.php?lid=8454</Url>
        <Speaker>Ken Baird</Speaker>
        <Length>4.93Mb</Length>
        <Status>NOT_STARTED</Status>
        <isSermonSelected>false</isSermonSelected>
    </Sermon>
    <Sermon>
        <Title>Tongues - Part 1</Title>
        <Url>http://www.sermonindex.net/modules/mydownloads/visit.php?lid=8427</Url>
        <Speaker>Ken Baird</Speaker>
        <Length>7.56Mb</Length>
        <Status>NOT_STARTED</Status>
        <isSermonSelected>false</isSermonSelected>
    </Sermon>
    <Sermon>
        <Title>Tongues - Part 2</Title>
        <Url>http://www.sermonindex.net/modules/mydownloads/visit.php?lid=8428</Url>
        <Speaker>Ken Baird</Speaker>
        <Length>7.46Mb</Length>
        <Status>NOT_STARTED</Status>
        <isSermonSelected>false</isSermonSelected>
    </Sermon>
    <Sermon>
        <Title>Zachaaeus</Title>
        <Url>http://www.sermonindex.net/modules/mydownloads/visit.php?lid=8449</Url>
        <Speaker>Ken Baird</Speaker>
        <Length>4.38Mb</Length>
        <Status>NOT_STARTED</Status>
        <isSermonSelected>false</isSermonSelected>
    </Sermon>
</Sermons>
