<?xml version="1.0" encoding="UTF-8" standalone="yes"?>
<Sermons>
    <Sermon>
        <Title>Be A Man - Part 1</Title>
        <Url>http://www.sermonindex.net/modules/mydownloads/visit.php?lid=18879</Url>
        <Speaker>Ken Graves</Speaker>
        <Length>61.27Mb</Length>
        <Status>NOT_STARTED</Status>
        <isSermonSelected>false</isSermonSelected>
    </Sermon>
    <Sermon>
        <Title>Be A Man - Part 2</Title>
        <Url>http://www.sermonindex.net/modules/mydownloads/visit.php?lid=18880</Url>
        <Speaker>Ken Graves</Speaker>
        <Length>61.25Mb</Length>
        <Status>NOT_STARTED</Status>
        <isSermonSelected>false</isSermonSelected>
    </Sermon>
    <Sermon>
        <Title>Be A Man - Part 3</Title>
        <Url>http://www.sermonindex.net/modules/mydownloads/visit.php?lid=18881</Url>
        <Speaker>Ken Graves</Speaker>
        <Length>64.63Mb</Length>
        <Status>NOT_STARTED</Status>
        <isSermonSelected>false</isSermonSelected>
    </Sermon>
    <Sermon>
        <Title>Meditate Don't Medicate</Title>
        <Url>http://www.sermonindex.net/modules/mydownloads/visit.php?lid=18882</Url>
        <Speaker>Ken Graves</Speaker>
        <Length>31.81Mb</Length>
        <Status>NOT_STARTED</Status>
        <isSermonSelected>false</isSermonSelected>
    </Sermon>
    <Sermon>
        <Title>Prodigal Nation</Title>
        <Url>http://www.sermonindex.net/modules/mydownloads/visit.php?lid=18876</Url>
        <Speaker>Ken Graves</Speaker>
        <Length>40.84Mb</Length>
        <Status>NOT_STARTED</Status>
        <isSermonSelected>false</isSermonSelected>
    </Sermon>
</Sermons>
