<?xml version="1.0" encoding="UTF-8" standalone="yes"?>
<Sermons>
    <Sermon>
        <Title>Can We Really Trust the Bible?</Title>
        <Url>http://www.sermonindex.net/modules/mydownloads/visit.php?lid=13543</Url>
        <Speaker>Ken Ham</Speaker>
        <Length>7.9Mb</Length>
        <Status>NOT_STARTED</Status>
        <isSermonSelected>false</isSermonSelected>
    </Sermon>
    <Sermon>
        <Title>Creation and the Scoffer!</Title>
        <Url>http://www.sermonindex.net/modules/mydownloads/visit.php?lid=13544</Url>
        <Speaker>Ken Ham</Speaker>
        <Length>4.12Mb</Length>
        <Status>NOT_STARTED</Status>
        <isSermonSelected>false</isSermonSelected>
    </Sermon>
    <Sermon>
        <Title>Genesis and the Origin of Races</Title>
        <Url>http://www.sermonindex.net/modules/mydownloads/visit.php?lid=13542</Url>
        <Speaker>Ken Ham</Speaker>
        <Length>7.22Mb</Length>
        <Status>NOT_STARTED</Status>
        <isSermonSelected>false</isSermonSelected>
    </Sermon>
    <Sermon>
        <Title>The Word "All" Makes Noahs Flood Global</Title>
        <Url>http://www.sermonindex.net/modules/mydownloads/visit.php?lid=19197</Url>
        <Speaker>Ken Ham</Speaker>
        <Length>700Kb</Length>
        <Status>NOT_STARTED</Status>
        <isSermonSelected>false</isSermonSelected>
    </Sermon>
    <Sermon>
        <Title>Young Earth -- It's Not the Issue</Title>
        <Url>http://www.sermonindex.net/modules/mydownloads/visit.php?lid=13541</Url>
        <Speaker>Ken Ham</Speaker>
        <Length>8.92Mb</Length>
        <Status>NOT_STARTED</Status>
        <isSermonSelected>false</isSermonSelected>
    </Sermon>
</Sermons>
