<?xml version="1.0" encoding="UTF-8" standalone="yes"?>
<Sermons>
    <Sermon>
        <Title>Fellowship With Christ</Title>
        <Url>http://www.sermonindex.net/modules/mydownloads/visit.php?lid=7335</Url>
        <Speaker>Kenneth Wuest</Speaker>
        <Length>6.18Mb</Length>
        <Status>NOT_STARTED</Status>
        <isSermonSelected>false</isSermonSelected>
    </Sermon>
    <Sermon>
        <Title>Healing And Tongues</Title>
        <Url>http://www.sermonindex.net/modules/mydownloads/visit.php?lid=7337</Url>
        <Speaker>Kenneth Wuest</Speaker>
        <Length>5.24Mb</Length>
        <Status>NOT_STARTED</Status>
        <isSermonSelected>false</isSermonSelected>
    </Sermon>
    <Sermon>
        <Title>The Spirit Filled Life Annointing Baptism &amp; Fullness</Title>
        <Url>http://www.sermonindex.net/modules/mydownloads/visit.php?lid=7334</Url>
        <Speaker>Kenneth Wuest</Speaker>
        <Length>4.59Mb</Length>
        <Status>NOT_STARTED</Status>
        <isSermonSelected>false</isSermonSelected>
    </Sermon>
    <Sermon>
        <Title>Victory Over Indwelling</Title>
        <Url>http://www.sermonindex.net/modules/mydownloads/visit.php?lid=7336</Url>
        <Speaker>Kenneth Wuest</Speaker>
        <Length>4.36Mb</Length>
        <Status>NOT_STARTED</Status>
        <isSermonSelected>false</isSermonSelected>
    </Sermon>
</Sermons>
