<?xml version="1.0" encoding="UTF-8" standalone="yes"?>
<Sermons>
    <Sermon>
        <Title>Evangelicals, Repent! (interview w/ Paul Washer)</Title>
        <Url>http://www.sermonindex.net/modules/mydownloads/visit.php?lid=19344</Url>
        <Speaker>Kevin Swanson</Speaker>
        <Length>3.35Mb</Length>
        <Status>NOT_STARTED</Status>
        <isSermonSelected>false</isSermonSelected>
    </Sermon>
    <Sermon>
        <Title>The Coming Evangelical Collapse</Title>
        <Url>http://www.sermonindex.net/modules/mydownloads/visit.php?lid=18689</Url>
        <Speaker>Kevin Swanson</Speaker>
        <Length>3.1Mb</Length>
        <Status>NOT_STARTED</Status>
        <isSermonSelected>false</isSermonSelected>
    </Sermon>
</Sermons>
