<?xml version="1.0" encoding="UTF-8" standalone="yes"?>
<Sermons>
    <Sermon>
        <Title>2 Chronicles 24:1-15</Title>
        <Url>http://www.sermonindex.net/modules/mydownloads/visit.php?lid=18885</Url>
        <Speaker>Kevin Turner</Speaker>
        <Length>50.03Mb</Length>
        <Status>NOT_STARTED</Status>
        <isSermonSelected>false</isSermonSelected>
    </Sermon>
    <Sermon>
        <Title>American Christianity Needs Revival</Title>
        <Url>http://www.sermonindex.net/modules/mydownloads/visit.php?lid=20429</Url>
        <Speaker>Kevin Turner</Speaker>
        <Length>51.86Mb</Length>
        <Status>NOT_STARTED</Status>
        <isSermonSelected>false</isSermonSelected>
    </Sermon>
    <Sermon>
        <Title>BAFC Rally</Title>
        <Url>http://www.sermonindex.net/modules/mydownloads/visit.php?lid=18883</Url>
        <Speaker>Kevin Turner</Speaker>
        <Length>43.93Mb</Length>
        <Status>NOT_STARTED</Status>
        <isSermonSelected>false</isSermonSelected>
    </Sermon>
    <Sermon>
        <Title>Christian Organization In War Zones</Title>
        <Url>http://www.sermonindex.net/modules/mydownloads/visit.php?lid=18886</Url>
        <Speaker>Kevin Turner</Speaker>
        <Length>7.08Mb</Length>
        <Status>NOT_STARTED</Status>
        <isSermonSelected>false</isSermonSelected>
    </Sermon>
    <Sermon>
        <Title>Deuteronomy 30:6</Title>
        <Url>http://www.sermonindex.net/modules/mydownloads/visit.php?lid=18884</Url>
        <Speaker>Kevin Turner</Speaker>
        <Length>60.73Mb</Length>
        <Status>NOT_STARTED</Status>
        <isSermonSelected>false</isSermonSelected>
    </Sermon>
    <Sermon>
        <Title>Radio Interview from Sudan Eritrea Border - Part 1</Title>
        <Url>http://www.sermonindex.net/modules/mydownloads/visit.php?lid=24575</Url>
        <Speaker>Kevin Turner</Speaker>
        <Length>2.59Mb</Length>
        <Status>NOT_STARTED</Status>
        <isSermonSelected>false</isSermonSelected>
    </Sermon>
    <Sermon>
        <Title>Radio Interview from Sudan Eritrea Border - Part 2</Title>
        <Url>http://www.sermonindex.net/modules/mydownloads/visit.php?lid=24576</Url>
        <Speaker>Kevin Turner</Speaker>
        <Length>2.59Mb</Length>
        <Status>NOT_STARTED</Status>
        <isSermonSelected>false</isSermonSelected>
    </Sermon>
    <Sermon>
        <Title>Radio Interview from Sudan Eritrea Border - Part 3</Title>
        <Url>http://www.sermonindex.net/modules/mydownloads/visit.php?lid=24577</Url>
        <Speaker>Kevin Turner</Speaker>
        <Length>2.59Mb</Length>
        <Status>NOT_STARTED</Status>
        <isSermonSelected>false</isSermonSelected>
    </Sermon>
    <Sermon>
        <Title>Radio Interview from Sudan Eritrea Border - Part 4</Title>
        <Url>http://www.sermonindex.net/modules/mydownloads/visit.php?lid=24578</Url>
        <Speaker>Kevin Turner</Speaker>
        <Length>2.55Mb</Length>
        <Status>NOT_STARTED</Status>
        <isSermonSelected>false</isSermonSelected>
    </Sermon>
    <Sermon>
        <Title>Radio Interview from Sudan Eritrea Border - Part 5</Title>
        <Url>http://www.sermonindex.net/modules/mydownloads/visit.php?lid=24579</Url>
        <Speaker>Kevin Turner</Speaker>
        <Length>2.59Mb</Length>
        <Status>NOT_STARTED</Status>
        <isSermonSelected>false</isSermonSelected>
    </Sermon>
    <Sermon>
        <Title>SI Prayer Conference Call</Title>
        <Url>http://www.sermonindex.net/modules/mydownloads/visit.php?lid=20527</Url>
        <Speaker>Kevin Turner</Speaker>
        <Length>19.77Mb</Length>
        <Status>NOT_STARTED</Status>
        <isSermonSelected>false</isSermonSelected>
    </Sermon>
    <Sermon>
        <Title>When Love Comes To Town</Title>
        <Url>http://www.sermonindex.net/modules/mydownloads/visit.php?lid=18887</Url>
        <Speaker>Kevin Turner</Speaker>
        <Length>8.77Mb</Length>
        <Status>NOT_STARTED</Status>
        <isSermonSelected>false</isSermonSelected>
    </Sermon>
</Sermons>
