<?xml version="1.0" encoding="UTF-8" standalone="yes"?>
<Sermons>
    <Sermon>
        <Title>Hell's Best Kept Secret (at Texas A&amp;M)</Title>
        <Url>http://www.sermonindex.net/modules/mydownloads/visit.php?lid=5660</Url>
        <Speaker>Kirk Cameron</Speaker>
        <Length>9.86Mb</Length>
        <Status>NOT_STARTED</Status>
        <isSermonSelected>false</isSermonSelected>
    </Sermon>
    <Sermon>
        <Title>Kirk Cameron Testimony</Title>
        <Url>http://www.sermonindex.net/modules/mydownloads/visit.php?lid=2860</Url>
        <Speaker>Kirk Cameron</Speaker>
        <Length>16.11Mb</Length>
        <Status>NOT_STARTED</Status>
        <isSermonSelected>false</isSermonSelected>
    </Sermon>
    <Sermon>
        <Title>Soundly Saved - Kirk's HBKS</Title>
        <Url>http://www.sermonindex.net/modules/mydownloads/visit.php?lid=4875</Url>
        <Speaker>Kirk Cameron</Speaker>
        <Length>13.15Mb</Length>
        <Status>NOT_STARTED</Status>
        <isSermonSelected>false</isSermonSelected>
    </Sermon>
</Sermons>
