<?xml version="1.0" encoding="UTF-8" standalone="yes"?>
<Sermons>
    <Sermon>
        <Title>Do not gaze on sin</Title>
        <Url>http://www.sermonindex.net/modules/mydownloads/visit.php?lid=16844</Url>
        <Speaker>Kjell Olsen</Speaker>
        <Length>14.45Mb</Length>
        <Status>NOT_STARTED</Status>
        <isSermonSelected>false</isSermonSelected>
    </Sermon>
    <Sermon>
        <Title>God´s striving is not forever</Title>
        <Url>http://www.sermonindex.net/modules/mydownloads/visit.php?lid=3476</Url>
        <Speaker>Kjell Olsen</Speaker>
        <Length>13.44Mb</Length>
        <Status>NOT_STARTED</Status>
        <isSermonSelected>false</isSermonSelected>
    </Sermon>
    <Sermon>
        <Title>Return from backsliding</Title>
        <Url>http://www.sermonindex.net/modules/mydownloads/visit.php?lid=16848</Url>
        <Speaker>Kjell Olsen</Speaker>
        <Length>13.52Mb</Length>
        <Status>NOT_STARTED</Status>
        <isSermonSelected>false</isSermonSelected>
    </Sermon>
    <Sermon>
        <Title>The real war</Title>
        <Url>http://www.sermonindex.net/modules/mydownloads/visit.php?lid=3502</Url>
        <Speaker>Kjell Olsen</Speaker>
        <Length>11.95Mb</Length>
        <Status>NOT_STARTED</Status>
        <isSermonSelected>false</isSermonSelected>
    </Sermon>
    <Sermon>
        <Title>Without it we are nothing</Title>
        <Url>http://www.sermonindex.net/modules/mydownloads/visit.php?lid=3495</Url>
        <Speaker>Kjell Olsen</Speaker>
        <Length>14.14Mb</Length>
        <Status>NOT_STARTED</Status>
        <isSermonSelected>false</isSermonSelected>
    </Sermon>
</Sermons>
