<?xml version="1.0" encoding="UTF-8" standalone="yes"?>
<Sermons>
    <Sermon>
        <Title>Overcoming Suffering: Patience and Prayer</Title>
        <Url>http://www.sermonindex.net/modules/mydownloads/visit.php?lid=21667</Url>
        <Speaker>Koshy Mathew</Speaker>
        <Length>7.38Mb</Length>
        <Status>NOT_STARTED</Status>
        <isSermonSelected>false</isSermonSelected>
    </Sermon>
    <Sermon>
        <Title>Why live a Holy life?</Title>
        <Url>http://www.sermonindex.net/modules/mydownloads/visit.php?lid=21668</Url>
        <Speaker>Koshy Mathew</Speaker>
        <Length>32.27Mb</Length>
        <Status>NOT_STARTED</Status>
        <isSermonSelected>false</isSermonSelected>
    </Sermon>
</Sermons>
