<?xml version="1.0" encoding="UTF-8" standalone="yes"?>
<Sermons>
    <Sermon>
        <Title>Ancient Revival</Title>
        <Url>http://www.sermonindex.net/modules/mydownloads/visit.php?lid=1446</Url>
        <Speaker>L.E. Maxwell</Speaker>
        <Length>6.28Mb</Length>
        <Status>NOT_STARTED</Status>
        <isSermonSelected>false</isSermonSelected>
    </Sermon>
    <Sermon>
        <Title>Being Filled with the Holy Spirit - Part 1</Title>
        <Url>http://www.sermonindex.net/modules/mydownloads/visit.php?lid=329</Url>
        <Speaker>L.E. Maxwell</Speaker>
        <Length>5.3Mb</Length>
        <Status>NOT_STARTED</Status>
        <isSermonSelected>false</isSermonSelected>
    </Sermon>
    <Sermon>
        <Title>Being Filled with the Holy Spirit Part 2</Title>
        <Url>http://www.sermonindex.net/modules/mydownloads/visit.php?lid=330</Url>
        <Speaker>L.E. Maxwell</Speaker>
        <Length>5.34Mb</Length>
        <Status>NOT_STARTED</Status>
        <isSermonSelected>false</isSermonSelected>
    </Sermon>
    <Sermon>
        <Title>How to be Filled</Title>
        <Url>http://www.sermonindex.net/modules/mydownloads/visit.php?lid=331</Url>
        <Speaker>L.E. Maxwell</Speaker>
        <Length>3.46Mb</Length>
        <Status>NOT_STARTED</Status>
        <isSermonSelected>false</isSermonSelected>
    </Sermon>
    <Sermon>
        <Title>Revival - Part 1</Title>
        <Url>http://www.sermonindex.net/modules/mydownloads/visit.php?lid=3049</Url>
        <Speaker>L.E. Maxwell</Speaker>
        <Length>8.67Mb</Length>
        <Status>NOT_STARTED</Status>
        <isSermonSelected>false</isSermonSelected>
    </Sermon>
    <Sermon>
        <Title>Revival - Part 2</Title>
        <Url>http://www.sermonindex.net/modules/mydownloads/visit.php?lid=3051</Url>
        <Speaker>L.E. Maxwell</Speaker>
        <Length>9.56Mb</Length>
        <Status>NOT_STARTED</Status>
        <isSermonSelected>false</isSermonSelected>
    </Sermon>
    <Sermon>
        <Title>Romans 5</Title>
        <Url>http://www.sermonindex.net/modules/mydownloads/visit.php?lid=171</Url>
        <Speaker>L.E. Maxwell</Speaker>
        <Length>2.72Mb</Length>
        <Status>NOT_STARTED</Status>
        <isSermonSelected>false</isSermonSelected>
    </Sermon>
    <Sermon>
        <Title>The Baptism Of The Spirit</Title>
        <Url>http://www.sermonindex.net/modules/mydownloads/visit.php?lid=122</Url>
        <Speaker>L.E. Maxwell</Speaker>
        <Length>6.79Mb</Length>
        <Status>NOT_STARTED</Status>
        <isSermonSelected>false</isSermonSelected>
    </Sermon>
    <Sermon>
        <Title>The Character of Samson</Title>
        <Url>http://www.sermonindex.net/modules/mydownloads/visit.php?lid=1727</Url>
        <Speaker>L.E. Maxwell</Speaker>
        <Length>6.73Mb</Length>
        <Status>NOT_STARTED</Status>
        <isSermonSelected>false</isSermonSelected>
    </Sermon>
</Sermons>
