<?xml version="1.0" encoding="UTF-8" standalone="yes"?>
<Sermons>
    <Sermon>
        <Title>A Soldier that Stands</Title>
        <Url>http://www.sermonindex.net/modules/mydownloads/visit.php?lid=3794</Url>
        <Speaker>Lester Roloff</Speaker>
        <Length>3.77Mb</Length>
        <Status>NOT_STARTED</Status>
        <isSermonSelected>false</isSermonSelected>
    </Sermon>
    <Sermon>
        <Title>Bondage</Title>
        <Url>http://www.sermonindex.net/modules/mydownloads/visit.php?lid=3795</Url>
        <Speaker>Lester Roloff</Speaker>
        <Length>4.45Mb</Length>
        <Status>NOT_STARTED</Status>
        <isSermonSelected>false</isSermonSelected>
    </Sermon>
    <Sermon>
        <Title>Revival - Part 1</Title>
        <Url>http://www.sermonindex.net/modules/mydownloads/visit.php?lid=3797</Url>
        <Speaker>Lester Roloff</Speaker>
        <Length>2.6Mb</Length>
        <Status>NOT_STARTED</Status>
        <isSermonSelected>false</isSermonSelected>
    </Sermon>
    <Sermon>
        <Title>Some Things Preachers Have To Do</Title>
        <Url>http://www.sermonindex.net/modules/mydownloads/visit.php?lid=16398</Url>
        <Speaker>Lester Roloff</Speaker>
        <Length>6.14Mb</Length>
        <Status>NOT_STARTED</Status>
        <isSermonSelected>false</isSermonSelected>
    </Sermon>
    <Sermon>
        <Title>The Axehead</Title>
        <Url>http://www.sermonindex.net/modules/mydownloads/visit.php?lid=3793</Url>
        <Speaker>Lester Roloff</Speaker>
        <Length>4.25Mb</Length>
        <Status>NOT_STARTED</Status>
        <isSermonSelected>false</isSermonSelected>
    </Sermon>
</Sermons>
