<?xml version="1.0" encoding="UTF-8" standalone="yes"?>
<Sermons>
    <Sermon>
        <Title>Be Still My Soul</Title>
        <Url>http://www.sermonindex.net/modules/mydownloads/visit.php?lid=12997</Url>
        <Speaker>Let God Be True</Speaker>
        <Length>3.17Mb</Length>
        <Status>NOT_STARTED</Status>
        <isSermonSelected>false</isSermonSelected>
    </Sermon>
    <Sermon>
        <Title>Blest Be the Tie that Binds</Title>
        <Url>http://www.sermonindex.net/modules/mydownloads/visit.php?lid=12998</Url>
        <Speaker>Let God Be True</Speaker>
        <Length>1.98Mb</Length>
        <Status>NOT_STARTED</Status>
        <isSermonSelected>false</isSermonSelected>
    </Sermon>
    <Sermon>
        <Title>Come Thou Fount</Title>
        <Url>http://www.sermonindex.net/modules/mydownloads/visit.php?lid=12999</Url>
        <Speaker>Let God Be True</Speaker>
        <Length>1.72Mb</Length>
        <Status>NOT_STARTED</Status>
        <isSermonSelected>false</isSermonSelected>
    </Sermon>
    <Sermon>
        <Title>Do Not I Love Thee</Title>
        <Url>http://www.sermonindex.net/modules/mydownloads/visit.php?lid=13000</Url>
        <Speaker>Let God Be True</Speaker>
        <Length>2.27Mb</Length>
        <Status>NOT_STARTED</Status>
        <isSermonSelected>false</isSermonSelected>
    </Sermon>
    <Sermon>
        <Title>Guide Me, O Thou Great Jehovah</Title>
        <Url>http://www.sermonindex.net/modules/mydownloads/visit.php?lid=13001</Url>
        <Speaker>Let God Be True</Speaker>
        <Length>1.77Mb</Length>
        <Status>NOT_STARTED</Status>
        <isSermonSelected>false</isSermonSelected>
    </Sermon>
    <Sermon>
        <Title>How Tedious And Tasteless The Hours</Title>
        <Url>http://www.sermonindex.net/modules/mydownloads/visit.php?lid=13002</Url>
        <Speaker>Let God Be True</Speaker>
        <Length>2.01Mb</Length>
        <Status>NOT_STARTED</Status>
        <isSermonSelected>false</isSermonSelected>
    </Sermon>
    <Sermon>
        <Title>Hungry And Faint</Title>
        <Url>http://www.sermonindex.net/modules/mydownloads/visit.php?lid=13003</Url>
        <Speaker>Let God Be True</Speaker>
        <Length>1.39Mb</Length>
        <Status>NOT_STARTED</Status>
        <isSermonSelected>false</isSermonSelected>
    </Sermon>
    <Sermon>
        <Title>I Am A Stranger Here Below</Title>
        <Url>http://www.sermonindex.net/modules/mydownloads/visit.php?lid=13004</Url>
        <Speaker>Let God Be True</Speaker>
        <Length>2.27Mb</Length>
        <Status>NOT_STARTED</Status>
        <isSermonSelected>false</isSermonSelected>
    </Sermon>
    <Sermon>
        <Title>I Must Tell Jesus</Title>
        <Url>http://www.sermonindex.net/modules/mydownloads/visit.php?lid=13005</Url>
        <Speaker>Let God Be True</Speaker>
        <Length>3.18Mb</Length>
        <Status>NOT_STARTED</Status>
        <isSermonSelected>false</isSermonSelected>
    </Sermon>
    <Sermon>
        <Title>It Is Well With My Soul</Title>
        <Url>http://www.sermonindex.net/modules/mydownloads/visit.php?lid=13006</Url>
        <Speaker>Let God Be True</Speaker>
        <Length>3.77Mb</Length>
        <Status>NOT_STARTED</Status>
        <isSermonSelected>false</isSermonSelected>
    </Sermon>
    <Sermon>
        <Title>Jesus is Our Great Salvation</Title>
        <Url>http://www.sermonindex.net/modules/mydownloads/visit.php?lid=13007</Url>
        <Speaker>Let God Be True</Speaker>
        <Length>1.26Mb</Length>
        <Status>NOT_STARTED</Status>
        <isSermonSelected>false</isSermonSelected>
    </Sermon>
    <Sermon>
        <Title>Jesus, Before Thy Face I Fall</Title>
        <Url>http://www.sermonindex.net/modules/mydownloads/visit.php?lid=13008</Url>
        <Speaker>Let God Be True</Speaker>
        <Length>2.51Mb</Length>
        <Status>NOT_STARTED</Status>
        <isSermonSelected>false</isSermonSelected>
    </Sermon>
    <Sermon>
        <Title>Joy Unspeakable</Title>
        <Url>http://www.sermonindex.net/modules/mydownloads/visit.php?lid=13009</Url>
        <Speaker>Let God Be True</Speaker>
        <Length>2.49Mb</Length>
        <Status>NOT_STARTED</Status>
        <isSermonSelected>false</isSermonSelected>
    </Sermon>
    <Sermon>
        <Title>Like A River Glorious</Title>
        <Url>http://www.sermonindex.net/modules/mydownloads/visit.php?lid=13010</Url>
        <Speaker>Let God Be True</Speaker>
        <Length>2.76Mb</Length>
        <Status>NOT_STARTED</Status>
        <isSermonSelected>false</isSermonSelected>
    </Sermon>
    <Sermon>
        <Title>My Soul, Be On Thy Guard</Title>
        <Url>http://www.sermonindex.net/modules/mydownloads/visit.php?lid=13011</Url>
        <Speaker>Let God Be True</Speaker>
        <Length>1.44Mb</Length>
        <Status>NOT_STARTED</Status>
        <isSermonSelected>false</isSermonSelected>
    </Sermon>
    <Sermon>
        <Title>Nearer, My God, To Thee</Title>
        <Url>http://www.sermonindex.net/modules/mydownloads/visit.php?lid=13012</Url>
        <Speaker>Let God Be True</Speaker>
        <Length>3.39Mb</Length>
        <Status>NOT_STARTED</Status>
        <isSermonSelected>false</isSermonSelected>
    </Sermon>
    <Sermon>
        <Title>O For A Heart To Praise My God</Title>
        <Url>http://www.sermonindex.net/modules/mydownloads/visit.php?lid=13013</Url>
        <Speaker>Let God Be True</Speaker>
        <Length>1.65Mb</Length>
        <Status>NOT_STARTED</Status>
        <isSermonSelected>false</isSermonSelected>
    </Sermon>
    <Sermon>
        <Title>O for a Thousand Tongues</Title>
        <Url>http://www.sermonindex.net/modules/mydownloads/visit.php?lid=13014</Url>
        <Speaker>Let God Be True</Speaker>
        <Length>1.19Mb</Length>
        <Status>NOT_STARTED</Status>
        <isSermonSelected>false</isSermonSelected>
    </Sermon>
    <Sermon>
        <Title>O Thou In Whose Presence</Title>
        <Url>http://www.sermonindex.net/modules/mydownloads/visit.php?lid=13015</Url>
        <Speaker>Let God Be True</Speaker>
        <Length>2.04Mb</Length>
        <Status>NOT_STARTED</Status>
        <isSermonSelected>false</isSermonSelected>
    </Sermon>
</Sermons>
