<?xml version="1.0" encoding="UTF-8" standalone="yes"?>
<Sermons>
    <Sermon>
        <Title>Champions Arise</Title>
        <Url>http://www.sermonindex.net/modules/mydownloads/visit.php?lid=23752</Url>
        <Speaker>Lewis Gregory</Speaker>
        <Length>11.19Mb</Length>
        <Status>NOT_STARTED</Status>
        <isSermonSelected>false</isSermonSelected>
    </Sermon>
    <Sermon>
        <Title>Change or Exchange</Title>
        <Url>http://www.sermonindex.net/modules/mydownloads/visit.php?lid=23751</Url>
        <Speaker>Lewis Gregory</Speaker>
        <Length>9.88Mb</Length>
        <Status>NOT_STARTED</Status>
        <isSermonSelected>false</isSermonSelected>
    </Sermon>
    <Sermon>
        <Title>Glorifying God</Title>
        <Url>http://www.sermonindex.net/modules/mydownloads/visit.php?lid=23748</Url>
        <Speaker>Lewis Gregory</Speaker>
        <Length>9.05Mb</Length>
        <Status>NOT_STARTED</Status>
        <isSermonSelected>false</isSermonSelected>
    </Sermon>
    <Sermon>
        <Title>God is with You</Title>
        <Url>http://www.sermonindex.net/modules/mydownloads/visit.php?lid=25780</Url>
        <Speaker>Lewis Gregory</Speaker>
        <Length>6.73Mb</Length>
        <Status>NOT_STARTED</Status>
        <isSermonSelected>false</isSermonSelected>
    </Sermon>
    <Sermon>
        <Title>Grace For Living</Title>
        <Url>http://www.sermonindex.net/modules/mydownloads/visit.php?lid=24718</Url>
        <Speaker>Lewis Gregory</Speaker>
        <Length>5.71Mb</Length>
        <Status>NOT_STARTED</Status>
        <isSermonSelected>false</isSermonSelected>
    </Sermon>
    <Sermon>
        <Title>Grace: Invaluable or In Vain</Title>
        <Url>http://www.sermonindex.net/modules/mydownloads/visit.php?lid=24719</Url>
        <Speaker>Lewis Gregory</Speaker>
        <Length>8.63Mb</Length>
        <Status>NOT_STARTED</Status>
        <isSermonSelected>false</isSermonSelected>
    </Sermon>
    <Sermon>
        <Title>Grow Up</Title>
        <Url>http://www.sermonindex.net/modules/mydownloads/visit.php?lid=25779</Url>
        <Speaker>Lewis Gregory</Speaker>
        <Length>7Mb</Length>
        <Status>NOT_STARTED</Status>
        <isSermonSelected>false</isSermonSelected>
    </Sermon>
    <Sermon>
        <Title>How's Your Walk?</Title>
        <Url>http://www.sermonindex.net/modules/mydownloads/visit.php?lid=23753</Url>
        <Speaker>Lewis Gregory</Speaker>
        <Length>10.58Mb</Length>
        <Status>NOT_STARTED</Status>
        <isSermonSelected>false</isSermonSelected>
    </Sermon>
    <Sermon>
        <Title>Superabounding Love</Title>
        <Url>http://www.sermonindex.net/modules/mydownloads/visit.php?lid=26683</Url>
        <Speaker>Lewis Gregory</Speaker>
        <Length>7.72Mb</Length>
        <Status>NOT_STARTED</Status>
        <isSermonSelected>false</isSermonSelected>
    </Sermon>
    <Sermon>
        <Title>The Wretched Man Syndrome</Title>
        <Url>http://www.sermonindex.net/modules/mydownloads/visit.php?lid=23750</Url>
        <Speaker>Lewis Gregory</Speaker>
        <Length>9.74Mb</Length>
        <Status>NOT_STARTED</Status>
        <isSermonSelected>false</isSermonSelected>
    </Sermon>
    <Sermon>
        <Title>Total Surrender</Title>
        <Url>http://www.sermonindex.net/modules/mydownloads/visit.php?lid=23749</Url>
        <Speaker>Lewis Gregory</Speaker>
        <Length>7.88Mb</Length>
        <Status>NOT_STARTED</Status>
        <isSermonSelected>false</isSermonSelected>
    </Sermon>
    <Sermon>
        <Title>Wit’s End</Title>
        <Url>http://www.sermonindex.net/modules/mydownloads/visit.php?lid=25778</Url>
        <Speaker>Lewis Gregory</Speaker>
        <Length>4.96Mb</Length>
        <Status>NOT_STARTED</Status>
        <isSermonSelected>false</isSermonSelected>
    </Sermon>
</Sermons>
