<?xml version="1.0" encoding="UTF-8" standalone="yes"?>
<Sermons>
    <Sermon>
        <Title>Are You Born Again?</Title>
        <Url>http://www.sermonindex.net/modules/mydownloads/visit.php?lid=20120</Url>
        <Speaker>Llewellyn Van Der Merwe</Speaker>
        <Length>4.62Mb</Length>
        <Status>ALREADY_DONE</Status>
        <isSermonSelected>false</isSermonSelected>
    </Sermon>
    <Sermon>
        <Title>Why not Missions</Title>
        <Url>http://www.sermonindex.net/modules/mydownloads/visit.php?lid=20119</Url>
        <Speaker>Llewellyn Van Der Merwe</Speaker>
        <Length>11.18Mb</Length>
        <Status>ALREADY_DONE</Status>
        <isSermonSelected>false</isSermonSelected>
    </Sermon>
</Sermons>
