<?xml version="1.0" encoding="UTF-8" standalone="yes"?>
<Sermons>
    <Sermon>
        <Title>Marks of A False Prophet</Title>
        <Url>http://www.sermonindex.net/modules/mydownloads/visit.php?lid=2110</Url>
        <Speaker>L.R. Shelton Jr</Speaker>
        <Length>14.37Mb</Length>
        <Status>NOT_STARTED</Status>
        <isSermonSelected>false</isSermonSelected>
    </Sermon>
    <Sermon>
        <Title>Marks of A True Prophet</Title>
        <Url>http://www.sermonindex.net/modules/mydownloads/visit.php?lid=2111</Url>
        <Speaker>L.R. Shelton Jr</Speaker>
        <Length>9.12Mb</Length>
        <Status>NOT_STARTED</Status>
        <isSermonSelected>false</isSermonSelected>
    </Sermon>
    <Sermon>
        <Title>Prophets who are False and the One that is True</Title>
        <Url>http://www.sermonindex.net/modules/mydownloads/visit.php?lid=2149</Url>
        <Speaker>L.R. Shelton Jr</Speaker>
        <Length>7.91Mb</Length>
        <Status>NOT_STARTED</Status>
        <isSermonSelected>false</isSermonSelected>
    </Sermon>
    <Sermon>
        <Title>The Lord Knoweth How to Deliver the Godly</Title>
        <Url>http://www.sermonindex.net/modules/mydownloads/visit.php?lid=2150</Url>
        <Speaker>L.R. Shelton Jr</Speaker>
        <Length>6.87Mb</Length>
        <Status>NOT_STARTED</Status>
        <isSermonSelected>false</isSermonSelected>
    </Sermon>
    <Sermon>
        <Title>Three Warnings and the Remedy</Title>
        <Url>http://www.sermonindex.net/modules/mydownloads/visit.php?lid=2154</Url>
        <Speaker>L.R. Shelton Jr</Speaker>
        <Length>7.78Mb</Length>
        <Status>NOT_STARTED</Status>
        <isSermonSelected>false</isSermonSelected>
    </Sermon>
    <Sermon>
        <Title>Wells Without Water - Clouds that are Carried Away</Title>
        <Url>http://www.sermonindex.net/modules/mydownloads/visit.php?lid=2155</Url>
        <Speaker>L.R. Shelton Jr</Speaker>
        <Length>8.81Mb</Length>
        <Status>NOT_STARTED</Status>
        <isSermonSelected>false</isSermonSelected>
    </Sermon>
</Sermons>
