<?xml version="1.0" encoding="UTF-8" standalone="yes"?>
<Sermons>
    <Sermon>
        <Title>A Certain Sound</Title>
        <Url>http://www.sermonindex.net/modules/mydownloads/visit.php?lid=22910</Url>
        <Speaker>Manley Beasley</Speaker>
        <Length>22.23Mb</Length>
        <Status>NOT_STARTED</Status>
        <isSermonSelected>false</isSermonSelected>
    </Sermon>
    <Sermon>
        <Title>Abounding Grace</Title>
        <Url>http://www.sermonindex.net/modules/mydownloads/visit.php?lid=3535</Url>
        <Speaker>Manley Beasley</Speaker>
        <Length>8.5Mb</Length>
        <Status>NOT_STARTED</Status>
        <isSermonSelected>false</isSermonSelected>
    </Sermon>
    <Sermon>
        <Title>Actuality or Reality</Title>
        <Url>http://www.sermonindex.net/modules/mydownloads/visit.php?lid=25729</Url>
        <Speaker>Manley Beasley</Speaker>
        <Length>6.64Mb</Length>
        <Status>NOT_STARTED</Status>
        <isSermonSelected>false</isSermonSelected>
    </Sermon>
    <Sermon>
        <Title>America's Only Hope</Title>
        <Url>http://www.sermonindex.net/modules/mydownloads/visit.php?lid=25730</Url>
        <Speaker>Manley Beasley</Speaker>
        <Length>10.39Mb</Length>
        <Status>NOT_STARTED</Status>
        <isSermonSelected>false</isSermonSelected>
    </Sermon>
    <Sermon>
        <Title>And He Saw God - Not the Devil</Title>
        <Url>http://www.sermonindex.net/modules/mydownloads/visit.php?lid=25731</Url>
        <Speaker>Manley Beasley</Speaker>
        <Length>7.23Mb</Length>
        <Status>NOT_STARTED</Status>
        <isSermonSelected>false</isSermonSelected>
    </Sermon>
    <Sermon>
        <Title>Answers</Title>
        <Url>http://www.sermonindex.net/modules/mydownloads/visit.php?lid=25732</Url>
        <Speaker>Manley Beasley</Speaker>
        <Length>11.13Mb</Length>
        <Status>NOT_STARTED</Status>
        <isSermonSelected>false</isSermonSelected>
    </Sermon>
    <Sermon>
        <Title>Answers for Our Days</Title>
        <Url>http://www.sermonindex.net/modules/mydownloads/visit.php?lid=25733</Url>
        <Speaker>Manley Beasley</Speaker>
        <Length>12.86Mb</Length>
        <Status>NOT_STARTED</Status>
        <isSermonSelected>false</isSermonSelected>
    </Sermon>
    <Sermon>
        <Title>Basic Laws of Christian Life</Title>
        <Url>http://www.sermonindex.net/modules/mydownloads/visit.php?lid=22983</Url>
        <Speaker>Manley Beasley</Speaker>
        <Length>8.84Mb</Length>
        <Status>NOT_STARTED</Status>
        <isSermonSelected>false</isSermonSelected>
    </Sermon>
    <Sermon>
        <Title>Be Ye Doers of the Word</Title>
        <Url>http://www.sermonindex.net/modules/mydownloads/visit.php?lid=25734</Url>
        <Speaker>Manley Beasley</Speaker>
        <Length>5.7Mb</Length>
        <Status>NOT_STARTED</Status>
        <isSermonSelected>false</isSermonSelected>
    </Sermon>
    <Sermon>
        <Title>Becoming What You Are</Title>
        <Url>http://www.sermonindex.net/modules/mydownloads/visit.php?lid=25735</Url>
        <Speaker>Manley Beasley</Speaker>
        <Length>6.59Mb</Length>
        <Status>NOT_STARTED</Status>
        <isSermonSelected>false</isSermonSelected>
    </Sermon>
    <Sermon>
        <Title>Believing a Lie</Title>
        <Url>http://www.sermonindex.net/modules/mydownloads/visit.php?lid=25736</Url>
        <Speaker>Manley Beasley</Speaker>
        <Length>11.74Mb</Length>
        <Status>NOT_STARTED</Status>
        <isSermonSelected>false</isSermonSelected>
    </Sermon>
    <Sermon>
        <Title>Bring Back the Glory</Title>
        <Url>http://www.sermonindex.net/modules/mydownloads/visit.php?lid=25737</Url>
        <Speaker>Manley Beasley</Speaker>
        <Length>9.83Mb</Length>
        <Status>NOT_STARTED</Status>
        <isSermonSelected>false</isSermonSelected>
    </Sermon>
    <Sermon>
        <Title>Broken Vessels</Title>
        <Url>http://www.sermonindex.net/modules/mydownloads/visit.php?lid=22931</Url>
        <Speaker>Manley Beasley</Speaker>
        <Length>22.35Mb</Length>
        <Status>NOT_STARTED</Status>
        <isSermonSelected>false</isSermonSelected>
    </Sermon>
    <Sermon>
        <Title>By This They Got a Good Report</Title>
        <Url>http://www.sermonindex.net/modules/mydownloads/visit.php?lid=22986</Url>
        <Speaker>Manley Beasley</Speaker>
        <Length>9.11Mb</Length>
        <Status>NOT_STARTED</Status>
        <isSermonSelected>false</isSermonSelected>
    </Sermon>
    <Sermon>
        <Title>Call of Abraham</Title>
        <Url>http://www.sermonindex.net/modules/mydownloads/visit.php?lid=25738</Url>
        <Speaker>Manley Beasley</Speaker>
        <Length>10.2Mb</Length>
        <Status>NOT_STARTED</Status>
        <isSermonSelected>false</isSermonSelected>
    </Sermon>
    <Sermon>
        <Title>Can You Fly</Title>
        <Url>http://www.sermonindex.net/modules/mydownloads/visit.php?lid=25739</Url>
        <Speaker>Manley Beasley</Speaker>
        <Length>8.54Mb</Length>
        <Status>NOT_STARTED</Status>
        <isSermonSelected>false</isSermonSelected>
    </Sermon>
    <Sermon>
        <Title>Christians - Carnal or Immature</Title>
        <Url>http://www.sermonindex.net/modules/mydownloads/visit.php?lid=22982</Url>
        <Speaker>Manley Beasley</Speaker>
        <Length>8.72Mb</Length>
        <Status>NOT_STARTED</Status>
        <isSermonSelected>false</isSermonSelected>
    </Sermon>
    <Sermon>
        <Title>Come and Dine</Title>
        <Url>http://www.sermonindex.net/modules/mydownloads/visit.php?lid=25740</Url>
        <Speaker>Manley Beasley</Speaker>
        <Length>11.13Mb</Length>
        <Status>NOT_STARTED</Status>
        <isSermonSelected>false</isSermonSelected>
    </Sermon>
    <Sermon>
        <Title>Condition of the Church of Laodicea</Title>
        <Url>http://www.sermonindex.net/modules/mydownloads/visit.php?lid=3536</Url>
        <Speaker>Manley Beasley</Speaker>
        <Length>11.08Mb</Length>
        <Status>NOT_STARTED</Status>
        <isSermonSelected>false</isSermonSelected>
    </Sermon>
    <Sermon>
        <Title>Conformed to His Image</Title>
        <Url>http://www.sermonindex.net/modules/mydownloads/visit.php?lid=25741</Url>
        <Speaker>Manley Beasley</Speaker>
        <Length>6.39Mb</Length>
        <Status>NOT_STARTED</Status>
        <isSermonSelected>false</isSermonSelected>
    </Sermon>
    <Sermon>
        <Title>Defective Consecration - Part 1</Title>
        <Url>http://www.sermonindex.net/modules/mydownloads/visit.php?lid=18350</Url>
        <Speaker>Manley Beasley</Speaker>
        <Length>3.42Mb</Length>
        <Status>NOT_STARTED</Status>
        <isSermonSelected>false</isSermonSelected>
    </Sermon>
    <Sermon>
        <Title>Defective Consecration - Part 2</Title>
        <Url>http://www.sermonindex.net/modules/mydownloads/visit.php?lid=18351</Url>
        <Speaker>Manley Beasley</Speaker>
        <Length>2.01Mb</Length>
        <Status>NOT_STARTED</Status>
        <isSermonSelected>false</isSermonSelected>
    </Sermon>
    <Sermon>
        <Title>Discussion on Revival</Title>
        <Url>http://www.sermonindex.net/modules/mydownloads/visit.php?lid=25742</Url>
        <Speaker>Manley Beasley</Speaker>
        <Length>11.42Mb</Length>
        <Status>NOT_STARTED</Status>
        <isSermonSelected>false</isSermonSelected>
    </Sermon>
    <Sermon>
        <Title>Drifting</Title>
        <Url>http://www.sermonindex.net/modules/mydownloads/visit.php?lid=25743</Url>
        <Speaker>Manley Beasley</Speaker>
        <Length>8.45Mb</Length>
        <Status>NOT_STARTED</Status>
        <isSermonSelected>false</isSermonSelected>
    </Sermon>
    <Sermon>
        <Title>Encouragement</Title>
        <Url>http://www.sermonindex.net/modules/mydownloads/visit.php?lid=22904</Url>
        <Speaker>Manley Beasley</Speaker>
        <Length>27.47Mb</Length>
        <Status>NOT_STARTED</Status>
        <isSermonSelected>false</isSermonSelected>
    </Sermon>
    <Sermon>
        <Title>Ephesians 6-18</Title>
        <Url>http://www.sermonindex.net/modules/mydownloads/visit.php?lid=22988</Url>
        <Speaker>Manley Beasley</Speaker>
        <Length>13.67Mb</Length>
        <Status>NOT_STARTED</Status>
        <isSermonSelected>false</isSermonSelected>
    </Sermon>
    <Sermon>
        <Title>Equipment for Warfare</Title>
        <Url>http://www.sermonindex.net/modules/mydownloads/visit.php?lid=25744</Url>
        <Speaker>Manley Beasley</Speaker>
        <Length>6.88Mb</Length>
        <Status>NOT_STARTED</Status>
        <isSermonSelected>false</isSermonSelected>
    </Sermon>
    <Sermon>
        <Title>Examine Yourselves</Title>
        <Url>http://www.sermonindex.net/modules/mydownloads/visit.php?lid=3537</Url>
        <Speaker>Manley Beasley</Speaker>
        <Length>8.31Mb</Length>
        <Status>NOT_STARTED</Status>
        <isSermonSelected>false</isSermonSelected>
    </Sermon>
    <Sermon>
        <Title>Faith</Title>
        <Url>http://www.sermonindex.net/modules/mydownloads/visit.php?lid=3539</Url>
        <Speaker>Manley Beasley</Speaker>
        <Length>7.48Mb</Length>
        <Status>NOT_STARTED</Status>
        <isSermonSelected>false</isSermonSelected>
    </Sermon>
    <Sermon>
        <Title>Faith And Finances</Title>
        <Url>http://www.sermonindex.net/modules/mydownloads/visit.php?lid=22903</Url>
        <Speaker>Manley Beasley</Speaker>
        <Length>27.46Mb</Length>
        <Status>NOT_STARTED</Status>
        <isSermonSelected>false</isSermonSelected>
    </Sermon>
    <Sermon>
        <Title>Faith And Missions</Title>
        <Url>http://www.sermonindex.net/modules/mydownloads/visit.php?lid=22932</Url>
        <Speaker>Manley Beasley</Speaker>
        <Length>27.46Mb</Length>
        <Status>NOT_STARTED</Status>
        <isSermonSelected>false</isSermonSelected>
    </Sermon>
    <Sermon>
        <Title>Faith and Revival</Title>
        <Url>http://www.sermonindex.net/modules/mydownloads/visit.php?lid=25745</Url>
        <Speaker>Manley Beasley</Speaker>
        <Length>8.6Mb</Length>
        <Status>NOT_STARTED</Status>
        <isSermonSelected>false</isSermonSelected>
    </Sermon>
    <Sermon>
        <Title>Faith And Works - Part 1</Title>
        <Url>http://www.sermonindex.net/modules/mydownloads/visit.php?lid=22905</Url>
        <Speaker>Manley Beasley</Speaker>
        <Length>27.49Mb</Length>
        <Status>NOT_STARTED</Status>
        <isSermonSelected>false</isSermonSelected>
    </Sermon>
    <Sermon>
        <Title>Faith And Works - Part 2</Title>
        <Url>http://www.sermonindex.net/modules/mydownloads/visit.php?lid=22906</Url>
        <Speaker>Manley Beasley</Speaker>
        <Length>9.77Mb</Length>
        <Status>NOT_STARTED</Status>
        <isSermonSelected>false</isSermonSelected>
    </Sermon>
    <Sermon>
        <Title>Faith That Faints Not</Title>
        <Url>http://www.sermonindex.net/modules/mydownloads/visit.php?lid=22929</Url>
        <Speaker>Manley Beasley</Speaker>
        <Length>25.31Mb</Length>
        <Status>NOT_STARTED</Status>
        <isSermonSelected>false</isSermonSelected>
    </Sermon>
    <Sermon>
        <Title>Faith That Works</Title>
        <Url>http://www.sermonindex.net/modules/mydownloads/visit.php?lid=3538</Url>
        <Speaker>Manley Beasley</Speaker>
        <Length>8.21Mb</Length>
        <Status>NOT_STARTED</Status>
        <isSermonSelected>false</isSermonSelected>
    </Sermon>
    <Sermon>
        <Title>Fellowship</Title>
        <Url>http://www.sermonindex.net/modules/mydownloads/visit.php?lid=25746</Url>
        <Speaker>Manley Beasley</Speaker>
        <Length>13.05Mb</Length>
        <Status>NOT_STARTED</Status>
        <isSermonSelected>false</isSermonSelected>
    </Sermon>
    <Sermon>
        <Title>Freedom of Romans 8</Title>
        <Url>http://www.sermonindex.net/modules/mydownloads/visit.php?lid=25747</Url>
        <Speaker>Manley Beasley</Speaker>
        <Length>7.46Mb</Length>
        <Status>NOT_STARTED</Status>
        <isSermonSelected>false</isSermonSelected>
    </Sermon>
    <Sermon>
        <Title>Getting the Report</Title>
        <Url>http://www.sermonindex.net/modules/mydownloads/visit.php?lid=25748</Url>
        <Speaker>Manley Beasley</Speaker>
        <Length>11.56Mb</Length>
        <Status>NOT_STARTED</Status>
        <isSermonSelected>false</isSermonSelected>
    </Sermon>
    <Sermon>
        <Title>God Is Speaking to Us</Title>
        <Url>http://www.sermonindex.net/modules/mydownloads/visit.php?lid=22987</Url>
        <Speaker>Manley Beasley</Speaker>
        <Length>11.49Mb</Length>
        <Status>NOT_STARTED</Status>
        <isSermonSelected>false</isSermonSelected>
    </Sermon>
    <Sermon>
        <Title>God's Testing</Title>
        <Url>http://www.sermonindex.net/modules/mydownloads/visit.php?lid=25749</Url>
        <Speaker>Manley Beasley</Speaker>
        <Length>11.33Mb</Length>
        <Status>NOT_STARTED</Status>
        <isSermonSelected>false</isSermonSelected>
    </Sermon>
    <Sermon>
        <Title>God's Way</Title>
        <Url>http://www.sermonindex.net/modules/mydownloads/visit.php?lid=25750</Url>
        <Speaker>Manley Beasley</Speaker>
        <Length>10.67Mb</Length>
        <Status>NOT_STARTED</Status>
        <isSermonSelected>false</isSermonSelected>
    </Sermon>
    <Sermon>
        <Title>God's Will - Man's Responsibility</Title>
        <Url>http://www.sermonindex.net/modules/mydownloads/visit.php?lid=25751</Url>
        <Speaker>Manley Beasley</Speaker>
        <Length>10.49Mb</Length>
        <Status>NOT_STARTED</Status>
        <isSermonSelected>false</isSermonSelected>
    </Sermon>
    <Sermon>
        <Title>Great White Throne of Judgement</Title>
        <Url>http://www.sermonindex.net/modules/mydownloads/visit.php?lid=3540</Url>
        <Speaker>Manley Beasley</Speaker>
        <Length>5.16Mb</Length>
        <Status>NOT_STARTED</Status>
        <isSermonSelected>false</isSermonSelected>
    </Sermon>
    <Sermon>
        <Title>Hebrews 11</Title>
        <Url>http://www.sermonindex.net/modules/mydownloads/visit.php?lid=3541</Url>
        <Speaker>Manley Beasley</Speaker>
        <Length>9.53Mb</Length>
        <Status>NOT_STARTED</Status>
        <isSermonSelected>false</isSermonSelected>
    </Sermon>
    <Sermon>
        <Title>Holy Spirit and Revival</Title>
        <Url>http://www.sermonindex.net/modules/mydownloads/visit.php?lid=25752</Url>
        <Speaker>Manley Beasley</Speaker>
        <Length>8.33Mb</Length>
        <Status>NOT_STARTED</Status>
        <isSermonSelected>false</isSermonSelected>
    </Sermon>
    <Sermon>
        <Title>How to Enter In the Spiritual Reality</Title>
        <Url>http://www.sermonindex.net/modules/mydownloads/visit.php?lid=25753</Url>
        <Speaker>Manley Beasley</Speaker>
        <Length>9.31Mb</Length>
        <Status>NOT_STARTED</Status>
        <isSermonSelected>false</isSermonSelected>
    </Sermon>
    <Sermon>
        <Title>How to Handle Adversity</Title>
        <Url>http://www.sermonindex.net/modules/mydownloads/visit.php?lid=25754</Url>
        <Speaker>Manley Beasley</Speaker>
        <Length>7.77Mb</Length>
        <Status>NOT_STARTED</Status>
        <isSermonSelected>false</isSermonSelected>
    </Sermon>
    <Sermon>
        <Title>How to Lead A Person to Christ</Title>
        <Url>http://www.sermonindex.net/modules/mydownloads/visit.php?lid=25755</Url>
        <Speaker>Manley Beasley</Speaker>
        <Length>5.43Mb</Length>
        <Status>NOT_STARTED</Status>
        <isSermonSelected>false</isSermonSelected>
    </Sermon>
    <Sermon>
        <Title>If You Died Today</Title>
        <Url>http://www.sermonindex.net/modules/mydownloads/visit.php?lid=22981</Url>
        <Speaker>Manley Beasley</Speaker>
        <Length>7.2Mb</Length>
        <Status>NOT_STARTED</Status>
        <isSermonSelected>false</isSermonSelected>
    </Sermon>
    <Sermon>
        <Title>Interceding for others</Title>
        <Url>http://www.sermonindex.net/modules/mydownloads/visit.php?lid=3542</Url>
        <Speaker>Manley Beasley</Speaker>
        <Length>6.56Mb</Length>
        <Status>NOT_STARTED</Status>
        <isSermonSelected>false</isSermonSelected>
    </Sermon>
    <Sermon>
        <Title>It is Finished</Title>
        <Url>http://www.sermonindex.net/modules/mydownloads/visit.php?lid=3543</Url>
        <Speaker>Manley Beasley</Speaker>
        <Length>4.99Mb</Length>
        <Status>NOT_STARTED</Status>
        <isSermonSelected>false</isSermonSelected>
    </Sermon>
    <Sermon>
        <Title>Jesus as the Son of Man</Title>
        <Url>http://www.sermonindex.net/modules/mydownloads/visit.php?lid=3544</Url>
        <Speaker>Manley Beasley</Speaker>
        <Length>11.28Mb</Length>
        <Status>NOT_STARTED</Status>
        <isSermonSelected>false</isSermonSelected>
    </Sermon>
    <Sermon>
        <Title>Jesus, the Ladder to Heaven</Title>
        <Url>http://www.sermonindex.net/modules/mydownloads/visit.php?lid=25756</Url>
        <Speaker>Manley Beasley</Speaker>
        <Length>9.3Mb</Length>
        <Status>NOT_STARTED</Status>
        <isSermonSelected>false</isSermonSelected>
    </Sermon>
    <Sermon>
        <Title>Key to Everything</Title>
        <Url>http://www.sermonindex.net/modules/mydownloads/visit.php?lid=25757</Url>
        <Speaker>Manley Beasley</Speaker>
        <Length>11.84Mb</Length>
        <Status>NOT_STARTED</Status>
        <isSermonSelected>false</isSermonSelected>
    </Sermon>
    <Sermon>
        <Title>Knowing</Title>
        <Url>http://www.sermonindex.net/modules/mydownloads/visit.php?lid=25758</Url>
        <Speaker>Manley Beasley</Speaker>
        <Length>8.96Mb</Length>
        <Status>NOT_STARTED</Status>
        <isSermonSelected>false</isSermonSelected>
    </Sermon>
    <Sermon>
        <Title>Knowing God Through Prayer</Title>
        <Url>http://www.sermonindex.net/modules/mydownloads/visit.php?lid=22927</Url>
        <Speaker>Manley Beasley</Speaker>
        <Length>27.46Mb</Length>
        <Status>NOT_STARTED</Status>
        <isSermonSelected>false</isSermonSelected>
    </Sermon>
    <Sermon>
        <Title>Law of the Spirit in Christ</Title>
        <Url>http://www.sermonindex.net/modules/mydownloads/visit.php?lid=3545</Url>
        <Speaker>Manley Beasley</Speaker>
        <Length>8.97Mb</Length>
        <Status>NOT_STARTED</Status>
        <isSermonSelected>false</isSermonSelected>
    </Sermon>
    <Sermon>
        <Title>Levels of Faith</Title>
        <Url>http://www.sermonindex.net/modules/mydownloads/visit.php?lid=25759</Url>
        <Speaker>Manley Beasley</Speaker>
        <Length>9.2Mb</Length>
        <Status>NOT_STARTED</Status>
        <isSermonSelected>false</isSermonSelected>
    </Sermon>
    <Sermon>
        <Title>Lot, the Backslider</Title>
        <Url>http://www.sermonindex.net/modules/mydownloads/visit.php?lid=25760</Url>
        <Speaker>Manley Beasley</Speaker>
        <Length>8.02Mb</Length>
        <Status>NOT_STARTED</Status>
        <isSermonSelected>false</isSermonSelected>
    </Sermon>
    <Sermon>
        <Title>Maintaining Our Walk</Title>
        <Url>http://www.sermonindex.net/modules/mydownloads/visit.php?lid=25761</Url>
        <Speaker>Manley Beasley</Speaker>
        <Length>8.02Mb</Length>
        <Status>NOT_STARTED</Status>
        <isSermonSelected>false</isSermonSelected>
    </Sermon>
    <Sermon>
        <Title>Man's Responsibility</Title>
        <Url>http://www.sermonindex.net/modules/mydownloads/visit.php?lid=25762</Url>
        <Speaker>Manley Beasley</Speaker>
        <Length>10.97Mb</Length>
        <Status>NOT_STARTED</Status>
        <isSermonSelected>false</isSermonSelected>
    </Sermon>
    <Sermon>
        <Title>Now Faith Is</Title>
        <Url>http://www.sermonindex.net/modules/mydownloads/visit.php?lid=25763</Url>
        <Speaker>Manley Beasley</Speaker>
        <Length>10.14Mb</Length>
        <Status>NOT_STARTED</Status>
        <isSermonSelected>false</isSermonSelected>
    </Sermon>
    <Sermon>
        <Title>Oklahoma State Evangelism Conference - Part 1</Title>
        <Url>http://www.sermonindex.net/modules/mydownloads/visit.php?lid=25727</Url>
        <Speaker>Manley Beasley</Speaker>
        <Length>5.99Mb</Length>
        <Status>NOT_STARTED</Status>
        <isSermonSelected>false</isSermonSelected>
    </Sermon>
    <Sermon>
        <Title>Oklahoma State Evangelism Conference - Part 2</Title>
        <Url>http://www.sermonindex.net/modules/mydownloads/visit.php?lid=25728</Url>
        <Speaker>Manley Beasley</Speaker>
        <Length>5.63Mb</Length>
        <Status>NOT_STARTED</Status>
        <isSermonSelected>false</isSermonSelected>
    </Sermon>
    <Sermon>
        <Title>On The Victory Side</Title>
        <Url>http://www.sermonindex.net/modules/mydownloads/visit.php?lid=22925</Url>
        <Speaker>Manley Beasley</Speaker>
        <Length>27.46Mb</Length>
        <Status>NOT_STARTED</Status>
        <isSermonSelected>false</isSermonSelected>
    </Sermon>
    <Sermon>
        <Title>Personal Discoveries In the Faith Life</Title>
        <Url>http://www.sermonindex.net/modules/mydownloads/visit.php?lid=25764</Url>
        <Speaker>Manley Beasley</Speaker>
        <Length>10.94Mb</Length>
        <Status>NOT_STARTED</Status>
        <isSermonSelected>false</isSermonSelected>
    </Sermon>
    <Sermon>
        <Title>Personality of the Holy Spirit Principle of Spiritual Growth</Title>
        <Url>http://www.sermonindex.net/modules/mydownloads/visit.php?lid=25765</Url>
        <Speaker>Manley Beasley</Speaker>
        <Length>13.43Mb</Length>
        <Status>NOT_STARTED</Status>
        <isSermonSelected>false</isSermonSelected>
    </Sermon>
    <Sermon>
        <Title>Prayer</Title>
        <Url>http://www.sermonindex.net/modules/mydownloads/visit.php?lid=3546</Url>
        <Speaker>Manley Beasley</Speaker>
        <Length>6.16Mb</Length>
        <Status>NOT_STARTED</Status>
        <isSermonSelected>false</isSermonSelected>
    </Sermon>
    <Sermon>
        <Title>Praying for the Lost</Title>
        <Url>http://www.sermonindex.net/modules/mydownloads/visit.php?lid=25766</Url>
        <Speaker>Manley Beasley</Speaker>
        <Length>14.04Mb</Length>
        <Status>NOT_STARTED</Status>
        <isSermonSelected>false</isSermonSelected>
    </Sermon>
    <Sermon>
        <Title>Prerequesite to Revival</Title>
        <Url>http://www.sermonindex.net/modules/mydownloads/visit.php?lid=3547</Url>
        <Speaker>Manley Beasley</Speaker>
        <Length>8.68Mb</Length>
        <Status>NOT_STARTED</Status>
        <isSermonSelected>false</isSermonSelected>
    </Sermon>
    <Sermon>
        <Title>Psalm 126</Title>
        <Url>http://www.sermonindex.net/modules/mydownloads/visit.php?lid=25767</Url>
        <Speaker>Manley Beasley</Speaker>
        <Length>11.05Mb</Length>
        <Status>NOT_STARTED</Status>
        <isSermonSelected>false</isSermonSelected>
    </Sermon>
    <Sermon>
        <Title>Responsibility of Man</Title>
        <Url>http://www.sermonindex.net/modules/mydownloads/visit.php?lid=3548</Url>
        <Speaker>Manley Beasley</Speaker>
        <Length>9.13Mb</Length>
        <Status>NOT_STARTED</Status>
        <isSermonSelected>false</isSermonSelected>
    </Sermon>
    <Sermon>
        <Title>Resurrection</Title>
        <Url>http://www.sermonindex.net/modules/mydownloads/visit.php?lid=22909</Url>
        <Speaker>Manley Beasley</Speaker>
        <Length>27.46Mb</Length>
        <Status>NOT_STARTED</Status>
        <isSermonSelected>false</isSermonSelected>
    </Sermon>
    <Sermon>
        <Title>Revival</Title>
        <Url>http://www.sermonindex.net/modules/mydownloads/visit.php?lid=22924</Url>
        <Speaker>Manley Beasley</Speaker>
        <Length>27.46Mb</Length>
        <Status>NOT_STARTED</Status>
        <isSermonSelected>false</isSermonSelected>
    </Sermon>
    <Sermon>
        <Title>Romans 6:16</Title>
        <Url>http://www.sermonindex.net/modules/mydownloads/visit.php?lid=25768</Url>
        <Speaker>Manley Beasley</Speaker>
        <Length>11.14Mb</Length>
        <Status>NOT_STARTED</Status>
        <isSermonSelected>false</isSermonSelected>
    </Sermon>
    <Sermon>
        <Title>Romans 7</Title>
        <Url>http://www.sermonindex.net/modules/mydownloads/visit.php?lid=3549</Url>
        <Speaker>Manley Beasley</Speaker>
        <Length>10.53Mb</Length>
        <Status>NOT_STARTED</Status>
        <isSermonSelected>false</isSermonSelected>
    </Sermon>
    <Sermon>
        <Title>Romans 8</Title>
        <Url>http://www.sermonindex.net/modules/mydownloads/visit.php?lid=3550</Url>
        <Speaker>Manley Beasley</Speaker>
        <Length>9.72Mb</Length>
        <Status>NOT_STARTED</Status>
        <isSermonSelected>false</isSermonSelected>
    </Sermon>
    <Sermon>
        <Title>Shunammite Woman</Title>
        <Url>http://www.sermonindex.net/modules/mydownloads/visit.php?lid=25769</Url>
        <Speaker>Manley Beasley</Speaker>
        <Length>6.71Mb</Length>
        <Status>NOT_STARTED</Status>
        <isSermonSelected>false</isSermonSelected>
    </Sermon>
    <Sermon>
        <Title>Source of Faith</Title>
        <Url>http://www.sermonindex.net/modules/mydownloads/visit.php?lid=3551</Url>
        <Speaker>Manley Beasley</Speaker>
        <Length>4.66Mb</Length>
        <Status>NOT_STARTED</Status>
        <isSermonSelected>false</isSermonSelected>
    </Sermon>
    <Sermon>
        <Title>Spiritual Warfare</Title>
        <Url>http://www.sermonindex.net/modules/mydownloads/visit.php?lid=22989</Url>
        <Speaker>Manley Beasley</Speaker>
        <Length>14.01Mb</Length>
        <Status>NOT_STARTED</Status>
        <isSermonSelected>false</isSermonSelected>
    </Sermon>
    <Sermon>
        <Title>Straight Talk</Title>
        <Url>http://www.sermonindex.net/modules/mydownloads/visit.php?lid=25770</Url>
        <Speaker>Manley Beasley</Speaker>
        <Length>12.75Mb</Length>
        <Status>NOT_STARTED</Status>
        <isSermonSelected>false</isSermonSelected>
    </Sermon>
    <Sermon>
        <Title>The Greatest Promise</Title>
        <Url>http://www.sermonindex.net/modules/mydownloads/visit.php?lid=3552</Url>
        <Speaker>Manley Beasley</Speaker>
        <Length>10.76Mb</Length>
        <Status>NOT_STARTED</Status>
        <isSermonSelected>false</isSermonSelected>
    </Sermon>
    <Sermon>
        <Title>The Holy Spirit And Guidance</Title>
        <Url>http://www.sermonindex.net/modules/mydownloads/visit.php?lid=22911</Url>
        <Speaker>Manley Beasley</Speaker>
        <Length>4.69Mb</Length>
        <Status>NOT_STARTED</Status>
        <isSermonSelected>false</isSermonSelected>
    </Sermon>
    <Sermon>
        <Title>The Laodicean Church</Title>
        <Url>http://www.sermonindex.net/modules/mydownloads/visit.php?lid=22928</Url>
        <Speaker>Manley Beasley</Speaker>
        <Length>27.46Mb</Length>
        <Status>NOT_STARTED</Status>
        <isSermonSelected>false</isSermonSelected>
    </Sermon>
    <Sermon>
        <Title>The Lord's Supper</Title>
        <Url>http://www.sermonindex.net/modules/mydownloads/visit.php?lid=22908</Url>
        <Speaker>Manley Beasley</Speaker>
        <Length>27.51Mb</Length>
        <Status>NOT_STARTED</Status>
        <isSermonSelected>false</isSermonSelected>
    </Sermon>
    <Sermon>
        <Title>The Prayer of Faith</Title>
        <Url>http://www.sermonindex.net/modules/mydownloads/visit.php?lid=19530</Url>
        <Speaker>Manley Beasley</Speaker>
        <Length>13Mb</Length>
        <Status>NOT_STARTED</Status>
        <isSermonSelected>false</isSermonSelected>
    </Sermon>
    <Sermon>
        <Title>The Soul of a Man</Title>
        <Url>http://www.sermonindex.net/modules/mydownloads/visit.php?lid=3553</Url>
        <Speaker>Manley Beasley</Speaker>
        <Length>5.85Mb</Length>
        <Status>NOT_STARTED</Status>
        <isSermonSelected>false</isSermonSelected>
    </Sermon>
    <Sermon>
        <Title>The Works of God</Title>
        <Url>http://www.sermonindex.net/modules/mydownloads/visit.php?lid=25771</Url>
        <Speaker>Manley Beasley</Speaker>
        <Length>11.58Mb</Length>
        <Status>NOT_STARTED</Status>
        <isSermonSelected>false</isSermonSelected>
    </Sermon>
    <Sermon>
        <Title>Toward Maturity</Title>
        <Url>http://www.sermonindex.net/modules/mydownloads/visit.php?lid=22930</Url>
        <Speaker>Manley Beasley</Speaker>
        <Length>22.1Mb</Length>
        <Status>NOT_STARTED</Status>
        <isSermonSelected>false</isSermonSelected>
    </Sermon>
    <Sermon>
        <Title>Truth That Has Changed My Life</Title>
        <Url>http://www.sermonindex.net/modules/mydownloads/visit.php?lid=25772</Url>
        <Speaker>Manley Beasley</Speaker>
        <Length>9.67Mb</Length>
        <Status>NOT_STARTED</Status>
        <isSermonSelected>false</isSermonSelected>
    </Sermon>
    <Sermon>
        <Title>Victory</Title>
        <Url>http://www.sermonindex.net/modules/mydownloads/visit.php?lid=25773</Url>
        <Speaker>Manley Beasley</Speaker>
        <Length>6.52Mb</Length>
        <Status>NOT_STARTED</Status>
        <isSermonSelected>false</isSermonSelected>
    </Sermon>
    <Sermon>
        <Title>Wake Up Christian</Title>
        <Url>http://www.sermonindex.net/modules/mydownloads/visit.php?lid=25774</Url>
        <Speaker>Manley Beasley</Speaker>
        <Length>9.52Mb</Length>
        <Status>NOT_STARTED</Status>
        <isSermonSelected>false</isSermonSelected>
    </Sermon>
    <Sermon>
        <Title>Walking in the Wind (conclusion)</Title>
        <Url>http://www.sermonindex.net/modules/mydownloads/visit.php?lid=22337</Url>
        <Speaker>Manley Beasley</Speaker>
        <Length>1024Kb</Length>
        <Status>NOT_STARTED</Status>
        <isSermonSelected>false</isSermonSelected>
    </Sermon>
    <Sermon>
        <Title>Walking with the Wind</Title>
        <Url>http://www.sermonindex.net/modules/mydownloads/visit.php?lid=3554</Url>
        <Speaker>Manley Beasley</Speaker>
        <Length>6.72Mb</Length>
        <Status>NOT_STARTED</Status>
        <isSermonSelected>false</isSermonSelected>
    </Sermon>
    <Sermon>
        <Title>Warning</Title>
        <Url>http://www.sermonindex.net/modules/mydownloads/visit.php?lid=22926</Url>
        <Speaker>Manley Beasley</Speaker>
        <Length>27.46Mb</Length>
        <Status>NOT_STARTED</Status>
        <isSermonSelected>false</isSermonSelected>
    </Sermon>
    <Sermon>
        <Title>What Is a Christian</Title>
        <Url>http://www.sermonindex.net/modules/mydownloads/visit.php?lid=25775</Url>
        <Speaker>Manley Beasley</Speaker>
        <Length>9.54Mb</Length>
        <Status>NOT_STARTED</Status>
        <isSermonSelected>false</isSermonSelected>
    </Sermon>
    <Sermon>
        <Title>What is Faith</Title>
        <Url>http://www.sermonindex.net/modules/mydownloads/visit.php?lid=3555</Url>
        <Speaker>Manley Beasley</Speaker>
        <Length>9.93Mb</Length>
        <Status>NOT_STARTED</Status>
        <isSermonSelected>false</isSermonSelected>
    </Sermon>
    <Sermon>
        <Title>What Is Faith - Part 1</Title>
        <Url>http://www.sermonindex.net/modules/mydownloads/visit.php?lid=22984</Url>
        <Speaker>Manley Beasley</Speaker>
        <Length>8.95Mb</Length>
        <Status>NOT_STARTED</Status>
        <isSermonSelected>false</isSermonSelected>
    </Sermon>
    <Sermon>
        <Title>What Is Faith - Part 2</Title>
        <Url>http://www.sermonindex.net/modules/mydownloads/visit.php?lid=22985</Url>
        <Speaker>Manley Beasley</Speaker>
        <Length>9.1Mb</Length>
        <Status>NOT_STARTED</Status>
        <isSermonSelected>false</isSermonSelected>
    </Sermon>
    <Sermon>
        <Title>What Is Truth</Title>
        <Url>http://www.sermonindex.net/modules/mydownloads/visit.php?lid=25776</Url>
        <Speaker>Manley Beasley</Speaker>
        <Length>10.13Mb</Length>
        <Status>NOT_STARTED</Status>
        <isSermonSelected>false</isSermonSelected>
    </Sermon>
    <Sermon>
        <Title>What Is Victory?</Title>
        <Url>http://www.sermonindex.net/modules/mydownloads/visit.php?lid=22907</Url>
        <Speaker>Manley Beasley</Speaker>
        <Length>27.5Mb</Length>
        <Status>NOT_STARTED</Status>
        <isSermonSelected>false</isSermonSelected>
    </Sermon>
    <Sermon>
        <Title>Why Gods Children have Adversity</Title>
        <Url>http://www.sermonindex.net/modules/mydownloads/visit.php?lid=3556</Url>
        <Speaker>Manley Beasley</Speaker>
        <Length>8.95Mb</Length>
        <Status>NOT_STARTED</Status>
        <isSermonSelected>false</isSermonSelected>
    </Sermon>
    <Sermon>
        <Title>Why Pray for Revival</Title>
        <Url>http://www.sermonindex.net/modules/mydownloads/visit.php?lid=25777</Url>
        <Speaker>Manley Beasley</Speaker>
        <Length>6.87Mb</Length>
        <Status>NOT_STARTED</Status>
        <isSermonSelected>false</isSermonSelected>
    </Sermon>
    <Sermon>
        <Title>Worship</Title>
        <Url>http://www.sermonindex.net/modules/mydownloads/visit.php?lid=3557</Url>
        <Speaker>Manley Beasley</Speaker>
        <Length>9.03Mb</Length>
        <Status>NOT_STARTED</Status>
        <isSermonSelected>false</isSermonSelected>
    </Sermon>
</Sermons>
