<?xml version="1.0" encoding="UTF-8" standalone="yes"?>
<Sermons>
    <Sermon>
        <Title>Blessed Are the Merciful</Title>
        <Url>http://www.sermonindex.net/modules/mydownloads/visit.php?lid=7168</Url>
        <Speaker>Mark Turner</Speaker>
        <Length>7.27Mb</Length>
        <Status>NOT_STARTED</Status>
        <isSermonSelected>false</isSermonSelected>
    </Sermon>
    <Sermon>
        <Title>Christian Contentment</Title>
        <Url>http://www.sermonindex.net/modules/mydownloads/visit.php?lid=7031</Url>
        <Speaker>Mark Turner</Speaker>
        <Length>19.13Mb</Length>
        <Status>NOT_STARTED</Status>
        <isSermonSelected>false</isSermonSelected>
    </Sermon>
    <Sermon>
        <Title>Hebrews 3</Title>
        <Url>http://www.sermonindex.net/modules/mydownloads/visit.php?lid=7032</Url>
        <Speaker>Mark Turner</Speaker>
        <Length>28.11Mb</Length>
        <Status>NOT_STARTED</Status>
        <isSermonSelected>false</isSermonSelected>
    </Sermon>
</Sermons>
