<?xml version="1.0" encoding="UTF-8" standalone="yes"?>
<Sermons>
    <Sermon>
        <Title>Apostasy in Last Days</Title>
        <Url>http://www.sermonindex.net/modules/mydownloads/visit.php?lid=3821</Url>
        <Speaker>Martin Geehan</Speaker>
        <Length>4.25Mb</Length>
        <Status>NOT_STARTED</Status>
        <isSermonSelected>false</isSermonSelected>
    </Sermon>
    <Sermon>
        <Title>Easter Sunday</Title>
        <Url>http://www.sermonindex.net/modules/mydownloads/visit.php?lid=3812</Url>
        <Speaker>Martin Geehan</Speaker>
        <Length>4.81Mb</Length>
        <Status>NOT_STARTED</Status>
        <isSermonSelected>false</isSermonSelected>
    </Sermon>
    <Sermon>
        <Title>Good Friday Sermon</Title>
        <Url>http://www.sermonindex.net/modules/mydownloads/visit.php?lid=3813</Url>
        <Speaker>Martin Geehan</Speaker>
        <Length>4.1Mb</Length>
        <Status>NOT_STARTED</Status>
        <isSermonSelected>false</isSermonSelected>
    </Sermon>
    <Sermon>
        <Title>Introduction to Hebrews</Title>
        <Url>http://www.sermonindex.net/modules/mydownloads/visit.php?lid=3823</Url>
        <Speaker>Martin Geehan</Speaker>
        <Length>3.51Mb</Length>
        <Status>NOT_STARTED</Status>
        <isSermonSelected>false</isSermonSelected>
    </Sermon>
    <Sermon>
        <Title>Jude - Cain and Abel</Title>
        <Url>http://www.sermonindex.net/modules/mydownloads/visit.php?lid=3811</Url>
        <Speaker>Martin Geehan</Speaker>
        <Length>4.38Mb</Length>
        <Status>NOT_STARTED</Status>
        <isSermonSelected>false</isSermonSelected>
    </Sermon>
    <Sermon>
        <Title>Jude - False Teachers</Title>
        <Url>http://www.sermonindex.net/modules/mydownloads/visit.php?lid=3816</Url>
        <Speaker>Martin Geehan</Speaker>
        <Length>5.55Mb</Length>
        <Status>NOT_STARTED</Status>
        <isSermonSelected>false</isSermonSelected>
    </Sermon>
    <Sermon>
        <Title>Jude - Korah</Title>
        <Url>http://www.sermonindex.net/modules/mydownloads/visit.php?lid=3807</Url>
        <Speaker>Martin Geehan</Speaker>
        <Length>4.02Mb</Length>
        <Status>NOT_STARTED</Status>
        <isSermonSelected>false</isSermonSelected>
    </Sermon>
    <Sermon>
        <Title>Jude - Korah &amp; Rebellion</Title>
        <Url>http://www.sermonindex.net/modules/mydownloads/visit.php?lid=3806</Url>
        <Speaker>Martin Geehan</Speaker>
        <Length>5.07Mb</Length>
        <Status>NOT_STARTED</Status>
        <isSermonSelected>false</isSermonSelected>
    </Sermon>
    <Sermon>
        <Title>Jude - Last Days</Title>
        <Url>http://www.sermonindex.net/modules/mydownloads/visit.php?lid=3818</Url>
        <Speaker>Martin Geehan</Speaker>
        <Length>4.08Mb</Length>
        <Status>NOT_STARTED</Status>
        <isSermonSelected>false</isSermonSelected>
    </Sermon>
    <Sermon>
        <Title>Jude - Last Days Message to Christians</Title>
        <Url>http://www.sermonindex.net/modules/mydownloads/visit.php?lid=3817</Url>
        <Speaker>Martin Geehan</Speaker>
        <Length>3.95Mb</Length>
        <Status>NOT_STARTED</Status>
        <isSermonSelected>false</isSermonSelected>
    </Sermon>
    <Sermon>
        <Title>Jude - Mockers in Last Days</Title>
        <Url>http://www.sermonindex.net/modules/mydownloads/visit.php?lid=3815</Url>
        <Speaker>Martin Geehan</Speaker>
        <Length>4.62Mb</Length>
        <Status>NOT_STARTED</Status>
        <isSermonSelected>false</isSermonSelected>
    </Sermon>
    <Sermon>
        <Title>Jude: Last Days - Balaam 1</Title>
        <Url>http://www.sermonindex.net/modules/mydownloads/visit.php?lid=3808</Url>
        <Speaker>Martin Geehan</Speaker>
        <Length>5.13Mb</Length>
        <Status>NOT_STARTED</Status>
        <isSermonSelected>false</isSermonSelected>
    </Sermon>
    <Sermon>
        <Title>Jude: Last Days - Balaam 2</Title>
        <Url>http://www.sermonindex.net/modules/mydownloads/visit.php?lid=3809</Url>
        <Speaker>Martin Geehan</Speaker>
        <Length>5.2Mb</Length>
        <Status>NOT_STARTED</Status>
        <isSermonSelected>false</isSermonSelected>
    </Sermon>
    <Sermon>
        <Title>Jude: Last Days - Balaam 3</Title>
        <Url>http://www.sermonindex.net/modules/mydownloads/visit.php?lid=3810</Url>
        <Speaker>Martin Geehan</Speaker>
        <Length>4.89Mb</Length>
        <Status>NOT_STARTED</Status>
        <isSermonSelected>false</isSermonSelected>
    </Sermon>
    <Sermon>
        <Title>Last Days - Perilous Times</Title>
        <Url>http://www.sermonindex.net/modules/mydownloads/visit.php?lid=3820</Url>
        <Speaker>Martin Geehan</Speaker>
        <Length>3.71Mb</Length>
        <Status>NOT_STARTED</Status>
        <isSermonSelected>false</isSermonSelected>
    </Sermon>
    <Sermon>
        <Title>Marriage - Marriage Supper of the Lamb</Title>
        <Url>http://www.sermonindex.net/modules/mydownloads/visit.php?lid=3805</Url>
        <Speaker>Martin Geehan</Speaker>
        <Length>5.22Mb</Length>
        <Status>NOT_STARTED</Status>
        <isSermonSelected>false</isSermonSelected>
    </Sermon>
    <Sermon>
        <Title>Palm Sunday</Title>
        <Url>http://www.sermonindex.net/modules/mydownloads/visit.php?lid=3814</Url>
        <Speaker>Martin Geehan</Speaker>
        <Length>5.85Mb</Length>
        <Status>NOT_STARTED</Status>
        <isSermonSelected>false</isSermonSelected>
    </Sermon>
    <Sermon>
        <Title>Purity - Victory Over Sin</Title>
        <Url>http://www.sermonindex.net/modules/mydownloads/visit.php?lid=3822</Url>
        <Speaker>Martin Geehan</Speaker>
        <Length>4.78Mb</Length>
        <Status>NOT_STARTED</Status>
        <isSermonSelected>false</isSermonSelected>
    </Sermon>
    <Sermon>
        <Title>Romans - Last Message</Title>
        <Url>http://www.sermonindex.net/modules/mydownloads/visit.php?lid=3804</Url>
        <Speaker>Martin Geehan</Speaker>
        <Length>4.96Mb</Length>
        <Status>NOT_STARTED</Status>
        <isSermonSelected>false</isSermonSelected>
    </Sermon>
    <Sermon>
        <Title>Study of Jude</Title>
        <Url>http://www.sermonindex.net/modules/mydownloads/visit.php?lid=3819</Url>
        <Speaker>Martin Geehan</Speaker>
        <Length>4.46Mb</Length>
        <Status>NOT_STARTED</Status>
        <isSermonSelected>false</isSermonSelected>
    </Sermon>
</Sermons>
