<?xml version="1.0" encoding="UTF-8" standalone="yes"?>
<Sermons>
    <Sermon>
        <Title>(Revival) Part 1 - Phenomena</Title>
        <Url>http://www.sermonindex.net/modules/mydownloads/visit.php?lid=14556</Url>
        <Speaker>Martyn-Lloyd Jones</Speaker>
        <Length>4.39Mb</Length>
        <Status>NOT_STARTED</Status>
        <isSermonSelected>false</isSermonSelected>
    </Sermon>
    <Sermon>
        <Title>(Revival) Part 2 - Preparatory Stages</Title>
        <Url>http://www.sermonindex.net/modules/mydownloads/visit.php?lid=14557</Url>
        <Speaker>Martyn-Lloyd Jones</Speaker>
        <Length>5.06Mb</Length>
        <Status>NOT_STARTED</Status>
        <isSermonSelected>false</isSermonSelected>
    </Sermon>
    <Sermon>
        <Title>(Revival) Part 3 - Prayer For</Title>
        <Url>http://www.sermonindex.net/modules/mydownloads/visit.php?lid=14558</Url>
        <Speaker>Martyn-Lloyd Jones</Speaker>
        <Length>4.97Mb</Length>
        <Status>NOT_STARTED</Status>
        <isSermonSelected>false</isSermonSelected>
    </Sermon>
    <Sermon>
        <Title>(Revival) Part 4 - Should Pray</Title>
        <Url>http://www.sermonindex.net/modules/mydownloads/visit.php?lid=14559</Url>
        <Speaker>Martyn-Lloyd Jones</Speaker>
        <Length>4.92Mb</Length>
        <Status>NOT_STARTED</Status>
        <isSermonSelected>false</isSermonSelected>
    </Sermon>
    <Sermon>
        <Title>(Revival) Part 5 - Glory Of God</Title>
        <Url>http://www.sermonindex.net/modules/mydownloads/visit.php?lid=14560</Url>
        <Speaker>Martyn-Lloyd Jones</Speaker>
        <Length>5.33Mb</Length>
        <Status>NOT_STARTED</Status>
        <isSermonSelected>false</isSermonSelected>
    </Sermon>
    <Sermon>
        <Title>(Revival) Part 6 - Crowning Day</Title>
        <Url>http://www.sermonindex.net/modules/mydownloads/visit.php?lid=14561</Url>
        <Speaker>Martyn-Lloyd Jones</Speaker>
        <Length>5.27Mb</Length>
        <Status>NOT_STARTED</Status>
        <isSermonSelected>false</isSermonSelected>
    </Sermon>
    <Sermon>
        <Title>A New Reformation</Title>
        <Url>http://www.sermonindex.net/modules/mydownloads/visit.php?lid=24651</Url>
        <Speaker>Martyn-Lloyd Jones</Speaker>
        <Length>13.9Mb</Length>
        <Status>NOT_STARTED</Status>
        <isSermonSelected>false</isSermonSelected>
    </Sermon>
    <Sermon>
        <Title>Full Salvation</Title>
        <Url>http://www.sermonindex.net/modules/mydownloads/visit.php?lid=12536</Url>
        <Speaker>Martyn-Lloyd Jones</Speaker>
        <Length>11.68Mb</Length>
        <Status>NOT_STARTED</Status>
        <isSermonSelected>false</isSermonSelected>
    </Sermon>
    <Sermon>
        <Title>Ignorance, Prejudice</Title>
        <Url>http://www.sermonindex.net/modules/mydownloads/visit.php?lid=12537</Url>
        <Speaker>Martyn-Lloyd Jones</Speaker>
        <Length>10.82Mb</Length>
        <Status>NOT_STARTED</Status>
        <isSermonSelected>false</isSermonSelected>
    </Sermon>
    <Sermon>
        <Title>Judgment to come Pt 1</Title>
        <Url>http://www.sermonindex.net/modules/mydownloads/visit.php?lid=14564</Url>
        <Speaker>Martyn-Lloyd Jones</Speaker>
        <Length>3.38Mb</Length>
        <Status>NOT_STARTED</Status>
        <isSermonSelected>false</isSermonSelected>
    </Sermon>
    <Sermon>
        <Title>Judgment to come Pt 2</Title>
        <Url>http://www.sermonindex.net/modules/mydownloads/visit.php?lid=14565</Url>
        <Speaker>Martyn-Lloyd Jones</Speaker>
        <Length>3.39Mb</Length>
        <Status>NOT_STARTED</Status>
        <isSermonSelected>false</isSermonSelected>
    </Sermon>
    <Sermon>
        <Title>Not in Word Only</Title>
        <Url>http://www.sermonindex.net/modules/mydownloads/visit.php?lid=12532</Url>
        <Speaker>Martyn-Lloyd Jones</Speaker>
        <Length>12.57Mb</Length>
        <Status>NOT_STARTED</Status>
        <isSermonSelected>false</isSermonSelected>
    </Sermon>
    <Sermon>
        <Title>Power in Persecution</Title>
        <Url>http://www.sermonindex.net/modules/mydownloads/visit.php?lid=12535</Url>
        <Speaker>Martyn-Lloyd Jones</Speaker>
        <Length>10.76Mb</Length>
        <Status>NOT_STARTED</Status>
        <isSermonSelected>false</isSermonSelected>
    </Sermon>
    <Sermon>
        <Title>Revelation and Reason</Title>
        <Url>http://www.sermonindex.net/modules/mydownloads/visit.php?lid=12534</Url>
        <Speaker>Martyn-Lloyd Jones</Speaker>
        <Length>12.59Mb</Length>
        <Status>NOT_STARTED</Status>
        <isSermonSelected>false</isSermonSelected>
    </Sermon>
    <Sermon>
        <Title>So Great Salvation</Title>
        <Url>http://www.sermonindex.net/modules/mydownloads/visit.php?lid=12533</Url>
        <Speaker>Martyn-Lloyd Jones</Speaker>
        <Length>11.74Mb</Length>
        <Status>NOT_STARTED</Status>
        <isSermonSelected>false</isSermonSelected>
    </Sermon>
    <Sermon>
        <Title>The Apostles Doctrine</Title>
        <Url>http://www.sermonindex.net/modules/mydownloads/visit.php?lid=16781</Url>
        <Speaker>Martyn-Lloyd Jones</Speaker>
        <Length>13.67Mb</Length>
        <Status>NOT_STARTED</Status>
        <isSermonSelected>false</isSermonSelected>
    </Sermon>
</Sermons>
