<?xml version="1.0" encoding="UTF-8" standalone="yes"?>
<Sermons>
    <Sermon>
        <Title>A Virtuous Woman</Title>
        <Url>http://www.sermonindex.net/modules/mydownloads/visit.php?lid=23817</Url>
        <Speaker>Mary Peckham</Speaker>
        <Length>17.82Mb</Length>
        <Status>NOT_STARTED</Status>
        <isSermonSelected>false</isSermonSelected>
    </Sermon>
    <Sermon>
        <Title>Isle of Lewis Revival Eyewitness Testimony</Title>
        <Url>http://www.sermonindex.net/modules/mydownloads/visit.php?lid=650</Url>
        <Speaker>Mary Peckham</Speaker>
        <Length>5.36Mb</Length>
        <Status>NOT_STARTED</Status>
        <isSermonSelected>false</isSermonSelected>
    </Sermon>
    <Sermon>
        <Title>Surrender</Title>
        <Url>http://www.sermonindex.net/modules/mydownloads/visit.php?lid=23822</Url>
        <Speaker>Mary Peckham</Speaker>
        <Length>16.35Mb</Length>
        <Status>NOT_STARTED</Status>
        <isSermonSelected>false</isSermonSelected>
    </Sermon>
    <Sermon>
        <Title>Testimony</Title>
        <Url>http://www.sermonindex.net/modules/mydownloads/visit.php?lid=3142</Url>
        <Speaker>Mary Peckham</Speaker>
        <Length>8.8Mb</Length>
        <Status>NOT_STARTED</Status>
        <isSermonSelected>false</isSermonSelected>
    </Sermon>
    <Sermon>
        <Title>The Lord is Holy</Title>
        <Url>http://www.sermonindex.net/modules/mydownloads/visit.php?lid=23818</Url>
        <Speaker>Mary Peckham</Speaker>
        <Length>20.21Mb</Length>
        <Status>NOT_STARTED</Status>
        <isSermonSelected>false</isSermonSelected>
    </Sermon>
    <Sermon>
        <Title>The Ministry of Prayer</Title>
        <Url>http://www.sermonindex.net/modules/mydownloads/visit.php?lid=23819</Url>
        <Speaker>Mary Peckham</Speaker>
        <Length>20.95Mb</Length>
        <Status>NOT_STARTED</Status>
        <isSermonSelected>false</isSermonSelected>
    </Sermon>
    <Sermon>
        <Title>The Natural, Carnal and Spiritual</Title>
        <Url>http://www.sermonindex.net/modules/mydownloads/visit.php?lid=23820</Url>
        <Speaker>Mary Peckham</Speaker>
        <Length>10.78Mb</Length>
        <Status>NOT_STARTED</Status>
        <isSermonSelected>false</isSermonSelected>
    </Sermon>
    <Sermon>
        <Title>The Prayer of Jabez</Title>
        <Url>http://www.sermonindex.net/modules/mydownloads/visit.php?lid=23821</Url>
        <Speaker>Mary Peckham</Speaker>
        <Length>18.99Mb</Length>
        <Status>NOT_STARTED</Status>
        <isSermonSelected>false</isSermonSelected>
    </Sermon>
</Sermons>
