<?xml version="1.0" encoding="UTF-8" standalone="yes"?>
<Sermons>
    <Sermon>
        <Title>A Shout of Faith</Title>
        <Url>http://www.sermonindex.net/modules/mydownloads/visit.php?lid=17965</Url>
        <Speaker>Mel Esh</Speaker>
        <Length>9.91Mb</Length>
        <Status>NOT_STARTED</Status>
        <isSermonSelected>false</isSermonSelected>
    </Sermon>
    <Sermon>
        <Title>Penetrating the Spirit of This Age</Title>
        <Url>http://www.sermonindex.net/modules/mydownloads/visit.php?lid=18994</Url>
        <Speaker>Mel Esh</Speaker>
        <Length>9.34Mb</Length>
        <Status>NOT_STARTED</Status>
        <isSermonSelected>false</isSermonSelected>
    </Sermon>
    <Sermon>
        <Title>Turn Your Eyes Upon Jesus</Title>
        <Url>http://www.sermonindex.net/modules/mydownloads/visit.php?lid=20127</Url>
        <Speaker>Mel Esh</Speaker>
        <Length>8.32Mb</Length>
        <Status>NOT_STARTED</Status>
        <isSermonSelected>false</isSermonSelected>
    </Sermon>
</Sermons>
