<?xml version="1.0" encoding="UTF-8" standalone="yes"?>
<Sermons>
    <Sermon>
        <Title>Jehovah's Witnesses #2 - The Ten Misapplied Texts Pt. 1</Title>
        <Url>http://www.sermonindex.net/modules/mydownloads/visit.php?lid=2820</Url>
        <Speaker>Mike Theule</Speaker>
        <Length>10.39Mb</Length>
        <Status>NOT_STARTED</Status>
        <isSermonSelected>false</isSermonSelected>
    </Sermon>
    <Sermon>
        <Title>Jehovah's Witnesses #3 - The Ten Misapplied Texts Pt. 2 (The Watchtower and False Prophesy)</Title>
        <Url>http://www.sermonindex.net/modules/mydownloads/visit.php?lid=2821</Url>
        <Speaker>Mike Theule</Speaker>
        <Length>15.86Mb</Length>
        <Status>NOT_STARTED</Status>
        <isSermonSelected>false</isSermonSelected>
    </Sermon>
</Sermons>
