<?xml version="1.0" encoding="UTF-8" standalone="yes"?>
<Sermons>
    <Sermon>
        <Title>The Sacrifice</Title>
        <Url>http://www.sermonindex.net/modules/mydownloads/visit.php?lid=16645</Url>
        <Speaker>Mike Helms</Speaker>
        <Length>3.46Mb</Length>
        <Status>NOT_STARTED</Status>
        <isSermonSelected>false</isSermonSelected>
    </Sermon>
    <Sermon>
        <Title>What Have You Gained</Title>
        <Url>http://www.sermonindex.net/modules/mydownloads/visit.php?lid=16646</Url>
        <Speaker>Mike Helms</Speaker>
        <Length>7.09Mb</Length>
        <Status>NOT_STARTED</Status>
        <isSermonSelected>false</isSermonSelected>
    </Sermon>
</Sermons>
