<?xml version="1.0" encoding="UTF-8" standalone="yes"?>
<Sermons>
    <Sermon>
        <Title>(New Covenant) 1. The Glory of the New Covenant</Title>
        <Url>http://www.sermonindex.net/modules/mydownloads/visit.php?lid=24535</Url>
        <Speaker>Miki Hardy</Speaker>
        <Length>15.52Mb</Length>
        <Status>NOT_STARTED</Status>
        <isSermonSelected>false</isSermonSelected>
    </Sermon>
    <Sermon>
        <Title>(New Covenant) 2. The Mark of the New Covenant</Title>
        <Url>http://www.sermonindex.net/modules/mydownloads/visit.php?lid=24536</Url>
        <Speaker>Miki Hardy</Speaker>
        <Length>15.06Mb</Length>
        <Status>NOT_STARTED</Status>
        <isSermonSelected>false</isSermonSelected>
    </Sermon>
    <Sermon>
        <Title>(New Covenant) 3. The Foundation of the New Covenant</Title>
        <Url>http://www.sermonindex.net/modules/mydownloads/visit.php?lid=24537</Url>
        <Speaker>Miki Hardy</Speaker>
        <Length>17.32Mb</Length>
        <Status>NOT_STARTED</Status>
        <isSermonSelected>false</isSermonSelected>
    </Sermon>
    <Sermon>
        <Title>(New Covenant) 4. The Sign of the New Covenant</Title>
        <Url>http://www.sermonindex.net/modules/mydownloads/visit.php?lid=24538</Url>
        <Speaker>Miki Hardy</Speaker>
        <Length>17.37Mb</Length>
        <Status>NOT_STARTED</Status>
        <isSermonSelected>false</isSermonSelected>
    </Sermon>
    <Sermon>
        <Title>(New Covenant) 5. God's Covenants</Title>
        <Url>http://www.sermonindex.net/modules/mydownloads/visit.php?lid=24539</Url>
        <Speaker>Miki Hardy</Speaker>
        <Length>17.69Mb</Length>
        <Status>NOT_STARTED</Status>
        <isSermonSelected>false</isSermonSelected>
    </Sermon>
    <Sermon>
        <Title>(The Church Needs To Know) 1. God's Heart on Marriage and Divorce</Title>
        <Url>http://www.sermonindex.net/modules/mydownloads/visit.php?lid=24546</Url>
        <Speaker>Miki Hardy</Speaker>
        <Length>14.09Mb</Length>
        <Status>NOT_STARTED</Status>
        <isSermonSelected>false</isSermonSelected>
    </Sermon>
    <Sermon>
        <Title>(The Church Needs To Know) 2. Can Christians be Demon Possessed?</Title>
        <Url>http://www.sermonindex.net/modules/mydownloads/visit.php?lid=24547</Url>
        <Speaker>Miki Hardy</Speaker>
        <Length>12.84Mb</Length>
        <Status>NOT_STARTED</Status>
        <isSermonSelected>false</isSermonSelected>
    </Sermon>
    <Sermon>
        <Title>(The Church Needs To Know) 3. God and Music</Title>
        <Url>http://www.sermonindex.net/modules/mydownloads/visit.php?lid=24548</Url>
        <Speaker>Miki Hardy</Speaker>
        <Length>12.96Mb</Length>
        <Status>NOT_STARTED</Status>
        <isSermonSelected>false</isSermonSelected>
    </Sermon>
    <Sermon>
        <Title>(The Church Needs To Know) 4. Spiritual Warfare</Title>
        <Url>http://www.sermonindex.net/modules/mydownloads/visit.php?lid=24549</Url>
        <Speaker>Miki Hardy</Speaker>
        <Length>17.91Mb</Length>
        <Status>NOT_STARTED</Status>
        <isSermonSelected>false</isSermonSelected>
    </Sermon>
    <Sermon>
        <Title>(The Church Needs To Know) 5. The Christian and his Money</Title>
        <Url>http://www.sermonindex.net/modules/mydownloads/visit.php?lid=24550</Url>
        <Speaker>Miki Hardy</Speaker>
        <Length>15.11Mb</Length>
        <Status>NOT_STARTED</Status>
        <isSermonSelected>false</isSermonSelected>
    </Sermon>
    <Sermon>
        <Title>(The Church Needs To Know) 6. Relationships Before Marriage</Title>
        <Url>http://www.sermonindex.net/modules/mydownloads/visit.php?lid=24551</Url>
        <Speaker>Miki Hardy</Speaker>
        <Length>14.73Mb</Length>
        <Status>NOT_STARTED</Status>
        <isSermonSelected>false</isSermonSelected>
    </Sermon>
    <Sermon>
        <Title>(The Church Needs To Know) 7. The Road is Narrow</Title>
        <Url>http://www.sermonindex.net/modules/mydownloads/visit.php?lid=24552</Url>
        <Speaker>Miki Hardy</Speaker>
        <Length>16.04Mb</Length>
        <Status>NOT_STARTED</Status>
        <isSermonSelected>false</isSermonSelected>
    </Sermon>
    <Sermon>
        <Title>(The Church Needs To Know) 8. The Church Will be Confronted</Title>
        <Url>http://www.sermonindex.net/modules/mydownloads/visit.php?lid=24553</Url>
        <Speaker>Miki Hardy</Speaker>
        <Length>14.87Mb</Length>
        <Status>NOT_STARTED</Status>
        <isSermonSelected>false</isSermonSelected>
    </Sermon>
    <Sermon>
        <Title>(The Church Needs To Know) 9. Jesus is Calling Again</Title>
        <Url>http://www.sermonindex.net/modules/mydownloads/visit.php?lid=24554</Url>
        <Speaker>Miki Hardy</Speaker>
        <Length>14.73Mb</Length>
        <Status>NOT_STARTED</Status>
        <isSermonSelected>false</isSermonSelected>
    </Sermon>
    <Sermon>
        <Title>(Where is the Church Going) 1. Where is the Church Going?</Title>
        <Url>http://www.sermonindex.net/modules/mydownloads/visit.php?lid=24603</Url>
        <Speaker>Miki Hardy</Speaker>
        <Length>15.97Mb</Length>
        <Status>NOT_STARTED</Status>
        <isSermonSelected>false</isSermonSelected>
    </Sermon>
    <Sermon>
        <Title>(Where is the Church Going) 2. Shepherds And Hirelings</Title>
        <Url>http://www.sermonindex.net/modules/mydownloads/visit.php?lid=24604</Url>
        <Speaker>Miki Hardy</Speaker>
        <Length>12.12Mb</Length>
        <Status>NOT_STARTED</Status>
        <isSermonSelected>false</isSermonSelected>
    </Sermon>
    <Sermon>
        <Title>(Where is the Church Going) 3. The Ministry of the Holy Spirit</Title>
        <Url>http://www.sermonindex.net/modules/mydownloads/visit.php?lid=24605</Url>
        <Speaker>Miki Hardy</Speaker>
        <Length>17.26Mb</Length>
        <Status>NOT_STARTED</Status>
        <isSermonSelected>false</isSermonSelected>
    </Sermon>
    <Sermon>
        <Title>(Where is the Church Going) 4. The Gospel and the Heart of Man</Title>
        <Url>http://www.sermonindex.net/modules/mydownloads/visit.php?lid=24606</Url>
        <Speaker>Miki Hardy</Speaker>
        <Length>17.1Mb</Length>
        <Status>NOT_STARTED</Status>
        <isSermonSelected>false</isSermonSelected>
    </Sermon>
    <Sermon>
        <Title>(Where is the Church Going) 5. Our Reaction to the Gospel</Title>
        <Url>http://www.sermonindex.net/modules/mydownloads/visit.php?lid=24607</Url>
        <Speaker>Miki Hardy</Speaker>
        <Length>15.51Mb</Length>
        <Status>NOT_STARTED</Status>
        <isSermonSelected>false</isSermonSelected>
    </Sermon>
    <Sermon>
        <Title>(Where is the Church Going) 6. One Day we will Give an Account to God</Title>
        <Url>http://www.sermonindex.net/modules/mydownloads/visit.php?lid=24608</Url>
        <Speaker>Miki Hardy</Speaker>
        <Length>15.36Mb</Length>
        <Status>NOT_STARTED</Status>
        <isSermonSelected>false</isSermonSelected>
    </Sermon>
    <Sermon>
        <Title>(Where is the Church Going) 7. The Ministry of Apostles and Prophets</Title>
        <Url>http://www.sermonindex.net/modules/mydownloads/visit.php?lid=24609</Url>
        <Speaker>Miki Hardy</Speaker>
        <Length>16.47Mb</Length>
        <Status>NOT_STARTED</Status>
        <isSermonSelected>false</isSermonSelected>
    </Sermon>
    <Sermon>
        <Title>(Where is the Church Going) 8. Hear the Sound of the Trumpet</Title>
        <Url>http://www.sermonindex.net/modules/mydownloads/visit.php?lid=24610</Url>
        <Speaker>Miki Hardy</Speaker>
        <Length>16.81Mb</Length>
        <Status>NOT_STARTED</Status>
        <isSermonSelected>false</isSermonSelected>
    </Sermon>
    <Sermon>
        <Title>(Where is the Church Going) 9. The Dangers of False Teachings</Title>
        <Url>http://www.sermonindex.net/modules/mydownloads/visit.php?lid=24611</Url>
        <Speaker>Miki Hardy</Speaker>
        <Length>16.17Mb</Length>
        <Status>NOT_STARTED</Status>
        <isSermonSelected>false</isSermonSelected>
    </Sermon>
    <Sermon>
        <Title>A Return to the True Gospel</Title>
        <Url>http://www.sermonindex.net/modules/mydownloads/visit.php?lid=25921</Url>
        <Speaker>Miki Hardy</Speaker>
        <Length>42.24Mb</Length>
        <Status>NOT_STARTED</Status>
        <isSermonSelected>false</isSermonSelected>
    </Sermon>
    <Sermon>
        <Title>Accepting the Truth and Living it Out</Title>
        <Url>http://www.sermonindex.net/modules/mydownloads/visit.php?lid=25925</Url>
        <Speaker>Miki Hardy</Speaker>
        <Length>52.89Mb</Length>
        <Status>NOT_STARTED</Status>
        <isSermonSelected>false</isSermonSelected>
    </Sermon>
    <Sermon>
        <Title>Come Out of False Doctrines and of the World</Title>
        <Url>http://www.sermonindex.net/modules/mydownloads/visit.php?lid=25923</Url>
        <Speaker>Miki Hardy</Speaker>
        <Length>43.84Mb</Length>
        <Status>NOT_STARTED</Status>
        <isSermonSelected>false</isSermonSelected>
    </Sermon>
    <Sermon>
        <Title>Putting an End to the Prosperity Message</Title>
        <Url>http://www.sermonindex.net/modules/mydownloads/visit.php?lid=25922</Url>
        <Speaker>Miki Hardy</Speaker>
        <Length>35.2Mb</Length>
        <Status>NOT_STARTED</Status>
        <isSermonSelected>false</isSermonSelected>
    </Sermon>
    <Sermon>
        <Title>We Must Return to the Apostolic Message</Title>
        <Url>http://www.sermonindex.net/modules/mydownloads/visit.php?lid=25924</Url>
        <Speaker>Miki Hardy</Speaker>
        <Length>47.75Mb</Length>
        <Status>NOT_STARTED</Status>
        <isSermonSelected>false</isSermonSelected>
    </Sermon>
</Sermons>
