<?xml version="1.0" encoding="UTF-8" standalone="yes"?>
<Sermons>
    <Sermon>
        <Title>Hell is Expanding Itself</Title>
        <Url>http://www.sermonindex.net/modules/mydownloads/visit.php?lid=2966</Url>
        <Speaker>Morris Gleiser</Speaker>
        <Length>3.4Mb</Length>
        <Status>NOT_STARTED</Status>
        <isSermonSelected>false</isSermonSelected>
    </Sermon>
    <Sermon>
        <Title>Isaiah's Personal Revival</Title>
        <Url>http://www.sermonindex.net/modules/mydownloads/visit.php?lid=2964</Url>
        <Speaker>Morris Gleiser</Speaker>
        <Length>3.94Mb</Length>
        <Status>NOT_STARTED</Status>
        <isSermonSelected>false</isSermonSelected>
    </Sermon>
    <Sermon>
        <Title>The Need of Our Needy World</Title>
        <Url>http://www.sermonindex.net/modules/mydownloads/visit.php?lid=2965</Url>
        <Speaker>Morris Gleiser</Speaker>
        <Length>4Mb</Length>
        <Status>NOT_STARTED</Status>
        <isSermonSelected>false</isSermonSelected>
    </Sermon>
    <Sermon>
        <Title>You Are the Light of the World</Title>
        <Url>http://www.sermonindex.net/modules/mydownloads/visit.php?lid=2963</Url>
        <Speaker>Morris Gleiser</Speaker>
        <Length>3.78Mb</Length>
        <Status>NOT_STARTED</Status>
        <isSermonSelected>false</isSermonSelected>
    </Sermon>
</Sermons>
