<?xml version="1.0" encoding="UTF-8" standalone="yes"?>
<Sermons>
    <Sermon>
        <Title>Christ Is Greater 01 Greater Than Jacob</Title>
        <Url>http://www.sermonindex.net/modules/mydownloads/visit.php?lid=10454</Url>
        <Speaker>Neil Fraser</Speaker>
        <Length>5.09Mb</Length>
        <Status>NOT_STARTED</Status>
        <isSermonSelected>false</isSermonSelected>
    </Sermon>
    <Sermon>
        <Title>Christ Is Greater 02 Greater Than Moses</Title>
        <Url>http://www.sermonindex.net/modules/mydownloads/visit.php?lid=10455</Url>
        <Speaker>Neil Fraser</Speaker>
        <Length>4.94Mb</Length>
        <Status>NOT_STARTED</Status>
        <isSermonSelected>false</isSermonSelected>
    </Sermon>
    <Sermon>
        <Title>Christ Is Greater 03 Greater Than Solomon</Title>
        <Url>http://www.sermonindex.net/modules/mydownloads/visit.php?lid=10456</Url>
        <Speaker>Neil Fraser</Speaker>
        <Length>6.13Mb</Length>
        <Status>NOT_STARTED</Status>
        <isSermonSelected>false</isSermonSelected>
    </Sermon>
    <Sermon>
        <Title>Christ Is Greater 04 Greater Than Jonah</Title>
        <Url>http://www.sermonindex.net/modules/mydownloads/visit.php?lid=10457</Url>
        <Speaker>Neil Fraser</Speaker>
        <Length>4.98Mb</Length>
        <Status>NOT_STARTED</Status>
        <isSermonSelected>false</isSermonSelected>
    </Sermon>
    <Sermon>
        <Title>Christian Armament 01 Armed With The Word</Title>
        <Url>http://www.sermonindex.net/modules/mydownloads/visit.php?lid=10458</Url>
        <Speaker>Neil Fraser</Speaker>
        <Length>4.51Mb</Length>
        <Status>NOT_STARTED</Status>
        <isSermonSelected>false</isSermonSelected>
    </Sermon>
    <Sermon>
        <Title>Christian Armament 02 Armed With An Advocate</Title>
        <Url>http://www.sermonindex.net/modules/mydownloads/visit.php?lid=10459</Url>
        <Speaker>Neil Fraser</Speaker>
        <Length>5.54Mb</Length>
        <Status>NOT_STARTED</Status>
        <isSermonSelected>false</isSermonSelected>
    </Sermon>
    <Sermon>
        <Title>Christian Armament 03 Armed With Pound Of Talents</Title>
        <Url>http://www.sermonindex.net/modules/mydownloads/visit.php?lid=10460</Url>
        <Speaker>Neil Fraser</Speaker>
        <Length>6.96Mb</Length>
        <Status>NOT_STARTED</Status>
        <isSermonSelected>false</isSermonSelected>
    </Sermon>
    <Sermon>
        <Title>Christian Armament 04 Armed W-Care For Church</Title>
        <Url>http://www.sermonindex.net/modules/mydownloads/visit.php?lid=10461</Url>
        <Speaker>Neil Fraser</Speaker>
        <Length>6.02Mb</Length>
        <Status>NOT_STARTED</Status>
        <isSermonSelected>false</isSermonSelected>
    </Sermon>
    <Sermon>
        <Title>John 3:16</Title>
        <Url>http://www.sermonindex.net/modules/mydownloads/visit.php?lid=10480</Url>
        <Speaker>Neil Fraser</Speaker>
        <Length>4.38Mb</Length>
        <Status>NOT_STARTED</Status>
        <isSermonSelected>false</isSermonSelected>
    </Sermon>
    <Sermon>
        <Title>Koronis Conference 1970-01 Psalm 73;</Title>
        <Url>http://www.sermonindex.net/modules/mydownloads/visit.php?lid=10474</Url>
        <Speaker>Neil Fraser</Speaker>
        <Length>0Kb</Length>
        <Status>NOT_STARTED</Status>
        <isSermonSelected>false</isSermonSelected>
    </Sermon>
    <Sermon>
        <Title>Koronis Conference 1970-02 Phil 4;</Title>
        <Url>http://www.sermonindex.net/modules/mydownloads/visit.php?lid=10475</Url>
        <Speaker>Neil Fraser</Speaker>
        <Length>0Kb</Length>
        <Status>NOT_STARTED</Status>
        <isSermonSelected>false</isSermonSelected>
    </Sermon>
    <Sermon>
        <Title>Koronis Conference 1970-03 The Pot Of Oil</Title>
        <Url>http://www.sermonindex.net/modules/mydownloads/visit.php?lid=10476</Url>
        <Speaker>Neil Fraser</Speaker>
        <Length>3.6Mb</Length>
        <Status>NOT_STARTED</Status>
        <isSermonSelected>false</isSermonSelected>
    </Sermon>
    <Sermon>
        <Title>Koronis Conference 1970-04 2 Timothy 4;</Title>
        <Url>http://www.sermonindex.net/modules/mydownloads/visit.php?lid=10477</Url>
        <Speaker>Neil Fraser</Speaker>
        <Length>0Kb</Length>
        <Status>NOT_STARTED</Status>
        <isSermonSelected>false</isSermonSelected>
    </Sermon>
    <Sermon>
        <Title>Koronis Conference 1970-05 Romans 5;</Title>
        <Url>http://www.sermonindex.net/modules/mydownloads/visit.php?lid=10478</Url>
        <Speaker>Neil Fraser</Speaker>
        <Length>0Kb</Length>
        <Status>NOT_STARTED</Status>
        <isSermonSelected>false</isSermonSelected>
    </Sermon>
    <Sermon>
        <Title>Koronis Conference 1970-06 2 Kings 4;1</Title>
        <Url>http://www.sermonindex.net/modules/mydownloads/visit.php?lid=10479</Url>
        <Speaker>Neil Fraser</Speaker>
        <Length>3.99Mb</Length>
        <Status>NOT_STARTED</Status>
        <isSermonSelected>false</isSermonSelected>
    </Sermon>
    <Sermon>
        <Title>Last Days Conference 1970 The Apostle Paul</Title>
        <Url>http://www.sermonindex.net/modules/mydownloads/visit.php?lid=10473</Url>
        <Speaker>Neil Fraser</Speaker>
        <Length>5.44Mb</Length>
        <Status>NOT_STARTED</Status>
        <isSermonSelected>false</isSermonSelected>
    </Sermon>
    <Sermon>
        <Title>Studies In The Psalms 01 Four Psalms and Four Men</Title>
        <Url>http://www.sermonindex.net/modules/mydownloads/visit.php?lid=10462</Url>
        <Speaker>Neil Fraser</Speaker>
        <Length>4.44Mb</Length>
        <Status>NOT_STARTED</Status>
        <isSermonSelected>false</isSermonSelected>
    </Sermon>
    <Sermon>
        <Title>Studies In The Psalms 02 I Shall Not Be Moved</Title>
        <Url>http://www.sermonindex.net/modules/mydownloads/visit.php?lid=10463</Url>
        <Speaker>Neil Fraser</Speaker>
        <Length>4.98Mb</Length>
        <Status>NOT_STARTED</Status>
        <isSermonSelected>false</isSermonSelected>
    </Sermon>
    <Sermon>
        <Title>Studies In The Psalms 03 Of Stars and Men</Title>
        <Url>http://www.sermonindex.net/modules/mydownloads/visit.php?lid=10464</Url>
        <Speaker>Neil Fraser</Speaker>
        <Length>5.23Mb</Length>
        <Status>NOT_STARTED</Status>
        <isSermonSelected>false</isSermonSelected>
    </Sermon>
    <Sermon>
        <Title>Studies In The Psalms 04 Our Years - A Tale Told</Title>
        <Url>http://www.sermonindex.net/modules/mydownloads/visit.php?lid=10465</Url>
        <Speaker>Neil Fraser</Speaker>
        <Length>5.42Mb</Length>
        <Status>NOT_STARTED</Status>
        <isSermonSelected>false</isSermonSelected>
    </Sermon>
    <Sermon>
        <Title>Studies In The Psalms 05 Handfuls From God</Title>
        <Url>http://www.sermonindex.net/modules/mydownloads/visit.php?lid=10466</Url>
        <Speaker>Neil Fraser</Speaker>
        <Length>5.27Mb</Length>
        <Status>NOT_STARTED</Status>
        <isSermonSelected>false</isSermonSelected>
    </Sermon>
    <Sermon>
        <Title>Studies In The Psalms 06 I Went Into Sanctuary</Title>
        <Url>http://www.sermonindex.net/modules/mydownloads/visit.php?lid=10467</Url>
        <Speaker>Neil Fraser</Speaker>
        <Length>5.2Mb</Length>
        <Status>NOT_STARTED</Status>
        <isSermonSelected>false</isSermonSelected>
    </Sermon>
    <Sermon>
        <Title>Survey Of The New Testament 01 Hist.-Diadactic-Prophetic</Title>
        <Url>http://www.sermonindex.net/modules/mydownloads/visit.php?lid=10468</Url>
        <Speaker>Neil Fraser</Speaker>
        <Length>3.97Mb</Length>
        <Status>NOT_STARTED</Status>
        <isSermonSelected>false</isSermonSelected>
    </Sermon>
    <Sermon>
        <Title>Survey Of The New Testament 02 Matthew Thru Acts</Title>
        <Url>http://www.sermonindex.net/modules/mydownloads/visit.php?lid=10469</Url>
        <Speaker>Neil Fraser</Speaker>
        <Length>4.89Mb</Length>
        <Status>NOT_STARTED</Status>
        <isSermonSelected>false</isSermonSelected>
    </Sermon>
    <Sermon>
        <Title>Survey Of The New Testament 03 Romans Thru Thes.</Title>
        <Url>http://www.sermonindex.net/modules/mydownloads/visit.php?lid=10470</Url>
        <Speaker>Neil Fraser</Speaker>
        <Length>5.1Mb</Length>
        <Status>NOT_STARTED</Status>
        <isSermonSelected>false</isSermonSelected>
    </Sermon>
    <Sermon>
        <Title>Survey Of The New Testament 04 Timothy Thru Hebrews</Title>
        <Url>http://www.sermonindex.net/modules/mydownloads/visit.php?lid=10471</Url>
        <Speaker>Neil Fraser</Speaker>
        <Length>5.32Mb</Length>
        <Status>NOT_STARTED</Status>
        <isSermonSelected>false</isSermonSelected>
    </Sermon>
    <Sermon>
        <Title>Survey Of The New Testament 05 Peter Thru Revelation</Title>
        <Url>http://www.sermonindex.net/modules/mydownloads/visit.php?lid=10472</Url>
        <Speaker>Neil Fraser</Speaker>
        <Length>5.33Mb</Length>
        <Status>NOT_STARTED</Status>
        <isSermonSelected>false</isSermonSelected>
    </Sermon>
</Sermons>
