<?xml version="1.0" encoding="UTF-8" standalone="yes"?>
<Sermons>
    <Sermon>
        <Title>Bondage Breaker - Part 1</Title>
        <Url>http://www.sermonindex.net/modules/mydownloads/visit.php?lid=13327</Url>
        <Speaker>Neil T. Anderson</Speaker>
        <Length>9.18Mb</Length>
        <Status>NOT_STARTED</Status>
        <isSermonSelected>false</isSermonSelected>
    </Sermon>
    <Sermon>
        <Title>Bondage Breaker - Part 2</Title>
        <Url>http://www.sermonindex.net/modules/mydownloads/visit.php?lid=13328</Url>
        <Speaker>Neil T. Anderson</Speaker>
        <Length>10.24Mb</Length>
        <Status>NOT_STARTED</Status>
        <isSermonSelected>false</isSermonSelected>
    </Sermon>
    <Sermon>
        <Title>Bondage Breaker - Part 3</Title>
        <Url>http://www.sermonindex.net/modules/mydownloads/visit.php?lid=13331</Url>
        <Speaker>Neil T. Anderson</Speaker>
        <Length>8.99Mb</Length>
        <Status>NOT_STARTED</Status>
        <isSermonSelected>false</isSermonSelected>
    </Sermon>
    <Sermon>
        <Title>Bondage Breaker - Part 4</Title>
        <Url>http://www.sermonindex.net/modules/mydownloads/visit.php?lid=13332</Url>
        <Speaker>Neil T. Anderson</Speaker>
        <Length>11.15Mb</Length>
        <Status>NOT_STARTED</Status>
        <isSermonSelected>false</isSermonSelected>
    </Sermon>
    <Sermon>
        <Title>Equipping the Church</Title>
        <Url>http://www.sermonindex.net/modules/mydownloads/visit.php?lid=25496</Url>
        <Speaker>Neil T. Anderson</Speaker>
        <Length>36.27Mb</Length>
        <Status>NOT_STARTED</Status>
        <isSermonSelected>false</isSermonSelected>
    </Sermon>
    <Sermon>
        <Title>Freedom from Addictions</Title>
        <Url>http://www.sermonindex.net/modules/mydownloads/visit.php?lid=25497</Url>
        <Speaker>Neil T. Anderson</Speaker>
        <Length>18.57Mb</Length>
        <Status>NOT_STARTED</Status>
        <isSermonSelected>false</isSermonSelected>
    </Sermon>
    <Sermon>
        <Title>Handling Criticism</Title>
        <Url>http://www.sermonindex.net/modules/mydownloads/visit.php?lid=25498</Url>
        <Speaker>Neil T. Anderson</Speaker>
        <Length>28.26Mb</Length>
        <Status>NOT_STARTED</Status>
        <isSermonSelected>false</isSermonSelected>
    </Sermon>
    <Sermon>
        <Title>Overcoming Depression</Title>
        <Url>http://www.sermonindex.net/modules/mydownloads/visit.php?lid=25499</Url>
        <Speaker>Neil T. Anderson</Speaker>
        <Length>33.63Mb</Length>
        <Status>NOT_STARTED</Status>
        <isSermonSelected>false</isSermonSelected>
    </Sermon>
    <Sermon>
        <Title>Sanctified in Christ</Title>
        <Url>http://www.sermonindex.net/modules/mydownloads/visit.php?lid=25500</Url>
        <Speaker>Neil T. Anderson</Speaker>
        <Length>23.32Mb</Length>
        <Status>NOT_STARTED</Status>
        <isSermonSelected>false</isSermonSelected>
    </Sermon>
</Sermons>
