<?xml version="1.0" encoding="UTF-8" standalone="yes"?>
<Sermons>
    <Sermon>
        <Title>The Appearing of Resurrection And the Giving of Power</Title>
        <Url>http://www.sermonindex.net/modules/mydownloads/visit.php?lid=11838</Url>
        <Speaker>Newman Sze</Speaker>
        <Length>9.41Mb</Length>
        <Status>NOT_STARTED</Status>
        <isSermonSelected>false</isSermonSelected>
    </Sermon>
    <Sermon>
        <Title>The Appearing of the Resurrected Christ And the Flowing of the Holy Spirit</Title>
        <Url>http://www.sermonindex.net/modules/mydownloads/visit.php?lid=11840</Url>
        <Speaker>Newman Sze</Speaker>
        <Length>10.06Mb</Length>
        <Status>NOT_STARTED</Status>
        <isSermonSelected>false</isSermonSelected>
    </Sermon>
    <Sermon>
        <Title>The Appearing of the Resurrected Christ And the Fulfillment of the House of God</Title>
        <Url>http://www.sermonindex.net/modules/mydownloads/visit.php?lid=11839</Url>
        <Speaker>Newman Sze</Speaker>
        <Length>7.31Mb</Length>
        <Status>NOT_STARTED</Status>
        <isSermonSelected>false</isSermonSelected>
    </Sermon>
    <Sermon>
        <Title>The Manifestation of the Resurrected Christ And the Greatest Calling</Title>
        <Url>http://www.sermonindex.net/modules/mydownloads/visit.php?lid=11841</Url>
        <Speaker>Newman Sze</Speaker>
        <Length>13.43Mb</Length>
        <Status>NOT_STARTED</Status>
        <isSermonSelected>false</isSermonSelected>
    </Sermon>
</Sermons>
