<?xml version="1.0" encoding="UTF-8" standalone="yes"?>
<Sermons>
    <Sermon>
        <Title>Battle for the Bible</Title>
        <Url>http://www.sermonindex.net/modules/mydownloads/visit.php?lid=17944</Url>
        <Speaker>Nigel Lee</Speaker>
        <Length>55.98Mb</Length>
        <Status>NOT_STARTED</Status>
        <isSermonSelected>false</isSermonSelected>
    </Sermon>
    <Sermon>
        <Title>What Would You Be Willing To Die For?</Title>
        <Url>http://www.sermonindex.net/modules/mydownloads/visit.php?lid=17943</Url>
        <Speaker>Nigel Lee</Speaker>
        <Length>4.43Mb</Length>
        <Status>NOT_STARTED</Status>
        <isSermonSelected>false</isSermonSelected>
    </Sermon>
</Sermons>
