<?xml version="1.0" encoding="UTF-8" standalone="yes"?>
<Sermons>
    <Sermon>
        <Title>The Old Paths Newsletter - Issue 01</Title>
        <Url>http://www.sermonindex.net/modules/mydownloads/visit.php?lid=7735</Url>
        <Speaker>Old Paths Newsletters</Speaker>
        <Length>1.12Mb</Length>
        <Status>NOT_STARTED</Status>
        <isSermonSelected>false</isSermonSelected>
    </Sermon>
    <Sermon>
        <Title>The Old Paths Newsletter - Issue 02</Title>
        <Url>http://www.sermonindex.net/modules/mydownloads/visit.php?lid=7739</Url>
        <Speaker>Old Paths Newsletters</Speaker>
        <Length>1.14Mb</Length>
        <Status>NOT_STARTED</Status>
        <isSermonSelected>false</isSermonSelected>
    </Sermon>
    <Sermon>
        <Title>The Old Paths Newsletter - Issue 03</Title>
        <Url>http://www.sermonindex.net/modules/mydownloads/visit.php?lid=8085</Url>
        <Speaker>Old Paths Newsletters</Speaker>
        <Length>1.12Mb</Length>
        <Status>NOT_STARTED</Status>
        <isSermonSelected>false</isSermonSelected>
    </Sermon>
    <Sermon>
        <Title>The Old Paths Newsletter - Issue 04</Title>
        <Url>http://www.sermonindex.net/modules/mydownloads/visit.php?lid=8868</Url>
        <Speaker>Old Paths Newsletters</Speaker>
        <Length>1.23Mb</Length>
        <Status>NOT_STARTED</Status>
        <isSermonSelected>false</isSermonSelected>
    </Sermon>
    <Sermon>
        <Title>The Old Paths Newsletter - Issue 05</Title>
        <Url>http://www.sermonindex.net/modules/mydownloads/visit.php?lid=10487</Url>
        <Speaker>Old Paths Newsletters</Speaker>
        <Length>1.05Mb</Length>
        <Status>NOT_STARTED</Status>
        <isSermonSelected>false</isSermonSelected>
    </Sermon>
    <Sermon>
        <Title>The Old Paths Newsletter - Issue 06</Title>
        <Url>http://www.sermonindex.net/modules/mydownloads/visit.php?lid=13242</Url>
        <Speaker>Old Paths Newsletters</Speaker>
        <Length>2.01Mb</Length>
        <Status>NOT_STARTED</Status>
        <isSermonSelected>false</isSermonSelected>
    </Sermon>
    <Sermon>
        <Title>The Old Paths Newsletter - Issue 07</Title>
        <Url>http://www.sermonindex.net/modules/mydownloads/visit.php?lid=13381</Url>
        <Speaker>Old Paths Newsletters</Speaker>
        <Length>2.55Mb</Length>
        <Status>NOT_STARTED</Status>
        <isSermonSelected>false</isSermonSelected>
    </Sermon>
    <Sermon>
        <Title>The Old Paths Newsletter - Issue 08</Title>
        <Url>http://www.sermonindex.net/modules/mydownloads/visit.php?lid=13530</Url>
        <Speaker>Old Paths Newsletters</Speaker>
        <Length>2.57Mb</Length>
        <Status>NOT_STARTED</Status>
        <isSermonSelected>false</isSermonSelected>
    </Sermon>
    <Sermon>
        <Title>The Old Paths Newsletter - Issue 09</Title>
        <Url>http://www.sermonindex.net/modules/mydownloads/visit.php?lid=13730</Url>
        <Speaker>Old Paths Newsletters</Speaker>
        <Length>0Kb</Length>
        <Status>NOT_STARTED</Status>
        <isSermonSelected>false</isSermonSelected>
    </Sermon>
    <Sermon>
        <Title>The Old Paths Newsletter - Issue 10</Title>
        <Url>http://www.sermonindex.net/modules/mydownloads/visit.php?lid=13917</Url>
        <Speaker>Old Paths Newsletters</Speaker>
        <Length>0Kb</Length>
        <Status>NOT_STARTED</Status>
        <isSermonSelected>false</isSermonSelected>
    </Sermon>
    <Sermon>
        <Title>The Old Paths Newsletter - Issue 11</Title>
        <Url>http://www.sermonindex.net/modules/mydownloads/visit.php?lid=14100</Url>
        <Speaker>Old Paths Newsletters</Speaker>
        <Length>0Kb</Length>
        <Status>NOT_STARTED</Status>
        <isSermonSelected>false</isSermonSelected>
    </Sermon>
</Sermons>
