<?xml version="1.0" encoding="UTF-8" standalone="yes"?>
<Sermons>
    <Sermon>
        <Title>(So Great A Salvation) Abiding In Christ</Title>
        <Url>http://www.sermonindex.net/modules/mydownloads/visit.php?lid=16430</Url>
        <Speaker>Paris Reidhead</Speaker>
        <Length>5.02Mb</Length>
        <Status>ALREADY_DONE</Status>
        <isSermonSelected>false</isSermonSelected>
    </Sermon>
    <Sermon>
        <Title>(So Great A Salvation) Awakening</Title>
        <Url>http://www.sermonindex.net/modules/mydownloads/visit.php?lid=16431</Url>
        <Speaker>Paris Reidhead</Speaker>
        <Length>8.2Mb</Length>
        <Status>ALREADY_DONE</Status>
        <isSermonSelected>false</isSermonSelected>
    </Sermon>
    <Sermon>
        <Title>(So Great A Salvation) Conviction and Repentance</Title>
        <Url>http://www.sermonindex.net/modules/mydownloads/visit.php?lid=16432</Url>
        <Speaker>Paris Reidhead</Speaker>
        <Length>8.28Mb</Length>
        <Status>ALREADY_DONE</Status>
        <isSermonSelected>false</isSermonSelected>
    </Sermon>
    <Sermon>
        <Title>(So Great A Salvation) Faith-New Birth-Witness of the Spirit</Title>
        <Url>http://www.sermonindex.net/modules/mydownloads/visit.php?lid=16433</Url>
        <Speaker>Paris Reidhead</Speaker>
        <Length>8.7Mb</Length>
        <Status>ALREADY_DONE</Status>
        <isSermonSelected>false</isSermonSelected>
    </Sermon>
    <Sermon>
        <Title>(So Great A Salvation) Hating Sin</Title>
        <Url>http://www.sermonindex.net/modules/mydownloads/visit.php?lid=16434</Url>
        <Speaker>Paris Reidhead</Speaker>
        <Length>5.62Mb</Length>
        <Status>ALREADY_DONE</Status>
        <isSermonSelected>false</isSermonSelected>
    </Sermon>
    <Sermon>
        <Title>(So Great A Salvation) Keeping His Commandments</Title>
        <Url>http://www.sermonindex.net/modules/mydownloads/visit.php?lid=16435</Url>
        <Speaker>Paris Reidhead</Speaker>
        <Length>5.09Mb</Length>
        <Status>ALREADY_DONE</Status>
        <isSermonSelected>false</isSermonSelected>
    </Sermon>
    <Sermon>
        <Title>(So Great A Salvation) Loving Ones Brother</Title>
        <Url>http://www.sermonindex.net/modules/mydownloads/visit.php?lid=16436</Url>
        <Speaker>Paris Reidhead</Speaker>
        <Length>8.06Mb</Length>
        <Status>ALREADY_DONE</Status>
        <isSermonSelected>false</isSermonSelected>
    </Sermon>
    <Sermon>
        <Title>(So Great A Salvation) Not Loving the World</Title>
        <Url>http://www.sermonindex.net/modules/mydownloads/visit.php?lid=16437</Url>
        <Speaker>Paris Reidhead</Speaker>
        <Length>5Mb</Length>
        <Status>ALREADY_DONE</Status>
        <isSermonSelected>false</isSermonSelected>
    </Sermon>
    <Sermon>
        <Title>(So Great A Salvation) Overcoming the World</Title>
        <Url>http://www.sermonindex.net/modules/mydownloads/visit.php?lid=16438</Url>
        <Speaker>Paris Reidhead</Speaker>
        <Length>5.16Mb</Length>
        <Status>ALREADY_DONE</Status>
        <isSermonSelected>false</isSermonSelected>
    </Sermon>
    <Sermon>
        <Title>(So Great A Salvation) Temptation and Sin</Title>
        <Url>http://www.sermonindex.net/modules/mydownloads/visit.php?lid=16439</Url>
        <Speaker>Paris Reidhead</Speaker>
        <Length>9.44Mb</Length>
        <Status>ALREADY_DONE</Status>
        <isSermonSelected>false</isSermonSelected>
    </Sermon>
    <Sermon>
        <Title>(So Great A Salvation) Victory Part 1</Title>
        <Url>http://www.sermonindex.net/modules/mydownloads/visit.php?lid=16440</Url>
        <Speaker>Paris Reidhead</Speaker>
        <Length>7.43Mb</Length>
        <Status>ALREADY_DONE</Status>
        <isSermonSelected>false</isSermonSelected>
    </Sermon>
    <Sermon>
        <Title>(So Great A Salvation) Victory Part 2</Title>
        <Url>http://www.sermonindex.net/modules/mydownloads/visit.php?lid=16441</Url>
        <Speaker>Paris Reidhead</Speaker>
        <Length>8.5Mb</Length>
        <Status>ALREADY_DONE</Status>
        <isSermonSelected>false</isSermonSelected>
    </Sermon>
    <Sermon>
        <Title>(So Great A Salvation) Walking In the Light</Title>
        <Url>http://www.sermonindex.net/modules/mydownloads/visit.php?lid=16442</Url>
        <Speaker>Paris Reidhead</Speaker>
        <Length>4.93Mb</Length>
        <Status>ALREADY_DONE</Status>
        <isSermonSelected>false</isSermonSelected>
    </Sermon>
    <Sermon>
        <Title>(So Great A Salvation) Witness of the Spirit</Title>
        <Url>http://www.sermonindex.net/modules/mydownloads/visit.php?lid=16443</Url>
        <Speaker>Paris Reidhead</Speaker>
        <Length>4.97Mb</Length>
        <Status>ALREADY_DONE</Status>
        <isSermonSelected>false</isSermonSelected>
    </Sermon>
    <Sermon>
        <Title>A Certain Disciple</Title>
        <Url>http://www.sermonindex.net/modules/mydownloads/visit.php?lid=25065</Url>
        <Speaker>Paris Reidhead</Speaker>
        <Length>24.56Mb</Length>
        <Status>NOT_STARTED</Status>
        <isSermonSelected>false</isSermonSelected>
    </Sermon>
    <Sermon>
        <Title>A Mirror Covered With Water</Title>
        <Url>http://www.sermonindex.net/modules/mydownloads/visit.php?lid=25066</Url>
        <Speaker>Paris Reidhead</Speaker>
        <Length>23.78Mb</Length>
        <Status>NOT_STARTED</Status>
        <isSermonSelected>false</isSermonSelected>
    </Sermon>
    <Sermon>
        <Title>A Revelation of Principles</Title>
        <Url>http://www.sermonindex.net/modules/mydownloads/visit.php?lid=25067</Url>
        <Speaker>Paris Reidhead</Speaker>
        <Length>19.49Mb</Length>
        <Status>NOT_STARTED</Status>
        <isSermonSelected>false</isSermonSelected>
    </Sermon>
    <Sermon>
        <Title>A Wise Man Is Strong</Title>
        <Url>http://www.sermonindex.net/modules/mydownloads/visit.php?lid=25068</Url>
        <Speaker>Paris Reidhead</Speaker>
        <Length>19.19Mb</Length>
        <Status>NOT_STARTED</Status>
        <isSermonSelected>false</isSermonSelected>
    </Sermon>
    <Sermon>
        <Title>A Word of Faith</Title>
        <Url>http://www.sermonindex.net/modules/mydownloads/visit.php?lid=24568</Url>
        <Speaker>Paris Reidhead</Speaker>
        <Length>19.41Mb</Length>
        <Status>ALREADY_DONE</Status>
        <isSermonSelected>false</isSermonSelected>
    </Sermon>
    <Sermon>
        <Title>Abiding In Christ</Title>
        <Url>http://www.sermonindex.net/modules/mydownloads/visit.php?lid=23961</Url>
        <Speaker>Paris Reidhead</Speaker>
        <Length>20.07Mb</Length>
        <Status>ALREADY_DONE</Status>
        <isSermonSelected>false</isSermonSelected>
    </Sermon>
    <Sermon>
        <Title>Able To Deliver</Title>
        <Url>http://www.sermonindex.net/modules/mydownloads/visit.php?lid=23066</Url>
        <Speaker>Paris Reidhead</Speaker>
        <Length>14.37Mb</Length>
        <Status>ALREADY_DONE</Status>
        <isSermonSelected>false</isSermonSelected>
    </Sermon>
    <Sermon>
        <Title>Accepted in the Beloved</Title>
        <Url>http://www.sermonindex.net/modules/mydownloads/visit.php?lid=23067</Url>
        <Speaker>Paris Reidhead</Speaker>
        <Length>18.5Mb</Length>
        <Status>ALREADY_DONE</Status>
        <isSermonSelected>false</isSermonSelected>
    </Sermon>
    <Sermon>
        <Title>According To Your Faith</Title>
        <Url>http://www.sermonindex.net/modules/mydownloads/visit.php?lid=25069</Url>
        <Speaker>Paris Reidhead</Speaker>
        <Length>19.26Mb</Length>
        <Status>NOT_STARTED</Status>
        <isSermonSelected>false</isSermonSelected>
    </Sermon>
    <Sermon>
        <Title>Availability and Angels</Title>
        <Url>http://www.sermonindex.net/modules/mydownloads/visit.php?lid=24570</Url>
        <Speaker>Paris Reidhead</Speaker>
        <Length>28.54Mb</Length>
        <Status>ALREADY_DONE</Status>
        <isSermonSelected>false</isSermonSelected>
    </Sermon>
    <Sermon>
        <Title>Availability and Angels</Title>
        <Url>http://www.sermonindex.net/modules/mydownloads/visit.php?lid=25071</Url>
        <Speaker>Paris Reidhead</Speaker>
        <Length>28.54Mb</Length>
        <Status>ALREADY_DONE</Status>
        <isSermonSelected>false</isSermonSelected>
    </Sermon>
    <Sermon>
        <Title>Avoid These Errors (Faith Defined)</Title>
        <Url>http://www.sermonindex.net/modules/mydownloads/visit.php?lid=25072</Url>
        <Speaker>Paris Reidhead</Speaker>
        <Length>24.6Mb</Length>
        <Status>NOT_STARTED</Status>
        <isSermonSelected>false</isSermonSelected>
    </Sermon>
    <Sermon>
        <Title>Awakening to My Need</Title>
        <Url>http://www.sermonindex.net/modules/mydownloads/visit.php?lid=25073</Url>
        <Speaker>Paris Reidhead</Speaker>
        <Length>17.02Mb</Length>
        <Status>NOT_STARTED</Status>
        <isSermonSelected>false</isSermonSelected>
    </Sermon>
    <Sermon>
        <Title>Bondage</Title>
        <Url>http://www.sermonindex.net/modules/mydownloads/visit.php?lid=23068</Url>
        <Speaker>Paris Reidhead</Speaker>
        <Length>15.01Mb</Length>
        <Status>ALREADY_DONE</Status>
        <isSermonSelected>false</isSermonSelected>
    </Sermon>
    <Sermon>
        <Title>Both and-Not Either Or (Basis For Missions - Part 5)</Title>
        <Url>http://www.sermonindex.net/modules/mydownloads/visit.php?lid=3597</Url>
        <Speaker>Paris Reidhead</Speaker>
        <Length>8.32Mb</Length>
        <Status>ALREADY_DONE</Status>
        <isSermonSelected>false</isSermonSelected>
    </Sermon>
    <Sermon>
        <Title>Breaking Bread</Title>
        <Url>http://www.sermonindex.net/modules/mydownloads/visit.php?lid=25074</Url>
        <Speaker>Paris Reidhead</Speaker>
        <Length>18.94Mb</Length>
        <Status>NOT_STARTED</Status>
        <isSermonSelected>false</isSermonSelected>
    </Sermon>
    <Sermon>
        <Title>Brokenness</Title>
        <Url>http://www.sermonindex.net/modules/mydownloads/visit.php?lid=23069</Url>
        <Speaker>Paris Reidhead</Speaker>
        <Length>16.03Mb</Length>
        <Status>ALREADY_DONE</Status>
        <isSermonSelected>false</isSermonSelected>
    </Sermon>
    <Sermon>
        <Title>By Paul's Hands</Title>
        <Url>http://www.sermonindex.net/modules/mydownloads/visit.php?lid=25075</Url>
        <Speaker>Paris Reidhead</Speaker>
        <Length>26.02Mb</Length>
        <Status>NOT_STARTED</Status>
        <isSermonSelected>false</isSermonSelected>
    </Sermon>
    <Sermon>
        <Title>Calling or Leading</Title>
        <Url>http://www.sermonindex.net/modules/mydownloads/visit.php?lid=24569</Url>
        <Speaker>Paris Reidhead</Speaker>
        <Length>19.1Mb</Length>
        <Status>ALREADY_DONE</Status>
        <isSermonSelected>false</isSermonSelected>
    </Sermon>
    <Sermon>
        <Title>Christ Explains the Law</Title>
        <Url>http://www.sermonindex.net/modules/mydownloads/visit.php?lid=3101</Url>
        <Speaker>Paris Reidhead</Speaker>
        <Length>6.89Mb</Length>
        <Status>ALREADY_DONE</Status>
        <isSermonSelected>false</isSermonSelected>
    </Sermon>
    <Sermon>
        <Title>Christ in The Ship (Cuts Off)</Title>
        <Url>http://www.sermonindex.net/modules/mydownloads/visit.php?lid=25081</Url>
        <Speaker>Paris Reidhead</Speaker>
        <Length>14.54Mb</Length>
        <Status>NOT_STARTED</Status>
        <isSermonSelected>false</isSermonSelected>
    </Sermon>
    <Sermon>
        <Title>Christ In You</Title>
        <Url>http://www.sermonindex.net/modules/mydownloads/visit.php?lid=25076</Url>
        <Speaker>Paris Reidhead</Speaker>
        <Length>14.56Mb</Length>
        <Status>NOT_STARTED</Status>
        <isSermonSelected>false</isSermonSelected>
    </Sermon>
    <Sermon>
        <Title>Christ Our Healer</Title>
        <Url>http://www.sermonindex.net/modules/mydownloads/visit.php?lid=25077</Url>
        <Speaker>Paris Reidhead</Speaker>
        <Length>21.98Mb</Length>
        <Status>NOT_STARTED</Status>
        <isSermonSelected>false</isSermonSelected>
    </Sermon>
    <Sermon>
        <Title>Christ, Our Great high Priest</Title>
        <Url>http://www.sermonindex.net/modules/mydownloads/visit.php?lid=23995</Url>
        <Speaker>Paris Reidhead</Speaker>
        <Length>33.32Mb</Length>
        <Status>ALREADY_DONE</Status>
        <isSermonSelected>false</isSermonSelected>
    </Sermon>
    <Sermon>
        <Title>Christian Ethics</Title>
        <Url>http://www.sermonindex.net/modules/mydownloads/visit.php?lid=23070</Url>
        <Speaker>Paris Reidhead</Speaker>
        <Length>15.01Mb</Length>
        <Status>ALREADY_DONE</Status>
        <isSermonSelected>false</isSermonSelected>
    </Sermon>
    <Sermon>
        <Title>Christian Fellowship</Title>
        <Url>http://www.sermonindex.net/modules/mydownloads/visit.php?lid=25078</Url>
        <Speaker>Paris Reidhead</Speaker>
        <Length>16.63Mb</Length>
        <Status>NOT_STARTED</Status>
        <isSermonSelected>false</isSermonSelected>
    </Sermon>
    <Sermon>
        <Title>Christianity On Christ Terms - Preaching</Title>
        <Url>http://www.sermonindex.net/modules/mydownloads/visit.php?lid=25079</Url>
        <Speaker>Paris Reidhead</Speaker>
        <Length>16.37Mb</Length>
        <Status>NOT_STARTED</Status>
        <isSermonSelected>false</isSermonSelected>
    </Sermon>
    <Sermon>
        <Title>Christianity On Christ Terms - Teaching</Title>
        <Url>http://www.sermonindex.net/modules/mydownloads/visit.php?lid=25080</Url>
        <Speaker>Paris Reidhead</Speaker>
        <Length>24.88Mb</Length>
        <Status>NOT_STARTED</Status>
        <isSermonSelected>false</isSermonSelected>
    </Sermon>
    <Sermon>
        <Title>Christians and Law Courts</Title>
        <Url>http://www.sermonindex.net/modules/mydownloads/visit.php?lid=23071</Url>
        <Speaker>Paris Reidhead</Speaker>
        <Length>16.87Mb</Length>
        <Status>ALREADY_DONE</Status>
        <isSermonSelected>false</isSermonSelected>
    </Sermon>
    <Sermon>
        <Title>Coming In Judgment</Title>
        <Url>http://www.sermonindex.net/modules/mydownloads/visit.php?lid=23996</Url>
        <Speaker>Paris Reidhead</Speaker>
        <Length>42.18Mb</Length>
        <Status>ALREADY_DONE</Status>
        <isSermonSelected>false</isSermonSelected>
    </Sermon>
    <Sermon>
        <Title>Communion</Title>
        <Url>http://www.sermonindex.net/modules/mydownloads/visit.php?lid=23072</Url>
        <Speaker>Paris Reidhead</Speaker>
        <Length>7.97Mb</Length>
        <Status>ALREADY_DONE</Status>
        <isSermonSelected>false</isSermonSelected>
    </Sermon>
    <Sermon>
        <Title>Continuing Steadfastly</Title>
        <Url>http://www.sermonindex.net/modules/mydownloads/visit.php?lid=23073</Url>
        <Speaker>Paris Reidhead</Speaker>
        <Length>21.42Mb</Length>
        <Status>ALREADY_DONE</Status>
        <isSermonSelected>false</isSermonSelected>
    </Sermon>
    <Sermon>
        <Title>Cost of Discipleship - Part 1</Title>
        <Url>http://www.sermonindex.net/modules/mydownloads/visit.php?lid=760</Url>
        <Speaker>Paris Reidhead</Speaker>
        <Length>5.92Mb</Length>
        <Status>ALREADY_DONE</Status>
        <isSermonSelected>false</isSermonSelected>
    </Sermon>
    <Sermon>
        <Title>Cost of Discipleship - Part 10</Title>
        <Url>http://www.sermonindex.net/modules/mydownloads/visit.php?lid=769</Url>
        <Speaker>Paris Reidhead</Speaker>
        <Length>4.45Mb</Length>
        <Status>ALREADY_DONE</Status>
        <isSermonSelected>false</isSermonSelected>
    </Sermon>
    <Sermon>
        <Title>Cost of Discipleship - Part 11</Title>
        <Url>http://www.sermonindex.net/modules/mydownloads/visit.php?lid=770</Url>
        <Speaker>Paris Reidhead</Speaker>
        <Length>5.34Mb</Length>
        <Status>ALREADY_DONE</Status>
        <isSermonSelected>false</isSermonSelected>
    </Sermon>
    <Sermon>
        <Title>Cost of Discipleship - Part 12</Title>
        <Url>http://www.sermonindex.net/modules/mydownloads/visit.php?lid=771</Url>
        <Speaker>Paris Reidhead</Speaker>
        <Length>4.77Mb</Length>
        <Status>ALREADY_DONE</Status>
        <isSermonSelected>false</isSermonSelected>
    </Sermon>
    <Sermon>
        <Title>Cost of Discipleship - Part 2</Title>
        <Url>http://www.sermonindex.net/modules/mydownloads/visit.php?lid=761</Url>
        <Speaker>Paris Reidhead</Speaker>
        <Length>5.83Mb</Length>
        <Status>ALREADY_DONE</Status>
        <isSermonSelected>false</isSermonSelected>
    </Sermon>
    <Sermon>
        <Title>Cost of Discipleship - Part 3</Title>
        <Url>http://www.sermonindex.net/modules/mydownloads/visit.php?lid=762</Url>
        <Speaker>Paris Reidhead</Speaker>
        <Length>5.36Mb</Length>
        <Status>ALREADY_DONE</Status>
        <isSermonSelected>false</isSermonSelected>
    </Sermon>
    <Sermon>
        <Title>Cost of Discipleship - Part 4</Title>
        <Url>http://www.sermonindex.net/modules/mydownloads/visit.php?lid=763</Url>
        <Speaker>Paris Reidhead</Speaker>
        <Length>5.77Mb</Length>
        <Status>ALREADY_DONE</Status>
        <isSermonSelected>false</isSermonSelected>
    </Sermon>
    <Sermon>
        <Title>Cost of Discipleship - Part 5</Title>
        <Url>http://www.sermonindex.net/modules/mydownloads/visit.php?lid=764</Url>
        <Speaker>Paris Reidhead</Speaker>
        <Length>5.9Mb</Length>
        <Status>ALREADY_DONE</Status>
        <isSermonSelected>false</isSermonSelected>
    </Sermon>
    <Sermon>
        <Title>Cost of Discipleship - Part 6</Title>
        <Url>http://www.sermonindex.net/modules/mydownloads/visit.php?lid=765</Url>
        <Speaker>Paris Reidhead</Speaker>
        <Length>5.62Mb</Length>
        <Status>ALREADY_DONE</Status>
        <isSermonSelected>false</isSermonSelected>
    </Sermon>
    <Sermon>
        <Title>Cost of Discipleship - Part 7</Title>
        <Url>http://www.sermonindex.net/modules/mydownloads/visit.php?lid=766</Url>
        <Speaker>Paris Reidhead</Speaker>
        <Length>6.31Mb</Length>
        <Status>ALREADY_DONE</Status>
        <isSermonSelected>false</isSermonSelected>
    </Sermon>
    <Sermon>
        <Title>Cost of Discipleship - Part 8</Title>
        <Url>http://www.sermonindex.net/modules/mydownloads/visit.php?lid=767</Url>
        <Speaker>Paris Reidhead</Speaker>
        <Length>6.49Mb</Length>
        <Status>ALREADY_DONE</Status>
        <isSermonSelected>false</isSermonSelected>
    </Sermon>
    <Sermon>
        <Title>Cost of Discipleship - Part 9</Title>
        <Url>http://www.sermonindex.net/modules/mydownloads/visit.php?lid=768</Url>
        <Speaker>Paris Reidhead</Speaker>
        <Length>4.71Mb</Length>
        <Status>ALREADY_DONE</Status>
        <isSermonSelected>false</isSermonSelected>
    </Sermon>
    <Sermon>
        <Title>Covet The Best Gifts</Title>
        <Url>http://www.sermonindex.net/modules/mydownloads/visit.php?lid=25082</Url>
        <Speaker>Paris Reidhead</Speaker>
        <Length>24.27Mb</Length>
        <Status>NOT_STARTED</Status>
        <isSermonSelected>false</isSermonSelected>
    </Sermon>
    <Sermon>
        <Title>Crisis In Fellowship</Title>
        <Url>http://www.sermonindex.net/modules/mydownloads/visit.php?lid=24571</Url>
        <Speaker>Paris Reidhead</Speaker>
        <Length>27.66Mb</Length>
        <Status>ALREADY_DONE</Status>
        <isSermonSelected>false</isSermonSelected>
    </Sermon>
    <Sermon>
        <Title>Crisis of the Spirit Filled Life</Title>
        <Url>http://www.sermonindex.net/modules/mydownloads/visit.php?lid=25083</Url>
        <Speaker>Paris Reidhead</Speaker>
        <Length>15.76Mb</Length>
        <Status>NOT_STARTED</Status>
        <isSermonSelected>false</isSermonSelected>
    </Sermon>
    <Sermon>
        <Title>Crucified to Live</Title>
        <Url>http://www.sermonindex.net/modules/mydownloads/visit.php?lid=23074</Url>
        <Speaker>Paris Reidhead</Speaker>
        <Length>10.25Mb</Length>
        <Status>ALREADY_DONE</Status>
        <isSermonSelected>false</isSermonSelected>
    </Sermon>
    <Sermon>
        <Title>Dangers of Third Generation Religion</Title>
        <Url>http://www.sermonindex.net/modules/mydownloads/visit.php?lid=38</Url>
        <Speaker>Paris Reidhead</Speaker>
        <Length>5.62Mb</Length>
        <Status>ALREADY_DONE</Status>
        <isSermonSelected>false</isSermonSelected>
    </Sermon>
    <Sermon>
        <Title>Deliverance and Power</Title>
        <Url>http://www.sermonindex.net/modules/mydownloads/visit.php?lid=39</Url>
        <Speaker>Paris Reidhead</Speaker>
        <Length>4.31Mb</Length>
        <Status>ALREADY_DONE</Status>
        <isSermonSelected>false</isSermonSelected>
    </Sermon>
    <Sermon>
        <Title>Deliverance Of Power</Title>
        <Url>http://www.sermonindex.net/modules/mydownloads/visit.php?lid=25084</Url>
        <Speaker>Paris Reidhead</Speaker>
        <Length>4.31Mb</Length>
        <Status>NOT_STARTED</Status>
        <isSermonSelected>false</isSermonSelected>
    </Sermon>
    <Sermon>
        <Title>Deny Ungodliness</Title>
        <Url>http://www.sermonindex.net/modules/mydownloads/visit.php?lid=23075</Url>
        <Speaker>Paris Reidhead</Speaker>
        <Length>19.87Mb</Length>
        <Status>ALREADY_DONE</Status>
        <isSermonSelected>false</isSermonSelected>
    </Sermon>
    <Sermon>
        <Title>Digging Ditches in Dry Weather</Title>
        <Url>http://www.sermonindex.net/modules/mydownloads/visit.php?lid=23981</Url>
        <Speaker>Paris Reidhead</Speaker>
        <Length>27.58Mb</Length>
        <Status>ALREADY_DONE</Status>
        <isSermonSelected>false</isSermonSelected>
    </Sermon>
    <Sermon>
        <Title>Disciples Called Christians</Title>
        <Url>http://www.sermonindex.net/modules/mydownloads/visit.php?lid=25085</Url>
        <Speaker>Paris Reidhead</Speaker>
        <Length>12.16Mb</Length>
        <Status>NOT_STARTED</Status>
        <isSermonSelected>false</isSermonSelected>
    </Sermon>
    <Sermon>
        <Title>Do You Know These Men</Title>
        <Url>http://www.sermonindex.net/modules/mydownloads/visit.php?lid=25086</Url>
        <Speaker>Paris Reidhead</Speaker>
        <Length>18.22Mb</Length>
        <Status>NOT_STARTED</Status>
        <isSermonSelected>false</isSermonSelected>
    </Sermon>
    <Sermon>
        <Title>Either Or And Both And</Title>
        <Url>http://www.sermonindex.net/modules/mydownloads/visit.php?lid=25087</Url>
        <Speaker>Paris Reidhead</Speaker>
        <Length>26.5Mb</Length>
        <Status>NOT_STARTED</Status>
        <isSermonSelected>false</isSermonSelected>
    </Sermon>
    <Sermon>
        <Title>El Shaddai - The God Who Is Enough</Title>
        <Url>http://www.sermonindex.net/modules/mydownloads/visit.php?lid=23076</Url>
        <Speaker>Paris Reidhead</Speaker>
        <Length>23.58Mb</Length>
        <Status>ALREADY_DONE</Status>
        <isSermonSelected>false</isSermonSelected>
    </Sermon>
    <Sermon>
        <Title>Election - Predestination</Title>
        <Url>http://www.sermonindex.net/modules/mydownloads/visit.php?lid=23982</Url>
        <Speaker>Paris Reidhead</Speaker>
        <Length>18.38Mb</Length>
        <Status>ALREADY_DONE</Status>
        <isSermonSelected>false</isSermonSelected>
    </Sermon>
    <Sermon>
        <Title>Evaluation of the Present Day Renewal</Title>
        <Url>http://www.sermonindex.net/modules/mydownloads/visit.php?lid=23077</Url>
        <Speaker>Paris Reidhead</Speaker>
        <Length>12.08Mb</Length>
        <Status>ALREADY_DONE</Status>
        <isSermonSelected>false</isSermonSelected>
    </Sermon>
    <Sermon>
        <Title>Evangelism Evaluated</Title>
        <Url>http://www.sermonindex.net/modules/mydownloads/visit.php?lid=23078</Url>
        <Speaker>Paris Reidhead</Speaker>
        <Length>21.52Mb</Length>
        <Status>ALREADY_DONE</Status>
        <isSermonSelected>false</isSermonSelected>
    </Sermon>
    <Sermon>
        <Title>Every Knee Shall Bow</Title>
        <Url>http://www.sermonindex.net/modules/mydownloads/visit.php?lid=23079</Url>
        <Speaker>Paris Reidhead</Speaker>
        <Length>17.46Mb</Length>
        <Status>ALREADY_DONE</Status>
        <isSermonSelected>false</isSermonSelected>
    </Sermon>
    <Sermon>
        <Title>Evidences of Eternal Life - Part 1</Title>
        <Url>http://www.sermonindex.net/modules/mydownloads/visit.php?lid=25088</Url>
        <Speaker>Paris Reidhead</Speaker>
        <Length>24.72Mb</Length>
        <Status>NOT_STARTED</Status>
        <isSermonSelected>false</isSermonSelected>
    </Sermon>
    <Sermon>
        <Title>Evidences of Eternal Life - Part 2</Title>
        <Url>http://www.sermonindex.net/modules/mydownloads/visit.php?lid=25089</Url>
        <Speaker>Paris Reidhead</Speaker>
        <Length>25.22Mb</Length>
        <Status>NOT_STARTED</Status>
        <isSermonSelected>false</isSermonSelected>
    </Sermon>
    <Sermon>
        <Title>Evidences of Eternal Life - Part 3</Title>
        <Url>http://www.sermonindex.net/modules/mydownloads/visit.php?lid=25090</Url>
        <Speaker>Paris Reidhead</Speaker>
        <Length>23.39Mb</Length>
        <Status>NOT_STARTED</Status>
        <isSermonSelected>false</isSermonSelected>
    </Sermon>
    <Sermon>
        <Title>Evidences of Eternal Life - Part 4</Title>
        <Url>http://www.sermonindex.net/modules/mydownloads/visit.php?lid=25091</Url>
        <Speaker>Paris Reidhead</Speaker>
        <Length>25.45Mb</Length>
        <Status>NOT_STARTED</Status>
        <isSermonSelected>false</isSermonSelected>
    </Sermon>
    <Sermon>
        <Title>Evidences of Eternal Life - Part 5</Title>
        <Url>http://www.sermonindex.net/modules/mydownloads/visit.php?lid=25092</Url>
        <Speaker>Paris Reidhead</Speaker>
        <Length>29.1Mb</Length>
        <Status>NOT_STARTED</Status>
        <isSermonSelected>false</isSermonSelected>
    </Sermon>
    <Sermon>
        <Title>Evidences of Eternal Life - Part 6</Title>
        <Url>http://www.sermonindex.net/modules/mydownloads/visit.php?lid=25093</Url>
        <Speaker>Paris Reidhead</Speaker>
        <Length>22.28Mb</Length>
        <Status>NOT_STARTED</Status>
        <isSermonSelected>false</isSermonSelected>
    </Sermon>
    <Sermon>
        <Title>Evidences of the New Birth</Title>
        <Url>http://www.sermonindex.net/modules/mydownloads/visit.php?lid=25094</Url>
        <Speaker>Paris Reidhead</Speaker>
        <Length>17.55Mb</Length>
        <Status>NOT_STARTED</Status>
        <isSermonSelected>false</isSermonSelected>
    </Sermon>
    <Sermon>
        <Title>Except Ye Repent</Title>
        <Url>http://www.sermonindex.net/modules/mydownloads/visit.php?lid=281</Url>
        <Speaker>Paris Reidhead</Speaker>
        <Length>5.21Mb</Length>
        <Status>ALREADY_DONE</Status>
        <isSermonSelected>false</isSermonSelected>
    </Sermon>
    <Sermon>
        <Title>Excerpt from Ten Shekels and a Shirt</Title>
        <Url>http://www.sermonindex.net/modules/mydownloads/visit.php?lid=23966</Url>
        <Speaker>Paris Reidhead</Speaker>
        <Length>606Kb</Length>
        <Status>ALREADY_DONE</Status>
        <isSermonSelected>false</isSermonSelected>
    </Sermon>
    <Sermon>
        <Title>Facts - The Foundation of Faith</Title>
        <Url>http://www.sermonindex.net/modules/mydownloads/visit.php?lid=25095</Url>
        <Speaker>Paris Reidhead</Speaker>
        <Length>16.54Mb</Length>
        <Status>NOT_STARTED</Status>
        <isSermonSelected>false</isSermonSelected>
    </Sermon>
    <Sermon>
        <Title>Faith and Sight</Title>
        <Url>http://www.sermonindex.net/modules/mydownloads/visit.php?lid=23080</Url>
        <Speaker>Paris Reidhead</Speaker>
        <Length>16.91Mb</Length>
        <Status>ALREADY_DONE</Status>
        <isSermonSelected>false</isSermonSelected>
    </Sermon>
    <Sermon>
        <Title>Faith That Works</Title>
        <Url>http://www.sermonindex.net/modules/mydownloads/visit.php?lid=25096</Url>
        <Speaker>Paris Reidhead</Speaker>
        <Length>17.73Mb</Length>
        <Status>NOT_STARTED</Status>
        <isSermonSelected>false</isSermonSelected>
    </Sermon>
    <Sermon>
        <Title>Faith, New Birth, Witness of the Spirit</Title>
        <Url>http://www.sermonindex.net/modules/mydownloads/visit.php?lid=23960</Url>
        <Speaker>Paris Reidhead</Speaker>
        <Length>23.92Mb</Length>
        <Status>ALREADY_DONE</Status>
        <isSermonSelected>false</isSermonSelected>
    </Sermon>
    <Sermon>
        <Title>Family Business</Title>
        <Url>http://www.sermonindex.net/modules/mydownloads/visit.php?lid=25097</Url>
        <Speaker>Paris Reidhead</Speaker>
        <Length>24.23Mb</Length>
        <Status>NOT_STARTED</Status>
        <isSermonSelected>false</isSermonSelected>
    </Sermon>
    <Sermon>
        <Title>Fear, Trembling, Weakness, Wisdom</Title>
        <Url>http://www.sermonindex.net/modules/mydownloads/visit.php?lid=25098</Url>
        <Speaker>Paris Reidhead</Speaker>
        <Length>20.71Mb</Length>
        <Status>NOT_STARTED</Status>
        <isSermonSelected>false</isSermonSelected>
    </Sermon>
    <Sermon>
        <Title>Fellowship has responsibility</Title>
        <Url>http://www.sermonindex.net/modules/mydownloads/visit.php?lid=23997</Url>
        <Speaker>Paris Reidhead</Speaker>
        <Length>42.75Mb</Length>
        <Status>ALREADY_DONE</Status>
        <isSermonSelected>false</isSermonSelected>
    </Sermon>
    <Sermon>
        <Title>Fellowship in Christ</Title>
        <Url>http://www.sermonindex.net/modules/mydownloads/visit.php?lid=25099</Url>
        <Speaker>Paris Reidhead</Speaker>
        <Length>14.03Mb</Length>
        <Status>NOT_STARTED</Status>
        <isSermonSelected>false</isSermonSelected>
    </Sermon>
    <Sermon>
        <Title>Fellowship In Crisis</Title>
        <Url>http://www.sermonindex.net/modules/mydownloads/visit.php?lid=23081</Url>
        <Speaker>Paris Reidhead</Speaker>
        <Length>11.72Mb</Length>
        <Status>ALREADY_DONE</Status>
        <isSermonSelected>false</isSermonSelected>
    </Sermon>
    <Sermon>
        <Title>Fellowship In Ministering to the Lord</Title>
        <Url>http://www.sermonindex.net/modules/mydownloads/visit.php?lid=23082</Url>
        <Speaker>Paris Reidhead</Speaker>
        <Length>11.13Mb</Length>
        <Status>ALREADY_DONE</Status>
        <isSermonSelected>false</isSermonSelected>
    </Sermon>
    <Sermon>
        <Title>Fellowship In Service</Title>
        <Url>http://www.sermonindex.net/modules/mydownloads/visit.php?lid=23083</Url>
        <Speaker>Paris Reidhead</Speaker>
        <Length>14.08Mb</Length>
        <Status>ALREADY_DONE</Status>
        <isSermonSelected>false</isSermonSelected>
    </Sermon>
    <Sermon>
        <Title>Finding Your Place</Title>
        <Url>http://www.sermonindex.net/modules/mydownloads/visit.php?lid=25100</Url>
        <Speaker>Paris Reidhead</Speaker>
        <Length>22.23Mb</Length>
        <Status>NOT_STARTED</Status>
        <isSermonSelected>false</isSermonSelected>
    </Sermon>
    <Sermon>
        <Title>Five-Fold Ministry of the Spirit Filled Believer</Title>
        <Url>http://www.sermonindex.net/modules/mydownloads/visit.php?lid=24573</Url>
        <Speaker>Paris Reidhead</Speaker>
        <Length>21.24Mb</Length>
        <Status>ALREADY_DONE</Status>
        <isSermonSelected>false</isSermonSelected>
    </Sermon>
    <Sermon>
        <Title>Follow These Rules</Title>
        <Url>http://www.sermonindex.net/modules/mydownloads/visit.php?lid=25101</Url>
        <Speaker>Paris Reidhead</Speaker>
        <Length>20.72Mb</Length>
        <Status>NOT_STARTED</Status>
        <isSermonSelected>false</isSermonSelected>
    </Sermon>
    <Sermon>
        <Title>Forgiveness</Title>
        <Url>http://www.sermonindex.net/modules/mydownloads/visit.php?lid=25102</Url>
        <Speaker>Paris Reidhead</Speaker>
        <Length>16.62Mb</Length>
        <Status>NOT_STARTED</Status>
        <isSermonSelected>false</isSermonSelected>
    </Sermon>
    <Sermon>
        <Title>Four Steps to a Fruitful Christian Life</Title>
        <Url>http://www.sermonindex.net/modules/mydownloads/visit.php?lid=23084</Url>
        <Speaker>Paris Reidhead</Speaker>
        <Length>8.75Mb</Length>
        <Status>ALREADY_DONE</Status>
        <isSermonSelected>false</isSermonSelected>
    </Sermon>
    <Sermon>
        <Title>Full Fellowship</Title>
        <Url>http://www.sermonindex.net/modules/mydownloads/visit.php?lid=23085</Url>
        <Speaker>Paris Reidhead</Speaker>
        <Length>14.4Mb</Length>
        <Status>ALREADY_DONE</Status>
        <isSermonSelected>false</isSermonSelected>
    </Sermon>
    <Sermon>
        <Title>Full Potential of Grace</Title>
        <Url>http://www.sermonindex.net/modules/mydownloads/visit.php?lid=3110</Url>
        <Speaker>Paris Reidhead</Speaker>
        <Length>9.44Mb</Length>
        <Status>ALREADY_DONE</Status>
        <isSermonSelected>false</isSermonSelected>
    </Sermon>
    <Sermon>
        <Title>Funeral Service for A. W. Tozer</Title>
        <Url>http://www.sermonindex.net/modules/mydownloads/visit.php?lid=24572</Url>
        <Speaker>Paris Reidhead</Speaker>
        <Length>27.91Mb</Length>
        <Status>ALREADY_DONE</Status>
        <isSermonSelected>false</isSermonSelected>
    </Sermon>
    <Sermon>
        <Title>God</Title>
        <Url>http://www.sermonindex.net/modules/mydownloads/visit.php?lid=25103</Url>
        <Speaker>Paris Reidhead</Speaker>
        <Length>20.67Mb</Length>
        <Status>NOT_STARTED</Status>
        <isSermonSelected>false</isSermonSelected>
    </Sermon>
    <Sermon>
        <Title>God has no pleasure in the death of the wicked</Title>
        <Url>http://www.sermonindex.net/modules/mydownloads/visit.php?lid=23998</Url>
        <Speaker>Paris Reidhead</Speaker>
        <Length>60.69Mb</Length>
        <Status>ALREADY_DONE</Status>
        <isSermonSelected>false</isSermonSelected>
    </Sermon>
    <Sermon>
        <Title>God's New Thing</Title>
        <Url>http://www.sermonindex.net/modules/mydownloads/visit.php?lid=1005</Url>
        <Speaker>Paris Reidhead</Speaker>
        <Length>6.31Mb</Length>
        <Status>ALREADY_DONE</Status>
        <isSermonSelected>false</isSermonSelected>
    </Sermon>
    <Sermon>
        <Title>God's Plan for Your Life</Title>
        <Url>http://www.sermonindex.net/modules/mydownloads/visit.php?lid=24390</Url>
        <Speaker>Paris Reidhead</Speaker>
        <Length>25.14Mb</Length>
        <Status>ALREADY_DONE</Status>
        <isSermonSelected>false</isSermonSelected>
    </Sermon>
    <Sermon>
        <Title>God's Work To Be Done God's Way</Title>
        <Url>http://www.sermonindex.net/modules/mydownloads/visit.php?lid=71</Url>
        <Speaker>Paris Reidhead</Speaker>
        <Length>4.85Mb</Length>
        <Status>ALREADY_DONE</Status>
        <isSermonSelected>false</isSermonSelected>
    </Sermon>
    <Sermon>
        <Title>Grace And Truth</Title>
        <Url>http://www.sermonindex.net/modules/mydownloads/visit.php?lid=23087</Url>
        <Speaker>Paris Reidhead</Speaker>
        <Length>13.14Mb</Length>
        <Status>ALREADY_DONE</Status>
        <isSermonSelected>false</isSermonSelected>
    </Sermon>
    <Sermon>
        <Title>Grace of God brings repentance</Title>
        <Url>http://www.sermonindex.net/modules/mydownloads/visit.php?lid=338</Url>
        <Speaker>Paris Reidhead</Speaker>
        <Length>10.57Mb</Length>
        <Status>ALREADY_DONE</Status>
        <isSermonSelected>false</isSermonSelected>
    </Sermon>
    <Sermon>
        <Title>Hating Sin</Title>
        <Url>http://www.sermonindex.net/modules/mydownloads/visit.php?lid=23965</Url>
        <Speaker>Paris Reidhead</Speaker>
        <Length>22.76Mb</Length>
        <Status>ALREADY_DONE</Status>
        <isSermonSelected>false</isSermonSelected>
    </Sermon>
    <Sermon>
        <Title>Have Faith in God</Title>
        <Url>http://www.sermonindex.net/modules/mydownloads/visit.php?lid=24852</Url>
        <Speaker>Paris Reidhead</Speaker>
        <Length>17.78Mb</Length>
        <Status>ALREADY_DONE</Status>
        <isSermonSelected>false</isSermonSelected>
    </Sermon>
    <Sermon>
        <Title>He Hath Appointed a Day</Title>
        <Url>http://www.sermonindex.net/modules/mydownloads/visit.php?lid=24853</Url>
        <Speaker>Paris Reidhead</Speaker>
        <Length>15.78Mb</Length>
        <Status>ALREADY_DONE</Status>
        <isSermonSelected>false</isSermonSelected>
    </Sermon>
    <Sermon>
        <Title>He Sent His Word and Healed Them</Title>
        <Url>http://www.sermonindex.net/modules/mydownloads/visit.php?lid=24854</Url>
        <Speaker>Paris Reidhead</Speaker>
        <Length>21.64Mb</Length>
        <Status>ALREADY_DONE</Status>
        <isSermonSelected>false</isSermonSelected>
    </Sermon>
    <Sermon>
        <Title>Healing</Title>
        <Url>http://www.sermonindex.net/modules/mydownloads/visit.php?lid=24844</Url>
        <Speaker>Paris Reidhead</Speaker>
        <Length>22.12Mb</Length>
        <Status>ALREADY_DONE</Status>
        <isSermonSelected>false</isSermonSelected>
    </Sermon>
    <Sermon>
        <Title>Holy Spirit Awakening</Title>
        <Url>http://www.sermonindex.net/modules/mydownloads/visit.php?lid=23088</Url>
        <Speaker>Paris Reidhead</Speaker>
        <Length>12.76Mb</Length>
        <Status>ALREADY_DONE</Status>
        <isSermonSelected>false</isSermonSelected>
    </Sermon>
    <Sermon>
        <Title>Hope</Title>
        <Url>http://www.sermonindex.net/modules/mydownloads/visit.php?lid=23089</Url>
        <Speaker>Paris Reidhead</Speaker>
        <Length>15.49Mb</Length>
        <Status>ALREADY_DONE</Status>
        <isSermonSelected>false</isSermonSelected>
    </Sermon>
    <Sermon>
        <Title>How Shall We Escape</Title>
        <Url>http://www.sermonindex.net/modules/mydownloads/visit.php?lid=23090</Url>
        <Speaker>Paris Reidhead</Speaker>
        <Length>20.68Mb</Length>
        <Status>ALREADY_DONE</Status>
        <isSermonSelected>false</isSermonSelected>
    </Sermon>
    <Sermon>
        <Title>How to Know that You are Filled with The Holy Spirit</Title>
        <Url>http://www.sermonindex.net/modules/mydownloads/visit.php?lid=24845</Url>
        <Speaker>Paris Reidhead</Speaker>
        <Length>27.41Mb</Length>
        <Status>ALREADY_DONE</Status>
        <isSermonSelected>false</isSermonSelected>
    </Sermon>
    <Sermon>
        <Title>I'm Not Sure I Am Saved - How can I know for sure?</Title>
        <Url>http://www.sermonindex.net/modules/mydownloads/visit.php?lid=25104</Url>
        <Speaker>Paris Reidhead</Speaker>
        <Length>5.16Mb</Length>
        <Status>NOT_STARTED</Status>
        <isSermonSelected>false</isSermonSelected>
    </Sermon>
    <Sermon>
        <Title>Identification</Title>
        <Url>http://www.sermonindex.net/modules/mydownloads/visit.php?lid=24846</Url>
        <Speaker>Paris Reidhead</Speaker>
        <Length>24.73Mb</Length>
        <Status>ALREADY_DONE</Status>
        <isSermonSelected>false</isSermonSelected>
    </Sermon>
    <Sermon>
        <Title>If Ye Continue</Title>
        <Url>http://www.sermonindex.net/modules/mydownloads/visit.php?lid=23091</Url>
        <Speaker>Paris Reidhead</Speaker>
        <Length>12.1Mb</Length>
        <Status>ALREADY_DONE</Status>
        <isSermonSelected>false</isSermonSelected>
    </Sermon>
    <Sermon>
        <Title>If You Agree</Title>
        <Url>http://www.sermonindex.net/modules/mydownloads/visit.php?lid=1507</Url>
        <Speaker>Paris Reidhead</Speaker>
        <Length>4.59Mb</Length>
        <Status>ALREADY_DONE</Status>
        <isSermonSelected>false</isSermonSelected>
    </Sermon>
    <Sermon>
        <Title>Imagination and Faith</Title>
        <Url>http://www.sermonindex.net/modules/mydownloads/visit.php?lid=23092</Url>
        <Speaker>Paris Reidhead</Speaker>
        <Length>14.28Mb</Length>
        <Status>ALREADY_DONE</Status>
        <isSermonSelected>false</isSermonSelected>
    </Sermon>
    <Sermon>
        <Title>In Everything Give thanks</Title>
        <Url>http://www.sermonindex.net/modules/mydownloads/visit.php?lid=23093</Url>
        <Speaker>Paris Reidhead</Speaker>
        <Length>12.63Mb</Length>
        <Status>ALREADY_DONE</Status>
        <isSermonSelected>false</isSermonSelected>
    </Sermon>
    <Sermon>
        <Title>In The Spirit</Title>
        <Url>http://www.sermonindex.net/modules/mydownloads/visit.php?lid=23094</Url>
        <Speaker>Paris Reidhead</Speaker>
        <Length>24.23Mb</Length>
        <Status>ALREADY_DONE</Status>
        <isSermonSelected>false</isSermonSelected>
    </Sermon>
    <Sermon>
        <Title>In Understanding Be Men</Title>
        <Url>http://www.sermonindex.net/modules/mydownloads/visit.php?lid=23095</Url>
        <Speaker>Paris Reidhead</Speaker>
        <Length>13.31Mb</Length>
        <Status>ALREADY_DONE</Status>
        <isSermonSelected>false</isSermonSelected>
    </Sermon>
    <Sermon>
        <Title>Incomplete Repentance</Title>
        <Url>http://www.sermonindex.net/modules/mydownloads/visit.php?lid=23096</Url>
        <Speaker>Paris Reidhead</Speaker>
        <Length>14.85Mb</Length>
        <Status>ALREADY_DONE</Status>
        <isSermonSelected>false</isSermonSelected>
    </Sermon>
    <Sermon>
        <Title>Instructions on Communion</Title>
        <Url>http://www.sermonindex.net/modules/mydownloads/visit.php?lid=24847</Url>
        <Speaker>Paris Reidhead</Speaker>
        <Length>10.92Mb</Length>
        <Status>ALREADY_DONE</Status>
        <isSermonSelected>false</isSermonSelected>
    </Sermon>
    <Sermon>
        <Title>Intercession in Prayer</Title>
        <Url>http://www.sermonindex.net/modules/mydownloads/visit.php?lid=24848</Url>
        <Speaker>Paris Reidhead</Speaker>
        <Length>18.97Mb</Length>
        <Status>ALREADY_DONE</Status>
        <isSermonSelected>false</isSermonSelected>
    </Sermon>
    <Sermon>
        <Title>Isaac</Title>
        <Url>http://www.sermonindex.net/modules/mydownloads/visit.php?lid=23097</Url>
        <Speaker>Paris Reidhead</Speaker>
        <Length>18.56Mb</Length>
        <Status>ALREADY_DONE</Status>
        <isSermonSelected>false</isSermonSelected>
    </Sermon>
    <Sermon>
        <Title>Jacob</Title>
        <Url>http://www.sermonindex.net/modules/mydownloads/visit.php?lid=23098</Url>
        <Speaker>Paris Reidhead</Speaker>
        <Length>16.74Mb</Length>
        <Status>ALREADY_DONE</Status>
        <isSermonSelected>false</isSermonSelected>
    </Sermon>
    <Sermon>
        <Title>Joshua</Title>
        <Url>http://www.sermonindex.net/modules/mydownloads/visit.php?lid=23099</Url>
        <Speaker>Paris Reidhead</Speaker>
        <Length>19.42Mb</Length>
        <Status>ALREADY_DONE</Status>
        <isSermonSelected>false</isSermonSelected>
    </Sermon>
    <Sermon>
        <Title>Keep The Law</Title>
        <Url>http://www.sermonindex.net/modules/mydownloads/visit.php?lid=24849</Url>
        <Speaker>Paris Reidhead</Speaker>
        <Length>23.61Mb</Length>
        <Status>ALREADY_DONE</Status>
        <isSermonSelected>false</isSermonSelected>
    </Sermon>
    <Sermon>
        <Title>Keeping His Commandments</Title>
        <Url>http://www.sermonindex.net/modules/mydownloads/visit.php?lid=23999</Url>
        <Speaker>Paris Reidhead</Speaker>
        <Length>41.54Mb</Length>
        <Status>ALREADY_DONE</Status>
        <isSermonSelected>false</isSermonSelected>
    </Sermon>
    <Sermon>
        <Title>Kenosis</Title>
        <Url>http://www.sermonindex.net/modules/mydownloads/visit.php?lid=23100</Url>
        <Speaker>Paris Reidhead</Speaker>
        <Length>11.08Mb</Length>
        <Status>ALREADY_DONE</Status>
        <isSermonSelected>false</isSermonSelected>
    </Sermon>
    <Sermon>
        <Title>Kept By God</Title>
        <Url>http://www.sermonindex.net/modules/mydownloads/visit.php?lid=24850</Url>
        <Speaker>Paris Reidhead</Speaker>
        <Length>18.67Mb</Length>
        <Status>ALREADY_DONE</Status>
        <isSermonSelected>false</isSermonSelected>
    </Sermon>
    <Sermon>
        <Title>Knowing and Reckoning</Title>
        <Url>http://www.sermonindex.net/modules/mydownloads/visit.php?lid=23102</Url>
        <Speaker>Paris Reidhead</Speaker>
        <Length>23.28Mb</Length>
        <Status>ALREADY_DONE</Status>
        <isSermonSelected>false</isSermonSelected>
    </Sermon>
    <Sermon>
        <Title>Lame Feet Under the King's Table - Mephibosheth</Title>
        <Url>http://www.sermonindex.net/modules/mydownloads/visit.php?lid=23103</Url>
        <Speaker>Paris Reidhead</Speaker>
        <Length>15.08Mb</Length>
        <Status>ALREADY_DONE</Status>
        <isSermonSelected>false</isSermonSelected>
    </Sermon>
    <Sermon>
        <Title>Let God Be God</Title>
        <Url>http://www.sermonindex.net/modules/mydownloads/visit.php?lid=23104</Url>
        <Speaker>Paris Reidhead</Speaker>
        <Length>19.98Mb</Length>
        <Status>ALREADY_DONE</Status>
        <isSermonSelected>false</isSermonSelected>
    </Sermon>
    <Sermon>
        <Title>Lightbulbs In Cardboard Cartons</Title>
        <Url>http://www.sermonindex.net/modules/mydownloads/visit.php?lid=23106</Url>
        <Speaker>Paris Reidhead</Speaker>
        <Length>21.77Mb</Length>
        <Status>ALREADY_DONE</Status>
        <isSermonSelected>false</isSermonSelected>
    </Sermon>
    <Sermon>
        <Title>Living for Ourselves</Title>
        <Url>http://www.sermonindex.net/modules/mydownloads/visit.php?lid=24851</Url>
        <Speaker>Paris Reidhead</Speaker>
        <Length>19.35Mb</Length>
        <Status>ALREADY_DONE</Status>
        <isSermonSelected>false</isSermonSelected>
    </Sermon>
    <Sermon>
        <Title>Loved with Everlasting Love - Part 1</Title>
        <Url>http://www.sermonindex.net/modules/mydownloads/visit.php?lid=3113</Url>
        <Speaker>Paris Reidhead</Speaker>
        <Length>8.55Mb</Length>
        <Status>ALREADY_DONE</Status>
        <isSermonSelected>false</isSermonSelected>
    </Sermon>
    <Sermon>
        <Title>Loved with Everlasting Love - Part 2</Title>
        <Url>http://www.sermonindex.net/modules/mydownloads/visit.php?lid=3114</Url>
        <Speaker>Paris Reidhead</Speaker>
        <Length>9.75Mb</Length>
        <Status>ALREADY_DONE</Status>
        <isSermonSelected>false</isSermonSelected>
    </Sermon>
    <Sermon>
        <Title>Loved with Everlasting Love - Part 3</Title>
        <Url>http://www.sermonindex.net/modules/mydownloads/visit.php?lid=3170</Url>
        <Speaker>Paris Reidhead</Speaker>
        <Length>7.76Mb</Length>
        <Status>ALREADY_DONE</Status>
        <isSermonSelected>false</isSermonSelected>
    </Sermon>
    <Sermon>
        <Title>Loved with Everlasting Love - Part 4</Title>
        <Url>http://www.sermonindex.net/modules/mydownloads/visit.php?lid=3171</Url>
        <Speaker>Paris Reidhead</Speaker>
        <Length>8.17Mb</Length>
        <Status>ALREADY_DONE</Status>
        <isSermonSelected>false</isSermonSelected>
    </Sermon>
    <Sermon>
        <Title>Loved with Everlasting Love - Part 5</Title>
        <Url>http://www.sermonindex.net/modules/mydownloads/visit.php?lid=3172</Url>
        <Speaker>Paris Reidhead</Speaker>
        <Length>7.65Mb</Length>
        <Status>ALREADY_DONE</Status>
        <isSermonSelected>false</isSermonSelected>
    </Sermon>
    <Sermon>
        <Title>Loving One's Brother</Title>
        <Url>http://www.sermonindex.net/modules/mydownloads/visit.php?lid=23964</Url>
        <Speaker>Paris Reidhead</Speaker>
        <Length>22.88Mb</Length>
        <Status>ALREADY_DONE</Status>
        <isSermonSelected>false</isSermonSelected>
    </Sermon>
    <Sermon>
        <Title>Magnitude of Grace</Title>
        <Url>http://www.sermonindex.net/modules/mydownloads/visit.php?lid=3102</Url>
        <Speaker>Paris Reidhead</Speaker>
        <Length>10.27Mb</Length>
        <Status>ALREADY_DONE</Status>
        <isSermonSelected>false</isSermonSelected>
    </Sermon>
    <Sermon>
        <Title>Man's Dealing With Man</Title>
        <Url>http://www.sermonindex.net/modules/mydownloads/visit.php?lid=23107</Url>
        <Speaker>Paris Reidhead</Speaker>
        <Length>19.07Mb</Length>
        <Status>ALREADY_DONE</Status>
        <isSermonSelected>false</isSermonSelected>
    </Sermon>
    <Sermon>
        <Title>Ministry - The Fruit of the Spirit</Title>
        <Url>http://www.sermonindex.net/modules/mydownloads/visit.php?lid=24843</Url>
        <Speaker>Paris Reidhead</Speaker>
        <Length>15.85Mb</Length>
        <Status>ALREADY_DONE</Status>
        <isSermonSelected>false</isSermonSelected>
    </Sermon>
    <Sermon>
        <Title>Missions Conference - Part 1</Title>
        <Url>http://www.sermonindex.net/modules/mydownloads/visit.php?lid=24855</Url>
        <Speaker>Paris Reidhead</Speaker>
        <Length>27.04Mb</Length>
        <Status>ALREADY_DONE</Status>
        <isSermonSelected>false</isSermonSelected>
    </Sermon>
    <Sermon>
        <Title>Missions Conference - Part 2</Title>
        <Url>http://www.sermonindex.net/modules/mydownloads/visit.php?lid=24856</Url>
        <Speaker>Paris Reidhead</Speaker>
        <Length>26.27Mb</Length>
        <Status>ALREADY_DONE</Status>
        <isSermonSelected>false</isSermonSelected>
    </Sermon>
    <Sermon>
        <Title>Moses</Title>
        <Url>http://www.sermonindex.net/modules/mydownloads/visit.php?lid=23105</Url>
        <Speaker>Paris Reidhead</Speaker>
        <Length>21.78Mb</Length>
        <Status>ALREADY_DONE</Status>
        <isSermonSelected>false</isSermonSelected>
    </Sermon>
    <Sermon>
        <Title>Mystery Babylon</Title>
        <Url>http://www.sermonindex.net/modules/mydownloads/visit.php?lid=25070</Url>
        <Speaker>Paris Reidhead</Speaker>
        <Length>25.96Mb</Length>
        <Status>NOT_STARTED</Status>
        <isSermonSelected>false</isSermonSelected>
    </Sermon>
    <Sermon>
        <Title>Not Loving The World</Title>
        <Url>http://www.sermonindex.net/modules/mydownloads/visit.php?lid=23963</Url>
        <Speaker>Paris Reidhead</Speaker>
        <Length>21.22Mb</Length>
        <Status>ALREADY_DONE</Status>
        <isSermonSelected>false</isSermonSelected>
    </Sermon>
    <Sermon>
        <Title>Not to Be Wasted</Title>
        <Url>http://www.sermonindex.net/modules/mydownloads/visit.php?lid=1508</Url>
        <Speaker>Paris Reidhead</Speaker>
        <Length>6.56Mb</Length>
        <Status>ALREADY_DONE</Status>
        <isSermonSelected>false</isSermonSelected>
    </Sermon>
    <Sermon>
        <Title>Now</Title>
        <Url>http://www.sermonindex.net/modules/mydownloads/visit.php?lid=23108</Url>
        <Speaker>Paris Reidhead</Speaker>
        <Length>17.33Mb</Length>
        <Status>ALREADY_DONE</Status>
        <isSermonSelected>false</isSermonSelected>
    </Sermon>
    <Sermon>
        <Title>On Being Filled with The Spirit</Title>
        <Url>http://www.sermonindex.net/modules/mydownloads/visit.php?lid=24842</Url>
        <Speaker>Paris Reidhead</Speaker>
        <Length>27.71Mb</Length>
        <Status>ALREADY_DONE</Status>
        <isSermonSelected>false</isSermonSelected>
    </Sermon>
    <Sermon>
        <Title>Opening of the Seals</Title>
        <Url>http://www.sermonindex.net/modules/mydownloads/visit.php?lid=23109</Url>
        <Speaker>Paris Reidhead</Speaker>
        <Length>0Kb</Length>
        <Status>ALREADY_DONE</Status>
        <isSermonSelected>false</isSermonSelected>
    </Sermon>
    <Sermon>
        <Title>Outline &amp; Resume of So Great Salvation</Title>
        <Url>http://www.sermonindex.net/modules/mydownloads/visit.php?lid=25105</Url>
        <Speaker>Paris Reidhead</Speaker>
        <Length>0Kb</Length>
        <Status>NOT_STARTED</Status>
        <isSermonSelected>false</isSermonSelected>
    </Sermon>
    <Sermon>
        <Title>Paul Questions Twelve Men</Title>
        <Url>http://www.sermonindex.net/modules/mydownloads/visit.php?lid=24841</Url>
        <Speaker>Paris Reidhead</Speaker>
        <Length>0Kb</Length>
        <Status>ALREADY_DONE</Status>
        <isSermonSelected>false</isSermonSelected>
    </Sermon>
    <Sermon>
        <Title>Perseverance</Title>
        <Url>http://www.sermonindex.net/modules/mydownloads/visit.php?lid=25106</Url>
        <Speaker>Paris Reidhead</Speaker>
        <Length>17.22Mb</Length>
        <Status>NOT_STARTED</Status>
        <isSermonSelected>false</isSermonSelected>
    </Sermon>
    <Sermon>
        <Title>Perspective in Prayer</Title>
        <Url>http://www.sermonindex.net/modules/mydownloads/visit.php?lid=24839</Url>
        <Speaker>Paris Reidhead</Speaker>
        <Length>16.08Mb</Length>
        <Status>ALREADY_DONE</Status>
        <isSermonSelected>false</isSermonSelected>
    </Sermon>
    <Sermon>
        <Title>Poverty Mourning and Meekness</Title>
        <Url>http://www.sermonindex.net/modules/mydownloads/visit.php?lid=23110</Url>
        <Speaker>Paris Reidhead</Speaker>
        <Length>13.51Mb</Length>
        <Status>ALREADY_DONE</Status>
        <isSermonSelected>false</isSermonSelected>
    </Sermon>
    <Sermon>
        <Title>Purpose</Title>
        <Url>http://www.sermonindex.net/modules/mydownloads/visit.php?lid=24840</Url>
        <Speaker>Paris Reidhead</Speaker>
        <Length>19.48Mb</Length>
        <Status>ALREADY_DONE</Status>
        <isSermonSelected>false</isSermonSelected>
    </Sermon>
    <Sermon>
        <Title>Reasonable Faith</Title>
        <Url>http://www.sermonindex.net/modules/mydownloads/visit.php?lid=23111</Url>
        <Speaker>Paris Reidhead</Speaker>
        <Length>14.69Mb</Length>
        <Status>ALREADY_DONE</Status>
        <isSermonSelected>false</isSermonSelected>
    </Sermon>
    <Sermon>
        <Title>Redeemed from the Curse of the Law</Title>
        <Url>http://www.sermonindex.net/modules/mydownloads/visit.php?lid=3093</Url>
        <Speaker>Paris Reidhead</Speaker>
        <Length>9.37Mb</Length>
        <Status>ALREADY_DONE</Status>
        <isSermonSelected>false</isSermonSelected>
    </Sermon>
    <Sermon>
        <Title>Redeemed from the Curse of the Law (Higher Quality)</Title>
        <Url>http://www.sermonindex.net/modules/mydownloads/visit.php?lid=23112</Url>
        <Speaker>Paris Reidhead</Speaker>
        <Length>12.46Mb</Length>
        <Status>ALREADY_DONE</Status>
        <isSermonSelected>false</isSermonSelected>
    </Sermon>
    <Sermon>
        <Title>Redemption Summarized</Title>
        <Url>http://www.sermonindex.net/modules/mydownloads/visit.php?lid=25107</Url>
        <Speaker>Paris Reidhead</Speaker>
        <Length>26.11Mb</Length>
        <Status>NOT_STARTED</Status>
        <isSermonSelected>false</isSermonSelected>
    </Sermon>
    <Sermon>
        <Title>Revelation in the Christian Life</Title>
        <Url>http://www.sermonindex.net/modules/mydownloads/visit.php?lid=24838</Url>
        <Speaker>Paris Reidhead</Speaker>
        <Length>16.92Mb</Length>
        <Status>ALREADY_DONE</Status>
        <isSermonSelected>false</isSermonSelected>
    </Sermon>
    <Sermon>
        <Title>Righteousness Consisting of Ideas (Attitudes)</Title>
        <Url>http://www.sermonindex.net/modules/mydownloads/visit.php?lid=25108</Url>
        <Speaker>Paris Reidhead</Speaker>
        <Length>13.77Mb</Length>
        <Status>NOT_STARTED</Status>
        <isSermonSelected>false</isSermonSelected>
    </Sermon>
    <Sermon>
        <Title>Rubbish</Title>
        <Url>http://www.sermonindex.net/modules/mydownloads/visit.php?lid=23994</Url>
        <Speaker>Paris Reidhead</Speaker>
        <Length>16.21Mb</Length>
        <Status>ALREADY_DONE</Status>
        <isSermonSelected>false</isSermonSelected>
    </Sermon>
    <Sermon>
        <Title>Salvation is Revelation</Title>
        <Url>http://www.sermonindex.net/modules/mydownloads/visit.php?lid=339</Url>
        <Speaker>Paris Reidhead</Speaker>
        <Length>8.54Mb</Length>
        <Status>ALREADY_DONE</Status>
        <isSermonSelected>false</isSermonSelected>
    </Sermon>
    <Sermon>
        <Title>Salvation Is Revelation</Title>
        <Url>http://www.sermonindex.net/modules/mydownloads/visit.php?lid=23113</Url>
        <Speaker>Paris Reidhead</Speaker>
        <Length>14.97Mb</Length>
        <Status>ALREADY_DONE</Status>
        <isSermonSelected>false</isSermonSelected>
    </Sermon>
    <Sermon>
        <Title>Satanic Strategy</Title>
        <Url>http://www.sermonindex.net/modules/mydownloads/visit.php?lid=23114</Url>
        <Speaker>Paris Reidhead</Speaker>
        <Length>14.59Mb</Length>
        <Status>ALREADY_DONE</Status>
        <isSermonSelected>false</isSermonSelected>
    </Sermon>
    <Sermon>
        <Title>Saved But Perishing</Title>
        <Url>http://www.sermonindex.net/modules/mydownloads/visit.php?lid=23983</Url>
        <Speaker>Paris Reidhead</Speaker>
        <Length>22.16Mb</Length>
        <Status>ALREADY_DONE</Status>
        <isSermonSelected>false</isSermonSelected>
    </Sermon>
    <Sermon>
        <Title>Sceva's Seven Sins</Title>
        <Url>http://www.sermonindex.net/modules/mydownloads/visit.php?lid=25109</Url>
        <Speaker>Paris Reidhead</Speaker>
        <Length>20.47Mb</Length>
        <Status>NOT_STARTED</Status>
        <isSermonSelected>false</isSermonSelected>
    </Sermon>
    <Sermon>
        <Title>Service</Title>
        <Url>http://www.sermonindex.net/modules/mydownloads/visit.php?lid=25110</Url>
        <Speaker>Paris Reidhead</Speaker>
        <Length>18.52Mb</Length>
        <Status>NOT_STARTED</Status>
        <isSermonSelected>false</isSermonSelected>
    </Sermon>
    <Sermon>
        <Title>Seven Stars and Seven Candlesticks</Title>
        <Url>http://www.sermonindex.net/modules/mydownloads/visit.php?lid=23115</Url>
        <Speaker>Paris Reidhead</Speaker>
        <Length>20.2Mb</Length>
        <Status>ALREADY_DONE</Status>
        <isSermonSelected>false</isSermonSelected>
    </Sermon>
    <Sermon>
        <Title>Seven Statements About The Holy Spirit</Title>
        <Url>http://www.sermonindex.net/modules/mydownloads/visit.php?lid=23116</Url>
        <Speaker>Paris Reidhead</Speaker>
        <Length>16.08Mb</Length>
        <Status>ALREADY_DONE</Status>
        <isSermonSelected>false</isSermonSelected>
    </Sermon>
    <Sermon>
        <Title>Sharing</Title>
        <Url>http://www.sermonindex.net/modules/mydownloads/visit.php?lid=23117</Url>
        <Speaker>Paris Reidhead</Speaker>
        <Length>15.07Mb</Length>
        <Status>ALREADY_DONE</Status>
        <isSermonSelected>false</isSermonSelected>
    </Sermon>
    <Sermon>
        <Title>Signs And Wonders</Title>
        <Url>http://www.sermonindex.net/modules/mydownloads/visit.php?lid=23118</Url>
        <Speaker>Paris Reidhead</Speaker>
        <Length>13.28Mb</Length>
        <Status>ALREADY_DONE</Status>
        <isSermonSelected>false</isSermonSelected>
    </Sermon>
    <Sermon>
        <Title>Sin, It's Nature and History - Part 1</Title>
        <Url>http://www.sermonindex.net/modules/mydownloads/visit.php?lid=25111</Url>
        <Speaker>Paris Reidhead</Speaker>
        <Length>23.4Mb</Length>
        <Status>NOT_STARTED</Status>
        <isSermonSelected>false</isSermonSelected>
    </Sermon>
    <Sermon>
        <Title>Sin, It's Nature and History - Part 2</Title>
        <Url>http://www.sermonindex.net/modules/mydownloads/visit.php?lid=25112</Url>
        <Speaker>Paris Reidhead</Speaker>
        <Length>28.79Mb</Length>
        <Status>NOT_STARTED</Status>
        <isSermonSelected>false</isSermonSelected>
    </Sermon>
    <Sermon>
        <Title>Sin, It's Nature and History - Part 3</Title>
        <Url>http://www.sermonindex.net/modules/mydownloads/visit.php?lid=25113</Url>
        <Speaker>Paris Reidhead</Speaker>
        <Length>8.66Mb</Length>
        <Status>NOT_STARTED</Status>
        <isSermonSelected>false</isSermonSelected>
    </Sermon>
    <Sermon>
        <Title>Sin, It's Nature and History - Part 4</Title>
        <Url>http://www.sermonindex.net/modules/mydownloads/visit.php?lid=25114</Url>
        <Speaker>Paris Reidhead</Speaker>
        <Length>21.19Mb</Length>
        <Status>NOT_STARTED</Status>
        <isSermonSelected>false</isSermonSelected>
    </Sermon>
    <Sermon>
        <Title>Sin, It's Nature and History - Part 5</Title>
        <Url>http://www.sermonindex.net/modules/mydownloads/visit.php?lid=25115</Url>
        <Speaker>Paris Reidhead</Speaker>
        <Length>16.96Mb</Length>
        <Status>NOT_STARTED</Status>
        <isSermonSelected>false</isSermonSelected>
    </Sermon>
    <Sermon>
        <Title>Slightly Healed</Title>
        <Url>http://www.sermonindex.net/modules/mydownloads/visit.php?lid=25116</Url>
        <Speaker>Paris Reidhead</Speaker>
        <Length>27.88Mb</Length>
        <Status>NOT_STARTED</Status>
        <isSermonSelected>false</isSermonSelected>
    </Sermon>
    <Sermon>
        <Title>So Great Salvation</Title>
        <Url>http://www.sermonindex.net/modules/mydownloads/visit.php?lid=1004</Url>
        <Speaker>Paris Reidhead</Speaker>
        <Length>6.44Mb</Length>
        <Status>ALREADY_DONE</Status>
        <isSermonSelected>false</isSermonSelected>
    </Sermon>
    <Sermon>
        <Title>So Great Salvation, Outline</Title>
        <Url>http://www.sermonindex.net/modules/mydownloads/visit.php?lid=24837</Url>
        <Speaker>Paris Reidhead</Speaker>
        <Length>21.44Mb</Length>
        <Status>ALREADY_DONE</Status>
        <isSermonSelected>false</isSermonSelected>
    </Sermon>
    <Sermon>
        <Title>Speak A Word</Title>
        <Url>http://www.sermonindex.net/modules/mydownloads/visit.php?lid=23119</Url>
        <Speaker>Paris Reidhead</Speaker>
        <Length>11.28Mb</Length>
        <Status>ALREADY_DONE</Status>
        <isSermonSelected>false</isSermonSelected>
    </Sermon>
    <Sermon>
        <Title>Strong Delusions</Title>
        <Url>http://www.sermonindex.net/modules/mydownloads/visit.php?lid=23120</Url>
        <Speaker>Paris Reidhead</Speaker>
        <Length>15.81Mb</Length>
        <Status>ALREADY_DONE</Status>
        <isSermonSelected>false</isSermonSelected>
    </Sermon>
    <Sermon>
        <Title>Supernatural Gifts - Part 1</Title>
        <Url>http://www.sermonindex.net/modules/mydownloads/visit.php?lid=24836</Url>
        <Speaker>Paris Reidhead</Speaker>
        <Length>21.29Mb</Length>
        <Status>ALREADY_DONE</Status>
        <isSermonSelected>false</isSermonSelected>
    </Sermon>
    <Sermon>
        <Title>Supernatural Gifts - Part 2</Title>
        <Url>http://www.sermonindex.net/modules/mydownloads/visit.php?lid=24835</Url>
        <Speaker>Paris Reidhead</Speaker>
        <Length>25.68Mb</Length>
        <Status>ALREADY_DONE</Status>
        <isSermonSelected>false</isSermonSelected>
    </Sermon>
    <Sermon>
        <Title>Temptation and Sin</Title>
        <Url>http://www.sermonindex.net/modules/mydownloads/visit.php?lid=23962</Url>
        <Speaker>Paris Reidhead</Speaker>
        <Length>25.85Mb</Length>
        <Status>ALREADY_DONE</Status>
        <isSermonSelected>false</isSermonSelected>
    </Sermon>
    <Sermon>
        <Title>Ten Shekels and a Shirt</Title>
        <Url>http://www.sermonindex.net/modules/mydownloads/visit.php?lid=282</Url>
        <Speaker>Paris Reidhead</Speaker>
        <Length>5.87Mb</Length>
        <Status>ALREADY_DONE</Status>
        <isSermonSelected>false</isSermonSelected>
    </Sermon>
    <Sermon>
        <Title>Ten Shekels And A Shirt (cleaned up)</Title>
        <Url>http://www.sermonindex.net/modules/mydownloads/visit.php?lid=20031</Url>
        <Speaker>Paris Reidhead</Speaker>
        <Length>20.78Mb</Length>
        <Status>ALREADY_DONE</Status>
        <isSermonSelected>false</isSermonSelected>
    </Sermon>
    <Sermon>
        <Title>Ten Shekels and a Shirt (High Quality)</Title>
        <Url>http://www.sermonindex.net/modules/mydownloads/visit.php?lid=2902</Url>
        <Speaker>Paris Reidhead</Speaker>
        <Length>46.99Mb</Length>
        <Status>ALREADY_DONE</Status>
        <isSermonSelected>false</isSermonSelected>
    </Sermon>
    <Sermon>
        <Title>Territorial Rights</Title>
        <Url>http://www.sermonindex.net/modules/mydownloads/visit.php?lid=25117</Url>
        <Speaker>Paris Reidhead</Speaker>
        <Length>28.28Mb</Length>
        <Status>NOT_STARTED</Status>
        <isSermonSelected>false</isSermonSelected>
    </Sermon>
    <Sermon>
        <Title>That The World May Know (Basis For Missions - Part 2)</Title>
        <Url>http://www.sermonindex.net/modules/mydownloads/visit.php?lid=3594</Url>
        <Speaker>Paris Reidhead</Speaker>
        <Length>5.67Mb</Length>
        <Status>ALREADY_DONE</Status>
        <isSermonSelected>false</isSermonSelected>
    </Sermon>
    <Sermon>
        <Title>The 5th and 6th Trumpets</Title>
        <Url>http://www.sermonindex.net/modules/mydownloads/visit.php?lid=24000</Url>
        <Speaker>Paris Reidhead</Speaker>
        <Length>48.15Mb</Length>
        <Status>ALREADY_DONE</Status>
        <isSermonSelected>false</isSermonSelected>
    </Sermon>
    <Sermon>
        <Title>The Baptism with the Holy Spirit</Title>
        <Url>http://www.sermonindex.net/modules/mydownloads/visit.php?lid=3091</Url>
        <Speaker>Paris Reidhead</Speaker>
        <Length>8.06Mb</Length>
        <Status>ALREADY_DONE</Status>
        <isSermonSelected>false</isSermonSelected>
    </Sermon>
    <Sermon>
        <Title>The Basis of Authority</Title>
        <Url>http://www.sermonindex.net/modules/mydownloads/visit.php?lid=24401</Url>
        <Speaker>Paris Reidhead</Speaker>
        <Length>16.15Mb</Length>
        <Status>ALREADY_DONE</Status>
        <isSermonSelected>false</isSermonSelected>
    </Sermon>
    <Sermon>
        <Title>The Beast</Title>
        <Url>http://www.sermonindex.net/modules/mydownloads/visit.php?lid=25118</Url>
        <Speaker>Paris Reidhead</Speaker>
        <Length>28.07Mb</Length>
        <Status>NOT_STARTED</Status>
        <isSermonSelected>false</isSermonSelected>
    </Sermon>
    <Sermon>
        <Title>The Bereans</Title>
        <Url>http://www.sermonindex.net/modules/mydownloads/visit.php?lid=24653</Url>
        <Speaker>Paris Reidhead</Speaker>
        <Length>16.44Mb</Length>
        <Status>ALREADY_DONE</Status>
        <isSermonSelected>false</isSermonSelected>
    </Sermon>
    <Sermon>
        <Title>The Bible is A Missionary Book</Title>
        <Url>http://www.sermonindex.net/modules/mydownloads/visit.php?lid=24654</Url>
        <Speaker>Paris Reidhead</Speaker>
        <Length>14.99Mb</Length>
        <Status>ALREADY_DONE</Status>
        <isSermonSelected>false</isSermonSelected>
    </Sermon>
    <Sermon>
        <Title>The Christian and God's Law</Title>
        <Url>http://www.sermonindex.net/modules/mydownloads/visit.php?lid=24399</Url>
        <Speaker>Paris Reidhead</Speaker>
        <Length>16.05Mb</Length>
        <Status>ALREADY_DONE</Status>
        <isSermonSelected>false</isSermonSelected>
    </Sermon>
    <Sermon>
        <Title>The Christian's Complete Armor</Title>
        <Url>http://www.sermonindex.net/modules/mydownloads/visit.php?lid=24001</Url>
        <Speaker>Paris Reidhead</Speaker>
        <Length>38.65Mb</Length>
        <Status>ALREADY_DONE</Status>
        <isSermonSelected>false</isSermonSelected>
    </Sermon>
    <Sermon>
        <Title>The Communion of Saints</Title>
        <Url>http://www.sermonindex.net/modules/mydownloads/visit.php?lid=24398</Url>
        <Speaker>Paris Reidhead</Speaker>
        <Length>18.06Mb</Length>
        <Status>ALREADY_DONE</Status>
        <isSermonSelected>false</isSermonSelected>
    </Sermon>
    <Sermon>
        <Title>The Condescending Christ</Title>
        <Url>http://www.sermonindex.net/modules/mydownloads/visit.php?lid=24655</Url>
        <Speaker>Paris Reidhead</Speaker>
        <Length>16.54Mb</Length>
        <Status>ALREADY_DONE</Status>
        <isSermonSelected>false</isSermonSelected>
    </Sermon>
    <Sermon>
        <Title>The Crisis of Desperation</Title>
        <Url>http://www.sermonindex.net/modules/mydownloads/visit.php?lid=24002</Url>
        <Speaker>Paris Reidhead</Speaker>
        <Length>34.63Mb</Length>
        <Status>ALREADY_DONE</Status>
        <isSermonSelected>false</isSermonSelected>
    </Sermon>
    <Sermon>
        <Title>The Cure For Anxious Care</Title>
        <Url>http://www.sermonindex.net/modules/mydownloads/visit.php?lid=24003</Url>
        <Speaker>Paris Reidhead</Speaker>
        <Length>33.04Mb</Length>
        <Status>ALREADY_DONE</Status>
        <isSermonSelected>false</isSermonSelected>
    </Sermon>
    <Sermon>
        <Title>The Deceitfulness of the Heart</Title>
        <Url>http://www.sermonindex.net/modules/mydownloads/visit.php?lid=23984</Url>
        <Speaker>Paris Reidhead</Speaker>
        <Length>28.08Mb</Length>
        <Status>ALREADY_DONE</Status>
        <isSermonSelected>false</isSermonSelected>
    </Sermon>
    <Sermon>
        <Title>The Development of Character</Title>
        <Url>http://www.sermonindex.net/modules/mydownloads/visit.php?lid=24395</Url>
        <Speaker>Paris Reidhead</Speaker>
        <Length>17.66Mb</Length>
        <Status>ALREADY_DONE</Status>
        <isSermonSelected>false</isSermonSelected>
    </Sermon>
    <Sermon>
        <Title>The Diligent Christian</Title>
        <Url>http://www.sermonindex.net/modules/mydownloads/visit.php?lid=25119</Url>
        <Speaker>Paris Reidhead</Speaker>
        <Length>19.58Mb</Length>
        <Status>NOT_STARTED</Status>
        <isSermonSelected>false</isSermonSelected>
    </Sermon>
    <Sermon>
        <Title>The Discipline of Fellowship</Title>
        <Url>http://www.sermonindex.net/modules/mydownloads/visit.php?lid=24396</Url>
        <Speaker>Paris Reidhead</Speaker>
        <Length>17.28Mb</Length>
        <Status>ALREADY_DONE</Status>
        <isSermonSelected>false</isSermonSelected>
    </Sermon>
    <Sermon>
        <Title>The Divine Imperative (Basis For Missions - Part 3)</Title>
        <Url>http://www.sermonindex.net/modules/mydownloads/visit.php?lid=3595</Url>
        <Speaker>Paris Reidhead</Speaker>
        <Length>6.71Mb</Length>
        <Status>ALREADY_DONE</Status>
        <isSermonSelected>false</isSermonSelected>
    </Sermon>
    <Sermon>
        <Title>The Eyes of Your Understanding</Title>
        <Url>http://www.sermonindex.net/modules/mydownloads/visit.php?lid=25120</Url>
        <Speaker>Paris Reidhead</Speaker>
        <Length>23.92Mb</Length>
        <Status>NOT_STARTED</Status>
        <isSermonSelected>false</isSermonSelected>
    </Sermon>
    <Sermon>
        <Title>The Fact of God's Love</Title>
        <Url>http://www.sermonindex.net/modules/mydownloads/visit.php?lid=24004</Url>
        <Speaker>Paris Reidhead</Speaker>
        <Length>27.99Mb</Length>
        <Status>ALREADY_DONE</Status>
        <isSermonSelected>false</isSermonSelected>
    </Sermon>
    <Sermon>
        <Title>The Fear of the Lord is Wisdom (Basis For Missions - Part 4)</Title>
        <Url>http://www.sermonindex.net/modules/mydownloads/visit.php?lid=3596</Url>
        <Speaker>Paris Reidhead</Speaker>
        <Length>7.12Mb</Length>
        <Status>ALREADY_DONE</Status>
        <isSermonSelected>false</isSermonSelected>
    </Sermon>
    <Sermon>
        <Title>The Gospel</Title>
        <Url>http://www.sermonindex.net/modules/mydownloads/visit.php?lid=24388</Url>
        <Speaker>Paris Reidhead</Speaker>
        <Length>26.25Mb</Length>
        <Status>ALREADY_DONE</Status>
        <isSermonSelected>false</isSermonSelected>
    </Sermon>
    <Sermon>
        <Title>The Great Apostasy</Title>
        <Url>http://www.sermonindex.net/modules/mydownloads/visit.php?lid=25121</Url>
        <Speaker>Paris Reidhead</Speaker>
        <Length>26.07Mb</Length>
        <Status>NOT_STARTED</Status>
        <isSermonSelected>false</isSermonSelected>
    </Sermon>
    <Sermon>
        <Title>The Greatest Thing in the World</Title>
        <Url>http://www.sermonindex.net/modules/mydownloads/visit.php?lid=25122</Url>
        <Speaker>Paris Reidhead</Speaker>
        <Length>19.98Mb</Length>
        <Status>NOT_STARTED</Status>
        <isSermonSelected>false</isSermonSelected>
    </Sermon>
    <Sermon>
        <Title>The Hidden Things of God - Part 1</Title>
        <Url>http://www.sermonindex.net/modules/mydownloads/visit.php?lid=1973</Url>
        <Speaker>Paris Reidhead</Speaker>
        <Length>5.38Mb</Length>
        <Status>ALREADY_DONE</Status>
        <isSermonSelected>false</isSermonSelected>
    </Sermon>
    <Sermon>
        <Title>The Hidden Things of God - Part 2</Title>
        <Url>http://www.sermonindex.net/modules/mydownloads/visit.php?lid=1974</Url>
        <Speaker>Paris Reidhead</Speaker>
        <Length>6.32Mb</Length>
        <Status>ALREADY_DONE</Status>
        <isSermonSelected>false</isSermonSelected>
    </Sermon>
    <Sermon>
        <Title>The Hidden Things of God - Part 3</Title>
        <Url>http://www.sermonindex.net/modules/mydownloads/visit.php?lid=1975</Url>
        <Speaker>Paris Reidhead</Speaker>
        <Length>6.72Mb</Length>
        <Status>ALREADY_DONE</Status>
        <isSermonSelected>false</isSermonSelected>
    </Sermon>
    <Sermon>
        <Title>The Husbandman</Title>
        <Url>http://www.sermonindex.net/modules/mydownloads/visit.php?lid=25123</Url>
        <Speaker>Paris Reidhead</Speaker>
        <Length>28.11Mb</Length>
        <Status>NOT_STARTED</Status>
        <isSermonSelected>false</isSermonSelected>
    </Sermon>
    <Sermon>
        <Title>The Key That Locks The Door of Blessing</Title>
        <Url>http://www.sermonindex.net/modules/mydownloads/visit.php?lid=25124</Url>
        <Speaker>Paris Reidhead</Speaker>
        <Length>19.69Mb</Length>
        <Status>NOT_STARTED</Status>
        <isSermonSelected>false</isSermonSelected>
    </Sermon>
    <Sermon>
        <Title>The Key to Understanding</Title>
        <Url>http://www.sermonindex.net/modules/mydownloads/visit.php?lid=3104</Url>
        <Speaker>Paris Reidhead</Speaker>
        <Length>9.82Mb</Length>
        <Status>ALREADY_DONE</Status>
        <isSermonSelected>false</isSermonSelected>
    </Sermon>
    <Sermon>
        <Title>The Kinsman Redeemer</Title>
        <Url>http://www.sermonindex.net/modules/mydownloads/visit.php?lid=25125</Url>
        <Speaker>Paris Reidhead</Speaker>
        <Length>23.9Mb</Length>
        <Status>NOT_STARTED</Status>
        <isSermonSelected>false</isSermonSelected>
    </Sermon>
    <Sermon>
        <Title>The Law and The Prophets</Title>
        <Url>http://www.sermonindex.net/modules/mydownloads/visit.php?lid=24684</Url>
        <Speaker>Paris Reidhead</Speaker>
        <Length>18.35Mb</Length>
        <Status>ALREADY_DONE</Status>
        <isSermonSelected>false</isSermonSelected>
    </Sermon>
    <Sermon>
        <Title>The Little Book</Title>
        <Url>http://www.sermonindex.net/modules/mydownloads/visit.php?lid=24389</Url>
        <Speaker>Paris Reidhead</Speaker>
        <Length>26.34Mb</Length>
        <Status>ALREADY_DONE</Status>
        <isSermonSelected>false</isSermonSelected>
    </Sermon>
    <Sermon>
        <Title>The Magnitude of God's Love</Title>
        <Url>http://www.sermonindex.net/modules/mydownloads/visit.php?lid=24005</Url>
        <Speaker>Paris Reidhead</Speaker>
        <Length>26.67Mb</Length>
        <Status>ALREADY_DONE</Status>
        <isSermonSelected>false</isSermonSelected>
    </Sermon>
    <Sermon>
        <Title>The Measure of God's Love</Title>
        <Url>http://www.sermonindex.net/modules/mydownloads/visit.php?lid=24006</Url>
        <Speaker>Paris Reidhead</Speaker>
        <Length>30.89Mb</Length>
        <Status>ALREADY_DONE</Status>
        <isSermonSelected>false</isSermonSelected>
    </Sermon>
    <Sermon>
        <Title>The Ministry of Reconciliation</Title>
        <Url>http://www.sermonindex.net/modules/mydownloads/visit.php?lid=24007</Url>
        <Speaker>Paris Reidhead</Speaker>
        <Length>53.6Mb</Length>
        <Status>ALREADY_DONE</Status>
        <isSermonSelected>false</isSermonSelected>
    </Sermon>
    <Sermon>
        <Title>The Nature of God</Title>
        <Url>http://www.sermonindex.net/modules/mydownloads/visit.php?lid=3103</Url>
        <Speaker>Paris Reidhead</Speaker>
        <Length>6.47Mb</Length>
        <Status>ALREADY_DONE</Status>
        <isSermonSelected>false</isSermonSelected>
    </Sermon>
    <Sermon>
        <Title>The Nature of God (High Quality)</Title>
        <Url>http://www.sermonindex.net/modules/mydownloads/visit.php?lid=12806</Url>
        <Speaker>Paris Reidhead</Speaker>
        <Length>8.62Mb</Length>
        <Status>ALREADY_DONE</Status>
        <isSermonSelected>false</isSermonSelected>
    </Sermon>
    <Sermon>
        <Title>The Nazarite (The Meaning of Submission)</Title>
        <Url>http://www.sermonindex.net/modules/mydownloads/visit.php?lid=24762</Url>
        <Speaker>Paris Reidhead</Speaker>
        <Length>27.31Mb</Length>
        <Status>ALREADY_DONE</Status>
        <isSermonSelected>false</isSermonSelected>
    </Sermon>
    <Sermon>
        <Title>The Normal Christian Life</Title>
        <Url>http://www.sermonindex.net/modules/mydownloads/visit.php?lid=16244</Url>
        <Speaker>Paris Reidhead</Speaker>
        <Length>11.31Mb</Length>
        <Status>ALREADY_DONE</Status>
        <isSermonSelected>false</isSermonSelected>
    </Sermon>
    <Sermon>
        <Title>The Plan of Grace</Title>
        <Url>http://www.sermonindex.net/modules/mydownloads/visit.php?lid=3111</Url>
        <Speaker>Paris Reidhead</Speaker>
        <Length>10.55Mb</Length>
        <Status>ALREADY_DONE</Status>
        <isSermonSelected>false</isSermonSelected>
    </Sermon>
    <Sermon>
        <Title>The Possibility of Apostasy</Title>
        <Url>http://www.sermonindex.net/modules/mydownloads/visit.php?lid=24391</Url>
        <Speaker>Paris Reidhead</Speaker>
        <Length>24.89Mb</Length>
        <Status>ALREADY_DONE</Status>
        <isSermonSelected>false</isSermonSelected>
    </Sermon>
    <Sermon>
        <Title>The Prayer of Authority</Title>
        <Url>http://www.sermonindex.net/modules/mydownloads/visit.php?lid=25126</Url>
        <Speaker>Paris Reidhead</Speaker>
        <Length>32.11Mb</Length>
        <Status>NOT_STARTED</Status>
        <isSermonSelected>false</isSermonSelected>
    </Sermon>
    <Sermon>
        <Title>The Principles of Missions (Basis For Missions - Part 1)</Title>
        <Url>http://www.sermonindex.net/modules/mydownloads/visit.php?lid=3173</Url>
        <Speaker>Paris Reidhead</Speaker>
        <Length>7.32Mb</Length>
        <Status>ALREADY_DONE</Status>
        <isSermonSelected>false</isSermonSelected>
    </Sermon>
    <Sermon>
        <Title>The Provision of Grace</Title>
        <Url>http://www.sermonindex.net/modules/mydownloads/visit.php?lid=3112</Url>
        <Speaker>Paris Reidhead</Speaker>
        <Length>7.32Mb</Length>
        <Status>ALREADY_DONE</Status>
        <isSermonSelected>false</isSermonSelected>
    </Sermon>
    <Sermon>
        <Title>The Purpose of God's Love</Title>
        <Url>http://www.sermonindex.net/modules/mydownloads/visit.php?lid=25127</Url>
        <Speaker>Paris Reidhead</Speaker>
        <Length>15.29Mb</Length>
        <Status>NOT_STARTED</Status>
        <isSermonSelected>false</isSermonSelected>
    </Sermon>
    <Sermon>
        <Title>The Red Heifer</Title>
        <Url>http://www.sermonindex.net/modules/mydownloads/visit.php?lid=3095</Url>
        <Speaker>Paris Reidhead</Speaker>
        <Length>8.55Mb</Length>
        <Status>ALREADY_DONE</Status>
        <isSermonSelected>false</isSermonSelected>
    </Sermon>
    <Sermon>
        <Title>The Reigning Authority of Jesus Christ in His Church</Title>
        <Url>http://www.sermonindex.net/modules/mydownloads/visit.php?lid=24397</Url>
        <Speaker>Paris Reidhead</Speaker>
        <Length>16Mb</Length>
        <Status>ALREADY_DONE</Status>
        <isSermonSelected>false</isSermonSelected>
    </Sermon>
    <Sermon>
        <Title>The Renewing of Your Mind</Title>
        <Url>http://www.sermonindex.net/modules/mydownloads/visit.php?lid=25128</Url>
        <Speaker>Paris Reidhead</Speaker>
        <Length>16.64Mb</Length>
        <Status>NOT_STARTED</Status>
        <isSermonSelected>false</isSermonSelected>
    </Sermon>
    <Sermon>
        <Title>The Resurrection of The Body</Title>
        <Url>http://www.sermonindex.net/modules/mydownloads/visit.php?lid=25129</Url>
        <Speaker>Paris Reidhead</Speaker>
        <Length>19.52Mb</Length>
        <Status>NOT_STARTED</Status>
        <isSermonSelected>false</isSermonSelected>
    </Sermon>
    <Sermon>
        <Title>The Revelation</Title>
        <Url>http://www.sermonindex.net/modules/mydownloads/visit.php?lid=25130</Url>
        <Speaker>Paris Reidhead</Speaker>
        <Length>21.63Mb</Length>
        <Status>NOT_STARTED</Status>
        <isSermonSelected>false</isSermonSelected>
    </Sermon>
    <Sermon>
        <Title>The right use of the Law</Title>
        <Url>http://www.sermonindex.net/modules/mydownloads/visit.php?lid=40</Url>
        <Speaker>Paris Reidhead</Speaker>
        <Length>6.46Mb</Length>
        <Status>ALREADY_DONE</Status>
        <isSermonSelected>false</isSermonSelected>
    </Sermon>
    <Sermon>
        <Title>The Sanctity of the Body</Title>
        <Url>http://www.sermonindex.net/modules/mydownloads/visit.php?lid=25131</Url>
        <Speaker>Paris Reidhead</Speaker>
        <Length>16.11Mb</Length>
        <Status>NOT_STARTED</Status>
        <isSermonSelected>false</isSermonSelected>
    </Sermon>
    <Sermon>
        <Title>The Secret of a Happy Life</Title>
        <Url>http://www.sermonindex.net/modules/mydownloads/visit.php?lid=24394</Url>
        <Speaker>Paris Reidhead</Speaker>
        <Length>18.32Mb</Length>
        <Status>ALREADY_DONE</Status>
        <isSermonSelected>false</isSermonSelected>
    </Sermon>
    <Sermon>
        <Title>The Seventh Trumpet</Title>
        <Url>http://www.sermonindex.net/modules/mydownloads/visit.php?lid=24400</Url>
        <Speaker>Paris Reidhead</Speaker>
        <Length>27.87Mb</Length>
        <Status>ALREADY_DONE</Status>
        <isSermonSelected>false</isSermonSelected>
    </Sermon>
    <Sermon>
        <Title>The Sovereignty of God</Title>
        <Url>http://www.sermonindex.net/modules/mydownloads/visit.php?lid=25132</Url>
        <Speaker>Paris Reidhead</Speaker>
        <Length>18.27Mb</Length>
        <Status>NOT_STARTED</Status>
        <isSermonSelected>false</isSermonSelected>
    </Sermon>
    <Sermon>
        <Title>The Sword and The Trowel</Title>
        <Url>http://www.sermonindex.net/modules/mydownloads/visit.php?lid=25133</Url>
        <Speaker>Paris Reidhead</Speaker>
        <Length>19.75Mb</Length>
        <Status>NOT_STARTED</Status>
        <isSermonSelected>false</isSermonSelected>
    </Sermon>
    <Sermon>
        <Title>The Time Preceding The Coming of The Lord</Title>
        <Url>http://www.sermonindex.net/modules/mydownloads/visit.php?lid=25134</Url>
        <Speaker>Paris Reidhead</Speaker>
        <Length>24.98Mb</Length>
        <Status>NOT_STARTED</Status>
        <isSermonSelected>false</isSermonSelected>
    </Sermon>
    <Sermon>
        <Title>The Trial of Your Faith</Title>
        <Url>http://www.sermonindex.net/modules/mydownloads/visit.php?lid=25135</Url>
        <Speaker>Paris Reidhead</Speaker>
        <Length>18Mb</Length>
        <Status>NOT_STARTED</Status>
        <isSermonSelected>false</isSermonSelected>
    </Sermon>
    <Sermon>
        <Title>The True Vine</Title>
        <Url>http://www.sermonindex.net/modules/mydownloads/visit.php?lid=1871</Url>
        <Speaker>Paris Reidhead</Speaker>
        <Length>6.41Mb</Length>
        <Status>ALREADY_DONE</Status>
        <isSermonSelected>false</isSermonSelected>
    </Sermon>
    <Sermon>
        <Title>The Twelve Commandment</Title>
        <Url>http://www.sermonindex.net/modules/mydownloads/visit.php?lid=25136</Url>
        <Speaker>Paris Reidhead</Speaker>
        <Length>21.58Mb</Length>
        <Status>NOT_STARTED</Status>
        <isSermonSelected>false</isSermonSelected>
    </Sermon>
    <Sermon>
        <Title>The Two Most Important Questions Ever Asked</Title>
        <Url>http://www.sermonindex.net/modules/mydownloads/visit.php?lid=25137</Url>
        <Speaker>Paris Reidhead</Speaker>
        <Length>14.38Mb</Length>
        <Status>NOT_STARTED</Status>
        <isSermonSelected>false</isSermonSelected>
    </Sermon>
    <Sermon>
        <Title>The Unveiling of Jesus Christ</Title>
        <Url>http://www.sermonindex.net/modules/mydownloads/visit.php?lid=24392</Url>
        <Speaker>Paris Reidhead</Speaker>
        <Length>22.93Mb</Length>
        <Status>ALREADY_DONE</Status>
        <isSermonSelected>false</isSermonSelected>
    </Sermon>
    <Sermon>
        <Title>The Victor's Life and Power</Title>
        <Url>http://www.sermonindex.net/modules/mydownloads/visit.php?lid=25138</Url>
        <Speaker>Paris Reidhead</Speaker>
        <Length>23.2Mb</Length>
        <Status>NOT_STARTED</Status>
        <isSermonSelected>false</isSermonSelected>
    </Sermon>
    <Sermon>
        <Title>The Will of God for You</Title>
        <Url>http://www.sermonindex.net/modules/mydownloads/visit.php?lid=3094</Url>
        <Speaker>Paris Reidhead</Speaker>
        <Length>6.52Mb</Length>
        <Status>ALREADY_DONE</Status>
        <isSermonSelected>false</isSermonSelected>
    </Sermon>
    <Sermon>
        <Title>The Work of Ministry</Title>
        <Url>http://www.sermonindex.net/modules/mydownloads/visit.php?lid=25139</Url>
        <Speaker>Paris Reidhead</Speaker>
        <Length>20.68Mb</Length>
        <Status>NOT_STARTED</Status>
        <isSermonSelected>false</isSermonSelected>
    </Sermon>
    <Sermon>
        <Title>The Yardstick For Measuring Your Life</Title>
        <Url>http://www.sermonindex.net/modules/mydownloads/visit.php?lid=25140</Url>
        <Speaker>Paris Reidhead</Speaker>
        <Length>23.83Mb</Length>
        <Status>NOT_STARTED</Status>
        <isSermonSelected>false</isSermonSelected>
    </Sermon>
    <Sermon>
        <Title>Things Taught By Grace</Title>
        <Url>http://www.sermonindex.net/modules/mydownloads/visit.php?lid=25141</Url>
        <Speaker>Paris Reidhead</Speaker>
        <Length>21.46Mb</Length>
        <Status>NOT_STARTED</Status>
        <isSermonSelected>false</isSermonSelected>
    </Sermon>
    <Sermon>
        <Title>Things You Should't Pray About</Title>
        <Url>http://www.sermonindex.net/modules/mydownloads/visit.php?lid=25142</Url>
        <Speaker>Paris Reidhead</Speaker>
        <Length>26.72Mb</Length>
        <Status>NOT_STARTED</Status>
        <isSermonSelected>false</isSermonSelected>
    </Sermon>
    <Sermon>
        <Title>Three Basic Principles</Title>
        <Url>http://www.sermonindex.net/modules/mydownloads/visit.php?lid=25143</Url>
        <Speaker>Paris Reidhead</Speaker>
        <Length>18.93Mb</Length>
        <Status>NOT_STARTED</Status>
        <isSermonSelected>false</isSermonSelected>
    </Sermon>
    <Sermon>
        <Title>Three Worlds</Title>
        <Url>http://www.sermonindex.net/modules/mydownloads/visit.php?lid=24393</Url>
        <Speaker>Paris Reidhead</Speaker>
        <Length>20.27Mb</Length>
        <Status>ALREADY_DONE</Status>
        <isSermonSelected>false</isSermonSelected>
    </Sermon>
    <Sermon>
        <Title>Through A Glass Darkly</Title>
        <Url>http://www.sermonindex.net/modules/mydownloads/visit.php?lid=24442</Url>
        <Speaker>Paris Reidhead</Speaker>
        <Length>17.68Mb</Length>
        <Status>ALREADY_DONE</Status>
        <isSermonSelected>false</isSermonSelected>
    </Sermon>
    <Sermon>
        <Title>Truth is Dangerous</Title>
        <Url>http://www.sermonindex.net/modules/mydownloads/visit.php?lid=24441</Url>
        <Speaker>Paris Reidhead</Speaker>
        <Length>17.8Mb</Length>
        <Status>ALREADY_DONE</Status>
        <isSermonSelected>false</isSermonSelected>
    </Sermon>
    <Sermon>
        <Title>Two Great Commandments</Title>
        <Url>http://www.sermonindex.net/modules/mydownloads/visit.php?lid=25144</Url>
        <Speaker>Paris Reidhead</Speaker>
        <Length>24.74Mb</Length>
        <Status>NOT_STARTED</Status>
        <isSermonSelected>false</isSermonSelected>
    </Sermon>
    <Sermon>
        <Title>Unequally Yoked</Title>
        <Url>http://www.sermonindex.net/modules/mydownloads/visit.php?lid=25145</Url>
        <Speaker>Paris Reidhead</Speaker>
        <Length>13.89Mb</Length>
        <Status>NOT_STARTED</Status>
        <isSermonSelected>false</isSermonSelected>
    </Sermon>
    <Sermon>
        <Title>Victory Over One's Worst Enemy</Title>
        <Url>http://www.sermonindex.net/modules/mydownloads/visit.php?lid=25146</Url>
        <Speaker>Paris Reidhead</Speaker>
        <Length>0Kb</Length>
        <Status>NOT_STARTED</Status>
        <isSermonSelected>false</isSermonSelected>
    </Sermon>
    <Sermon>
        <Title>Victory Part 1 of 2</Title>
        <Url>http://www.sermonindex.net/modules/mydownloads/visit.php?lid=25147</Url>
        <Speaker>Paris Reidhead</Speaker>
        <Length>20.87Mb</Length>
        <Status>NOT_STARTED</Status>
        <isSermonSelected>false</isSermonSelected>
    </Sermon>
    <Sermon>
        <Title>Victory Part 2 of 2</Title>
        <Url>http://www.sermonindex.net/modules/mydownloads/visit.php?lid=25148</Url>
        <Speaker>Paris Reidhead</Speaker>
        <Length>23.01Mb</Length>
        <Status>NOT_STARTED</Status>
        <isSermonSelected>false</isSermonSelected>
    </Sermon>
    <Sermon>
        <Title>Walk In The Spirit</Title>
        <Url>http://www.sermonindex.net/modules/mydownloads/visit.php?lid=25149</Url>
        <Speaker>Paris Reidhead</Speaker>
        <Length>24.93Mb</Length>
        <Status>NOT_STARTED</Status>
        <isSermonSelected>false</isSermonSelected>
    </Sermon>
    <Sermon>
        <Title>Well and Ditches</Title>
        <Url>http://www.sermonindex.net/modules/mydownloads/visit.php?lid=24439</Url>
        <Speaker>Paris Reidhead</Speaker>
        <Length>23.01Mb</Length>
        <Status>ALREADY_DONE</Status>
        <isSermonSelected>false</isSermonSelected>
    </Sermon>
    <Sermon>
        <Title>What Kind of Being is Man - Part 1</Title>
        <Url>http://www.sermonindex.net/modules/mydownloads/visit.php?lid=1866</Url>
        <Speaker>Paris Reidhead</Speaker>
        <Length>5.78Mb</Length>
        <Status>ALREADY_DONE</Status>
        <isSermonSelected>false</isSermonSelected>
    </Sermon>
    <Sermon>
        <Title>What Kind of Being is Man - Part 2</Title>
        <Url>http://www.sermonindex.net/modules/mydownloads/visit.php?lid=1867</Url>
        <Speaker>Paris Reidhead</Speaker>
        <Length>6.52Mb</Length>
        <Status>ALREADY_DONE</Status>
        <isSermonSelected>false</isSermonSelected>
    </Sermon>
    <Sermon>
        <Title>What Kind of Being is Man - Part 3</Title>
        <Url>http://www.sermonindex.net/modules/mydownloads/visit.php?lid=1868</Url>
        <Speaker>Paris Reidhead</Speaker>
        <Length>5.89Mb</Length>
        <Status>ALREADY_DONE</Status>
        <isSermonSelected>false</isSermonSelected>
    </Sermon>
    <Sermon>
        <Title>What Kind of Being is Man - Part 4</Title>
        <Url>http://www.sermonindex.net/modules/mydownloads/visit.php?lid=1869</Url>
        <Speaker>Paris Reidhead</Speaker>
        <Length>6.24Mb</Length>
        <Status>ALREADY_DONE</Status>
        <isSermonSelected>false</isSermonSelected>
    </Sermon>
    <Sermon>
        <Title>What Kind of Being is Man - Part 5</Title>
        <Url>http://www.sermonindex.net/modules/mydownloads/visit.php?lid=1870</Url>
        <Speaker>Paris Reidhead</Speaker>
        <Length>5.36Mb</Length>
        <Status>ALREADY_DONE</Status>
        <isSermonSelected>false</isSermonSelected>
    </Sermon>
    <Sermon>
        <Title>Wheat or Chaff</Title>
        <Url>http://www.sermonindex.net/modules/mydownloads/visit.php?lid=24010</Url>
        <Speaker>Paris Reidhead</Speaker>
        <Length>38.56Mb</Length>
        <Status>ALREADY_DONE</Status>
        <isSermonSelected>false</isSermonSelected>
    </Sermon>
    <Sermon>
        <Title>Where Do You Live</Title>
        <Url>http://www.sermonindex.net/modules/mydownloads/visit.php?lid=25150</Url>
        <Speaker>Paris Reidhead</Speaker>
        <Length>18.6Mb</Length>
        <Status>NOT_STARTED</Status>
        <isSermonSelected>false</isSermonSelected>
    </Sermon>
    <Sermon>
        <Title>Who is Man, What is Man</Title>
        <Url>http://www.sermonindex.net/modules/mydownloads/visit.php?lid=25151</Url>
        <Speaker>Paris Reidhead</Speaker>
        <Length>26.49Mb</Length>
        <Status>NOT_STARTED</Status>
        <isSermonSelected>false</isSermonSelected>
    </Sermon>
    <Sermon>
        <Title>Who is Worthy</Title>
        <Url>http://www.sermonindex.net/modules/mydownloads/visit.php?lid=24440</Url>
        <Speaker>Paris Reidhead</Speaker>
        <Length>15.76Mb</Length>
        <Status>ALREADY_DONE</Status>
        <isSermonSelected>false</isSermonSelected>
    </Sermon>
    <Sermon>
        <Title>Why God Made Man - Part 1 of 6</Title>
        <Url>http://www.sermonindex.net/modules/mydownloads/visit.php?lid=25152</Url>
        <Speaker>Paris Reidhead</Speaker>
        <Length>23.75Mb</Length>
        <Status>NOT_STARTED</Status>
        <isSermonSelected>false</isSermonSelected>
    </Sermon>
    <Sermon>
        <Title>Why God Made Man - Part 2 of 6</Title>
        <Url>http://www.sermonindex.net/modules/mydownloads/visit.php?lid=25153</Url>
        <Speaker>Paris Reidhead</Speaker>
        <Length>27.54Mb</Length>
        <Status>NOT_STARTED</Status>
        <isSermonSelected>false</isSermonSelected>
    </Sermon>
    <Sermon>
        <Title>Why God Made Man - Part 3 of 6</Title>
        <Url>http://www.sermonindex.net/modules/mydownloads/visit.php?lid=25154</Url>
        <Speaker>Paris Reidhead</Speaker>
        <Length>26.49Mb</Length>
        <Status>NOT_STARTED</Status>
        <isSermonSelected>false</isSermonSelected>
    </Sermon>
    <Sermon>
        <Title>Why God Made Man - Part 4 of 6</Title>
        <Url>http://www.sermonindex.net/modules/mydownloads/visit.php?lid=25155</Url>
        <Speaker>Paris Reidhead</Speaker>
        <Length>26.36Mb</Length>
        <Status>NOT_STARTED</Status>
        <isSermonSelected>false</isSermonSelected>
    </Sermon>
    <Sermon>
        <Title>Why God Made Man - Part 5 of 6</Title>
        <Url>http://www.sermonindex.net/modules/mydownloads/visit.php?lid=25156</Url>
        <Speaker>Paris Reidhead</Speaker>
        <Length>28.96Mb</Length>
        <Status>NOT_STARTED</Status>
        <isSermonSelected>false</isSermonSelected>
    </Sermon>
    <Sermon>
        <Title>Why God Made Man - Part 6 of 6</Title>
        <Url>http://www.sermonindex.net/modules/mydownloads/visit.php?lid=25157</Url>
        <Speaker>Paris Reidhead</Speaker>
        <Length>26.98Mb</Length>
        <Status>NOT_STARTED</Status>
        <isSermonSelected>false</isSermonSelected>
    </Sermon>
    <Sermon>
        <Title>Will The Church Go Through The Tribulation</Title>
        <Url>http://www.sermonindex.net/modules/mydownloads/visit.php?lid=24009</Url>
        <Speaker>Paris Reidhead</Speaker>
        <Length>40.81Mb</Length>
        <Status>ALREADY_DONE</Status>
        <isSermonSelected>false</isSermonSelected>
    </Sermon>
    <Sermon>
        <Title>Witness of the Spirit - Part 1</Title>
        <Url>http://www.sermonindex.net/modules/mydownloads/visit.php?lid=772</Url>
        <Speaker>Paris Reidhead</Speaker>
        <Length>6.52Mb</Length>
        <Status>ALREADY_DONE</Status>
        <isSermonSelected>false</isSermonSelected>
    </Sermon>
    <Sermon>
        <Title>Witness of the Spirit - Part 2</Title>
        <Url>http://www.sermonindex.net/modules/mydownloads/visit.php?lid=773</Url>
        <Speaker>Paris Reidhead</Speaker>
        <Length>4.43Mb</Length>
        <Status>ALREADY_DONE</Status>
        <isSermonSelected>false</isSermonSelected>
    </Sermon>
    <Sermon>
        <Title>Witnessing Because of Fear</Title>
        <Url>http://www.sermonindex.net/modules/mydownloads/visit.php?lid=24443</Url>
        <Speaker>Paris Reidhead</Speaker>
        <Length>18.47Mb</Length>
        <Status>ALREADY_DONE</Status>
        <isSermonSelected>false</isSermonSelected>
    </Sermon>
    <Sermon>
        <Title>World Salt Conference</Title>
        <Url>http://www.sermonindex.net/modules/mydownloads/visit.php?lid=24763</Url>
        <Speaker>Paris Reidhead</Speaker>
        <Length>20.19Mb</Length>
        <Status>ALREADY_DONE</Status>
        <isSermonSelected>false</isSermonSelected>
    </Sermon>
    <Sermon>
        <Title>You Are The Best Christian They Know</Title>
        <Url>http://www.sermonindex.net/modules/mydownloads/visit.php?lid=24011</Url>
        <Speaker>Paris Reidhead</Speaker>
        <Length>58.71Mb</Length>
        <Status>ALREADY_DONE</Status>
        <isSermonSelected>false</isSermonSelected>
    </Sermon>
    <Sermon>
        <Title>Your Excuses</Title>
        <Url>http://www.sermonindex.net/modules/mydownloads/visit.php?lid=25158</Url>
        <Speaker>Paris Reidhead</Speaker>
        <Length>27.76Mb</Length>
        <Status>NOT_STARTED</Status>
        <isSermonSelected>false</isSermonSelected>
    </Sermon>
    <Sermon>
        <Title>Your Full Potential in Christ</Title>
        <Url>http://www.sermonindex.net/modules/mydownloads/visit.php?lid=25159</Url>
        <Speaker>Paris Reidhead</Speaker>
        <Length>6.84Mb</Length>
        <Status>NOT_STARTED</Status>
        <isSermonSelected>false</isSermonSelected>
    </Sermon>
</Sermons>
