<?xml version="1.0" encoding="UTF-8" standalone="yes"?>
<Sermons>
    <Sermon>
        <Title>(Keswick) 1959, Ministry From 2 Timothy - Part 1</Title>
        <Url>http://www.sermonindex.net/modules/mydownloads/visit.php?lid=27516</Url>
        <Speaker>Paul S. Rees</Speaker>
        <Length>3.89Mb</Length>
        <Status>NOT_STARTED</Status>
        <isSermonSelected>false</isSermonSelected>
    </Sermon>
    <Sermon>
        <Title>(Keswick) 1959, Ministry From 2 Timothy - Part 2</Title>
        <Url>http://www.sermonindex.net/modules/mydownloads/visit.php?lid=27517</Url>
        <Speaker>Paul S. Rees</Speaker>
        <Length>3.94Mb</Length>
        <Status>NOT_STARTED</Status>
        <isSermonSelected>false</isSermonSelected>
    </Sermon>
    <Sermon>
        <Title>(Keswick) 1959, Ministry From 2 Timothy - Part 3</Title>
        <Url>http://www.sermonindex.net/modules/mydownloads/visit.php?lid=27518</Url>
        <Speaker>Paul S. Rees</Speaker>
        <Length>3.93Mb</Length>
        <Status>NOT_STARTED</Status>
        <isSermonSelected>false</isSermonSelected>
    </Sermon>
    <Sermon>
        <Title>(Keswick) 1959, Ministry From 2 Timothy - Part 4</Title>
        <Url>http://www.sermonindex.net/modules/mydownloads/visit.php?lid=27519</Url>
        <Speaker>Paul S. Rees</Speaker>
        <Length>4.1Mb</Length>
        <Status>NOT_STARTED</Status>
        <isSermonSelected>false</isSermonSelected>
    </Sermon>
    <Sermon>
        <Title>(Keswick) 1959, Ministry From 2 Timothy - Part 5</Title>
        <Url>http://www.sermonindex.net/modules/mydownloads/visit.php?lid=27520</Url>
        <Speaker>Paul S. Rees</Speaker>
        <Length>4.65Mb</Length>
        <Status>NOT_STARTED</Status>
        <isSermonSelected>false</isSermonSelected>
    </Sermon>
    <Sermon>
        <Title>My Recollection of the Early Nazarenes</Title>
        <Url>http://www.sermonindex.net/modules/mydownloads/visit.php?lid=23288</Url>
        <Speaker>Paul S. Rees</Speaker>
        <Length>14.99Mb</Length>
        <Status>NOT_STARTED</Status>
        <isSermonSelected>false</isSermonSelected>
    </Sermon>
</Sermons>
