<?xml version="1.0" encoding="UTF-8" standalone="yes"?>
<Sermons>
    <Sermon>
        <Title>I Saw One Hanging on a Tree - John Newton (read by Paul West)</Title>
        <Url>http://www.sermonindex.net/modules/mydownloads/visit.php?lid=16303</Url>
        <Speaker>Paul West</Speaker>
        <Length>1.24Mb</Length>
        <Status>NOT_STARTED</Status>
        <isSermonSelected>false</isSermonSelected>
    </Sermon>
    <Sermon>
        <Title>The Purpose of Trials</Title>
        <Url>http://www.sermonindex.net/modules/mydownloads/visit.php?lid=16033</Url>
        <Speaker>Paul West</Speaker>
        <Length>45.77Mb</Length>
        <Status>NOT_STARTED</Status>
        <isSermonSelected>false</isSermonSelected>
    </Sermon>
    <Sermon>
        <Title>What a Monster! - Charles Spurgeon (read by Paul West)</Title>
        <Url>http://www.sermonindex.net/modules/mydownloads/visit.php?lid=16302</Url>
        <Speaker>Paul West</Speaker>
        <Length>2.16Mb</Length>
        <Status>NOT_STARTED</Status>
        <isSermonSelected>false</isSermonSelected>
    </Sermon>
    <Sermon>
        <Title>Why Christ Offends Men - Charles Spurgeon (read by Paul West)</Title>
        <Url>http://www.sermonindex.net/modules/mydownloads/visit.php?lid=16304</Url>
        <Speaker>Paul West</Speaker>
        <Length>1.76Mb</Length>
        <Status>NOT_STARTED</Status>
        <isSermonSelected>false</isSermonSelected>
    </Sermon>
</Sermons>
