<?xml version="1.0" encoding="UTF-8" standalone="yes"?>
<Sermons>
    <Sermon>
        <Title>Calling, Vision, and Passion</Title>
        <Url>http://www.sermonindex.net/modules/mydownloads/visit.php?lid=13894</Url>
        <Speaker>Paul Negrut</Speaker>
        <Length>10.39Mb</Length>
        <Status>NOT_STARTED</Status>
        <isSermonSelected>false</isSermonSelected>
    </Sermon>
    <Sermon>
        <Title>How to Stay Awake when Jesus is Calling</Title>
        <Url>http://www.sermonindex.net/modules/mydownloads/visit.php?lid=13895</Url>
        <Speaker>Paul Negrut</Speaker>
        <Length>9.31Mb</Length>
        <Status>NOT_STARTED</Status>
        <isSermonSelected>false</isSermonSelected>
    </Sermon>
    <Sermon>
        <Title>Pierce My Heart</Title>
        <Url>http://www.sermonindex.net/modules/mydownloads/visit.php?lid=13896</Url>
        <Speaker>Paul Negrut</Speaker>
        <Length>8.98Mb</Length>
        <Status>NOT_STARTED</Status>
        <isSermonSelected>false</isSermonSelected>
    </Sermon>
</Sermons>
