<?xml version="1.0" encoding="UTF-8" standalone="yes"?>
<Sermons>
    <Sermon>
        <Title>All Things Work Together</Title>
        <Url>http://www.sermonindex.net/modules/mydownloads/visit.php?lid=13352</Url>
        <Speaker>Paul Ravenhill</Speaker>
        <Length>8.64Mb</Length>
        <Status>NOT_STARTED</Status>
        <isSermonSelected>false</isSermonSelected>
    </Sermon>
    <Sermon>
        <Title>Go Ye</Title>
        <Url>http://www.sermonindex.net/modules/mydownloads/visit.php?lid=13353</Url>
        <Speaker>Paul Ravenhill</Speaker>
        <Length>14.69Mb</Length>
        <Status>NOT_STARTED</Status>
        <isSermonSelected>false</isSermonSelected>
    </Sermon>
    <Sermon>
        <Title>Jacob and Esau</Title>
        <Url>http://www.sermonindex.net/modules/mydownloads/visit.php?lid=13354</Url>
        <Speaker>Paul Ravenhill</Speaker>
        <Length>18.26Mb</Length>
        <Status>NOT_STARTED</Status>
        <isSermonSelected>false</isSermonSelected>
    </Sermon>
    <Sermon>
        <Title>John 11</Title>
        <Url>http://www.sermonindex.net/modules/mydownloads/visit.php?lid=13233</Url>
        <Speaker>Paul Ravenhill</Speaker>
        <Length>14.7Mb</Length>
        <Status>NOT_STARTED</Status>
        <isSermonSelected>false</isSermonSelected>
    </Sermon>
    <Sermon>
        <Title>Not in the Manual</Title>
        <Url>http://www.sermonindex.net/modules/mydownloads/visit.php?lid=13355</Url>
        <Speaker>Paul Ravenhill</Speaker>
        <Length>2.27Mb</Length>
        <Status>NOT_STARTED</Status>
        <isSermonSelected>false</isSermonSelected>
    </Sermon>
    <Sermon>
        <Title>Not in Vain - Is.45</Title>
        <Url>http://www.sermonindex.net/modules/mydownloads/visit.php?lid=14414</Url>
        <Speaker>Paul Ravenhill</Speaker>
        <Length>8.5Mb</Length>
        <Status>NOT_STARTED</Status>
        <isSermonSelected>false</isSermonSelected>
    </Sermon>
    <Sermon>
        <Title>Prayer Meeting</Title>
        <Url>http://www.sermonindex.net/modules/mydownloads/visit.php?lid=13356</Url>
        <Speaker>Paul Ravenhill</Speaker>
        <Length>10.37Mb</Length>
        <Status>NOT_STARTED</Status>
        <isSermonSelected>false</isSermonSelected>
    </Sermon>
    <Sermon>
        <Title>The How of Missions</Title>
        <Url>http://www.sermonindex.net/modules/mydownloads/visit.php?lid=13357</Url>
        <Speaker>Paul Ravenhill</Speaker>
        <Length>12.66Mb</Length>
        <Status>NOT_STARTED</Status>
        <isSermonSelected>false</isSermonSelected>
    </Sermon>
    <Sermon>
        <Title>The Kingdom of God (1 of 2)</Title>
        <Url>http://www.sermonindex.net/modules/mydownloads/visit.php?lid=14415</Url>
        <Speaker>Paul Ravenhill</Speaker>
        <Length>6.55Mb</Length>
        <Status>NOT_STARTED</Status>
        <isSermonSelected>false</isSermonSelected>
    </Sermon>
    <Sermon>
        <Title>The Kingdom of God (2 of 2)</Title>
        <Url>http://www.sermonindex.net/modules/mydownloads/visit.php?lid=14416</Url>
        <Speaker>Paul Ravenhill</Speaker>
        <Length>6.13Mb</Length>
        <Status>NOT_STARTED</Status>
        <isSermonSelected>false</isSermonSelected>
    </Sermon>
    <Sermon>
        <Title>The Purpose &amp; Method of God</Title>
        <Url>http://www.sermonindex.net/modules/mydownloads/visit.php?lid=14417</Url>
        <Speaker>Paul Ravenhill</Speaker>
        <Length>7.79Mb</Length>
        <Status>NOT_STARTED</Status>
        <isSermonSelected>false</isSermonSelected>
    </Sermon>
    <Sermon>
        <Title>The Redeemer Shall come out of Zion</Title>
        <Url>http://www.sermonindex.net/modules/mydownloads/visit.php?lid=13358</Url>
        <Speaker>Paul Ravenhill</Speaker>
        <Length>8.69Mb</Length>
        <Status>NOT_STARTED</Status>
        <isSermonSelected>false</isSermonSelected>
    </Sermon>
    <Sermon>
        <Title>The Son of David</Title>
        <Url>http://www.sermonindex.net/modules/mydownloads/visit.php?lid=13359</Url>
        <Speaker>Paul Ravenhill</Speaker>
        <Length>8.94Mb</Length>
        <Status>NOT_STARTED</Status>
        <isSermonSelected>false</isSermonSelected>
    </Sermon>
    <Sermon>
        <Title>The Word of God</Title>
        <Url>http://www.sermonindex.net/modules/mydownloads/visit.php?lid=13234</Url>
        <Speaker>Paul Ravenhill</Speaker>
        <Length>10.76Mb</Length>
        <Status>NOT_STARTED</Status>
        <isSermonSelected>false</isSermonSelected>
    </Sermon>
</Sermons>
