<?xml version="1.0" encoding="UTF-8" standalone="yes"?>
<Sermons>
    <Sermon>
        <Title>Four Dangers in Delaying</Title>
        <Url>http://www.sermonindex.net/modules/mydownloads/visit.php?lid=16425</Url>
        <Speaker>Percy Ray</Speaker>
        <Length>15.54Mb</Length>
        <Status>NOT_STARTED</Status>
        <isSermonSelected>false</isSermonSelected>
    </Sermon>
    <Sermon>
        <Title>Four Types of Church Members</Title>
        <Url>http://www.sermonindex.net/modules/mydownloads/visit.php?lid=16423</Url>
        <Speaker>Percy Ray</Speaker>
        <Length>13.52Mb</Length>
        <Status>NOT_STARTED</Status>
        <isSermonSelected>false</isSermonSelected>
    </Sermon>
    <Sermon>
        <Title>Hearts Desire</Title>
        <Url>http://www.sermonindex.net/modules/mydownloads/visit.php?lid=16421</Url>
        <Speaker>Percy Ray</Speaker>
        <Length>10.8Mb</Length>
        <Status>NOT_STARTED</Status>
        <isSermonSelected>false</isSermonSelected>
    </Sermon>
    <Sermon>
        <Title>Naked man in a country graveyard</Title>
        <Url>http://www.sermonindex.net/modules/mydownloads/visit.php?lid=16424</Url>
        <Speaker>Percy Ray</Speaker>
        <Length>11.87Mb</Length>
        <Status>NOT_STARTED</Status>
        <isSermonSelected>false</isSermonSelected>
    </Sermon>
    <Sermon>
        <Title>Red Light of Hell</Title>
        <Url>http://www.sermonindex.net/modules/mydownloads/visit.php?lid=16427</Url>
        <Speaker>Percy Ray</Speaker>
        <Length>16.59Mb</Length>
        <Status>NOT_STARTED</Status>
        <isSermonSelected>false</isSermonSelected>
    </Sermon>
    <Sermon>
        <Title>Where would you pitch your tent?</Title>
        <Url>http://www.sermonindex.net/modules/mydownloads/visit.php?lid=16426</Url>
        <Speaker>Percy Ray</Speaker>
        <Length>20.27Mb</Length>
        <Status>NOT_STARTED</Status>
        <isSermonSelected>false</isSermonSelected>
    </Sermon>
    <Sermon>
        <Title>Why Did God Create You</Title>
        <Url>http://www.sermonindex.net/modules/mydownloads/visit.php?lid=16422</Url>
        <Speaker>Percy Ray</Speaker>
        <Length>11.46Mb</Length>
        <Status>NOT_STARTED</Status>
        <isSermonSelected>false</isSermonSelected>
    </Sermon>
</Sermons>
