<?xml version="1.0" encoding="UTF-8" standalone="yes"?>
<Sermons>
    <Sermon>
        <Title>Come unto me and I will give you rest</Title>
        <Url>http://www.sermonindex.net/modules/mydownloads/visit.php?lid=23210</Url>
        <Speaker>Peter Orasuk</Speaker>
        <Length>4.77Mb</Length>
        <Status>NOT_STARTED</Status>
        <isSermonSelected>false</isSermonSelected>
    </Sermon>
    <Sermon>
        <Title>How do you value your Soul</Title>
        <Url>http://www.sermonindex.net/modules/mydownloads/visit.php?lid=23257</Url>
        <Speaker>Peter Orasuk</Speaker>
        <Length>4.16Mb</Length>
        <Status>NOT_STARTED</Status>
        <isSermonSelected>false</isSermonSelected>
    </Sermon>
    <Sermon>
        <Title>SIN When it is finished</Title>
        <Url>http://www.sermonindex.net/modules/mydownloads/visit.php?lid=23149</Url>
        <Speaker>Peter Orasuk</Speaker>
        <Length>4.27Mb</Length>
        <Status>NOT_STARTED</Status>
        <isSermonSelected>false</isSermonSelected>
    </Sermon>
    <Sermon>
        <Title>That you may know you have a place in Heaven</Title>
        <Url>http://www.sermonindex.net/modules/mydownloads/visit.php?lid=23148</Url>
        <Speaker>Peter Orasuk</Speaker>
        <Length>3.65Mb</Length>
        <Status>NOT_STARTED</Status>
        <isSermonSelected>false</isSermonSelected>
    </Sermon>
    <Sermon>
        <Title>The Crowd The Broad Road</Title>
        <Url>http://www.sermonindex.net/modules/mydownloads/visit.php?lid=23147</Url>
        <Speaker>Peter Orasuk</Speaker>
        <Length>4.3Mb</Length>
        <Status>NOT_STARTED</Status>
        <isSermonSelected>false</isSermonSelected>
    </Sermon>
    <Sermon>
        <Title>The open door set before you</Title>
        <Url>http://www.sermonindex.net/modules/mydownloads/visit.php?lid=23146</Url>
        <Speaker>Peter Orasuk</Speaker>
        <Length>4.58Mb</Length>
        <Status>NOT_STARTED</Status>
        <isSermonSelected>false</isSermonSelected>
    </Sermon>
    <Sermon>
        <Title>The Writing on the Wall</Title>
        <Url>http://www.sermonindex.net/modules/mydownloads/visit.php?lid=23211</Url>
        <Speaker>Peter Orasuk</Speaker>
        <Length>3.81Mb</Length>
        <Status>NOT_STARTED</Status>
        <isSermonSelected>false</isSermonSelected>
    </Sermon>
    <Sermon>
        <Title>Whare art thou</Title>
        <Url>http://www.sermonindex.net/modules/mydownloads/visit.php?lid=23145</Url>
        <Speaker>Peter Orasuk</Speaker>
        <Length>4.37Mb</Length>
        <Status>NOT_STARTED</Status>
        <isSermonSelected>false</isSermonSelected>
    </Sermon>
</Sermons>
