<?xml version="1.0" encoding="UTF-8" standalone="yes"?>
<Sermons>
    <Sermon>
        <Title>Following the Life Giver</Title>
        <Url>http://www.sermonindex.net/modules/mydownloads/visit.php?lid=21183</Url>
        <Speaker>Peter Maiden</Speaker>
        <Length>7.24Mb</Length>
        <Status>NOT_STARTED</Status>
        <isSermonSelected>false</isSermonSelected>
    </Sermon>
    <Sermon>
        <Title>From now on</Title>
        <Url>http://www.sermonindex.net/modules/mydownloads/visit.php?lid=21137</Url>
        <Speaker>Peter Maiden</Speaker>
        <Length>16.78Mb</Length>
        <Status>NOT_STARTED</Status>
        <isSermonSelected>false</isSermonSelected>
    </Sermon>
    <Sermon>
        <Title>God is doing a new thing</Title>
        <Url>http://www.sermonindex.net/modules/mydownloads/visit.php?lid=21138</Url>
        <Speaker>Peter Maiden</Speaker>
        <Length>7.45Mb</Length>
        <Status>NOT_STARTED</Status>
        <isSermonSelected>false</isSermonSelected>
    </Sermon>
    <Sermon>
        <Title>James 1</Title>
        <Url>http://www.sermonindex.net/modules/mydownloads/visit.php?lid=21139</Url>
        <Speaker>Peter Maiden</Speaker>
        <Length>11.95Mb</Length>
        <Status>NOT_STARTED</Status>
        <isSermonSelected>false</isSermonSelected>
    </Sermon>
    <Sermon>
        <Title>James 2</Title>
        <Url>http://www.sermonindex.net/modules/mydownloads/visit.php?lid=21140</Url>
        <Speaker>Peter Maiden</Speaker>
        <Length>9.43Mb</Length>
        <Status>NOT_STARTED</Status>
        <isSermonSelected>false</isSermonSelected>
    </Sermon>
    <Sermon>
        <Title>James 4</Title>
        <Url>http://www.sermonindex.net/modules/mydownloads/visit.php?lid=21141</Url>
        <Speaker>Peter Maiden</Speaker>
        <Length>8.24Mb</Length>
        <Status>NOT_STARTED</Status>
        <isSermonSelected>false</isSermonSelected>
    </Sermon>
    <Sermon>
        <Title>Keep on Leading</Title>
        <Url>http://www.sermonindex.net/modules/mydownloads/visit.php?lid=21142</Url>
        <Speaker>Peter Maiden</Speaker>
        <Length>10.22Mb</Length>
        <Status>NOT_STARTED</Status>
        <isSermonSelected>false</isSermonSelected>
    </Sermon>
    <Sermon>
        <Title>Knowing God Eng to Korean</Title>
        <Url>http://www.sermonindex.net/modules/mydownloads/visit.php?lid=21285</Url>
        <Speaker>Peter Maiden</Speaker>
        <Length>10.18Mb</Length>
        <Status>NOT_STARTED</Status>
        <isSermonSelected>false</isSermonSelected>
    </Sermon>
    <Sermon>
        <Title>Living in unity</Title>
        <Url>http://www.sermonindex.net/modules/mydownloads/visit.php?lid=21143</Url>
        <Speaker>Peter Maiden</Speaker>
        <Length>8.43Mb</Length>
        <Status>NOT_STARTED</Status>
        <isSermonSelected>false</isSermonSelected>
    </Sermon>
    <Sermon>
        <Title>Overview of OM work</Title>
        <Url>http://www.sermonindex.net/modules/mydownloads/visit.php?lid=17947</Url>
        <Speaker>Peter Maiden</Speaker>
        <Length>56.67Mb</Length>
        <Status>NOT_STARTED</Status>
        <isSermonSelected>false</isSermonSelected>
    </Sermon>
    <Sermon>
        <Title>Power to Lead</Title>
        <Url>http://www.sermonindex.net/modules/mydownloads/visit.php?lid=21184</Url>
        <Speaker>Peter Maiden</Speaker>
        <Length>10.87Mb</Length>
        <Status>NOT_STARTED</Status>
        <isSermonSelected>false</isSermonSelected>
    </Sermon>
    <Sermon>
        <Title>Reason for hope 2</Title>
        <Url>http://www.sermonindex.net/modules/mydownloads/visit.php?lid=21181</Url>
        <Speaker>Peter Maiden</Speaker>
        <Length>11.14Mb</Length>
        <Status>NOT_STARTED</Status>
        <isSermonSelected>false</isSermonSelected>
    </Sermon>
    <Sermon>
        <Title>Reason for our hope 1</Title>
        <Url>http://www.sermonindex.net/modules/mydownloads/visit.php?lid=21180</Url>
        <Speaker>Peter Maiden</Speaker>
        <Length>12.78Mb</Length>
        <Status>NOT_STARTED</Status>
        <isSermonSelected>false</isSermonSelected>
    </Sermon>
    <Sermon>
        <Title>Reason for our hope 3</Title>
        <Url>http://www.sermonindex.net/modules/mydownloads/visit.php?lid=21182</Url>
        <Speaker>Peter Maiden</Speaker>
        <Length>12.88Mb</Length>
        <Status>NOT_STARTED</Status>
        <isSermonSelected>false</isSermonSelected>
    </Sermon>
    <Sermon>
        <Title>Setting the Pace</Title>
        <Url>http://www.sermonindex.net/modules/mydownloads/visit.php?lid=21185</Url>
        <Speaker>Peter Maiden</Speaker>
        <Length>9.26Mb</Length>
        <Status>NOT_STARTED</Status>
        <isSermonSelected>false</isSermonSelected>
    </Sermon>
    <Sermon>
        <Title>The Great Commission</Title>
        <Url>http://www.sermonindex.net/modules/mydownloads/visit.php?lid=21144</Url>
        <Speaker>Peter Maiden</Speaker>
        <Length>8.51Mb</Length>
        <Status>NOT_STARTED</Status>
        <isSermonSelected>false</isSermonSelected>
    </Sermon>
    <Sermon>
        <Title>The Leader and the cost</Title>
        <Url>http://www.sermonindex.net/modules/mydownloads/visit.php?lid=21146</Url>
        <Speaker>Peter Maiden</Speaker>
        <Length>10Mb</Length>
        <Status>NOT_STARTED</Status>
        <isSermonSelected>false</isSermonSelected>
    </Sermon>
    <Sermon>
        <Title>The Leader as an example</Title>
        <Url>http://www.sermonindex.net/modules/mydownloads/visit.php?lid=21147</Url>
        <Speaker>Peter Maiden</Speaker>
        <Length>8.37Mb</Length>
        <Status>NOT_STARTED</Status>
        <isSermonSelected>false</isSermonSelected>
    </Sermon>
    <Sermon>
        <Title>The Marks of a Leader</Title>
        <Url>http://www.sermonindex.net/modules/mydownloads/visit.php?lid=21148</Url>
        <Speaker>Peter Maiden</Speaker>
        <Length>9.59Mb</Length>
        <Status>NOT_STARTED</Status>
        <isSermonSelected>false</isSermonSelected>
    </Sermon>
    <Sermon>
        <Title>The power of the tongue</Title>
        <Url>http://www.sermonindex.net/modules/mydownloads/visit.php?lid=21145</Url>
        <Speaker>Peter Maiden</Speaker>
        <Length>5.64Mb</Length>
        <Status>NOT_STARTED</Status>
        <isSermonSelected>false</isSermonSelected>
    </Sermon>
    <Sermon>
        <Title>The Power of the Tongue</Title>
        <Url>http://www.sermonindex.net/modules/mydownloads/visit.php?lid=23209</Url>
        <Speaker>Peter Maiden</Speaker>
        <Length>4.19Mb</Length>
        <Status>NOT_STARTED</Status>
        <isSermonSelected>false</isSermonSelected>
    </Sermon>
    <Sermon>
        <Title>What if I fail</Title>
        <Url>http://www.sermonindex.net/modules/mydownloads/visit.php?lid=21186</Url>
        <Speaker>Peter Maiden</Speaker>
        <Length>9.49Mb</Length>
        <Status>NOT_STARTED</Status>
        <isSermonSelected>false</isSermonSelected>
    </Sermon>
    <Sermon>
        <Title>Will they follow</Title>
        <Url>http://www.sermonindex.net/modules/mydownloads/visit.php?lid=21187</Url>
        <Speaker>Peter Maiden</Speaker>
        <Length>9.6Mb</Length>
        <Status>NOT_STARTED</Status>
        <isSermonSelected>false</isSermonSelected>
    </Sermon>
</Sermons>
