<?xml version="1.0" encoding="UTF-8" standalone="yes"?>
<Sermons>
    <Sermon>
        <Title>Being Spiritually Insensitive</Title>
        <Url>http://www.sermonindex.net/modules/mydownloads/visit.php?lid=16452</Url>
        <Speaker>Peter Masters</Speaker>
        <Length>8.13Mb</Length>
        <Status>NOT_STARTED</Status>
        <isSermonSelected>false</isSermonSelected>
    </Sermon>
    <Sermon>
        <Title>Taking God Seriously</Title>
        <Url>http://www.sermonindex.net/modules/mydownloads/visit.php?lid=16451</Url>
        <Speaker>Peter Masters</Speaker>
        <Length>7.91Mb</Length>
        <Status>NOT_STARTED</Status>
        <isSermonSelected>false</isSermonSelected>
    </Sermon>
</Sermons>
