<?xml version="1.0" encoding="UTF-8" standalone="yes"?>
<Sermons>
    <Sermon>
        <Title>Back to Jerusalem Vision</Title>
        <Url>http://www.sermonindex.net/modules/mydownloads/visit.php?lid=11834</Url>
        <Speaker>Peter Xu</Speaker>
        <Length>3.62Mb</Length>
        <Status>NOT_STARTED</Status>
        <isSermonSelected>false</isSermonSelected>
    </Sermon>
    <Sermon>
        <Title>More than Conquerors</Title>
        <Url>http://www.sermonindex.net/modules/mydownloads/visit.php?lid=27382</Url>
        <Speaker>Peter Xu</Speaker>
        <Length>8.89Mb</Length>
        <Status>NOT_STARTED</Status>
        <isSermonSelected>false</isSermonSelected>
    </Sermon>
</Sermons>
