<?xml version="1.0" encoding="UTF-8" standalone="yes"?>
<Sermons>
    <Sermon>
        <Title>Addressing the tolerance of post-modernism</Title>
        <Url>http://www.sermonindex.net/modules/mydownloads/visit.php?lid=21972</Url>
        <Speaker>Phil Johnson</Speaker>
        <Length>16.33Mb</Length>
        <Status>NOT_STARTED</Status>
        <isSermonSelected>false</isSermonSelected>
    </Sermon>
    <Sermon>
        <Title>Defending the heart of the Gospel</Title>
        <Url>http://www.sermonindex.net/modules/mydownloads/visit.php?lid=21971</Url>
        <Speaker>Phil Johnson</Speaker>
        <Length>14.39Mb</Length>
        <Status>NOT_STARTED</Status>
        <isSermonSelected>false</isSermonSelected>
    </Sermon>
    <Sermon>
        <Title>Seventh-Day Adventism a Cult?</Title>
        <Url>http://www.sermonindex.net/modules/mydownloads/visit.php?lid=25907</Url>
        <Speaker>Phil Johnson</Speaker>
        <Length>27.64Mb</Length>
        <Status>NOT_STARTED</Status>
        <isSermonSelected>false</isSermonSelected>
    </Sermon>
    <Sermon>
        <Title>The Failure of Fundamentalism</Title>
        <Url>http://www.sermonindex.net/modules/mydownloads/visit.php?lid=21973</Url>
        <Speaker>Phil Johnson</Speaker>
        <Length>17.3Mb</Length>
        <Status>NOT_STARTED</Status>
        <isSermonSelected>false</isSermonSelected>
    </Sermon>
</Sermons>
