<?xml version="1.0" encoding="UTF-8" standalone="yes"?>
<Sermons>
    <Sermon>
        <Title>Cornerstone 50'th Anniversary Des Moines Conference</Title>
        <Url>http://www.sermonindex.net/modules/mydownloads/visit.php?lid=9781</Url>
        <Speaker>Phil Clarkson</Speaker>
        <Length>3.22Mb</Length>
        <Status>NOT_STARTED</Status>
        <isSermonSelected>false</isSermonSelected>
    </Sermon>
    <Sermon>
        <Title>Joy</Title>
        <Url>http://www.sermonindex.net/modules/mydownloads/visit.php?lid=9779</Url>
        <Speaker>Phil Clarkson</Speaker>
        <Length>4.87Mb</Length>
        <Status>NOT_STARTED</Status>
        <isSermonSelected>false</isSermonSelected>
    </Sermon>
    <Sermon>
        <Title>Wonderful</Title>
        <Url>http://www.sermonindex.net/modules/mydownloads/visit.php?lid=9780</Url>
        <Speaker>Phil Clarkson</Speaker>
        <Length>5.38Mb</Length>
        <Status>NOT_STARTED</Status>
        <isSermonSelected>false</isSermonSelected>
    </Sermon>
</Sermons>
