<?xml version="1.0" encoding="UTF-8" standalone="yes"?>
<Sermons>
    <Sermon>
        <Title>A Charge to Keep I Have</Title>
        <Url>http://www.sermonindex.net/modules/mydownloads/visit.php?lid=26494</Url>
        <Speaker>Pilgrim Camp Hymns</Speaker>
        <Length>1.71Mb</Length>
        <Status>NOT_STARTED</Status>
        <isSermonSelected>false</isSermonSelected>
    </Sermon>
    <Sermon>
        <Title>A Closer Walk with Thee</Title>
        <Url>http://www.sermonindex.net/modules/mydownloads/visit.php?lid=22364</Url>
        <Speaker>Pilgrim Camp Hymns</Speaker>
        <Length>3.38Mb</Length>
        <Status>ALREADY_DONE</Status>
        <isSermonSelected>false</isSermonSelected>
    </Sermon>
    <Sermon>
        <Title>A Life of Overcoming</Title>
        <Url>http://www.sermonindex.net/modules/mydownloads/visit.php?lid=22365</Url>
        <Speaker>Pilgrim Camp Hymns</Speaker>
        <Length>2.57Mb</Length>
        <Status>NOT_STARTED</Status>
        <isSermonSelected>false</isSermonSelected>
    </Sermon>
    <Sermon>
        <Title>A Mighty Fortress Is Our God</Title>
        <Url>http://www.sermonindex.net/modules/mydownloads/visit.php?lid=26495</Url>
        <Speaker>Pilgrim Camp Hymns</Speaker>
        <Length>1.31Mb</Length>
        <Status>NOT_STARTED</Status>
        <isSermonSelected>false</isSermonSelected>
    </Sermon>
    <Sermon>
        <Title>Abiding, Oh, So Wondrous Sweet</Title>
        <Url>http://www.sermonindex.net/modules/mydownloads/visit.php?lid=22366</Url>
        <Speaker>Pilgrim Camp Hymns</Speaker>
        <Length>3.39Mb</Length>
        <Status>NOT_STARTED</Status>
        <isSermonSelected>false</isSermonSelected>
    </Sermon>
    <Sermon>
        <Title>Aftermeeting</Title>
        <Url>http://www.sermonindex.net/modules/mydownloads/visit.php?lid=26496</Url>
        <Speaker>Pilgrim Camp Hymns</Speaker>
        <Length>5.07Mb</Length>
        <Status>NOT_STARTED</Status>
        <isSermonSelected>false</isSermonSelected>
    </Sermon>
    <Sermon>
        <Title>Alas! and Did My Savior Bleed?</Title>
        <Url>http://www.sermonindex.net/modules/mydownloads/visit.php?lid=22367</Url>
        <Speaker>Pilgrim Camp Hymns</Speaker>
        <Length>2.1Mb</Length>
        <Status>NOT_STARTED</Status>
        <isSermonSelected>false</isSermonSelected>
    </Sermon>
    <Sermon>
        <Title>All Creatures of Our God and King</Title>
        <Url>http://www.sermonindex.net/modules/mydownloads/visit.php?lid=22368</Url>
        <Speaker>Pilgrim Camp Hymns</Speaker>
        <Length>2.37Mb</Length>
        <Status>NOT_STARTED</Status>
        <isSermonSelected>false</isSermonSelected>
    </Sermon>
    <Sermon>
        <Title>All for Jesus</Title>
        <Url>http://www.sermonindex.net/modules/mydownloads/visit.php?lid=22369</Url>
        <Speaker>Pilgrim Camp Hymns</Speaker>
        <Length>3.16Mb</Length>
        <Status>NOT_STARTED</Status>
        <isSermonSelected>false</isSermonSelected>
    </Sermon>
    <Sermon>
        <Title>All Hail the Power of Jesus Name</Title>
        <Url>http://www.sermonindex.net/modules/mydownloads/visit.php?lid=22370</Url>
        <Speaker>Pilgrim Camp Hymns</Speaker>
        <Length>2.74Mb</Length>
        <Status>NOT_STARTED</Status>
        <isSermonSelected>false</isSermonSelected>
    </Sermon>
    <Sermon>
        <Title>All I Need</Title>
        <Url>http://www.sermonindex.net/modules/mydownloads/visit.php?lid=26497</Url>
        <Speaker>Pilgrim Camp Hymns</Speaker>
        <Length>1.64Mb</Length>
        <Status>NOT_STARTED</Status>
        <isSermonSelected>false</isSermonSelected>
    </Sermon>
    <Sermon>
        <Title>All that I Have Is Jesus</Title>
        <Url>http://www.sermonindex.net/modules/mydownloads/visit.php?lid=26498</Url>
        <Speaker>Pilgrim Camp Hymns</Speaker>
        <Length>1.71Mb</Length>
        <Status>NOT_STARTED</Status>
        <isSermonSelected>false</isSermonSelected>
    </Sermon>
    <Sermon>
        <Title>All That Thrills My Soul Is Jesus</Title>
        <Url>http://www.sermonindex.net/modules/mydownloads/visit.php?lid=26499</Url>
        <Speaker>Pilgrim Camp Hymns</Speaker>
        <Length>1.72Mb</Length>
        <Status>NOT_STARTED</Status>
        <isSermonSelected>false</isSermonSelected>
    </Sermon>
    <Sermon>
        <Title>All the Way My Savior Leads Me</Title>
        <Url>http://www.sermonindex.net/modules/mydownloads/visit.php?lid=22371</Url>
        <Speaker>Pilgrim Camp Hymns</Speaker>
        <Length>1.6Mb</Length>
        <Status>NOT_STARTED</Status>
        <isSermonSelected>false</isSermonSelected>
    </Sermon>
    <Sermon>
        <Title>Allelujah, Allelujah</Title>
        <Url>http://www.sermonindex.net/modules/mydownloads/visit.php?lid=26500</Url>
        <Speaker>Pilgrim Camp Hymns</Speaker>
        <Length>1.31Mb</Length>
        <Status>NOT_STARTED</Status>
        <isSermonSelected>false</isSermonSelected>
    </Sermon>
    <Sermon>
        <Title>And Can It Be That I Should Gain</Title>
        <Url>http://www.sermonindex.net/modules/mydownloads/visit.php?lid=22372</Url>
        <Speaker>Pilgrim Camp Hymns</Speaker>
        <Length>5.33Mb</Length>
        <Status>NOT_STARTED</Status>
        <isSermonSelected>false</isSermonSelected>
    </Sermon>
    <Sermon>
        <Title>Arise, My Soul, Arise!</Title>
        <Url>http://www.sermonindex.net/modules/mydownloads/visit.php?lid=22373</Url>
        <Speaker>Pilgrim Camp Hymns</Speaker>
        <Length>3.21Mb</Length>
        <Status>NOT_STARTED</Status>
        <isSermonSelected>false</isSermonSelected>
    </Sermon>
    <Sermon>
        <Title>Behold What Manner of Love</Title>
        <Url>http://www.sermonindex.net/modules/mydownloads/visit.php?lid=22374</Url>
        <Speaker>Pilgrim Camp Hymns</Speaker>
        <Length>845Kb</Length>
        <Status>NOT_STARTED</Status>
        <isSermonSelected>false</isSermonSelected>
    </Sermon>
    <Sermon>
        <Title>Behold, What Manner of Man Is This</Title>
        <Url>http://www.sermonindex.net/modules/mydownloads/visit.php?lid=26501</Url>
        <Speaker>Pilgrim Camp Hymns</Speaker>
        <Length>1.17Mb</Length>
        <Status>NOT_STARTED</Status>
        <isSermonSelected>false</isSermonSelected>
    </Sermon>
    <Sermon>
        <Title>Beloved, Now Are We</Title>
        <Url>http://www.sermonindex.net/modules/mydownloads/visit.php?lid=26502</Url>
        <Speaker>Pilgrim Camp Hymns</Speaker>
        <Length>1.88Mb</Length>
        <Status>NOT_STARTED</Status>
        <isSermonSelected>false</isSermonSelected>
    </Sermon>
    <Sermon>
        <Title>Beneath the Cross of Jesus</Title>
        <Url>http://www.sermonindex.net/modules/mydownloads/visit.php?lid=22375</Url>
        <Speaker>Pilgrim Camp Hymns</Speaker>
        <Length>2.67Mb</Length>
        <Status>NOT_STARTED</Status>
        <isSermonSelected>false</isSermonSelected>
    </Sermon>
    <Sermon>
        <Title>Blessed Assurance</Title>
        <Url>http://www.sermonindex.net/modules/mydownloads/visit.php?lid=26503</Url>
        <Speaker>Pilgrim Camp Hymns</Speaker>
        <Length>1.65Mb</Length>
        <Status>NOT_STARTED</Status>
        <isSermonSelected>false</isSermonSelected>
    </Sermon>
    <Sermon>
        <Title>Bought with a Price</Title>
        <Url>http://www.sermonindex.net/modules/mydownloads/visit.php?lid=22376</Url>
        <Speaker>Pilgrim Camp Hymns</Speaker>
        <Length>893Kb</Length>
        <Status>NOT_STARTED</Status>
        <isSermonSelected>false</isSermonSelected>
    </Sermon>
    <Sermon>
        <Title>Breathe on Me, Breath of God</Title>
        <Url>http://www.sermonindex.net/modules/mydownloads/visit.php?lid=26504</Url>
        <Speaker>Pilgrim Camp Hymns</Speaker>
        <Length>716Kb</Length>
        <Status>NOT_STARTED</Status>
        <isSermonSelected>false</isSermonSelected>
    </Sermon>
    <Sermon>
        <Title>But This One Thing I Know</Title>
        <Url>http://www.sermonindex.net/modules/mydownloads/visit.php?lid=26505</Url>
        <Speaker>Pilgrim Camp Hymns</Speaker>
        <Length>2.34Mb</Length>
        <Status>NOT_STARTED</Status>
        <isSermonSelected>false</isSermonSelected>
    </Sermon>
    <Sermon>
        <Title>By My Spirit</Title>
        <Url>http://www.sermonindex.net/modules/mydownloads/visit.php?lid=26506</Url>
        <Speaker>Pilgrim Camp Hymns</Speaker>
        <Length>1.67Mb</Length>
        <Status>NOT_STARTED</Status>
        <isSermonSelected>false</isSermonSelected>
    </Sermon>
    <Sermon>
        <Title>Christ is Coming</Title>
        <Url>http://www.sermonindex.net/modules/mydownloads/visit.php?lid=22377</Url>
        <Speaker>Pilgrim Camp Hymns</Speaker>
        <Length>2.38Mb</Length>
        <Status>NOT_STARTED</Status>
        <isSermonSelected>false</isSermonSelected>
    </Sermon>
    <Sermon>
        <Title>Christ Liveth in Me</Title>
        <Url>http://www.sermonindex.net/modules/mydownloads/visit.php?lid=22378</Url>
        <Speaker>Pilgrim Camp Hymns</Speaker>
        <Length>2.98Mb</Length>
        <Status>NOT_STARTED</Status>
        <isSermonSelected>false</isSermonSelected>
    </Sermon>
    <Sermon>
        <Title>Christ Receiveth Sinful Men</Title>
        <Url>http://www.sermonindex.net/modules/mydownloads/visit.php?lid=22379</Url>
        <Speaker>Pilgrim Camp Hymns</Speaker>
        <Length>2.84Mb</Length>
        <Status>NOT_STARTED</Status>
        <isSermonSelected>false</isSermonSelected>
    </Sermon>
    <Sermon>
        <Title>Come Unto Me All Ye that Labor</Title>
        <Url>http://www.sermonindex.net/modules/mydownloads/visit.php?lid=22381</Url>
        <Speaker>Pilgrim Camp Hymns</Speaker>
        <Length>1.8Mb</Length>
        <Status>NOT_STARTED</Status>
        <isSermonSelected>false</isSermonSelected>
    </Sermon>
    <Sermon>
        <Title>Come, Sinners, to the Gospel Feast</Title>
        <Url>http://www.sermonindex.net/modules/mydownloads/visit.php?lid=22380</Url>
        <Speaker>Pilgrim Camp Hymns</Speaker>
        <Length>1.62Mb</Length>
        <Status>NOT_STARTED</Status>
        <isSermonSelected>false</isSermonSelected>
    </Sermon>
    <Sermon>
        <Title>Come, Ye Disconsolate</Title>
        <Url>http://www.sermonindex.net/modules/mydownloads/visit.php?lid=22382</Url>
        <Speaker>Pilgrim Camp Hymns</Speaker>
        <Length>2.81Mb</Length>
        <Status>NOT_STARTED</Status>
        <isSermonSelected>false</isSermonSelected>
    </Sermon>
    <Sermon>
        <Title>Crown Him with Many Crowns</Title>
        <Url>http://www.sermonindex.net/modules/mydownloads/visit.php?lid=22383</Url>
        <Speaker>Pilgrim Camp Hymns</Speaker>
        <Length>2.22Mb</Length>
        <Status>NOT_STARTED</Status>
        <isSermonSelected>false</isSermonSelected>
    </Sermon>
    <Sermon>
        <Title>Day by Day</Title>
        <Url>http://www.sermonindex.net/modules/mydownloads/visit.php?lid=26507</Url>
        <Speaker>Pilgrim Camp Hymns</Speaker>
        <Length>1.94Mb</Length>
        <Status>NOT_STARTED</Status>
        <isSermonSelected>false</isSermonSelected>
    </Sermon>
    <Sermon>
        <Title>Down at the Cross</Title>
        <Url>http://www.sermonindex.net/modules/mydownloads/visit.php?lid=26508</Url>
        <Speaker>Pilgrim Camp Hymns</Speaker>
        <Length>1.01Mb</Length>
        <Status>NOT_STARTED</Status>
        <isSermonSelected>false</isSermonSelected>
    </Sermon>
    <Sermon>
        <Title>Down from His Glory</Title>
        <Url>http://www.sermonindex.net/modules/mydownloads/visit.php?lid=26509</Url>
        <Speaker>Pilgrim Camp Hymns</Speaker>
        <Length>3.48Mb</Length>
        <Status>NOT_STARTED</Status>
        <isSermonSelected>false</isSermonSelected>
    </Sermon>
    <Sermon>
        <Title>Dwell Deep in God</Title>
        <Url>http://www.sermonindex.net/modules/mydownloads/visit.php?lid=26510</Url>
        <Speaker>Pilgrim Camp Hymns</Speaker>
        <Length>2.29Mb</Length>
        <Status>NOT_STARTED</Status>
        <isSermonSelected>false</isSermonSelected>
    </Sermon>
    <Sermon>
        <Title>Dwelling in His Holy Presence</Title>
        <Url>http://www.sermonindex.net/modules/mydownloads/visit.php?lid=22384</Url>
        <Speaker>Pilgrim Camp Hymns</Speaker>
        <Length>3.33Mb</Length>
        <Status>NOT_STARTED</Status>
        <isSermonSelected>false</isSermonSelected>
    </Sermon>
    <Sermon>
        <Title>Fairest Lord Jesus</Title>
        <Url>http://www.sermonindex.net/modules/mydownloads/visit.php?lid=22385</Url>
        <Speaker>Pilgrim Camp Hymns</Speaker>
        <Length>3.02Mb</Length>
        <Status>NOT_STARTED</Status>
        <isSermonSelected>false</isSermonSelected>
    </Sermon>
    <Sermon>
        <Title>Fill All My Vision</Title>
        <Url>http://www.sermonindex.net/modules/mydownloads/visit.php?lid=26511</Url>
        <Speaker>Pilgrim Camp Hymns</Speaker>
        <Length>3.24Mb</Length>
        <Status>NOT_STARTED</Status>
        <isSermonSelected>false</isSermonSelected>
    </Sermon>
    <Sermon>
        <Title>Give of Your Best to the Master</Title>
        <Url>http://www.sermonindex.net/modules/mydownloads/visit.php?lid=22386</Url>
        <Speaker>Pilgrim Camp Hymns</Speaker>
        <Length>3.15Mb</Length>
        <Status>NOT_STARTED</Status>
        <isSermonSelected>false</isSermonSelected>
    </Sermon>
    <Sermon>
        <Title>God of Our Fathers</Title>
        <Url>http://www.sermonindex.net/modules/mydownloads/visit.php?lid=22387</Url>
        <Speaker>Pilgrim Camp Hymns</Speaker>
        <Length>2.55Mb</Length>
        <Status>NOT_STARTED</Status>
        <isSermonSelected>false</isSermonSelected>
    </Sermon>
    <Sermon>
        <Title>Great is the Lord, He is the King of Glory</Title>
        <Url>http://www.sermonindex.net/modules/mydownloads/visit.php?lid=26512</Url>
        <Speaker>Pilgrim Camp Hymns</Speaker>
        <Length>3.2Mb</Length>
        <Status>NOT_STARTED</Status>
        <isSermonSelected>false</isSermonSelected>
    </Sermon>
    <Sermon>
        <Title>Hallelujah! What a Savior</Title>
        <Url>http://www.sermonindex.net/modules/mydownloads/visit.php?lid=26513</Url>
        <Speaker>Pilgrim Camp Hymns</Speaker>
        <Length>3.73Mb</Length>
        <Status>NOT_STARTED</Status>
        <isSermonSelected>false</isSermonSelected>
    </Sermon>
    <Sermon>
        <Title>Have Thine Own Way, Lord</Title>
        <Url>http://www.sermonindex.net/modules/mydownloads/visit.php?lid=26514</Url>
        <Speaker>Pilgrim Camp Hymns</Speaker>
        <Length>1.8Mb</Length>
        <Status>NOT_STARTED</Status>
        <isSermonSelected>false</isSermonSelected>
    </Sermon>
    <Sermon>
        <Title>He Has Surely Borne Our Sorrow</Title>
        <Url>http://www.sermonindex.net/modules/mydownloads/visit.php?lid=26515</Url>
        <Speaker>Pilgrim Camp Hymns</Speaker>
        <Length>2.7Mb</Length>
        <Status>NOT_STARTED</Status>
        <isSermonSelected>false</isSermonSelected>
    </Sermon>
    <Sermon>
        <Title>He Was Nailed to the Cross for Me</Title>
        <Url>http://www.sermonindex.net/modules/mydownloads/visit.php?lid=26516</Url>
        <Speaker>Pilgrim Camp Hymns</Speaker>
        <Length>2.05Mb</Length>
        <Status>NOT_STARTED</Status>
        <isSermonSelected>false</isSermonSelected>
    </Sermon>
    <Sermon>
        <Title>He Was Wounded for Our Transgressions</Title>
        <Url>http://www.sermonindex.net/modules/mydownloads/visit.php?lid=26517</Url>
        <Speaker>Pilgrim Camp Hymns</Speaker>
        <Length>1.6Mb</Length>
        <Status>NOT_STARTED</Status>
        <isSermonSelected>false</isSermonSelected>
    </Sermon>
    <Sermon>
        <Title>He’s a Wonderful Savior to Me</Title>
        <Url>http://www.sermonindex.net/modules/mydownloads/visit.php?lid=26518</Url>
        <Speaker>Pilgrim Camp Hymns</Speaker>
        <Length>928Kb</Length>
        <Status>NOT_STARTED</Status>
        <isSermonSelected>false</isSermonSelected>
    </Sermon>
    <Sermon>
        <Title>Here from the World We Turn</Title>
        <Url>http://www.sermonindex.net/modules/mydownloads/visit.php?lid=26519</Url>
        <Speaker>Pilgrim Camp Hymns</Speaker>
        <Length>1.24Mb</Length>
        <Status>NOT_STARTED</Status>
        <isSermonSelected>false</isSermonSelected>
    </Sermon>
    <Sermon>
        <Title>Hiding in Thee</Title>
        <Url>http://www.sermonindex.net/modules/mydownloads/visit.php?lid=26520</Url>
        <Speaker>Pilgrim Camp Hymns</Speaker>
        <Length>2Mb</Length>
        <Status>NOT_STARTED</Status>
        <isSermonSelected>false</isSermonSelected>
    </Sermon>
    <Sermon>
        <Title>Hiding Underneath the Shadow of His Love</Title>
        <Url>http://www.sermonindex.net/modules/mydownloads/visit.php?lid=26521</Url>
        <Speaker>Pilgrim Camp Hymns</Speaker>
        <Length>1.99Mb</Length>
        <Status>NOT_STARTED</Status>
        <isSermonSelected>false</isSermonSelected>
    </Sermon>
    <Sermon>
        <Title>Ho, Every One that Is Thirsty</Title>
        <Url>http://www.sermonindex.net/modules/mydownloads/visit.php?lid=26522</Url>
        <Speaker>Pilgrim Camp Hymns</Speaker>
        <Length>2.63Mb</Length>
        <Status>NOT_STARTED</Status>
        <isSermonSelected>false</isSermonSelected>
    </Sermon>
    <Sermon>
        <Title>How Firm a Foundation</Title>
        <Url>http://www.sermonindex.net/modules/mydownloads/visit.php?lid=26523</Url>
        <Speaker>Pilgrim Camp Hymns</Speaker>
        <Length>1.39Mb</Length>
        <Status>NOT_STARTED</Status>
        <isSermonSelected>false</isSermonSelected>
    </Sermon>
    <Sermon>
        <Title>How Sweet the Name of Jesus Sounds</Title>
        <Url>http://www.sermonindex.net/modules/mydownloads/visit.php?lid=26524</Url>
        <Speaker>Pilgrim Camp Hymns</Speaker>
        <Length>1.25Mb</Length>
        <Status>NOT_STARTED</Status>
        <isSermonSelected>false</isSermonSelected>
    </Sermon>
    <Sermon>
        <Title>I Shall Not Be Moved</Title>
        <Url>http://www.sermonindex.net/modules/mydownloads/visit.php?lid=26525</Url>
        <Speaker>Pilgrim Camp Hymns</Speaker>
        <Length>1.61Mb</Length>
        <Status>NOT_STARTED</Status>
        <isSermonSelected>false</isSermonSelected>
    </Sermon>
    <Sermon>
        <Title>I Shall See the King in His Beauty</Title>
        <Url>http://www.sermonindex.net/modules/mydownloads/visit.php?lid=26526</Url>
        <Speaker>Pilgrim Camp Hymns</Speaker>
        <Length>1.85Mb</Length>
        <Status>NOT_STARTED</Status>
        <isSermonSelected>false</isSermonSelected>
    </Sermon>
    <Sermon>
        <Title>I Stood One Day at Calvary</Title>
        <Url>http://www.sermonindex.net/modules/mydownloads/visit.php?lid=26527</Url>
        <Speaker>Pilgrim Camp Hymns</Speaker>
        <Length>2Mb</Length>
        <Status>NOT_STARTED</Status>
        <isSermonSelected>false</isSermonSelected>
    </Sermon>
    <Sermon>
        <Title>I Touched the Heart of God in Prayer</Title>
        <Url>http://www.sermonindex.net/modules/mydownloads/visit.php?lid=26528</Url>
        <Speaker>Pilgrim Camp Hymns</Speaker>
        <Length>1.02Mb</Length>
        <Status>NOT_STARTED</Status>
        <isSermonSelected>false</isSermonSelected>
    </Sermon>
    <Sermon>
        <Title>I Want to Be Like Jesus</Title>
        <Url>http://www.sermonindex.net/modules/mydownloads/visit.php?lid=26529</Url>
        <Speaker>Pilgrim Camp Hymns</Speaker>
        <Length>1.72Mb</Length>
        <Status>NOT_STARTED</Status>
        <isSermonSelected>false</isSermonSelected>
    </Sermon>
    <Sermon>
        <Title>If You’ll Trust in the Lord</Title>
        <Url>http://www.sermonindex.net/modules/mydownloads/visit.php?lid=26530</Url>
        <Speaker>Pilgrim Camp Hymns</Speaker>
        <Length>2.15Mb</Length>
        <Status>NOT_STARTED</Status>
        <isSermonSelected>false</isSermonSelected>
    </Sermon>
    <Sermon>
        <Title>In the Secret of His Presence</Title>
        <Url>http://www.sermonindex.net/modules/mydownloads/visit.php?lid=26531</Url>
        <Speaker>Pilgrim Camp Hymns</Speaker>
        <Length>1.97Mb</Length>
        <Status>NOT_STARTED</Status>
        <isSermonSelected>false</isSermonSelected>
    </Sermon>
    <Sermon>
        <Title>In the Sweet By and By</Title>
        <Url>http://www.sermonindex.net/modules/mydownloads/visit.php?lid=26532</Url>
        <Speaker>Pilgrim Camp Hymns</Speaker>
        <Length>1.54Mb</Length>
        <Status>NOT_STARTED</Status>
        <isSermonSelected>false</isSermonSelected>
    </Sermon>
    <Sermon>
        <Title>In Times Like These</Title>
        <Url>http://www.sermonindex.net/modules/mydownloads/visit.php?lid=26533</Url>
        <Speaker>Pilgrim Camp Hymns</Speaker>
        <Length>1.53Mb</Length>
        <Status>NOT_STARTED</Status>
        <isSermonSelected>false</isSermonSelected>
    </Sermon>
    <Sermon>
        <Title>Is Your All on the Altar?</Title>
        <Url>http://www.sermonindex.net/modules/mydownloads/visit.php?lid=26534</Url>
        <Speaker>Pilgrim Camp Hymns</Speaker>
        <Length>1.01Mb</Length>
        <Status>NOT_STARTED</Status>
        <isSermonSelected>false</isSermonSelected>
    </Sermon>
    <Sermon>
        <Title>It Is Truly Wonderful</Title>
        <Url>http://www.sermonindex.net/modules/mydownloads/visit.php?lid=26535</Url>
        <Speaker>Pilgrim Camp Hymns</Speaker>
        <Length>1.41Mb</Length>
        <Status>NOT_STARTED</Status>
        <isSermonSelected>false</isSermonSelected>
    </Sermon>
    <Sermon>
        <Title>Jesus Is All I Need</Title>
        <Url>http://www.sermonindex.net/modules/mydownloads/visit.php?lid=26536</Url>
        <Speaker>Pilgrim Camp Hymns</Speaker>
        <Length>2.62Mb</Length>
        <Status>NOT_STARTED</Status>
        <isSermonSelected>false</isSermonSelected>
    </Sermon>
    <Sermon>
        <Title>Jesus Never Fails</Title>
        <Url>http://www.sermonindex.net/modules/mydownloads/visit.php?lid=26537</Url>
        <Speaker>Pilgrim Camp Hymns</Speaker>
        <Length>2.1Mb</Length>
        <Status>NOT_STARTED</Status>
        <isSermonSelected>false</isSermonSelected>
    </Sermon>
    <Sermon>
        <Title>Jesus Revealed in Me</Title>
        <Url>http://www.sermonindex.net/modules/mydownloads/visit.php?lid=26538</Url>
        <Speaker>Pilgrim Camp Hymns</Speaker>
        <Length>1.42Mb</Length>
        <Status>NOT_STARTED</Status>
        <isSermonSelected>false</isSermonSelected>
    </Sermon>
    <Sermon>
        <Title>Jesus, Only Jesus</Title>
        <Url>http://www.sermonindex.net/modules/mydownloads/visit.php?lid=26539</Url>
        <Speaker>Pilgrim Camp Hymns</Speaker>
        <Length>1.86Mb</Length>
        <Status>NOT_STARTED</Status>
        <isSermonSelected>false</isSermonSelected>
    </Sermon>
    <Sermon>
        <Title>Jesus, the Joy of Loving Hearts</Title>
        <Url>http://www.sermonindex.net/modules/mydownloads/visit.php?lid=26540</Url>
        <Speaker>Pilgrim Camp Hymns</Speaker>
        <Length>1.42Mb</Length>
        <Status>NOT_STARTED</Status>
        <isSermonSelected>false</isSermonSelected>
    </Sermon>
    <Sermon>
        <Title>Jesus, the Very Thought of Thee</Title>
        <Url>http://www.sermonindex.net/modules/mydownloads/visit.php?lid=26541</Url>
        <Speaker>Pilgrim Camp Hymns</Speaker>
        <Length>1.22Mb</Length>
        <Status>NOT_STARTED</Status>
        <isSermonSelected>false</isSermonSelected>
    </Sermon>
    <Sermon>
        <Title>Just As I Am, Without One Plea</Title>
        <Url>http://www.sermonindex.net/modules/mydownloads/visit.php?lid=26542</Url>
        <Speaker>Pilgrim Camp Hymns</Speaker>
        <Length>2.17Mb</Length>
        <Status>NOT_STARTED</Status>
        <isSermonSelected>false</isSermonSelected>
    </Sermon>
    <Sermon>
        <Title>Lead On, O King Eternal</Title>
        <Url>http://www.sermonindex.net/modules/mydownloads/visit.php?lid=26543</Url>
        <Speaker>Pilgrim Camp Hymns</Speaker>
        <Length>1.65Mb</Length>
        <Status>NOT_STARTED</Status>
        <isSermonSelected>false</isSermonSelected>
    </Sermon>
    <Sermon>
        <Title>Leave Your Heavy Burden at the Cross</Title>
        <Url>http://www.sermonindex.net/modules/mydownloads/visit.php?lid=26544</Url>
        <Speaker>Pilgrim Camp Hymns</Speaker>
        <Length>1.53Mb</Length>
        <Status>NOT_STARTED</Status>
        <isSermonSelected>false</isSermonSelected>
    </Sermon>
    <Sermon>
        <Title>Let King Jesus Reign</Title>
        <Url>http://www.sermonindex.net/modules/mydownloads/visit.php?lid=26545</Url>
        <Speaker>Pilgrim Camp Hymns</Speaker>
        <Length>1.71Mb</Length>
        <Status>NOT_STARTED</Status>
        <isSermonSelected>false</isSermonSelected>
    </Sermon>
    <Sermon>
        <Title>Living Where the Healing Waters Flow</Title>
        <Url>http://www.sermonindex.net/modules/mydownloads/visit.php?lid=26546</Url>
        <Speaker>Pilgrim Camp Hymns</Speaker>
        <Length>1.01Mb</Length>
        <Status>NOT_STARTED</Status>
        <isSermonSelected>false</isSermonSelected>
    </Sermon>
    <Sermon>
        <Title>Lord, I Want to Be Like Jesus</Title>
        <Url>http://www.sermonindex.net/modules/mydownloads/visit.php?lid=26547</Url>
        <Speaker>Pilgrim Camp Hymns</Speaker>
        <Length>705Kb</Length>
        <Status>NOT_STARTED</Status>
        <isSermonSelected>false</isSermonSelected>
    </Sermon>
    <Sermon>
        <Title>Magnify the Lord with Me</Title>
        <Url>http://www.sermonindex.net/modules/mydownloads/visit.php?lid=26548</Url>
        <Speaker>Pilgrim Camp Hymns</Speaker>
        <Length>1.77Mb</Length>
        <Status>NOT_STARTED</Status>
        <isSermonSelected>false</isSermonSelected>
    </Sermon>
    <Sermon>
        <Title>Make Me a Channel of Blessing</Title>
        <Url>http://www.sermonindex.net/modules/mydownloads/visit.php?lid=26549</Url>
        <Speaker>Pilgrim Camp Hymns</Speaker>
        <Length>643Kb</Length>
        <Status>NOT_STARTED</Status>
        <isSermonSelected>false</isSermonSelected>
    </Sermon>
    <Sermon>
        <Title>More Love to Thee, O Christ</Title>
        <Url>http://www.sermonindex.net/modules/mydownloads/visit.php?lid=26550</Url>
        <Speaker>Pilgrim Camp Hymns</Speaker>
        <Length>1.55Mb</Length>
        <Status>NOT_STARTED</Status>
        <isSermonSelected>false</isSermonSelected>
    </Sermon>
    <Sermon>
        <Title>My Anchor Holds</Title>
        <Url>http://www.sermonindex.net/modules/mydownloads/visit.php?lid=26551</Url>
        <Speaker>Pilgrim Camp Hymns</Speaker>
        <Length>1.14Mb</Length>
        <Status>NOT_STARTED</Status>
        <isSermonSelected>false</isSermonSelected>
    </Sermon>
    <Sermon>
        <Title>My Faith Has Found a Resting Place</Title>
        <Url>http://www.sermonindex.net/modules/mydownloads/visit.php?lid=26552</Url>
        <Speaker>Pilgrim Camp Hymns</Speaker>
        <Length>1.12Mb</Length>
        <Status>NOT_STARTED</Status>
        <isSermonSelected>false</isSermonSelected>
    </Sermon>
    <Sermon>
        <Title>My Heart Is Fixed, Eternal God</Title>
        <Url>http://www.sermonindex.net/modules/mydownloads/visit.php?lid=26553</Url>
        <Speaker>Pilgrim Camp Hymns</Speaker>
        <Length>1.12Mb</Length>
        <Status>NOT_STARTED</Status>
        <isSermonSelected>false</isSermonSelected>
    </Sermon>
    <Sermon>
        <Title>My Heart Is Stirred Whene’er I Think of Jesus</Title>
        <Url>http://www.sermonindex.net/modules/mydownloads/visit.php?lid=26554</Url>
        <Speaker>Pilgrim Camp Hymns</Speaker>
        <Length>1.68Mb</Length>
        <Status>NOT_STARTED</Status>
        <isSermonSelected>false</isSermonSelected>
    </Sermon>
    <Sermon>
        <Title>My Redeemer</Title>
        <Url>http://www.sermonindex.net/modules/mydownloads/visit.php?lid=26555</Url>
        <Speaker>Pilgrim Camp Hymns</Speaker>
        <Length>1.35Mb</Length>
        <Status>NOT_STARTED</Status>
        <isSermonSelected>false</isSermonSelected>
    </Sermon>
    <Sermon>
        <Title>My Sins Are Gone</Title>
        <Url>http://www.sermonindex.net/modules/mydownloads/visit.php?lid=26556</Url>
        <Speaker>Pilgrim Camp Hymns</Speaker>
        <Length>860Kb</Length>
        <Status>NOT_STARTED</Status>
        <isSermonSelected>false</isSermonSelected>
    </Sermon>
    <Sermon>
        <Title>Near to the Heart of God</Title>
        <Url>http://www.sermonindex.net/modules/mydownloads/visit.php?lid=26557</Url>
        <Speaker>Pilgrim Camp Hymns</Speaker>
        <Length>2.29Mb</Length>
        <Status>NOT_STARTED</Status>
        <isSermonSelected>false</isSermonSelected>
    </Sermon>
    <Sermon>
        <Title>No One Ever Cared for Me Like Jesus</Title>
        <Url>http://www.sermonindex.net/modules/mydownloads/visit.php?lid=26558</Url>
        <Speaker>Pilgrim Camp Hymns</Speaker>
        <Length>1.94Mb</Length>
        <Status>NOT_STARTED</Status>
        <isSermonSelected>false</isSermonSelected>
    </Sermon>
    <Sermon>
        <Title>O Could I Speak the Matchless Worth</Title>
        <Url>http://www.sermonindex.net/modules/mydownloads/visit.php?lid=26559</Url>
        <Speaker>Pilgrim Camp Hymns</Speaker>
        <Length>1.59Mb</Length>
        <Status>NOT_STARTED</Status>
        <isSermonSelected>false</isSermonSelected>
    </Sermon>
    <Sermon>
        <Title>O How I Love Jesus</Title>
        <Url>http://www.sermonindex.net/modules/mydownloads/visit.php?lid=26560</Url>
        <Speaker>Pilgrim Camp Hymns</Speaker>
        <Length>1.45Mb</Length>
        <Status>NOT_STARTED</Status>
        <isSermonSelected>false</isSermonSelected>
    </Sermon>
    <Sermon>
        <Title>O Master, Let Me Walk with Thee</Title>
        <Url>http://www.sermonindex.net/modules/mydownloads/visit.php?lid=26561</Url>
        <Speaker>Pilgrim Camp Hymns</Speaker>
        <Length>1.59Mb</Length>
        <Status>NOT_STARTED</Status>
        <isSermonSelected>false</isSermonSelected>
    </Sermon>
    <Sermon>
        <Title>O Sweet Wonder</Title>
        <Url>http://www.sermonindex.net/modules/mydownloads/visit.php?lid=26562</Url>
        <Speaker>Pilgrim Camp Hymns</Speaker>
        <Length>2Mb</Length>
        <Status>NOT_STARTED</Status>
        <isSermonSelected>false</isSermonSelected>
    </Sermon>
    <Sermon>
        <Title>Oh, the Fire Is Burning</Title>
        <Url>http://www.sermonindex.net/modules/mydownloads/visit.php?lid=26563</Url>
        <Speaker>Pilgrim Camp Hymns</Speaker>
        <Length>1.56Mb</Length>
        <Status>NOT_STARTED</Status>
        <isSermonSelected>false</isSermonSelected>
    </Sermon>
    <Sermon>
        <Title>One Day</Title>
        <Url>http://www.sermonindex.net/modules/mydownloads/visit.php?lid=26564</Url>
        <Speaker>Pilgrim Camp Hymns</Speaker>
        <Length>3.88Mb</Length>
        <Status>NOT_STARTED</Status>
        <isSermonSelected>false</isSermonSelected>
    </Sermon>
    <Sermon>
        <Title>Onward, Christian Soldiers</Title>
        <Url>http://www.sermonindex.net/modules/mydownloads/visit.php?lid=26565</Url>
        <Speaker>Pilgrim Camp Hymns</Speaker>
        <Length>1.77Mb</Length>
        <Status>NOT_STARTED</Status>
        <isSermonSelected>false</isSermonSelected>
    </Sermon>
    <Sermon>
        <Title>Open My Eyes That I May See</Title>
        <Url>http://www.sermonindex.net/modules/mydownloads/visit.php?lid=26566</Url>
        <Speaker>Pilgrim Camp Hymns</Speaker>
        <Length>2.37Mb</Length>
        <Status>NOT_STARTED</Status>
        <isSermonSelected>false</isSermonSelected>
    </Sermon>
    <Sermon>
        <Title>Open Your Heart and Let Him Come In</Title>
        <Url>http://www.sermonindex.net/modules/mydownloads/visit.php?lid=26567</Url>
        <Speaker>Pilgrim Camp Hymns</Speaker>
        <Length>2.22Mb</Length>
        <Status>NOT_STARTED</Status>
        <isSermonSelected>false</isSermonSelected>
    </Sermon>
    <Sermon>
        <Title>Peace, Perfect Peace, Love, Perfect Love</Title>
        <Url>http://www.sermonindex.net/modules/mydownloads/visit.php?lid=26568</Url>
        <Speaker>Pilgrim Camp Hymns</Speaker>
        <Length>1.62Mb</Length>
        <Status>NOT_STARTED</Status>
        <isSermonSelected>false</isSermonSelected>
    </Sermon>
    <Sermon>
        <Title>Pentecost in My Soul</Title>
        <Url>http://www.sermonindex.net/modules/mydownloads/visit.php?lid=26569</Url>
        <Speaker>Pilgrim Camp Hymns</Speaker>
        <Length>1.96Mb</Length>
        <Status>NOT_STARTED</Status>
        <isSermonSelected>false</isSermonSelected>
    </Sermon>
    <Sermon>
        <Title>Pentecostal Fire Is Falling</Title>
        <Url>http://www.sermonindex.net/modules/mydownloads/visit.php?lid=26570</Url>
        <Speaker>Pilgrim Camp Hymns</Speaker>
        <Length>1.2Mb</Length>
        <Status>NOT_STARTED</Status>
        <isSermonSelected>false</isSermonSelected>
    </Sermon>
    <Sermon>
        <Title>Praise Ye the Lord, the Almighty</Title>
        <Url>http://www.sermonindex.net/modules/mydownloads/visit.php?lid=26571</Url>
        <Speaker>Pilgrim Camp Hymns</Speaker>
        <Length>1.72Mb</Length>
        <Status>NOT_STARTED</Status>
        <isSermonSelected>false</isSermonSelected>
    </Sermon>
    <Sermon>
        <Title>Rise Up, O Men of God</Title>
        <Url>http://www.sermonindex.net/modules/mydownloads/visit.php?lid=26572</Url>
        <Speaker>Pilgrim Camp Hymns</Speaker>
        <Length>971Kb</Length>
        <Status>NOT_STARTED</Status>
        <isSermonSelected>false</isSermonSelected>
    </Sermon>
    <Sermon>
        <Title>Room at the Cross</Title>
        <Url>http://www.sermonindex.net/modules/mydownloads/visit.php?lid=26573</Url>
        <Speaker>Pilgrim Camp Hymns</Speaker>
        <Length>1.59Mb</Length>
        <Status>NOT_STARTED</Status>
        <isSermonSelected>false</isSermonSelected>
    </Sermon>
    <Sermon>
        <Title>Since I Found My Savior</Title>
        <Url>http://www.sermonindex.net/modules/mydownloads/visit.php?lid=26574</Url>
        <Speaker>Pilgrim Camp Hymns</Speaker>
        <Length>1.65Mb</Length>
        <Status>NOT_STARTED</Status>
        <isSermonSelected>false</isSermonSelected>
    </Sermon>
    <Sermon>
        <Title>Springs of Living Water</Title>
        <Url>http://www.sermonindex.net/modules/mydownloads/visit.php?lid=26575</Url>
        <Speaker>Pilgrim Camp Hymns</Speaker>
        <Length>2.02Mb</Length>
        <Status>NOT_STARTED</Status>
        <isSermonSelected>false</isSermonSelected>
    </Sermon>
    <Sermon>
        <Title>Stand Beside Me, O My Savior</Title>
        <Url>http://www.sermonindex.net/modules/mydownloads/visit.php?lid=26576</Url>
        <Speaker>Pilgrim Camp Hymns</Speaker>
        <Length>2.32Mb</Length>
        <Status>NOT_STARTED</Status>
        <isSermonSelected>false</isSermonSelected>
    </Sermon>
    <Sermon>
        <Title>Still, Still with Thee</Title>
        <Url>http://www.sermonindex.net/modules/mydownloads/visit.php?lid=26577</Url>
        <Speaker>Pilgrim Camp Hymns</Speaker>
        <Length>1.68Mb</Length>
        <Status>NOT_STARTED</Status>
        <isSermonSelected>false</isSermonSelected>
    </Sermon>
    <Sermon>
        <Title>Submission</Title>
        <Url>http://www.sermonindex.net/modules/mydownloads/visit.php?lid=26578</Url>
        <Speaker>Pilgrim Camp Hymns</Speaker>
        <Length>2.02Mb</Length>
        <Status>NOT_STARTED</Status>
        <isSermonSelected>false</isSermonSelected>
    </Sermon>
    <Sermon>
        <Title>Sweet Peace, the Gift of God's Love</Title>
        <Url>http://www.sermonindex.net/modules/mydownloads/visit.php?lid=26579</Url>
        <Speaker>Pilgrim Camp Hymns</Speaker>
        <Length>3.08Mb</Length>
        <Status>NOT_STARTED</Status>
        <isSermonSelected>false</isSermonSelected>
    </Sermon>
    <Sermon>
        <Title>Sweeter as the Days Go By</Title>
        <Url>http://www.sermonindex.net/modules/mydownloads/visit.php?lid=26580</Url>
        <Speaker>Pilgrim Camp Hymns</Speaker>
        <Length>1.65Mb</Length>
        <Status>NOT_STARTED</Status>
        <isSermonSelected>false</isSermonSelected>
    </Sermon>
    <Sermon>
        <Title>Take the World, but Give Me Jesus</Title>
        <Url>http://www.sermonindex.net/modules/mydownloads/visit.php?lid=26581</Url>
        <Speaker>Pilgrim Camp Hymns</Speaker>
        <Length>1.91Mb</Length>
        <Status>NOT_STARTED</Status>
        <isSermonSelected>false</isSermonSelected>
    </Sermon>
    <Sermon>
        <Title>Take Time to Be Holy</Title>
        <Url>http://www.sermonindex.net/modules/mydownloads/visit.php?lid=26582</Url>
        <Speaker>Pilgrim Camp Hymns</Speaker>
        <Length>1.2Mb</Length>
        <Status>NOT_STARTED</Status>
        <isSermonSelected>false</isSermonSelected>
    </Sermon>
    <Sermon>
        <Title>That Day at Calvary</Title>
        <Url>http://www.sermonindex.net/modules/mydownloads/visit.php?lid=26583</Url>
        <Speaker>Pilgrim Camp Hymns</Speaker>
        <Length>2Mb</Length>
        <Status>NOT_STARTED</Status>
        <isSermonSelected>false</isSermonSelected>
    </Sermon>
    <Sermon>
        <Title>That Wonderful Name</Title>
        <Url>http://www.sermonindex.net/modules/mydownloads/visit.php?lid=26584</Url>
        <Speaker>Pilgrim Camp Hymns</Speaker>
        <Length>2.6Mb</Length>
        <Status>NOT_STARTED</Status>
        <isSermonSelected>false</isSermonSelected>
    </Sermon>
    <Sermon>
        <Title>The Beautiful Garden of Prayer</Title>
        <Url>http://www.sermonindex.net/modules/mydownloads/visit.php?lid=26585</Url>
        <Speaker>Pilgrim Camp Hymns</Speaker>
        <Length>1.68Mb</Length>
        <Status>NOT_STARTED</Status>
        <isSermonSelected>false</isSermonSelected>
    </Sermon>
    <Sermon>
        <Title>The Fire Is Burning</Title>
        <Url>http://www.sermonindex.net/modules/mydownloads/visit.php?lid=26586</Url>
        <Speaker>Pilgrim Camp Hymns</Speaker>
        <Length>1.62Mb</Length>
        <Status>NOT_STARTED</Status>
        <isSermonSelected>false</isSermonSelected>
    </Sermon>
    <Sermon>
        <Title>The Glory of His Presence</Title>
        <Url>http://www.sermonindex.net/modules/mydownloads/visit.php?lid=26587</Url>
        <Speaker>Pilgrim Camp Hymns</Speaker>
        <Length>2.36Mb</Length>
        <Status>NOT_STARTED</Status>
        <isSermonSelected>false</isSermonSelected>
    </Sermon>
    <Sermon>
        <Title>The Haven of Rest</Title>
        <Url>http://www.sermonindex.net/modules/mydownloads/visit.php?lid=26588</Url>
        <Speaker>Pilgrim Camp Hymns</Speaker>
        <Length>2.05Mb</Length>
        <Status>NOT_STARTED</Status>
        <isSermonSelected>false</isSermonSelected>
    </Sermon>
    <Sermon>
        <Title>The Joy of My Life is Jesus</Title>
        <Url>http://www.sermonindex.net/modules/mydownloads/visit.php?lid=26589</Url>
        <Speaker>Pilgrim Camp Hymns</Speaker>
        <Length>930Kb</Length>
        <Status>NOT_STARTED</Status>
        <isSermonSelected>false</isSermonSelected>
    </Sermon>
    <Sermon>
        <Title>The Lord’s Prayer</Title>
        <Url>http://www.sermonindex.net/modules/mydownloads/visit.php?lid=26590</Url>
        <Speaker>Pilgrim Camp Hymns</Speaker>
        <Length>2.03Mb</Length>
        <Status>NOT_STARTED</Status>
        <isSermonSelected>false</isSermonSelected>
    </Sermon>
    <Sermon>
        <Title>The Old Rugged Cross</Title>
        <Url>http://www.sermonindex.net/modules/mydownloads/visit.php?lid=26591</Url>
        <Speaker>Pilgrim Camp Hymns</Speaker>
        <Length>1.66Mb</Length>
        <Status>NOT_STARTED</Status>
        <isSermonSelected>false</isSermonSelected>
    </Sermon>
    <Sermon>
        <Title>The Unveiled Christ</Title>
        <Url>http://www.sermonindex.net/modules/mydownloads/visit.php?lid=26592</Url>
        <Speaker>Pilgrim Camp Hymns</Speaker>
        <Length>1.07Mb</Length>
        <Status>NOT_STARTED</Status>
        <isSermonSelected>false</isSermonSelected>
    </Sermon>
    <Sermon>
        <Title>The Wise and Foolish Builders</Title>
        <Url>http://www.sermonindex.net/modules/mydownloads/visit.php?lid=26593</Url>
        <Speaker>Pilgrim Camp Hymns</Speaker>
        <Length>1.37Mb</Length>
        <Status>NOT_STARTED</Status>
        <isSermonSelected>false</isSermonSelected>
    </Sermon>
    <Sermon>
        <Title>The Wonder of It All</Title>
        <Url>http://www.sermonindex.net/modules/mydownloads/visit.php?lid=26594</Url>
        <Speaker>Pilgrim Camp Hymns</Speaker>
        <Length>1.7Mb</Length>
        <Status>NOT_STARTED</Status>
        <isSermonSelected>false</isSermonSelected>
    </Sermon>
    <Sermon>
        <Title>There’s a Song that’s Ringing in My Heart Today</Title>
        <Url>http://www.sermonindex.net/modules/mydownloads/visit.php?lid=26595</Url>
        <Speaker>Pilgrim Camp Hymns</Speaker>
        <Length>1.68Mb</Length>
        <Status>NOT_STARTED</Status>
        <isSermonSelected>false</isSermonSelected>
    </Sermon>
    <Sermon>
        <Title>They That Wait upon the Lord</Title>
        <Url>http://www.sermonindex.net/modules/mydownloads/visit.php?lid=26596</Url>
        <Speaker>Pilgrim Camp Hymns</Speaker>
        <Length>1.49Mb</Length>
        <Status>NOT_STARTED</Status>
        <isSermonSelected>false</isSermonSelected>
    </Sermon>
    <Sermon>
        <Title>Thy Gracious Image, Savior</Title>
        <Url>http://www.sermonindex.net/modules/mydownloads/visit.php?lid=26597</Url>
        <Speaker>Pilgrim Camp Hymns</Speaker>
        <Length>1.32Mb</Length>
        <Status>NOT_STARTED</Status>
        <isSermonSelected>false</isSermonSelected>
    </Sermon>
    <Sermon>
        <Title>Tis Burning in My Soul</Title>
        <Url>http://www.sermonindex.net/modules/mydownloads/visit.php?lid=26598</Url>
        <Speaker>Pilgrim Camp Hymns</Speaker>
        <Length>819Kb</Length>
        <Status>NOT_STARTED</Status>
        <isSermonSelected>false</isSermonSelected>
    </Sermon>
    <Sermon>
        <Title>Tis So Sweet to Trust in Jesus</Title>
        <Url>http://www.sermonindex.net/modules/mydownloads/visit.php?lid=26599</Url>
        <Speaker>Pilgrim Camp Hymns</Speaker>
        <Length>2.08Mb</Length>
        <Status>NOT_STARTED</Status>
        <isSermonSelected>false</isSermonSelected>
    </Sermon>
    <Sermon>
        <Title>To God Be the Glory</Title>
        <Url>http://www.sermonindex.net/modules/mydownloads/visit.php?lid=26600</Url>
        <Speaker>Pilgrim Camp Hymns</Speaker>
        <Length>1.58Mb</Length>
        <Status>NOT_STARTED</Status>
        <isSermonSelected>false</isSermonSelected>
    </Sermon>
    <Sermon>
        <Title>Turn Your Eyes upon Jesus</Title>
        <Url>http://www.sermonindex.net/modules/mydownloads/visit.php?lid=26601</Url>
        <Speaker>Pilgrim Camp Hymns</Speaker>
        <Length>2.42Mb</Length>
        <Status>NOT_STARTED</Status>
        <isSermonSelected>false</isSermonSelected>
    </Sermon>
    <Sermon>
        <Title>Under His Wings</Title>
        <Url>http://www.sermonindex.net/modules/mydownloads/visit.php?lid=26602</Url>
        <Speaker>Pilgrim Camp Hymns</Speaker>
        <Length>1.8Mb</Length>
        <Status>NOT_STARTED</Status>
        <isSermonSelected>false</isSermonSelected>
    </Sermon>
    <Sermon>
        <Title>We Worship and Adore Thee</Title>
        <Url>http://www.sermonindex.net/modules/mydownloads/visit.php?lid=26603</Url>
        <Speaker>Pilgrim Camp Hymns</Speaker>
        <Length>2.01Mb</Length>
        <Status>NOT_STARTED</Status>
        <isSermonSelected>false</isSermonSelected>
    </Sermon>
    <Sermon>
        <Title>What a Day That Will Be</Title>
        <Url>http://www.sermonindex.net/modules/mydownloads/visit.php?lid=26604</Url>
        <Speaker>Pilgrim Camp Hymns</Speaker>
        <Length>1.54Mb</Length>
        <Status>NOT_STARTED</Status>
        <isSermonSelected>false</isSermonSelected>
    </Sermon>
    <Sermon>
        <Title>What Shall I Give Thee, Master?</Title>
        <Url>http://www.sermonindex.net/modules/mydownloads/visit.php?lid=26605</Url>
        <Speaker>Pilgrim Camp Hymns</Speaker>
        <Length>2.14Mb</Length>
        <Status>NOT_STARTED</Status>
        <isSermonSelected>false</isSermonSelected>
    </Sermon>
    <Sermon>
        <Title>When I Survey the Wondrous Cross</Title>
        <Url>http://www.sermonindex.net/modules/mydownloads/visit.php?lid=26606</Url>
        <Speaker>Pilgrim Camp Hymns</Speaker>
        <Length>2.69Mb</Length>
        <Status>NOT_STARTED</Status>
        <isSermonSelected>false</isSermonSelected>
    </Sermon>
    <Sermon>
        <Title>When I’m with Him</Title>
        <Url>http://www.sermonindex.net/modules/mydownloads/visit.php?lid=26607</Url>
        <Speaker>Pilgrim Camp Hymns</Speaker>
        <Length>1.86Mb</Length>
        <Status>NOT_STARTED</Status>
        <isSermonSelected>false</isSermonSelected>
    </Sermon>
    <Sermon>
        <Title>When Jesus Comes; Praise</Title>
        <Url>http://www.sermonindex.net/modules/mydownloads/visit.php?lid=26608</Url>
        <Speaker>Pilgrim Camp Hymns</Speaker>
        <Length>5.16Mb</Length>
        <Status>NOT_STARTED</Status>
        <isSermonSelected>false</isSermonSelected>
    </Sermon>
    <Sermon>
        <Title>When Jesus Sought Me</Title>
        <Url>http://www.sermonindex.net/modules/mydownloads/visit.php?lid=26609</Url>
        <Speaker>Pilgrim Camp Hymns</Speaker>
        <Length>1.19Mb</Length>
        <Status>NOT_STARTED</Status>
        <isSermonSelected>false</isSermonSelected>
    </Sermon>
    <Sermon>
        <Title>When We Reach the Land of Light</Title>
        <Url>http://www.sermonindex.net/modules/mydownloads/visit.php?lid=26610</Url>
        <Speaker>Pilgrim Camp Hymns</Speaker>
        <Length>1.62Mb</Length>
        <Status>NOT_STARTED</Status>
        <isSermonSelected>false</isSermonSelected>
    </Sermon>
    <Sermon>
        <Title>Whiter Than Snow</Title>
        <Url>http://www.sermonindex.net/modules/mydownloads/visit.php?lid=26611</Url>
        <Speaker>Pilgrim Camp Hymns</Speaker>
        <Length>1.84Mb</Length>
        <Status>NOT_STARTED</Status>
        <isSermonSelected>false</isSermonSelected>
    </Sermon>
    <Sermon>
        <Title>Wonderful Power of My Wonderful King</Title>
        <Url>http://www.sermonindex.net/modules/mydownloads/visit.php?lid=26612</Url>
        <Speaker>Pilgrim Camp Hymns</Speaker>
        <Length>1.24Mb</Length>
        <Status>NOT_STARTED</Status>
        <isSermonSelected>false</isSermonSelected>
    </Sermon>
    <Sermon>
        <Title>Worship and praise</Title>
        <Url>http://www.sermonindex.net/modules/mydownloads/visit.php?lid=26613</Url>
        <Speaker>Pilgrim Camp Hymns</Speaker>
        <Length>2.74Mb</Length>
        <Status>NOT_STARTED</Status>
        <isSermonSelected>false</isSermonSelected>
    </Sermon>
</Sermons>
