<?xml version="1.0" encoding="UTF-8" standalone="yes"?>
<Sermons>
    <Sermon>
        <Title>01 Acknowledgements</Title>
        <Url>http://www.sermonindex.net/modules/mydownloads/visit.php?lid=24906</Url>
        <Speaker>Principles For The Gathering of Believers</Speaker>
        <Length>1.27Mb</Length>
        <Status>NOT_STARTED</Status>
        <isSermonSelected>false</isSermonSelected>
    </Sermon>
    <Sermon>
        <Title>02 Foreword</Title>
        <Url>http://www.sermonindex.net/modules/mydownloads/visit.php?lid=24907</Url>
        <Speaker>Principles For The Gathering of Believers</Speaker>
        <Length>3.49Mb</Length>
        <Status>NOT_STARTED</Status>
        <isSermonSelected>false</isSermonSelected>
    </Sermon>
    <Sermon>
        <Title>03 Preface</Title>
        <Url>http://www.sermonindex.net/modules/mydownloads/visit.php?lid=24908</Url>
        <Speaker>Principles For The Gathering of Believers</Speaker>
        <Length>4.23Mb</Length>
        <Status>NOT_STARTED</Status>
        <isSermonSelected>false</isSermonSelected>
    </Sermon>
    <Sermon>
        <Title>04 Introduction Letter</Title>
        <Url>http://www.sermonindex.net/modules/mydownloads/visit.php?lid=24909</Url>
        <Speaker>Principles For The Gathering of Believers</Speaker>
        <Length>5.39Mb</Length>
        <Status>NOT_STARTED</Status>
        <isSermonSelected>false</isSermonSelected>
    </Sermon>
    <Sermon>
        <Title>05 Principle 1 - Solely Looking to the Person of Jesus Christ</Title>
        <Url>http://www.sermonindex.net/modules/mydownloads/visit.php?lid=24910</Url>
        <Speaker>Principles For The Gathering of Believers</Speaker>
        <Length>4.93Mb</Length>
        <Status>NOT_STARTED</Status>
        <isSermonSelected>false</isSermonSelected>
    </Sermon>
    <Sermon>
        <Title>06 Principle 2 - Where 2 or 3 are Gathered Together</Title>
        <Url>http://www.sermonindex.net/modules/mydownloads/visit.php?lid=24911</Url>
        <Speaker>Principles For The Gathering of Believers</Speaker>
        <Length>4.22Mb</Length>
        <Status>NOT_STARTED</Status>
        <isSermonSelected>false</isSermonSelected>
    </Sermon>
    <Sermon>
        <Title>07 Principle 3 - Gods People Scattered in Sects</Title>
        <Url>http://www.sermonindex.net/modules/mydownloads/visit.php?lid=24912</Url>
        <Speaker>Principles For The Gathering of Believers</Speaker>
        <Length>5.2Mb</Length>
        <Status>NOT_STARTED</Status>
        <isSermonSelected>false</isSermonSelected>
    </Sermon>
    <Sermon>
        <Title>08 Principle 4 - God Directed Churches Needed</Title>
        <Url>http://www.sermonindex.net/modules/mydownloads/visit.php?lid=24913</Url>
        <Speaker>Principles For The Gathering of Believers</Speaker>
        <Length>3.81Mb</Length>
        <Status>NOT_STARTED</Status>
        <isSermonSelected>false</isSermonSelected>
    </Sermon>
    <Sermon>
        <Title>09 Principle 5 - The Book of Acts Our Example</Title>
        <Url>http://www.sermonindex.net/modules/mydownloads/visit.php?lid=24914</Url>
        <Speaker>Principles For The Gathering of Believers</Speaker>
        <Length>6.14Mb</Length>
        <Status>NOT_STARTED</Status>
        <isSermonSelected>false</isSermonSelected>
    </Sermon>
    <Sermon>
        <Title>10 Principle 6 - Not Depending On or Needing Buildings</Title>
        <Url>http://www.sermonindex.net/modules/mydownloads/visit.php?lid=24915</Url>
        <Speaker>Principles For The Gathering of Believers</Speaker>
        <Length>4.72Mb</Length>
        <Status>NOT_STARTED</Status>
        <isSermonSelected>false</isSermonSelected>
    </Sermon>
    <Sermon>
        <Title>11 Principle 7 - The People of God Are the Church</Title>
        <Url>http://www.sermonindex.net/modules/mydownloads/visit.php?lid=24916</Url>
        <Speaker>Principles For The Gathering of Believers</Speaker>
        <Length>5.17Mb</Length>
        <Status>NOT_STARTED</Status>
        <isSermonSelected>false</isSermonSelected>
    </Sermon>
    <Sermon>
        <Title>12 Principle 8 - Taking A Stand for the Testimony of the Church</Title>
        <Url>http://www.sermonindex.net/modules/mydownloads/visit.php?lid=24917</Url>
        <Speaker>Principles For The Gathering of Believers</Speaker>
        <Length>4.65Mb</Length>
        <Status>NOT_STARTED</Status>
        <isSermonSelected>false</isSermonSelected>
    </Sermon>
    <Sermon>
        <Title>13 Principle 9 - The Early Apostles Didn't Seek After Money</Title>
        <Url>http://www.sermonindex.net/modules/mydownloads/visit.php?lid=24918</Url>
        <Speaker>Principles For The Gathering of Believers</Speaker>
        <Length>6.13Mb</Length>
        <Status>NOT_STARTED</Status>
        <isSermonSelected>false</isSermonSelected>
    </Sermon>
    <Sermon>
        <Title>14 Principle 10 - Preaching the Good News</Title>
        <Url>http://www.sermonindex.net/modules/mydownloads/visit.php?lid=24919</Url>
        <Speaker>Principles For The Gathering of Believers</Speaker>
        <Length>4.93Mb</Length>
        <Status>NOT_STARTED</Status>
        <isSermonSelected>false</isSermonSelected>
    </Sermon>
    <Sermon>
        <Title>15 Principle 11 - Leading Is Serving In Humility</Title>
        <Url>http://www.sermonindex.net/modules/mydownloads/visit.php?lid=24920</Url>
        <Speaker>Principles For The Gathering of Believers</Speaker>
        <Length>6.61Mb</Length>
        <Status>NOT_STARTED</Status>
        <isSermonSelected>false</isSermonSelected>
    </Sermon>
    <Sermon>
        <Title>16 Principle 12 - Jesus Christ The Head of the Church</Title>
        <Url>http://www.sermonindex.net/modules/mydownloads/visit.php?lid=24921</Url>
        <Speaker>Principles For The Gathering of Believers</Speaker>
        <Length>4.52Mb</Length>
        <Status>NOT_STARTED</Status>
        <isSermonSelected>false</isSermonSelected>
    </Sermon>
    <Sermon>
        <Title>17 Principle 13 - A Growing Vibrant Movement</Title>
        <Url>http://www.sermonindex.net/modules/mydownloads/visit.php?lid=24922</Url>
        <Speaker>Principles For The Gathering of Believers</Speaker>
        <Length>4.6Mb</Length>
        <Status>NOT_STARTED</Status>
        <isSermonSelected>false</isSermonSelected>
    </Sermon>
    <Sermon>
        <Title>18 Principle 14 - Making Disciples Not Just Converts</Title>
        <Url>http://www.sermonindex.net/modules/mydownloads/visit.php?lid=24923</Url>
        <Speaker>Principles For The Gathering of Believers</Speaker>
        <Length>3.06Mb</Length>
        <Status>NOT_STARTED</Status>
        <isSermonSelected>false</isSermonSelected>
    </Sermon>
    <Sermon>
        <Title>19 Principle 15 - Not Pleasing Men But God Alone</Title>
        <Url>http://www.sermonindex.net/modules/mydownloads/visit.php?lid=24924</Url>
        <Speaker>Principles For The Gathering of Believers</Speaker>
        <Length>3.02Mb</Length>
        <Status>NOT_STARTED</Status>
        <isSermonSelected>false</isSermonSelected>
    </Sermon>
    <Sermon>
        <Title>20 Principle 16 - The Church Was Birthed In Prayer</Title>
        <Url>http://www.sermonindex.net/modules/mydownloads/visit.php?lid=24925</Url>
        <Speaker>Principles For The Gathering of Believers</Speaker>
        <Length>7.12Mb</Length>
        <Status>NOT_STARTED</Status>
        <isSermonSelected>false</isSermonSelected>
    </Sermon>
    <Sermon>
        <Title>21 Principle 17 - The Spirit Is Essential</Title>
        <Url>http://www.sermonindex.net/modules/mydownloads/visit.php?lid=24926</Url>
        <Speaker>Principles For The Gathering of Believers</Speaker>
        <Length>3.52Mb</Length>
        <Status>NOT_STARTED</Status>
        <isSermonSelected>false</isSermonSelected>
    </Sermon>
    <Sermon>
        <Title>22 Principle 18 - The Satanic Counterfeit</Title>
        <Url>http://www.sermonindex.net/modules/mydownloads/visit.php?lid=24927</Url>
        <Speaker>Principles For The Gathering of Believers</Speaker>
        <Length>6.55Mb</Length>
        <Status>NOT_STARTED</Status>
        <isSermonSelected>false</isSermonSelected>
    </Sermon>
    <Sermon>
        <Title>23 Principle 19 - Dependence on the Spirit of Jesus</Title>
        <Url>http://www.sermonindex.net/modules/mydownloads/visit.php?lid=24928</Url>
        <Speaker>Principles For The Gathering of Believers</Speaker>
        <Length>5.17Mb</Length>
        <Status>NOT_STARTED</Status>
        <isSermonSelected>false</isSermonSelected>
    </Sermon>
    <Sermon>
        <Title>24 Principle 20 - Holy Spirit Normal Christianity</Title>
        <Url>http://www.sermonindex.net/modules/mydownloads/visit.php?lid=24929</Url>
        <Speaker>Principles For The Gathering of Believers</Speaker>
        <Length>4.75Mb</Length>
        <Status>NOT_STARTED</Status>
        <isSermonSelected>false</isSermonSelected>
    </Sermon>
    <Sermon>
        <Title>25 Principle 21 - Hungering After the True Holy Spirit Baptism</Title>
        <Url>http://www.sermonindex.net/modules/mydownloads/visit.php?lid=24930</Url>
        <Speaker>Principles For The Gathering of Believers</Speaker>
        <Length>3.5Mb</Length>
        <Status>NOT_STARTED</Status>
        <isSermonSelected>false</isSermonSelected>
    </Sermon>
    <Sermon>
        <Title>26 Principle 22 - God Uses the Weak By His Spirit</Title>
        <Url>http://www.sermonindex.net/modules/mydownloads/visit.php?lid=24931</Url>
        <Speaker>Principles For The Gathering of Believers</Speaker>
        <Length>4.28Mb</Length>
        <Status>NOT_STARTED</Status>
        <isSermonSelected>false</isSermonSelected>
    </Sermon>
    <Sermon>
        <Title>27 Principle 23 - Cults, False Gospels, and Division</Title>
        <Url>http://www.sermonindex.net/modules/mydownloads/visit.php?lid=24932</Url>
        <Speaker>Principles For The Gathering of Believers</Speaker>
        <Length>3.25Mb</Length>
        <Status>NOT_STARTED</Status>
        <isSermonSelected>false</isSermonSelected>
    </Sermon>
    <Sermon>
        <Title>28 Principle 24 - Christ the Unity of the Body</Title>
        <Url>http://www.sermonindex.net/modules/mydownloads/visit.php?lid=24933</Url>
        <Speaker>Principles For The Gathering of Believers</Speaker>
        <Length>3.25Mb</Length>
        <Status>NOT_STARTED</Status>
        <isSermonSelected>false</isSermonSelected>
    </Sermon>
    <Sermon>
        <Title>29 Principle 25 - Not Judging Others</Title>
        <Url>http://www.sermonindex.net/modules/mydownloads/visit.php?lid=24934</Url>
        <Speaker>Principles For The Gathering of Believers</Speaker>
        <Length>5.09Mb</Length>
        <Status>NOT_STARTED</Status>
        <isSermonSelected>false</isSermonSelected>
    </Sermon>
    <Sermon>
        <Title>30 Principle 26 - Having a Right Doctrine But Wrong Spirit</Title>
        <Url>http://www.sermonindex.net/modules/mydownloads/visit.php?lid=24935</Url>
        <Speaker>Principles For The Gathering of Believers</Speaker>
        <Length>4.91Mb</Length>
        <Status>NOT_STARTED</Status>
        <isSermonSelected>false</isSermonSelected>
    </Sermon>
    <Sermon>
        <Title>31 Principle 27 - The Priority of Love</Title>
        <Url>http://www.sermonindex.net/modules/mydownloads/visit.php?lid=24936</Url>
        <Speaker>Principles For The Gathering of Believers</Speaker>
        <Length>4.03Mb</Length>
        <Status>NOT_STARTED</Status>
        <isSermonSelected>false</isSermonSelected>
    </Sermon>
    <Sermon>
        <Title>32 Principle 28 - Examine Yourself and Correction in Love</Title>
        <Url>http://www.sermonindex.net/modules/mydownloads/visit.php?lid=24937</Url>
        <Speaker>Principles For The Gathering of Believers</Speaker>
        <Length>6.12Mb</Length>
        <Status>NOT_STARTED</Status>
        <isSermonSelected>false</isSermonSelected>
    </Sermon>
    <Sermon>
        <Title>33 Principle 29 - Being Rich In Mercy</Title>
        <Url>http://www.sermonindex.net/modules/mydownloads/visit.php?lid=24938</Url>
        <Speaker>Principles For The Gathering of Believers</Speaker>
        <Length>3.44Mb</Length>
        <Status>NOT_STARTED</Status>
        <isSermonSelected>false</isSermonSelected>
    </Sermon>
    <Sermon>
        <Title>34 Principle 30 - Reading the Entirety of Scriptures</Title>
        <Url>http://www.sermonindex.net/modules/mydownloads/visit.php?lid=24939</Url>
        <Speaker>Principles For The Gathering of Believers</Speaker>
        <Length>4.16Mb</Length>
        <Status>NOT_STARTED</Status>
        <isSermonSelected>false</isSermonSelected>
    </Sermon>
    <Sermon>
        <Title>35 Principle 31 - Godly Disciplines for Assemblies</Title>
        <Url>http://www.sermonindex.net/modules/mydownloads/visit.php?lid=24940</Url>
        <Speaker>Principles For The Gathering of Believers</Speaker>
        <Length>2.96Mb</Length>
        <Status>NOT_STARTED</Status>
        <isSermonSelected>false</isSermonSelected>
    </Sermon>
    <Sermon>
        <Title>36 Principle 32 - Godliness Through the Act of Submission</Title>
        <Url>http://www.sermonindex.net/modules/mydownloads/visit.php?lid=24941</Url>
        <Speaker>Principles For The Gathering of Believers</Speaker>
        <Length>7.19Mb</Length>
        <Status>NOT_STARTED</Status>
        <isSermonSelected>false</isSermonSelected>
    </Sermon>
    <Sermon>
        <Title>37 Principle 33 - The Obedience of Believers Baptism</Title>
        <Url>http://www.sermonindex.net/modules/mydownloads/visit.php?lid=24942</Url>
        <Speaker>Principles For The Gathering of Believers</Speaker>
        <Length>3.25Mb</Length>
        <Status>NOT_STARTED</Status>
        <isSermonSelected>false</isSermonSelected>
    </Sermon>
    <Sermon>
        <Title>38 Principle 34 - The Body of Christ An Army of Evangelists</Title>
        <Url>http://www.sermonindex.net/modules/mydownloads/visit.php?lid=24943</Url>
        <Speaker>Principles For The Gathering of Believers</Speaker>
        <Length>5.16Mb</Length>
        <Status>NOT_STARTED</Status>
        <isSermonSelected>false</isSermonSelected>
    </Sermon>
    <Sermon>
        <Title>39 Principle 35 - The Lord Supper The Death of Christ</Title>
        <Url>http://www.sermonindex.net/modules/mydownloads/visit.php?lid=24944</Url>
        <Speaker>Principles For The Gathering of Believers</Speaker>
        <Length>5.69Mb</Length>
        <Status>NOT_STARTED</Status>
        <isSermonSelected>false</isSermonSelected>
    </Sermon>
    <Sermon>
        <Title>40 Principle 36 - Dependence on the Moving of the Holy Spirit</Title>
        <Url>http://www.sermonindex.net/modules/mydownloads/visit.php?lid=24945</Url>
        <Speaker>Principles For The Gathering of Believers</Speaker>
        <Length>6.16Mb</Length>
        <Status>NOT_STARTED</Status>
        <isSermonSelected>false</isSermonSelected>
    </Sermon>
    <Sermon>
        <Title>41 Principle 37 - Jesus Christ as Lord and Head</Title>
        <Url>http://www.sermonindex.net/modules/mydownloads/visit.php?lid=24946</Url>
        <Speaker>Principles For The Gathering of Believers</Speaker>
        <Length>5.49Mb</Length>
        <Status>NOT_STARTED</Status>
        <isSermonSelected>false</isSermonSelected>
    </Sermon>
    <Sermon>
        <Title>42 Principle 38 -The Spirit of Martyrdom</Title>
        <Url>http://www.sermonindex.net/modules/mydownloads/visit.php?lid=24947</Url>
        <Speaker>Principles For The Gathering of Believers</Speaker>
        <Length>5.35Mb</Length>
        <Status>NOT_STARTED</Status>
        <isSermonSelected>false</isSermonSelected>
    </Sermon>
    <Sermon>
        <Title>43 Principle 39 - God Actually Answers Prayer</Title>
        <Url>http://www.sermonindex.net/modules/mydownloads/visit.php?lid=24948</Url>
        <Speaker>Principles For The Gathering of Believers</Speaker>
        <Length>3.31Mb</Length>
        <Status>NOT_STARTED</Status>
        <isSermonSelected>false</isSermonSelected>
    </Sermon>
    <Sermon>
        <Title>44 Principle 40 - The Body of Christ Is the Church</Title>
        <Url>http://www.sermonindex.net/modules/mydownloads/visit.php?lid=24949</Url>
        <Speaker>Principles For The Gathering of Believers</Speaker>
        <Length>5.08Mb</Length>
        <Status>NOT_STARTED</Status>
        <isSermonSelected>false</isSermonSelected>
    </Sermon>
    <Sermon>
        <Title>45 Principle 41 - The Back to Jerusalem Movement</Title>
        <Url>http://www.sermonindex.net/modules/mydownloads/visit.php?lid=24950</Url>
        <Speaker>Principles For The Gathering of Believers</Speaker>
        <Length>3.3Mb</Length>
        <Status>NOT_STARTED</Status>
        <isSermonSelected>false</isSermonSelected>
    </Sermon>
    <Sermon>
        <Title>46 Principle 42 - The True Mission of the Church</Title>
        <Url>http://www.sermonindex.net/modules/mydownloads/visit.php?lid=24951</Url>
        <Speaker>Principles For The Gathering of Believers</Speaker>
        <Length>7.37Mb</Length>
        <Status>NOT_STARTED</Status>
        <isSermonSelected>false</isSermonSelected>
    </Sermon>
    <Sermon>
        <Title>47 Principle 43 - North Korea's Leader, An Image of Antichrist</Title>
        <Url>http://www.sermonindex.net/modules/mydownloads/visit.php?lid=24952</Url>
        <Speaker>Principles For The Gathering of Believers</Speaker>
        <Length>8.38Mb</Length>
        <Status>NOT_STARTED</Status>
        <isSermonSelected>false</isSermonSelected>
    </Sermon>
    <Sermon>
        <Title>48 Principle 44- A Cost To Be a Part of the Church</Title>
        <Url>http://www.sermonindex.net/modules/mydownloads/visit.php?lid=24953</Url>
        <Speaker>Principles For The Gathering of Believers</Speaker>
        <Length>8.24Mb</Length>
        <Status>NOT_STARTED</Status>
        <isSermonSelected>false</isSermonSelected>
    </Sermon>
    <Sermon>
        <Title>49 Principle 45- Five Challenging Reminders</Title>
        <Url>http://www.sermonindex.net/modules/mydownloads/visit.php?lid=24954</Url>
        <Speaker>Principles For The Gathering of Believers</Speaker>
        <Length>4.42Mb</Length>
        <Status>NOT_STARTED</Status>
        <isSermonSelected>false</isSermonSelected>
    </Sermon>
    <Sermon>
        <Title>50 Principle 46- Meeting In Home Churches</Title>
        <Url>http://www.sermonindex.net/modules/mydownloads/visit.php?lid=24955</Url>
        <Speaker>Principles For The Gathering of Believers</Speaker>
        <Length>5.01Mb</Length>
        <Status>NOT_STARTED</Status>
        <isSermonSelected>false</isSermonSelected>
    </Sermon>
    <Sermon>
        <Title>51 Principle 47- The Lord's Day Can Be Everyday</Title>
        <Url>http://www.sermonindex.net/modules/mydownloads/visit.php?lid=24956</Url>
        <Speaker>Principles For The Gathering of Believers</Speaker>
        <Length>4.61Mb</Length>
        <Status>NOT_STARTED</Status>
        <isSermonSelected>false</isSermonSelected>
    </Sermon>
    <Sermon>
        <Title>52 Principle 48 - We Are a Body of Christ Together</Title>
        <Url>http://www.sermonindex.net/modules/mydownloads/visit.php?lid=24957</Url>
        <Speaker>Principles For The Gathering of Believers</Speaker>
        <Length>6.72Mb</Length>
        <Status>NOT_STARTED</Status>
        <isSermonSelected>false</isSermonSelected>
    </Sermon>
    <Sermon>
        <Title>53 Principle 49 - Sharing and Memorization of Scripture</Title>
        <Url>http://www.sermonindex.net/modules/mydownloads/visit.php?lid=24958</Url>
        <Speaker>Principles For The Gathering of Believers</Speaker>
        <Length>6.91Mb</Length>
        <Status>NOT_STARTED</Status>
        <isSermonSelected>false</isSermonSelected>
    </Sermon>
    <Sermon>
        <Title>54 Principle 50 - Not Merely Listening</Title>
        <Url>http://www.sermonindex.net/modules/mydownloads/visit.php?lid=24959</Url>
        <Speaker>Principles For The Gathering of Believers</Speaker>
        <Length>3.82Mb</Length>
        <Status>NOT_STARTED</Status>
        <isSermonSelected>false</isSermonSelected>
    </Sermon>
    <Sermon>
        <Title>55 Principle 51- Measuring True Christian Growth</Title>
        <Url>http://www.sermonindex.net/modules/mydownloads/visit.php?lid=24960</Url>
        <Speaker>Principles For The Gathering of Believers</Speaker>
        <Length>6.58Mb</Length>
        <Status>NOT_STARTED</Status>
        <isSermonSelected>false</isSermonSelected>
    </Sermon>
    <Sermon>
        <Title>56 Principle 52- The Practice of Teaching Children</Title>
        <Url>http://www.sermonindex.net/modules/mydownloads/visit.php?lid=24961</Url>
        <Speaker>Principles For The Gathering of Believers</Speaker>
        <Length>5.04Mb</Length>
        <Status>NOT_STARTED</Status>
        <isSermonSelected>false</isSermonSelected>
    </Sermon>
    <Sermon>
        <Title>57 Principle 53- Raising Up Many Leaders in the Body</Title>
        <Url>http://www.sermonindex.net/modules/mydownloads/visit.php?lid=24962</Url>
        <Speaker>Principles For The Gathering of Believers</Speaker>
        <Length>3.54Mb</Length>
        <Status>NOT_STARTED</Status>
        <isSermonSelected>false</isSermonSelected>
    </Sermon>
    <Sermon>
        <Title>58 Principle 54- Remembering the Poor</Title>
        <Url>http://www.sermonindex.net/modules/mydownloads/visit.php?lid=24963</Url>
        <Speaker>Principles For The Gathering of Believers</Speaker>
        <Length>4.51Mb</Length>
        <Status>NOT_STARTED</Status>
        <isSermonSelected>false</isSermonSelected>
    </Sermon>
    <Sermon>
        <Title>59 Principle 55- Witnessing and Missions Work By Faith</Title>
        <Url>http://www.sermonindex.net/modules/mydownloads/visit.php?lid=24964</Url>
        <Speaker>Principles For The Gathering of Believers</Speaker>
        <Length>5.83Mb</Length>
        <Status>NOT_STARTED</Status>
        <isSermonSelected>false</isSermonSelected>
    </Sermon>
    <Sermon>
        <Title>60 Principle 56- Explosive Growth in an Antichrist State</Title>
        <Url>http://www.sermonindex.net/modules/mydownloads/visit.php?lid=24965</Url>
        <Speaker>Principles For The Gathering of Believers</Speaker>
        <Length>8.26Mb</Length>
        <Status>NOT_STARTED</Status>
        <isSermonSelected>false</isSermonSelected>
    </Sermon>
    <Sermon>
        <Title>61 Principle 57- Sharing the Faith Constantly in all Situations</Title>
        <Url>http://www.sermonindex.net/modules/mydownloads/visit.php?lid=24966</Url>
        <Speaker>Principles For The Gathering of Believers</Speaker>
        <Length>5.3Mb</Length>
        <Status>NOT_STARTED</Status>
        <isSermonSelected>false</isSermonSelected>
    </Sermon>
    <Sermon>
        <Title>62 Principle 58- New Converts Every Church Meeting</Title>
        <Url>http://www.sermonindex.net/modules/mydownloads/visit.php?lid=24967</Url>
        <Speaker>Principles For The Gathering of Believers</Speaker>
        <Length>5.35Mb</Length>
        <Status>NOT_STARTED</Status>
        <isSermonSelected>false</isSermonSelected>
    </Sermon>
    <Sermon>
        <Title>63 Principle 59- Networking Small Groups of Believers</Title>
        <Url>http://www.sermonindex.net/modules/mydownloads/visit.php?lid=24968</Url>
        <Speaker>Principles For The Gathering of Believers</Speaker>
        <Length>4.73Mb</Length>
        <Status>NOT_STARTED</Status>
        <isSermonSelected>false</isSermonSelected>
    </Sermon>
    <Sermon>
        <Title>64 Principle 60- Martyrs Esteemed in the Church</Title>
        <Url>http://www.sermonindex.net/modules/mydownloads/visit.php?lid=24969</Url>
        <Speaker>Principles For The Gathering of Believers</Speaker>
        <Length>7.78Mb</Length>
        <Status>NOT_STARTED</Status>
        <isSermonSelected>false</isSermonSelected>
    </Sermon>
    <Sermon>
        <Title>65 Epilogue - The Call to Gather as Fellowships</Title>
        <Url>http://www.sermonindex.net/modules/mydownloads/visit.php?lid=24970</Url>
        <Speaker>Principles For The Gathering of Believers</Speaker>
        <Length>4.96Mb</Length>
        <Status>NOT_STARTED</Status>
        <isSermonSelected>false</isSermonSelected>
    </Sermon>
    <Sermon>
        <Title>66 Preparing for a Persecution; To Be a Christian (brother Edgar)</Title>
        <Url>http://www.sermonindex.net/modules/mydownloads/visit.php?lid=24971</Url>
        <Speaker>Principles For The Gathering of Believers</Speaker>
        <Length>17.3Mb</Length>
        <Status>NOT_STARTED</Status>
        <isSermonSelected>false</isSermonSelected>
    </Sermon>
    <Sermon>
        <Title>67 The Coming Tsunami of Persecution (brother Greg)</Title>
        <Url>http://www.sermonindex.net/modules/mydownloads/visit.php?lid=24972</Url>
        <Speaker>Principles For The Gathering of Believers</Speaker>
        <Length>14.8Mb</Length>
        <Status>NOT_STARTED</Status>
        <isSermonSelected>false</isSermonSelected>
    </Sermon>
    <Sermon>
        <Title>68 A Plain Vision for Coming Persecution (brother Brian)</Title>
        <Url>http://www.sermonindex.net/modules/mydownloads/visit.php?lid=24973</Url>
        <Speaker>Principles For The Gathering of Believers</Speaker>
        <Length>61.08Mb</Length>
        <Status>NOT_STARTED</Status>
        <isSermonSelected>false</isSermonSelected>
    </Sermon>
    <Sermon>
        <Title>69 Chinese House Churches Interview (by brother Denny)</Title>
        <Url>http://www.sermonindex.net/modules/mydownloads/visit.php?lid=24974</Url>
        <Speaker>Principles For The Gathering of Believers</Speaker>
        <Length>13.27Mb</Length>
        <Status>NOT_STARTED</Status>
        <isSermonSelected>false</isSermonSelected>
    </Sermon>
    <Sermon>
        <Title>70 God's New Thing (brother David)</Title>
        <Url>http://www.sermonindex.net/modules/mydownloads/visit.php?lid=24975</Url>
        <Speaker>Principles For The Gathering of Believers</Speaker>
        <Length>33.45Mb</Length>
        <Status>NOT_STARTED</Status>
        <isSermonSelected>false</isSermonSelected>
    </Sermon>
    <Sermon>
        <Title>71 Submission and Leadership (brother Zac)</Title>
        <Url>http://www.sermonindex.net/modules/mydownloads/visit.php?lid=24976</Url>
        <Speaker>Principles For The Gathering of Believers</Speaker>
        <Length>21.48Mb</Length>
        <Status>NOT_STARTED</Status>
        <isSermonSelected>false</isSermonSelected>
    </Sermon>
    <Sermon>
        <Title>72 Baptism of the Holy Spirit (brother Denny)</Title>
        <Url>http://www.sermonindex.net/modules/mydownloads/visit.php?lid=24977</Url>
        <Speaker>Principles For The Gathering of Believers</Speaker>
        <Length>31.08Mb</Length>
        <Status>NOT_STARTED</Status>
        <isSermonSelected>false</isSermonSelected>
    </Sermon>
    <Sermon>
        <Title>73 Without the Holy Spirit of God (brother Chadwick)</Title>
        <Url>http://www.sermonindex.net/modules/mydownloads/visit.php?lid=24978</Url>
        <Speaker>Principles For The Gathering of Believers</Speaker>
        <Length>17.01Mb</Length>
        <Status>NOT_STARTED</Status>
        <isSermonSelected>false</isSermonSelected>
    </Sermon>
    <Sermon>
        <Title>74 Loving Your Brothers and Sisters (brother Edgar)</Title>
        <Url>http://www.sermonindex.net/modules/mydownloads/visit.php?lid=24979</Url>
        <Speaker>Principles For The Gathering of Believers</Speaker>
        <Length>12.34Mb</Length>
        <Status>NOT_STARTED</Status>
        <isSermonSelected>false</isSermonSelected>
    </Sermon>
    <Sermon>
        <Title>75 Statement of Faith for Gospel Fellowships</Title>
        <Url>http://www.sermonindex.net/modules/mydownloads/visit.php?lid=24980</Url>
        <Speaker>Principles For The Gathering of Believers</Speaker>
        <Length>12.79Mb</Length>
        <Status>NOT_STARTED</Status>
        <isSermonSelected>false</isSermonSelected>
    </Sermon>
    <Sermon>
        <Title>76 Chronological Bible Reading of Scriptures</Title>
        <Url>http://www.sermonindex.net/modules/mydownloads/visit.php?lid=24981</Url>
        <Speaker>Principles For The Gathering of Believers</Speaker>
        <Length>1.79Mb</Length>
        <Status>NOT_STARTED</Status>
        <isSermonSelected>false</isSermonSelected>
    </Sermon>
    <Sermon>
        <Title>77 Guidelines for Gathering</Title>
        <Url>http://www.sermonindex.net/modules/mydownloads/visit.php?lid=24982</Url>
        <Speaker>Principles For The Gathering of Believers</Speaker>
        <Length>5.96Mb</Length>
        <Status>NOT_STARTED</Status>
        <isSermonSelected>false</isSermonSelected>
    </Sermon>
    <Sermon>
        <Title>78 Gospel Fellowships Hymnal (Intro)</Title>
        <Url>http://www.sermonindex.net/modules/mydownloads/visit.php?lid=24983</Url>
        <Speaker>Principles For The Gathering of Believers</Speaker>
        <Length>2.92Mb</Length>
        <Status>NOT_STARTED</Status>
        <isSermonSelected>false</isSermonSelected>
    </Sermon>
    <Sermon>
        <Title>79 Gospel Fellowships Readings (Intro)</Title>
        <Url>http://www.sermonindex.net/modules/mydownloads/visit.php?lid=24984</Url>
        <Speaker>Principles For The Gathering of Believers</Speaker>
        <Length>2.05Mb</Length>
        <Status>NOT_STARTED</Status>
        <isSermonSelected>false</isSermonSelected>
    </Sermon>
</Sermons>
