<?xml version="1.0" encoding="UTF-8" standalone="yes"?>
<Sermons>
    <Sermon>
        <Title>Dwelling in His Holy Presence</Title>
        <Url>http://www.sermonindex.net/modules/mydownloads/visit.php?lid=22395</Url>
        <Speaker>Radio Hymns</Speaker>
        <Length>1.88Mb</Length>
        <Status>ALREADY_DONE</Status>
        <isSermonSelected>false</isSermonSelected>
    </Sermon>
    <Sermon>
        <Title>Have Thine Own Way, Lord</Title>
        <Url>http://www.sermonindex.net/modules/mydownloads/visit.php?lid=22389</Url>
        <Speaker>Radio Hymns</Speaker>
        <Length>1.8Mb</Length>
        <Status>ALREADY_DONE</Status>
        <isSermonSelected>false</isSermonSelected>
    </Sermon>
    <Sermon>
        <Title>I Shall Not Be Moved</Title>
        <Url>http://www.sermonindex.net/modules/mydownloads/visit.php?lid=22399</Url>
        <Speaker>Radio Hymns</Speaker>
        <Length>1.61Mb</Length>
        <Status>ALREADY_DONE</Status>
        <isSermonSelected>false</isSermonSelected>
    </Sermon>
    <Sermon>
        <Title>Near to the Heart of God</Title>
        <Url>http://www.sermonindex.net/modules/mydownloads/visit.php?lid=22394</Url>
        <Speaker>Radio Hymns</Speaker>
        <Length>2.29Mb</Length>
        <Status>ALREADY_DONE</Status>
        <isSermonSelected>false</isSermonSelected>
    </Sermon>
    <Sermon>
        <Title>One Day</Title>
        <Url>http://www.sermonindex.net/modules/mydownloads/visit.php?lid=22401</Url>
        <Speaker>Radio Hymns</Speaker>
        <Length>3.88Mb</Length>
        <Status>ALREADY_DONE</Status>
        <isSermonSelected>false</isSermonSelected>
    </Sermon>
    <Sermon>
        <Title>Open My Eyes, that I May See</Title>
        <Url>http://www.sermonindex.net/modules/mydownloads/visit.php?lid=22400</Url>
        <Speaker>Radio Hymns</Speaker>
        <Length>660Kb</Length>
        <Status>ALREADY_DONE</Status>
        <isSermonSelected>false</isSermonSelected>
    </Sermon>
    <Sermon>
        <Title>Pentecostal Fire Is Falling</Title>
        <Url>http://www.sermonindex.net/modules/mydownloads/visit.php?lid=22392</Url>
        <Speaker>Radio Hymns</Speaker>
        <Length>1.2Mb</Length>
        <Status>ALREADY_DONE</Status>
        <isSermonSelected>false</isSermonSelected>
    </Sermon>
    <Sermon>
        <Title>Praise Ye the Lord, the Almighty</Title>
        <Url>http://www.sermonindex.net/modules/mydownloads/visit.php?lid=22391</Url>
        <Speaker>Radio Hymns</Speaker>
        <Length>1.72Mb</Length>
        <Status>ALREADY_DONE</Status>
        <isSermonSelected>false</isSermonSelected>
    </Sermon>
    <Sermon>
        <Title>Sweet Peace, the Gift of God's Love</Title>
        <Url>http://www.sermonindex.net/modules/mydownloads/visit.php?lid=22396</Url>
        <Speaker>Radio Hymns</Speaker>
        <Length>3.08Mb</Length>
        <Status>ALREADY_DONE</Status>
        <isSermonSelected>false</isSermonSelected>
    </Sermon>
    <Sermon>
        <Title>The Haven of Rest</Title>
        <Url>http://www.sermonindex.net/modules/mydownloads/visit.php?lid=22388</Url>
        <Speaker>Radio Hymns</Speaker>
        <Length>2.05Mb</Length>
        <Status>ALREADY_DONE</Status>
        <isSermonSelected>false</isSermonSelected>
    </Sermon>
    <Sermon>
        <Title>Thou Wilt Keep Him in Perfect Peace</Title>
        <Url>http://www.sermonindex.net/modules/mydownloads/visit.php?lid=22398</Url>
        <Speaker>Radio Hymns</Speaker>
        <Length>910Kb</Length>
        <Status>ALREADY_DONE</Status>
        <isSermonSelected>false</isSermonSelected>
    </Sermon>
    <Sermon>
        <Title>To God Be the Glory</Title>
        <Url>http://www.sermonindex.net/modules/mydownloads/visit.php?lid=22390</Url>
        <Speaker>Radio Hymns</Speaker>
        <Length>687Kb</Length>
        <Status>ALREADY_DONE</Status>
        <isSermonSelected>false</isSermonSelected>
    </Sermon>
    <Sermon>
        <Title>Under His Wings</Title>
        <Url>http://www.sermonindex.net/modules/mydownloads/visit.php?lid=22397</Url>
        <Speaker>Radio Hymns</Speaker>
        <Length>1.8Mb</Length>
        <Status>ALREADY_DONE</Status>
        <isSermonSelected>false</isSermonSelected>
    </Sermon>
    <Sermon>
        <Title>What Shall I Give Thee, Master?</Title>
        <Url>http://www.sermonindex.net/modules/mydownloads/visit.php?lid=22393</Url>
        <Speaker>Radio Hymns</Speaker>
        <Length>2.14Mb</Length>
        <Status>ALREADY_DONE</Status>
        <isSermonSelected>false</isSermonSelected>
    </Sermon>
    <Sermon>
        <Title>When Jesus Sought Me</Title>
        <Url>http://www.sermonindex.net/modules/mydownloads/visit.php?lid=22402</Url>
        <Speaker>Radio Hymns</Speaker>
        <Length>1.19Mb</Length>
        <Status>ALREADY_DONE</Status>
        <isSermonSelected>false</isSermonSelected>
    </Sermon>
</Sermons>
