<?xml version="1.0" encoding="UTF-8" standalone="yes"?>
<Sermons>
    <Sermon>
        <Title>Depart From Me, I Never Knew You - Part 1</Title>
        <Url>http://www.sermonindex.net/modules/mydownloads/visit.php?lid=27347</Url>
        <Speaker>Ralph Mahoney</Speaker>
        <Length>12.5Mb</Length>
        <Status>NOT_STARTED</Status>
        <isSermonSelected>false</isSermonSelected>
    </Sermon>
    <Sermon>
        <Title>Depart From Me, I Never Knew You - Part 2</Title>
        <Url>http://www.sermonindex.net/modules/mydownloads/visit.php?lid=27348</Url>
        <Speaker>Ralph Mahoney</Speaker>
        <Length>9.94Mb</Length>
        <Status>NOT_STARTED</Status>
        <isSermonSelected>false</isSermonSelected>
    </Sermon>
</Sermons>
