<?xml version="1.0" encoding="UTF-8" standalone="yes"?>
<Sermons>
    <Sermon>
        <Title>Powerless Preachers - The Curse of America</Title>
        <Url>http://www.sermonindex.net/modules/mydownloads/visit.php?lid=16382</Url>
        <Speaker>Ralph Sexton Sr.</Speaker>
        <Length>9.05Mb</Length>
        <Status>NOT_STARTED</Status>
        <isSermonSelected>false</isSermonSelected>
    </Sermon>
    <Sermon>
        <Title>Why would GOD have mercy on us</Title>
        <Url>http://www.sermonindex.net/modules/mydownloads/visit.php?lid=16447</Url>
        <Speaker>Ralph Sexton Sr.</Speaker>
        <Length>8.7Mb</Length>
        <Status>NOT_STARTED</Status>
        <isSermonSelected>false</isSermonSelected>
    </Sermon>
</Sermons>
