<?xml version="1.0" encoding="UTF-8" standalone="yes"?>
<Sermons>
    <Sermon>
        <Title>Moral Purity</Title>
        <Url>http://www.sermonindex.net/modules/mydownloads/visit.php?lid=23192</Url>
        <Speaker>Ralph Shallis</Speaker>
        <Length>12.68Mb</Length>
        <Status>NOT_STARTED</Status>
        <isSermonSelected>false</isSermonSelected>
    </Sermon>
    <Sermon>
        <Title>Suffering</Title>
        <Url>http://www.sermonindex.net/modules/mydownloads/visit.php?lid=23191</Url>
        <Speaker>Ralph Shallis</Speaker>
        <Length>13.07Mb</Length>
        <Status>NOT_STARTED</Status>
        <isSermonSelected>false</isSermonSelected>
    </Sermon>
    <Sermon>
        <Title>The Spirit of God Pt1</Title>
        <Url>http://www.sermonindex.net/modules/mydownloads/visit.php?lid=20699</Url>
        <Speaker>Ralph Shallis</Speaker>
        <Length>11.29Mb</Length>
        <Status>NOT_STARTED</Status>
        <isSermonSelected>false</isSermonSelected>
    </Sermon>
    <Sermon>
        <Title>The Spirit of God Pt2</Title>
        <Url>http://www.sermonindex.net/modules/mydownloads/visit.php?lid=20700</Url>
        <Speaker>Ralph Shallis</Speaker>
        <Length>13.1Mb</Length>
        <Status>NOT_STARTED</Status>
        <isSermonSelected>false</isSermonSelected>
    </Sermon>
    <Sermon>
        <Title>The Spirit of God Pt3</Title>
        <Url>http://www.sermonindex.net/modules/mydownloads/visit.php?lid=20701</Url>
        <Speaker>Ralph Shallis</Speaker>
        <Length>14.69Mb</Length>
        <Status>NOT_STARTED</Status>
        <isSermonSelected>false</isSermonSelected>
    </Sermon>
    <Sermon>
        <Title>The Word of God</Title>
        <Url>http://www.sermonindex.net/modules/mydownloads/visit.php?lid=23194</Url>
        <Speaker>Ralph Shallis</Speaker>
        <Length>4.08Mb</Length>
        <Status>NOT_STARTED</Status>
        <isSermonSelected>false</isSermonSelected>
    </Sermon>
    <Sermon>
        <Title>What does God mean to us</Title>
        <Url>http://www.sermonindex.net/modules/mydownloads/visit.php?lid=23193</Url>
        <Speaker>Ralph Shallis</Speaker>
        <Length>8.75Mb</Length>
        <Status>NOT_STARTED</Status>
        <isSermonSelected>false</isSermonSelected>
    </Sermon>
</Sermons>
