<?xml version="1.0" encoding="UTF-8" standalone="yes"?>
<Sermons>
    <Sermon>
        <Title>(Church of Cain) The Church Of Cain - Part 1</Title>
        <Url>http://www.sermonindex.net/modules/mydownloads/visit.php?lid=13398</Url>
        <Speaker>Ralph Sexton</Speaker>
        <Length>2.94Mb</Length>
        <Status>NOT_STARTED</Status>
        <isSermonSelected>false</isSermonSelected>
    </Sermon>
    <Sermon>
        <Title>(Church of Cain) The Way Of Cain - Part 2</Title>
        <Url>http://www.sermonindex.net/modules/mydownloads/visit.php?lid=13397</Url>
        <Speaker>Ralph Sexton</Speaker>
        <Length>3.23Mb</Length>
        <Status>NOT_STARTED</Status>
        <isSermonSelected>false</isSermonSelected>
    </Sermon>
    <Sermon>
        <Title>(Church of Cain) The Words Of Cain - Part 3</Title>
        <Url>http://www.sermonindex.net/modules/mydownloads/visit.php?lid=13396</Url>
        <Speaker>Ralph Sexton</Speaker>
        <Length>3.23Mb</Length>
        <Status>NOT_STARTED</Status>
        <isSermonSelected>false</isSermonSelected>
    </Sermon>
    <Sermon>
        <Title>(Church of Cain) Works of Cain - Part 4</Title>
        <Url>http://www.sermonindex.net/modules/mydownloads/visit.php?lid=13395</Url>
        <Speaker>Ralph Sexton</Speaker>
        <Length>3.22Mb</Length>
        <Status>NOT_STARTED</Status>
        <isSermonSelected>false</isSermonSelected>
    </Sermon>
    <Sermon>
        <Title>A Day of Terror</Title>
        <Url>http://www.sermonindex.net/modules/mydownloads/visit.php?lid=13412</Url>
        <Speaker>Ralph Sexton</Speaker>
        <Length>3.8Mb</Length>
        <Status>NOT_STARTED</Status>
        <isSermonSelected>false</isSermonSelected>
    </Sermon>
    <Sermon>
        <Title>A Merry Heart!</Title>
        <Url>http://www.sermonindex.net/modules/mydownloads/visit.php?lid=13404</Url>
        <Speaker>Ralph Sexton</Speaker>
        <Length>4.76Mb</Length>
        <Status>NOT_STARTED</Status>
        <isSermonSelected>false</isSermonSelected>
    </Sermon>
    <Sermon>
        <Title>A Promise Kept</Title>
        <Url>http://www.sermonindex.net/modules/mydownloads/visit.php?lid=13384</Url>
        <Speaker>Ralph Sexton</Speaker>
        <Length>3.58Mb</Length>
        <Status>NOT_STARTED</Status>
        <isSermonSelected>false</isSermonSelected>
    </Sermon>
    <Sermon>
        <Title>Christmas In Crisis</Title>
        <Url>http://www.sermonindex.net/modules/mydownloads/visit.php?lid=13385</Url>
        <Speaker>Ralph Sexton</Speaker>
        <Length>5.05Mb</Length>
        <Status>NOT_STARTED</Status>
        <isSermonSelected>false</isSermonSelected>
    </Sermon>
    <Sermon>
        <Title>Descending Morals And Sinking Values</Title>
        <Url>http://www.sermonindex.net/modules/mydownloads/visit.php?lid=13387</Url>
        <Speaker>Ralph Sexton</Speaker>
        <Length>4.27Mb</Length>
        <Status>NOT_STARTED</Status>
        <isSermonSelected>false</isSermonSelected>
    </Sermon>
    <Sermon>
        <Title>Frustrations Can Be Fatal</Title>
        <Url>http://www.sermonindex.net/modules/mydownloads/visit.php?lid=13409</Url>
        <Speaker>Ralph Sexton</Speaker>
        <Length>4.84Mb</Length>
        <Status>NOT_STARTED</Status>
        <isSermonSelected>false</isSermonSelected>
    </Sermon>
    <Sermon>
        <Title>Have Faith In God</Title>
        <Url>http://www.sermonindex.net/modules/mydownloads/visit.php?lid=13383</Url>
        <Speaker>Ralph Sexton</Speaker>
        <Length>2.33Mb</Length>
        <Status>NOT_STARTED</Status>
        <isSermonSelected>false</isSermonSelected>
    </Sermon>
    <Sermon>
        <Title>Holding on to Idols</Title>
        <Url>http://www.sermonindex.net/modules/mydownloads/visit.php?lid=13407</Url>
        <Speaker>Ralph Sexton</Speaker>
        <Length>4.63Mb</Length>
        <Status>NOT_STARTED</Status>
        <isSermonSelected>false</isSermonSelected>
    </Sermon>
    <Sermon>
        <Title>I Don't Want To Be Right!</Title>
        <Url>http://www.sermonindex.net/modules/mydownloads/visit.php?lid=13386</Url>
        <Speaker>Ralph Sexton</Speaker>
        <Length>3.74Mb</Length>
        <Status>NOT_STARTED</Status>
        <isSermonSelected>false</isSermonSelected>
    </Sermon>
    <Sermon>
        <Title>Keeper of the Spring</Title>
        <Url>http://www.sermonindex.net/modules/mydownloads/visit.php?lid=13403</Url>
        <Speaker>Ralph Sexton</Speaker>
        <Length>3.42Mb</Length>
        <Status>NOT_STARTED</Status>
        <isSermonSelected>false</isSermonSelected>
    </Sermon>
    <Sermon>
        <Title>Lost Church Members</Title>
        <Url>http://www.sermonindex.net/modules/mydownloads/visit.php?lid=16383</Url>
        <Speaker>Ralph Sexton</Speaker>
        <Length>7.85Mb</Length>
        <Status>NOT_STARTED</Status>
        <isSermonSelected>false</isSermonSelected>
    </Sermon>
    <Sermon>
        <Title>Making Much Of Jesus</Title>
        <Url>http://www.sermonindex.net/modules/mydownloads/visit.php?lid=13410</Url>
        <Speaker>Ralph Sexton</Speaker>
        <Length>3.92Mb</Length>
        <Status>NOT_STARTED</Status>
        <isSermonSelected>false</isSermonSelected>
    </Sermon>
    <Sermon>
        <Title>Not For Sale</Title>
        <Url>http://www.sermonindex.net/modules/mydownloads/visit.php?lid=13411</Url>
        <Speaker>Ralph Sexton</Speaker>
        <Length>3.83Mb</Length>
        <Status>NOT_STARTED</Status>
        <isSermonSelected>false</isSermonSelected>
    </Sermon>
    <Sermon>
        <Title>Now Do You Believe God?</Title>
        <Url>http://www.sermonindex.net/modules/mydownloads/visit.php?lid=13400</Url>
        <Speaker>Ralph Sexton</Speaker>
        <Length>4.57Mb</Length>
        <Status>NOT_STARTED</Status>
        <isSermonSelected>false</isSermonSelected>
    </Sermon>
    <Sermon>
        <Title>Rekindling Holy Fire</Title>
        <Url>http://www.sermonindex.net/modules/mydownloads/visit.php?lid=13408</Url>
        <Speaker>Ralph Sexton</Speaker>
        <Length>4.67Mb</Length>
        <Status>NOT_STARTED</Status>
        <isSermonSelected>false</isSermonSelected>
    </Sermon>
    <Sermon>
        <Title>Spiritual Labotomy</Title>
        <Url>http://www.sermonindex.net/modules/mydownloads/visit.php?lid=13392</Url>
        <Speaker>Ralph Sexton</Speaker>
        <Length>4.84Mb</Length>
        <Status>NOT_STARTED</Status>
        <isSermonSelected>false</isSermonSelected>
    </Sermon>
    <Sermon>
        <Title>Survival In A Sin Sick Society</Title>
        <Url>http://www.sermonindex.net/modules/mydownloads/visit.php?lid=13399</Url>
        <Speaker>Ralph Sexton</Speaker>
        <Length>3.34Mb</Length>
        <Status>NOT_STARTED</Status>
        <isSermonSelected>false</isSermonSelected>
    </Sermon>
    <Sermon>
        <Title>The Coming Of The Lord</Title>
        <Url>http://www.sermonindex.net/modules/mydownloads/visit.php?lid=13402</Url>
        <Speaker>Ralph Sexton</Speaker>
        <Length>3.29Mb</Length>
        <Status>NOT_STARTED</Status>
        <isSermonSelected>false</isSermonSelected>
    </Sermon>
    <Sermon>
        <Title>The Glorious Church</Title>
        <Url>http://www.sermonindex.net/modules/mydownloads/visit.php?lid=13391</Url>
        <Speaker>Ralph Sexton</Speaker>
        <Length>2.99Mb</Length>
        <Status>NOT_STARTED</Status>
        <isSermonSelected>false</isSermonSelected>
    </Sermon>
    <Sermon>
        <Title>The Last Tear</Title>
        <Url>http://www.sermonindex.net/modules/mydownloads/visit.php?lid=13388</Url>
        <Speaker>Ralph Sexton</Speaker>
        <Length>4.33Mb</Length>
        <Status>NOT_STARTED</Status>
        <isSermonSelected>false</isSermonSelected>
    </Sermon>
    <Sermon>
        <Title>The Last Time</Title>
        <Url>http://www.sermonindex.net/modules/mydownloads/visit.php?lid=13390</Url>
        <Speaker>Ralph Sexton</Speaker>
        <Length>3.84Mb</Length>
        <Status>NOT_STARTED</Status>
        <isSermonSelected>false</isSermonSelected>
    </Sermon>
    <Sermon>
        <Title>The Last Try</Title>
        <Url>http://www.sermonindex.net/modules/mydownloads/visit.php?lid=13389</Url>
        <Speaker>Ralph Sexton</Speaker>
        <Length>4.65Mb</Length>
        <Status>NOT_STARTED</Status>
        <isSermonSelected>false</isSermonSelected>
    </Sermon>
    <Sermon>
        <Title>The Price You Pay</Title>
        <Url>http://www.sermonindex.net/modules/mydownloads/visit.php?lid=13393</Url>
        <Speaker>Ralph Sexton</Speaker>
        <Length>4.52Mb</Length>
        <Status>NOT_STARTED</Status>
        <isSermonSelected>false</isSermonSelected>
    </Sermon>
    <Sermon>
        <Title>There Is Wrath</Title>
        <Url>http://www.sermonindex.net/modules/mydownloads/visit.php?lid=13394</Url>
        <Speaker>Ralph Sexton</Speaker>
        <Length>4.22Mb</Length>
        <Status>NOT_STARTED</Status>
        <isSermonSelected>false</isSermonSelected>
    </Sermon>
    <Sermon>
        <Title>Time To Travail</Title>
        <Url>http://www.sermonindex.net/modules/mydownloads/visit.php?lid=13405</Url>
        <Speaker>Ralph Sexton</Speaker>
        <Length>2.33Mb</Length>
        <Status>NOT_STARTED</Status>
        <isSermonSelected>false</isSermonSelected>
    </Sermon>
    <Sermon>
        <Title>Tsunami of Sin</Title>
        <Url>http://www.sermonindex.net/modules/mydownloads/visit.php?lid=13401</Url>
        <Speaker>Ralph Sexton</Speaker>
        <Length>4.68Mb</Length>
        <Status>NOT_STARTED</Status>
        <isSermonSelected>false</isSermonSelected>
    </Sermon>
    <Sermon>
        <Title>What A Difference A Day Makes!</Title>
        <Url>http://www.sermonindex.net/modules/mydownloads/visit.php?lid=13382</Url>
        <Speaker>Ralph Sexton</Speaker>
        <Length>4.01Mb</Length>
        <Status>NOT_STARTED</Status>
        <isSermonSelected>false</isSermonSelected>
    </Sermon>
    <Sermon>
        <Title>What To Do When The Stock Market Falls!</Title>
        <Url>http://www.sermonindex.net/modules/mydownloads/visit.php?lid=18451</Url>
        <Speaker>Ralph Sexton</Speaker>
        <Length>3.13Mb</Length>
        <Status>NOT_STARTED</Status>
        <isSermonSelected>false</isSermonSelected>
    </Sermon>
    <Sermon>
        <Title>Who Hath Believed Our Report?</Title>
        <Url>http://www.sermonindex.net/modules/mydownloads/visit.php?lid=13406</Url>
        <Speaker>Ralph Sexton</Speaker>
        <Length>3.6Mb</Length>
        <Status>NOT_STARTED</Status>
        <isSermonSelected>false</isSermonSelected>
    </Sermon>
</Sermons>
