<?xml version="1.0" encoding="UTF-8" standalone="yes"?>
<Sermons>
    <Sermon>
        <Title>Life's Two Roads</Title>
        <Url>http://www.sermonindex.net/modules/mydownloads/visit.php?lid=7818</Url>
        <Speaker>Randy Amos</Speaker>
        <Length>5.26Mb</Length>
        <Status>NOT_STARTED</Status>
        <isSermonSelected>false</isSermonSelected>
    </Sermon>
    <Sermon>
        <Title>Living In Anticipation</Title>
        <Url>http://www.sermonindex.net/modules/mydownloads/visit.php?lid=7819</Url>
        <Speaker>Randy Amos</Speaker>
        <Length>4.94Mb</Length>
        <Status>NOT_STARTED</Status>
        <isSermonSelected>false</isSermonSelected>
    </Sermon>
    <Sermon>
        <Title>What Is God Doing Today?</Title>
        <Url>http://www.sermonindex.net/modules/mydownloads/visit.php?lid=7820</Url>
        <Speaker>Randy Amos</Speaker>
        <Length>4.44Mb</Length>
        <Status>NOT_STARTED</Status>
        <isSermonSelected>false</isSermonSelected>
    </Sermon>
</Sermons>
