<?xml version="1.0" encoding="UTF-8" standalone="yes"?>
<Sermons>
    <Sermon>
        <Title>Camp Half-Way</Title>
        <Url>http://www.sermonindex.net/modules/mydownloads/visit.php?lid=20519</Url>
        <Speaker>Randy Jones</Speaker>
        <Length>30.01Mb</Length>
        <Status>NOT_STARTED</Status>
        <isSermonSelected>false</isSermonSelected>
    </Sermon>
    <Sermon>
        <Title>The Absolute Lordship of Jesus</Title>
        <Url>http://www.sermonindex.net/modules/mydownloads/visit.php?lid=17132</Url>
        <Speaker>Randy Jones</Speaker>
        <Length>9.72Mb</Length>
        <Status>NOT_STARTED</Status>
        <isSermonSelected>false</isSermonSelected>
    </Sermon>
    <Sermon>
        <Title>The Beloved</Title>
        <Url>http://www.sermonindex.net/modules/mydownloads/visit.php?lid=20515</Url>
        <Speaker>Randy Jones</Speaker>
        <Length>61.07Mb</Length>
        <Status>NOT_STARTED</Status>
        <isSermonSelected>false</isSermonSelected>
    </Sermon>
    <Sermon>
        <Title>The Beloved Heir</Title>
        <Url>http://www.sermonindex.net/modules/mydownloads/visit.php?lid=20517</Url>
        <Speaker>Randy Jones</Speaker>
        <Length>60.27Mb</Length>
        <Status>NOT_STARTED</Status>
        <isSermonSelected>false</isSermonSelected>
    </Sermon>
    <Sermon>
        <Title>The Beloved's Bride</Title>
        <Url>http://www.sermonindex.net/modules/mydownloads/visit.php?lid=20516</Url>
        <Speaker>Randy Jones</Speaker>
        <Length>60.75Mb</Length>
        <Status>NOT_STARTED</Status>
        <isSermonSelected>false</isSermonSelected>
    </Sermon>
    <Sermon>
        <Title>The Holy Anger of Faith</Title>
        <Url>http://www.sermonindex.net/modules/mydownloads/visit.php?lid=20518</Url>
        <Speaker>Randy Jones</Speaker>
        <Length>71.44Mb</Length>
        <Status>NOT_STARTED</Status>
        <isSermonSelected>false</isSermonSelected>
    </Sermon>
    <Sermon>
        <Title>The Lamb of God</Title>
        <Url>http://www.sermonindex.net/modules/mydownloads/visit.php?lid=17133</Url>
        <Speaker>Randy Jones</Speaker>
        <Length>7.74Mb</Length>
        <Status>NOT_STARTED</Status>
        <isSermonSelected>false</isSermonSelected>
    </Sermon>
    <Sermon>
        <Title>The Test of Faith</Title>
        <Url>http://www.sermonindex.net/modules/mydownloads/visit.php?lid=20514</Url>
        <Speaker>Randy Jones</Speaker>
        <Length>26.18Mb</Length>
        <Status>NOT_STARTED</Status>
        <isSermonSelected>false</isSermonSelected>
    </Sermon>
</Sermons>
