<?xml version="1.0" encoding="UTF-8" standalone="yes"?>
<Sermons>
    <Sermon>
        <Title>God Has A Wonderful Plan For Your Life - Chapter 1</Title>
        <Url>http://www.sermonindex.net/modules/mydownloads/visit.php?lid=20360</Url>
        <Speaker>Ray Comfort Books</Speaker>
        <Length>6.75Mb</Length>
        <Status>NOT_STARTED</Status>
        <isSermonSelected>false</isSermonSelected>
    </Sermon>
    <Sermon>
        <Title>God Has A Wonderful Plan For Your Life - Chapter 2</Title>
        <Url>http://www.sermonindex.net/modules/mydownloads/visit.php?lid=20361</Url>
        <Speaker>Ray Comfort Books</Speaker>
        <Length>7.14Mb</Length>
        <Status>NOT_STARTED</Status>
        <isSermonSelected>false</isSermonSelected>
    </Sermon>
    <Sermon>
        <Title>God Has A Wonderful Plan For Your Life - Chapter 3</Title>
        <Url>http://www.sermonindex.net/modules/mydownloads/visit.php?lid=20362</Url>
        <Speaker>Ray Comfort Books</Speaker>
        <Length>7.18Mb</Length>
        <Status>NOT_STARTED</Status>
        <isSermonSelected>false</isSermonSelected>
    </Sermon>
    <Sermon>
        <Title>God Has A Wonderful Plan For Your Life - Chapter 4</Title>
        <Url>http://www.sermonindex.net/modules/mydownloads/visit.php?lid=20363</Url>
        <Speaker>Ray Comfort Books</Speaker>
        <Length>8.11Mb</Length>
        <Status>NOT_STARTED</Status>
        <isSermonSelected>false</isSermonSelected>
    </Sermon>
    <Sermon>
        <Title>God Has A Wonderful Plan For Your Life - Chapter 5</Title>
        <Url>http://www.sermonindex.net/modules/mydownloads/visit.php?lid=20364</Url>
        <Speaker>Ray Comfort Books</Speaker>
        <Length>7.98Mb</Length>
        <Status>NOT_STARTED</Status>
        <isSermonSelected>false</isSermonSelected>
    </Sermon>
    <Sermon>
        <Title>God Has A Wonderful Plan For Your Life - Chapter 6</Title>
        <Url>http://www.sermonindex.net/modules/mydownloads/visit.php?lid=20365</Url>
        <Speaker>Ray Comfort Books</Speaker>
        <Length>8.96Mb</Length>
        <Status>NOT_STARTED</Status>
        <isSermonSelected>false</isSermonSelected>
    </Sermon>
    <Sermon>
        <Title>God Has A Wonderful Plan For Your Life - Chapter 7</Title>
        <Url>http://www.sermonindex.net/modules/mydownloads/visit.php?lid=20366</Url>
        <Speaker>Ray Comfort Books</Speaker>
        <Length>10.28Mb</Length>
        <Status>NOT_STARTED</Status>
        <isSermonSelected>false</isSermonSelected>
    </Sermon>
    <Sermon>
        <Title>God Has A Wonderful Plan For Your Life - Chapter 8</Title>
        <Url>http://www.sermonindex.net/modules/mydownloads/visit.php?lid=20367</Url>
        <Speaker>Ray Comfort Books</Speaker>
        <Length>6.62Mb</Length>
        <Status>NOT_STARTED</Status>
        <isSermonSelected>false</isSermonSelected>
    </Sermon>
</Sermons>
