<?xml version="1.0" encoding="UTF-8" standalone="yes"?>
<Sermons>
    <Sermon>
        <Title>Hell's Best Kept Secret (French)</Title>
        <Url>http://www.sermonindex.net/modules/mydownloads/visit.php?lid=7276</Url>
        <Speaker>Ray Comfort</Speaker>
        <Length>19.23Mb</Length>
        <Status>NOT_STARTED</Status>
        <isSermonSelected>false</isSermonSelected>
    </Sermon>
    <Sermon>
        <Title>Hell's Best Kept Secret (German)</Title>
        <Url>http://www.sermonindex.net/modules/mydownloads/visit.php?lid=7277</Url>
        <Speaker>Ray Comfort</Speaker>
        <Length>19.18Mb</Length>
        <Status>NOT_STARTED</Status>
        <isSermonSelected>false</isSermonSelected>
    </Sermon>
    <Sermon>
        <Title>Hell's Best Kept Secret (Korean)</Title>
        <Url>http://www.sermonindex.net/modules/mydownloads/visit.php?lid=7278</Url>
        <Speaker>Ray Comfort</Speaker>
        <Length>19.28Mb</Length>
        <Status>NOT_STARTED</Status>
        <isSermonSelected>false</isSermonSelected>
    </Sermon>
    <Sermon>
        <Title>Hell's Best Kept Secret (Mandarin)</Title>
        <Url>http://www.sermonindex.net/modules/mydownloads/visit.php?lid=7279</Url>
        <Speaker>Ray Comfort</Speaker>
        <Length>19.13Mb</Length>
        <Status>NOT_STARTED</Status>
        <isSermonSelected>false</isSermonSelected>
    </Sermon>
    <Sermon>
        <Title>Hell's Best Kept Secret (Spanish)</Title>
        <Url>http://www.sermonindex.net/modules/mydownloads/visit.php?lid=7280</Url>
        <Speaker>Ray Comfort</Speaker>
        <Length>19.51Mb</Length>
        <Status>NOT_STARTED</Status>
        <isSermonSelected>false</isSermonSelected>
    </Sermon>
    <Sermon>
        <Title>Hells Best Kept Secret</Title>
        <Url>http://www.sermonindex.net/modules/mydownloads/visit.php?lid=434</Url>
        <Speaker>Ray Comfort</Speaker>
        <Length>5.31Mb</Length>
        <Status>NOT_STARTED</Status>
        <isSermonSelected>false</isSermonSelected>
    </Sermon>
    <Sermon>
        <Title>How to bring your children to Christ</Title>
        <Url>http://www.sermonindex.net/modules/mydownloads/visit.php?lid=11499</Url>
        <Speaker>Ray Comfort</Speaker>
        <Length>13.15Mb</Length>
        <Status>NOT_STARTED</Status>
        <isSermonSelected>false</isSermonSelected>
    </Sermon>
    <Sermon>
        <Title>How to Get on Fire for God</Title>
        <Url>http://www.sermonindex.net/modules/mydownloads/visit.php?lid=1467</Url>
        <Speaker>Ray Comfort</Speaker>
        <Length>8.36Mb</Length>
        <Status>NOT_STARTED</Status>
        <isSermonSelected>false</isSermonSelected>
    </Sermon>
    <Sermon>
        <Title>Let Compassion Swallow Your Fear</Title>
        <Url>http://www.sermonindex.net/modules/mydownloads/visit.php?lid=17361</Url>
        <Speaker>Ray Comfort</Speaker>
        <Length>10.43Mb</Length>
        <Status>NOT_STARTED</Status>
        <isSermonSelected>false</isSermonSelected>
    </Sermon>
    <Sermon>
        <Title>Militant Evangelism</Title>
        <Url>http://www.sermonindex.net/modules/mydownloads/visit.php?lid=11500</Url>
        <Speaker>Ray Comfort</Speaker>
        <Length>8.09Mb</Length>
        <Status>NOT_STARTED</Status>
        <isSermonSelected>false</isSermonSelected>
    </Sermon>
    <Sermon>
        <Title>SI Interview of Ray Comfort</Title>
        <Url>http://www.sermonindex.net/modules/mydownloads/visit.php?lid=5050</Url>
        <Speaker>Ray Comfort</Speaker>
        <Length>3.95Mb</Length>
        <Status>NOT_STARTED</Status>
        <isSermonSelected>false</isSermonSelected>
    </Sermon>
    <Sermon>
        <Title>The Ultimate Statistic</Title>
        <Url>http://www.sermonindex.net/modules/mydownloads/visit.php?lid=16773</Url>
        <Speaker>Ray Comfort</Speaker>
        <Length>8.26Mb</Length>
        <Status>NOT_STARTED</Status>
        <isSermonSelected>false</isSermonSelected>
    </Sermon>
    <Sermon>
        <Title>The Waiter</Title>
        <Url>http://www.sermonindex.net/modules/mydownloads/visit.php?lid=12967</Url>
        <Speaker>Ray Comfort</Speaker>
        <Length>21.89Mb</Length>
        <Status>NOT_STARTED</Status>
        <isSermonSelected>false</isSermonSelected>
    </Sermon>
    <Sermon>
        <Title>True and False Conversion</Title>
        <Url>http://www.sermonindex.net/modules/mydownloads/visit.php?lid=437</Url>
        <Speaker>Ray Comfort</Speaker>
        <Length>6.37Mb</Length>
        <Status>NOT_STARTED</Status>
        <isSermonSelected>false</isSermonSelected>
    </Sermon>
</Sermons>
