<?xml version="1.0" encoding="UTF-8" standalone="yes"?>
<Sermons>
    <Sermon>
        <Title>Breaking the Lie of Satan</Title>
        <Url>http://www.sermonindex.net/modules/mydownloads/visit.php?lid=26891</Url>
        <Speaker>Ray Greenly</Speaker>
        <Length>10.14Mb</Length>
        <Status>NOT_STARTED</Status>
        <isSermonSelected>false</isSermonSelected>
    </Sermon>
    <Sermon>
        <Title>God's Covenant Revival Promise</Title>
        <Url>http://www.sermonindex.net/modules/mydownloads/visit.php?lid=26892</Url>
        <Speaker>Ray Greenly</Speaker>
        <Length>9.91Mb</Length>
        <Status>NOT_STARTED</Status>
        <isSermonSelected>false</isSermonSelected>
    </Sermon>
    <Sermon>
        <Title>Stand by the Facts</Title>
        <Url>http://www.sermonindex.net/modules/mydownloads/visit.php?lid=26894</Url>
        <Speaker>Ray Greenly</Speaker>
        <Length>9.24Mb</Length>
        <Status>NOT_STARTED</Status>
        <isSermonSelected>false</isSermonSelected>
    </Sermon>
    <Sermon>
        <Title>Testing the Spirits</Title>
        <Url>http://www.sermonindex.net/modules/mydownloads/visit.php?lid=26895</Url>
        <Speaker>Ray Greenly</Speaker>
        <Length>8.89Mb</Length>
        <Status>NOT_STARTED</Status>
        <isSermonSelected>false</isSermonSelected>
    </Sermon>
    <Sermon>
        <Title>The Devil's Afterclap</Title>
        <Url>http://www.sermonindex.net/modules/mydownloads/visit.php?lid=26896</Url>
        <Speaker>Ray Greenly</Speaker>
        <Length>6.64Mb</Length>
        <Status>NOT_STARTED</Status>
        <isSermonSelected>false</isSermonSelected>
    </Sermon>
    <Sermon>
        <Title>The Full Armor of God</Title>
        <Url>http://www.sermonindex.net/modules/mydownloads/visit.php?lid=26897</Url>
        <Speaker>Ray Greenly</Speaker>
        <Length>13.94Mb</Length>
        <Status>NOT_STARTED</Status>
        <isSermonSelected>false</isSermonSelected>
    </Sermon>
    <Sermon>
        <Title>The Journey of Righteousness</Title>
        <Url>http://www.sermonindex.net/modules/mydownloads/visit.php?lid=26898</Url>
        <Speaker>Ray Greenly</Speaker>
        <Length>11.48Mb</Length>
        <Status>NOT_STARTED</Status>
        <isSermonSelected>false</isSermonSelected>
    </Sermon>
    <Sermon>
        <Title>The Last Fortress</Title>
        <Url>http://www.sermonindex.net/modules/mydownloads/visit.php?lid=26899</Url>
        <Speaker>Ray Greenly</Speaker>
        <Length>9.23Mb</Length>
        <Status>NOT_STARTED</Status>
        <isSermonSelected>false</isSermonSelected>
    </Sermon>
    <Sermon>
        <Title>The Prodigal Son</Title>
        <Url>http://www.sermonindex.net/modules/mydownloads/visit.php?lid=26893</Url>
        <Speaker>Ray Greenly</Speaker>
        <Length>6.69Mb</Length>
        <Status>NOT_STARTED</Status>
        <isSermonSelected>false</isSermonSelected>
    </Sermon>
    <Sermon>
        <Title>The Stream of God's Love</Title>
        <Url>http://www.sermonindex.net/modules/mydownloads/visit.php?lid=26900</Url>
        <Speaker>Ray Greenly</Speaker>
        <Length>10.06Mb</Length>
        <Status>NOT_STARTED</Status>
        <isSermonSelected>false</isSermonSelected>
    </Sermon>
    <Sermon>
        <Title>The Wounding of My Heart</Title>
        <Url>http://www.sermonindex.net/modules/mydownloads/visit.php?lid=26901</Url>
        <Speaker>Ray Greenly</Speaker>
        <Length>9.94Mb</Length>
        <Status>NOT_STARTED</Status>
        <isSermonSelected>false</isSermonSelected>
    </Sermon>
</Sermons>
