<?xml version="1.0" encoding="UTF-8" standalone="yes"?>
<Sermons>
    <Sermon>
        <Title>Abide Like Jesus</Title>
        <Url>http://www.sermonindex.net/modules/mydownloads/visit.php?lid=17064</Url>
        <Speaker>Raymond Burkholder</Speaker>
        <Length>6.03Mb</Length>
        <Status>NOT_STARTED</Status>
        <isSermonSelected>false</isSermonSelected>
    </Sermon>
    <Sermon>
        <Title>Dabbling in Witchcraft</Title>
        <Url>http://www.sermonindex.net/modules/mydownloads/visit.php?lid=17065</Url>
        <Speaker>Raymond Burkholder</Speaker>
        <Length>8.28Mb</Length>
        <Status>NOT_STARTED</Status>
        <isSermonSelected>false</isSermonSelected>
    </Sermon>
</Sermons>
