<?xml version="1.0" encoding="UTF-8" standalone="yes"?>
<Sermons>
    <Sermon>
        <Title>A Clean Heart by Andrew Strom</Title>
        <Url>http://www.sermonindex.net/modules/mydownloads/visit.php?lid=20039</Url>
        <Speaker>Revival Conference Victoria 2010</Speaker>
        <Length>12.25Mb</Length>
        <Status>NOT_STARTED</Status>
        <isSermonSelected>false</isSermonSelected>
    </Sermon>
    <Sermon>
        <Title>A Revival Of Honesty by Richard Sipley</Title>
        <Url>http://www.sermonindex.net/modules/mydownloads/visit.php?lid=20035</Url>
        <Speaker>Revival Conference Victoria 2010</Speaker>
        <Length>16.92Mb</Length>
        <Status>NOT_STARTED</Status>
        <isSermonSelected>false</isSermonSelected>
    </Sermon>
    <Sermon>
        <Title>Brokenness, A Prerequisite To Answered Prayer by Mark Greening</Title>
        <Url>http://www.sermonindex.net/modules/mydownloads/visit.php?lid=20042</Url>
        <Speaker>Revival Conference Victoria 2010</Speaker>
        <Length>15.19Mb</Length>
        <Status>NOT_STARTED</Status>
        <isSermonSelected>false</isSermonSelected>
    </Sermon>
    <Sermon>
        <Title>Dealing With Sin by Charles Price</Title>
        <Url>http://www.sermonindex.net/modules/mydownloads/visit.php?lid=20041</Url>
        <Speaker>Revival Conference Victoria 2010</Speaker>
        <Length>15.05Mb</Length>
        <Status>NOT_STARTED</Status>
        <isSermonSelected>false</isSermonSelected>
    </Sermon>
    <Sermon>
        <Title>Ichabod Or Ebenezer? by Charles Price</Title>
        <Url>http://www.sermonindex.net/modules/mydownloads/visit.php?lid=20065</Url>
        <Speaker>Revival Conference Victoria 2010</Speaker>
        <Length>17.83Mb</Length>
        <Status>NOT_STARTED</Status>
        <isSermonSelected>false</isSermonSelected>
    </Sermon>
    <Sermon>
        <Title>Loving Sin More Then Jesus by Mark Greening</Title>
        <Url>http://www.sermonindex.net/modules/mydownloads/visit.php?lid=20036</Url>
        <Speaker>Revival Conference Victoria 2010</Speaker>
        <Length>13.84Mb</Length>
        <Status>NOT_STARTED</Status>
        <isSermonSelected>false</isSermonSelected>
    </Sermon>
    <Sermon>
        <Title>Nothing Moves Me by Don McClure</Title>
        <Url>http://www.sermonindex.net/modules/mydownloads/visit.php?lid=20037</Url>
        <Speaker>Revival Conference Victoria 2010</Speaker>
        <Length>18.84Mb</Length>
        <Status>NOT_STARTED</Status>
        <isSermonSelected>false</isSermonSelected>
    </Sermon>
    <Sermon>
        <Title>Question Answer Panel</Title>
        <Url>http://www.sermonindex.net/modules/mydownloads/visit.php?lid=20043</Url>
        <Speaker>Revival Conference Victoria 2010</Speaker>
        <Length>25.97Mb</Length>
        <Status>NOT_STARTED</Status>
        <isSermonSelected>false</isSermonSelected>
    </Sermon>
    <Sermon>
        <Title>Revival A Return To Holiness by Richard Sipley</Title>
        <Url>http://www.sermonindex.net/modules/mydownloads/visit.php?lid=20044</Url>
        <Speaker>Revival Conference Victoria 2010</Speaker>
        <Length>14.71Mb</Length>
        <Status>NOT_STARTED</Status>
        <isSermonSelected>false</isSermonSelected>
    </Sermon>
    <Sermon>
        <Title>Revival In The Life Of Abraham by Don McClure</Title>
        <Url>http://www.sermonindex.net/modules/mydownloads/visit.php?lid=20066</Url>
        <Speaker>Revival Conference Victoria 2010</Speaker>
        <Length>14.32Mb</Length>
        <Status>NOT_STARTED</Status>
        <isSermonSelected>false</isSermonSelected>
    </Sermon>
    <Sermon>
        <Title>The Breaking Heart Of God by Clayton Dougan</Title>
        <Url>http://www.sermonindex.net/modules/mydownloads/visit.php?lid=20038</Url>
        <Speaker>Revival Conference Victoria 2010</Speaker>
        <Length>14.63Mb</Length>
        <Status>NOT_STARTED</Status>
        <isSermonSelected>false</isSermonSelected>
    </Sermon>
</Sermons>
