<?xml version="1.0" encoding="UTF-8" standalone="yes"?>
<Sermons>
    <Sermon>
        <Title>Dynamic Holy Hunger by Wesley Duewel</Title>
        <Url>http://www.sermonindex.net/modules/mydownloads/visit.php?lid=19023</Url>
        <Speaker>Revival Conference Indiana 2009</Speaker>
        <Length>12.24Mb</Length>
        <Status>NOT_STARTED</Status>
        <isSermonSelected>false</isSermonSelected>
    </Sermon>
    <Sermon>
        <Title>God Requires Integrity In All Our Dealings With Money! by Keith Daniel</Title>
        <Url>http://www.sermonindex.net/modules/mydownloads/visit.php?lid=19013</Url>
        <Speaker>Revival Conference Indiana 2009</Speaker>
        <Length>21.25Mb</Length>
        <Status>NOT_STARTED</Status>
        <isSermonSelected>false</isSermonSelected>
    </Sermon>
    <Sermon>
        <Title>Heartfelt Prayer for Revival by George Verwer</Title>
        <Url>http://www.sermonindex.net/modules/mydownloads/visit.php?lid=19022</Url>
        <Speaker>Revival Conference Indiana 2009</Speaker>
        <Length>7.31Mb</Length>
        <Status>NOT_STARTED</Status>
        <isSermonSelected>false</isSermonSelected>
    </Sermon>
    <Sermon>
        <Title>Humble Yourselves by Richard Owen Roberts</Title>
        <Url>http://www.sermonindex.net/modules/mydownloads/visit.php?lid=19018</Url>
        <Speaker>Revival Conference Indiana 2009</Speaker>
        <Length>20.46Mb</Length>
        <Status>NOT_STARTED</Status>
        <isSermonSelected>false</isSermonSelected>
    </Sermon>
    <Sermon>
        <Title>Question And Answer Panel</Title>
        <Url>http://www.sermonindex.net/modules/mydownloads/visit.php?lid=19024</Url>
        <Speaker>Revival Conference Indiana 2009</Speaker>
        <Length>17.1Mb</Length>
        <Status>NOT_STARTED</Status>
        <isSermonSelected>false</isSermonSelected>
    </Sermon>
    <Sermon>
        <Title>Rend the Heavens and Come Down by Wesley Duewel</Title>
        <Url>http://www.sermonindex.net/modules/mydownloads/visit.php?lid=19017</Url>
        <Speaker>Revival Conference Indiana 2009</Speaker>
        <Length>16.86Mb</Length>
        <Status>NOT_STARTED</Status>
        <isSermonSelected>false</isSermonSelected>
    </Sermon>
    <Sermon>
        <Title>Revival and the Economy by Edgar Reich</Title>
        <Url>http://www.sermonindex.net/modules/mydownloads/visit.php?lid=19019</Url>
        <Speaker>Revival Conference Indiana 2009</Speaker>
        <Length>9.81Mb</Length>
        <Status>NOT_STARTED</Status>
        <isSermonSelected>false</isSermonSelected>
    </Sermon>
    <Sermon>
        <Title>Rivers of Living Water by Bill McCleod</Title>
        <Url>http://www.sermonindex.net/modules/mydownloads/visit.php?lid=19014</Url>
        <Speaker>Revival Conference Indiana 2009</Speaker>
        <Length>70.11Mb</Length>
        <Status>NOT_STARTED</Status>
        <isSermonSelected>false</isSermonSelected>
    </Sermon>
    <Sermon>
        <Title>The Instrument God Uses by John Macgregor</Title>
        <Url>http://www.sermonindex.net/modules/mydownloads/visit.php?lid=19016</Url>
        <Speaker>Revival Conference Indiana 2009</Speaker>
        <Length>11.5Mb</Length>
        <Status>NOT_STARTED</Status>
        <isSermonSelected>false</isSermonSelected>
    </Sermon>
    <Sermon>
        <Title>The Power of Travailing Prayer by Mark Greening</Title>
        <Url>http://www.sermonindex.net/modules/mydownloads/visit.php?lid=19020</Url>
        <Speaker>Revival Conference Indiana 2009</Speaker>
        <Length>16.68Mb</Length>
        <Status>NOT_STARTED</Status>
        <isSermonSelected>false</isSermonSelected>
    </Sermon>
    <Sermon>
        <Title>Watching Joseph Die by Bill Mcleod</Title>
        <Url>http://www.sermonindex.net/modules/mydownloads/visit.php?lid=19021</Url>
        <Speaker>Revival Conference Indiana 2009</Speaker>
        <Length>18.03Mb</Length>
        <Status>NOT_STARTED</Status>
        <isSermonSelected>false</isSermonSelected>
    </Sermon>
</Sermons>
