<?xml version="1.0" encoding="UTF-8" standalone="yes"?>
<Sermons>
    <Sermon>
        <Title>Have You Received Your Orders?</Title>
        <Url>http://www.sermonindex.net/modules/mydownloads/visit.php?lid=13902</Url>
        <Speaker>Rich Tozour</Speaker>
        <Length>16.5Mb</Length>
        <Status>NOT_STARTED</Status>
        <isSermonSelected>false</isSermonSelected>
    </Sermon>
    <Sermon>
        <Title>On Purpose!</Title>
        <Url>http://www.sermonindex.net/modules/mydownloads/visit.php?lid=13903</Url>
        <Speaker>Rich Tozour</Speaker>
        <Length>14.03Mb</Length>
        <Status>NOT_STARTED</Status>
        <isSermonSelected>false</isSermonSelected>
    </Sermon>
    <Sermon>
        <Title>The Power of Prayer</Title>
        <Url>http://www.sermonindex.net/modules/mydownloads/visit.php?lid=13904</Url>
        <Speaker>Rich Tozour</Speaker>
        <Length>14.97Mb</Length>
        <Status>NOT_STARTED</Status>
        <isSermonSelected>false</isSermonSelected>
    </Sermon>
</Sermons>
