<?xml version="1.0" encoding="UTF-8" standalone="yes"?>
<Sermons>
    <Sermon>
        <Title>A Jug of Water</Title>
        <Url>http://www.sermonindex.net/modules/mydownloads/visit.php?lid=2789</Url>
        <Speaker>Richard Wurmbrand</Speaker>
        <Length>6.04Mb</Length>
        <Status>NOT_STARTED</Status>
        <isSermonSelected>false</isSermonSelected>
    </Sermon>
    <Sermon>
        <Title>A Man Called Lenin (reading)</Title>
        <Url>http://www.sermonindex.net/modules/mydownloads/visit.php?lid=25542</Url>
        <Speaker>Richard Wurmbrand</Speaker>
        <Length>4.42Mb</Length>
        <Status>NOT_STARTED</Status>
        <isSermonSelected>false</isSermonSelected>
    </Sermon>
    <Sermon>
        <Title>Brainwashing In Communist China (reading)</Title>
        <Url>http://www.sermonindex.net/modules/mydownloads/visit.php?lid=25547</Url>
        <Speaker>Richard Wurmbrand</Speaker>
        <Length>4.23Mb</Length>
        <Status>NOT_STARTED</Status>
        <isSermonSelected>false</isSermonSelected>
    </Sermon>
    <Sermon>
        <Title>Changed From Glory To Glory</Title>
        <Url>http://www.sermonindex.net/modules/mydownloads/visit.php?lid=25541</Url>
        <Speaker>Richard Wurmbrand</Speaker>
        <Length>6.59Mb</Length>
        <Status>NOT_STARTED</Status>
        <isSermonSelected>false</isSermonSelected>
    </Sermon>
    <Sermon>
        <Title>Christian Missions To The Communist World International - Pt1</Title>
        <Url>http://www.sermonindex.net/modules/mydownloads/visit.php?lid=25536</Url>
        <Speaker>Richard Wurmbrand</Speaker>
        <Length>6.86Mb</Length>
        <Status>NOT_STARTED</Status>
        <isSermonSelected>false</isSermonSelected>
    </Sermon>
    <Sermon>
        <Title>Christian Missions To The Communist World International - Pt2</Title>
        <Url>http://www.sermonindex.net/modules/mydownloads/visit.php?lid=25537</Url>
        <Speaker>Richard Wurmbrand</Speaker>
        <Length>8.74Mb</Length>
        <Status>NOT_STARTED</Status>
        <isSermonSelected>false</isSermonSelected>
    </Sermon>
    <Sermon>
        <Title>Christian Missions To The Communist World International - Pt3</Title>
        <Url>http://www.sermonindex.net/modules/mydownloads/visit.php?lid=25538</Url>
        <Speaker>Richard Wurmbrand</Speaker>
        <Length>6.99Mb</Length>
        <Status>NOT_STARTED</Status>
        <isSermonSelected>false</isSermonSelected>
    </Sermon>
    <Sermon>
        <Title>Christian Missions To The Communist World International - Pt4</Title>
        <Url>http://www.sermonindex.net/modules/mydownloads/visit.php?lid=25539</Url>
        <Speaker>Richard Wurmbrand</Speaker>
        <Length>7.6Mb</Length>
        <Status>NOT_STARTED</Status>
        <isSermonSelected>false</isSermonSelected>
    </Sermon>
    <Sermon>
        <Title>Church Triumphant</Title>
        <Url>http://www.sermonindex.net/modules/mydownloads/visit.php?lid=4522</Url>
        <Speaker>Richard Wurmbrand</Speaker>
        <Length>11.23Mb</Length>
        <Status>NOT_STARTED</Status>
        <isSermonSelected>false</isSermonSelected>
    </Sermon>
    <Sermon>
        <Title>Communism In China (reading)</Title>
        <Url>http://www.sermonindex.net/modules/mydownloads/visit.php?lid=25546</Url>
        <Speaker>Richard Wurmbrand</Speaker>
        <Length>3.9Mb</Length>
        <Status>NOT_STARTED</Status>
        <isSermonSelected>false</isSermonSelected>
    </Sermon>
    <Sermon>
        <Title>Das neue Wesen (german)</Title>
        <Url>http://www.sermonindex.net/modules/mydownloads/visit.php?lid=3081</Url>
        <Speaker>Richard Wurmbrand</Speaker>
        <Length>12.44Mb</Length>
        <Status>NOT_STARTED</Status>
        <isSermonSelected>false</isSermonSelected>
    </Sermon>
    <Sermon>
        <Title>Die Auserwählung des jüdischen Volkes (german)</Title>
        <Url>http://www.sermonindex.net/modules/mydownloads/visit.php?lid=3079</Url>
        <Speaker>Richard Wurmbrand</Speaker>
        <Length>48.5Mb</Length>
        <Status>NOT_STARTED</Status>
        <isSermonSelected>false</isSermonSelected>
    </Sermon>
    <Sermon>
        <Title>Die Feinde des Evangeliums sollen abgeschnitten werden (german)</Title>
        <Url>http://www.sermonindex.net/modules/mydownloads/visit.php?lid=3077</Url>
        <Speaker>Richard Wurmbrand</Speaker>
        <Length>38.41Mb</Length>
        <Status>NOT_STARTED</Status>
        <isSermonSelected>false</isSermonSelected>
    </Sermon>
    <Sermon>
        <Title>Gebet aus der Tiefe (german)</Title>
        <Url>http://www.sermonindex.net/modules/mydownloads/visit.php?lid=3080</Url>
        <Speaker>Richard Wurmbrand</Speaker>
        <Length>50.41Mb</Length>
        <Status>NOT_STARTED</Status>
        <isSermonSelected>false</isSermonSelected>
    </Sermon>
    <Sermon>
        <Title>God's Beauty Parlor (Mrs. Wumbrand)</Title>
        <Url>http://www.sermonindex.net/modules/mydownloads/visit.php?lid=8830</Url>
        <Speaker>Richard Wurmbrand</Speaker>
        <Length>7.61Mb</Length>
        <Status>NOT_STARTED</Status>
        <isSermonSelected>false</isSermonSelected>
    </Sermon>
    <Sermon>
        <Title>God's Peace</Title>
        <Url>http://www.sermonindex.net/modules/mydownloads/visit.php?lid=4523</Url>
        <Speaker>Richard Wurmbrand</Speaker>
        <Length>7.21Mb</Length>
        <Status>NOT_STARTED</Status>
        <isSermonSelected>false</isSermonSelected>
    </Sermon>
    <Sermon>
        <Title>History Of The Communist Use Of Church And Religion (reading)</Title>
        <Url>http://www.sermonindex.net/modules/mydownloads/visit.php?lid=25545</Url>
        <Speaker>Richard Wurmbrand</Speaker>
        <Length>4.62Mb</Length>
        <Status>NOT_STARTED</Status>
        <isSermonSelected>false</isSermonSelected>
    </Sermon>
    <Sermon>
        <Title>Hosanna!</Title>
        <Url>http://www.sermonindex.net/modules/mydownloads/visit.php?lid=8956</Url>
        <Speaker>Richard Wurmbrand</Speaker>
        <Length>10.15Mb</Length>
        <Status>NOT_STARTED</Status>
        <isSermonSelected>false</isSermonSelected>
    </Sermon>
    <Sermon>
        <Title>How Lenin Changed Communism (reading)</Title>
        <Url>http://www.sermonindex.net/modules/mydownloads/visit.php?lid=25543</Url>
        <Speaker>Richard Wurmbrand</Speaker>
        <Length>4.53Mb</Length>
        <Status>NOT_STARTED</Status>
        <isSermonSelected>false</isSermonSelected>
    </Sermon>
    <Sermon>
        <Title>How To Organize An Underground Church - Part 1</Title>
        <Url>http://www.sermonindex.net/modules/mydownloads/visit.php?lid=23955</Url>
        <Speaker>Richard Wurmbrand</Speaker>
        <Length>26.41Mb</Length>
        <Status>NOT_STARTED</Status>
        <isSermonSelected>false</isSermonSelected>
    </Sermon>
    <Sermon>
        <Title>How To Organize An Underground Church - Part 2</Title>
        <Url>http://www.sermonindex.net/modules/mydownloads/visit.php?lid=23986</Url>
        <Speaker>Richard Wurmbrand</Speaker>
        <Length>25.57Mb</Length>
        <Status>NOT_STARTED</Status>
        <isSermonSelected>false</isSermonSelected>
    </Sermon>
    <Sermon>
        <Title>How To Organize An Underground Church - Part 3</Title>
        <Url>http://www.sermonindex.net/modules/mydownloads/visit.php?lid=23987</Url>
        <Speaker>Richard Wurmbrand</Speaker>
        <Length>26.4Mb</Length>
        <Status>NOT_STARTED</Status>
        <isSermonSelected>false</isSermonSelected>
    </Sermon>
    <Sermon>
        <Title>How To Organize An Underground Church - Part 4</Title>
        <Url>http://www.sermonindex.net/modules/mydownloads/visit.php?lid=23988</Url>
        <Speaker>Richard Wurmbrand</Speaker>
        <Length>23.01Mb</Length>
        <Status>NOT_STARTED</Status>
        <isSermonSelected>false</isSermonSelected>
    </Sermon>
    <Sermon>
        <Title>In Chains, yet free</Title>
        <Url>http://www.sermonindex.net/modules/mydownloads/visit.php?lid=8957</Url>
        <Speaker>Richard Wurmbrand</Speaker>
        <Length>18.53Mb</Length>
        <Status>NOT_STARTED</Status>
        <isSermonSelected>false</isSermonSelected>
    </Sermon>
    <Sermon>
        <Title>Passah im Zwielicht (german)</Title>
        <Url>http://www.sermonindex.net/modules/mydownloads/visit.php?lid=3078</Url>
        <Speaker>Richard Wurmbrand</Speaker>
        <Length>53.25Mb</Length>
        <Status>NOT_STARTED</Status>
        <isSermonSelected>false</isSermonSelected>
    </Sermon>
    <Sermon>
        <Title>Reading the bible slowly</Title>
        <Url>http://www.sermonindex.net/modules/mydownloads/visit.php?lid=8958</Url>
        <Speaker>Richard Wurmbrand</Speaker>
        <Length>6.33Mb</Length>
        <Status>NOT_STARTED</Status>
        <isSermonSelected>false</isSermonSelected>
    </Sermon>
    <Sermon>
        <Title>The Beauty of Nothing</Title>
        <Url>http://www.sermonindex.net/modules/mydownloads/visit.php?lid=4529</Url>
        <Speaker>Richard Wurmbrand</Speaker>
        <Length>8.56Mb</Length>
        <Status>NOT_STARTED</Status>
        <isSermonSelected>false</isSermonSelected>
    </Sermon>
    <Sermon>
        <Title>The Underground Church</Title>
        <Url>http://www.sermonindex.net/modules/mydownloads/visit.php?lid=4564</Url>
        <Speaker>Richard Wurmbrand</Speaker>
        <Length>12.41Mb</Length>
        <Status>NOT_STARTED</Status>
        <isSermonSelected>false</isSermonSelected>
    </Sermon>
    <Sermon>
        <Title>Tortured For Christ</Title>
        <Url>http://www.sermonindex.net/modules/mydownloads/visit.php?lid=25535</Url>
        <Speaker>Richard Wurmbrand</Speaker>
        <Length>7.11Mb</Length>
        <Status>NOT_STARTED</Status>
        <isSermonSelected>false</isSermonSelected>
    </Sermon>
    <Sermon>
        <Title>Tracing Communism Through History - How Communism Operates (reading)</Title>
        <Url>http://www.sermonindex.net/modules/mydownloads/visit.php?lid=25540</Url>
        <Speaker>Richard Wurmbrand</Speaker>
        <Length>8.05Mb</Length>
        <Status>NOT_STARTED</Status>
        <isSermonSelected>false</isSermonSelected>
    </Sermon>
    <Sermon>
        <Title>Was Marx A Satanist? (reading)</Title>
        <Url>http://www.sermonindex.net/modules/mydownloads/visit.php?lid=25544</Url>
        <Speaker>Richard Wurmbrand</Speaker>
        <Length>4.45Mb</Length>
        <Status>NOT_STARTED</Status>
        <isSermonSelected>false</isSermonSelected>
    </Sermon>
    <Sermon>
        <Title>What is my Authority</Title>
        <Url>http://www.sermonindex.net/modules/mydownloads/visit.php?lid=10733</Url>
        <Speaker>Richard Wurmbrand</Speaker>
        <Length>9.97Mb</Length>
        <Status>NOT_STARTED</Status>
        <isSermonSelected>false</isSermonSelected>
    </Sermon>
</Sermons>
