<?xml version="1.0" encoding="UTF-8" standalone="yes"?>
<Sermons>
    <Sermon>
        <Title>(A Divine Visitation) Hope Renewed</Title>
        <Url>http://www.sermonindex.net/modules/mydownloads/visit.php?lid=13557</Url>
        <Speaker>Richard Owen Roberts</Speaker>
        <Length>36.41Mb</Length>
        <Status>NOT_STARTED</Status>
        <isSermonSelected>false</isSermonSelected>
    </Sermon>
    <Sermon>
        <Title>(A Divine Visitation) Man's Great Hope - Part 1</Title>
        <Url>http://www.sermonindex.net/modules/mydownloads/visit.php?lid=13552</Url>
        <Speaker>Richard Owen Roberts</Speaker>
        <Length>28.57Mb</Length>
        <Status>NOT_STARTED</Status>
        <isSermonSelected>false</isSermonSelected>
    </Sermon>
    <Sermon>
        <Title>(A Divine Visitation) Man's Great Hope - Part 2</Title>
        <Url>http://www.sermonindex.net/modules/mydownloads/visit.php?lid=13553</Url>
        <Speaker>Richard Owen Roberts</Speaker>
        <Length>15.49Mb</Length>
        <Status>NOT_STARTED</Status>
        <isSermonSelected>false</isSermonSelected>
    </Sermon>
    <Sermon>
        <Title>(A Divine Visitation) Preparation - Part 1</Title>
        <Url>http://www.sermonindex.net/modules/mydownloads/visit.php?lid=13554</Url>
        <Speaker>Richard Owen Roberts</Speaker>
        <Length>36.38Mb</Length>
        <Status>NOT_STARTED</Status>
        <isSermonSelected>false</isSermonSelected>
    </Sermon>
    <Sermon>
        <Title>(A Divine Visitation) Preparation - Part 2</Title>
        <Url>http://www.sermonindex.net/modules/mydownloads/visit.php?lid=13555</Url>
        <Speaker>Richard Owen Roberts</Speaker>
        <Length>27.03Mb</Length>
        <Status>NOT_STARTED</Status>
        <isSermonSelected>false</isSermonSelected>
    </Sermon>
    <Sermon>
        <Title>(A Divine Visitation) Unreckoned</Title>
        <Url>http://www.sermonindex.net/modules/mydownloads/visit.php?lid=13556</Url>
        <Speaker>Richard Owen Roberts</Speaker>
        <Length>36.51Mb</Length>
        <Status>NOT_STARTED</Status>
        <isSermonSelected>false</isSermonSelected>
    </Sermon>
    <Sermon>
        <Title>10 Evidences of No Condemnation</Title>
        <Url>http://www.sermonindex.net/modules/mydownloads/visit.php?lid=23758</Url>
        <Speaker>Richard Owen Roberts</Speaker>
        <Length>8.89Mb</Length>
        <Status>NOT_STARTED</Status>
        <isSermonSelected>false</isSermonSelected>
    </Sermon>
    <Sermon>
        <Title>A Traitors View Of The Resurrection</Title>
        <Url>http://www.sermonindex.net/modules/mydownloads/visit.php?lid=19819</Url>
        <Speaker>Richard Owen Roberts</Speaker>
        <Length>30.5Mb</Length>
        <Status>NOT_STARTED</Status>
        <isSermonSelected>false</isSermonSelected>
    </Sermon>
    <Sermon>
        <Title>Breaking Faith with God</Title>
        <Url>http://www.sermonindex.net/modules/mydownloads/visit.php?lid=7425</Url>
        <Speaker>Richard Owen Roberts</Speaker>
        <Length>15.53Mb</Length>
        <Status>NOT_STARTED</Status>
        <isSermonSelected>false</isSermonSelected>
    </Sermon>
    <Sermon>
        <Title>Change Our Heart's - Part 1</Title>
        <Url>http://www.sermonindex.net/modules/mydownloads/visit.php?lid=13558</Url>
        <Speaker>Richard Owen Roberts</Speaker>
        <Length>35.27Mb</Length>
        <Status>NOT_STARTED</Status>
        <isSermonSelected>false</isSermonSelected>
    </Sermon>
    <Sermon>
        <Title>Change Our Heart's - Part 2</Title>
        <Url>http://www.sermonindex.net/modules/mydownloads/visit.php?lid=13559</Url>
        <Speaker>Richard Owen Roberts</Speaker>
        <Length>28.31Mb</Length>
        <Status>NOT_STARTED</Status>
        <isSermonSelected>false</isSermonSelected>
    </Sermon>
    <Sermon>
        <Title>Change Our Heart's - Part 3</Title>
        <Url>http://www.sermonindex.net/modules/mydownloads/visit.php?lid=13560</Url>
        <Speaker>Richard Owen Roberts</Speaker>
        <Length>5.22Mb</Length>
        <Status>NOT_STARTED</Status>
        <isSermonSelected>false</isSermonSelected>
    </Sermon>
    <Sermon>
        <Title>Change Our Heart's - Part 4</Title>
        <Url>http://www.sermonindex.net/modules/mydownloads/visit.php?lid=13561</Url>
        <Speaker>Richard Owen Roberts</Speaker>
        <Length>35.04Mb</Length>
        <Status>NOT_STARTED</Status>
        <isSermonSelected>false</isSermonSelected>
    </Sermon>
    <Sermon>
        <Title>Change Our Heart's - Part 5</Title>
        <Url>http://www.sermonindex.net/modules/mydownloads/visit.php?lid=13562</Url>
        <Speaker>Richard Owen Roberts</Speaker>
        <Length>35.97Mb</Length>
        <Status>NOT_STARTED</Status>
        <isSermonSelected>false</isSermonSelected>
    </Sermon>
    <Sermon>
        <Title>Change Our Heart's - Part 6</Title>
        <Url>http://www.sermonindex.net/modules/mydownloads/visit.php?lid=13563</Url>
        <Speaker>Richard Owen Roberts</Speaker>
        <Length>2.42Mb</Length>
        <Status>NOT_STARTED</Status>
        <isSermonSelected>false</isSermonSelected>
    </Sermon>
    <Sermon>
        <Title>Corporate Confession and Repentance - Part 1</Title>
        <Url>http://www.sermonindex.net/modules/mydownloads/visit.php?lid=7420</Url>
        <Speaker>Richard Owen Roberts</Speaker>
        <Length>13.08Mb</Length>
        <Status>NOT_STARTED</Status>
        <isSermonSelected>false</isSermonSelected>
    </Sermon>
    <Sermon>
        <Title>Corporate Confession and Repentance - Part 2</Title>
        <Url>http://www.sermonindex.net/modules/mydownloads/visit.php?lid=7421</Url>
        <Speaker>Richard Owen Roberts</Speaker>
        <Length>14.98Mb</Length>
        <Status>NOT_STARTED</Status>
        <isSermonSelected>false</isSermonSelected>
    </Sermon>
    <Sermon>
        <Title>Do Not Be Dull of Hearing or Sluggish</Title>
        <Url>http://www.sermonindex.net/modules/mydownloads/visit.php?lid=23603</Url>
        <Speaker>Richard Owen Roberts</Speaker>
        <Length>20.28Mb</Length>
        <Status>NOT_STARTED</Status>
        <isSermonSelected>false</isSermonSelected>
    </Sermon>
    <Sermon>
        <Title>Do Not Drift From What You Have Received</Title>
        <Url>http://www.sermonindex.net/modules/mydownloads/visit.php?lid=23601</Url>
        <Speaker>Richard Owen Roberts</Speaker>
        <Length>16.7Mb</Length>
        <Status>NOT_STARTED</Status>
        <isSermonSelected>false</isSermonSelected>
    </Sermon>
    <Sermon>
        <Title>Do Not Grow Weary Of Discipline</Title>
        <Url>http://www.sermonindex.net/modules/mydownloads/visit.php?lid=23605</Url>
        <Speaker>Richard Owen Roberts</Speaker>
        <Length>21.1Mb</Length>
        <Status>NOT_STARTED</Status>
        <isSermonSelected>false</isSermonSelected>
    </Sermon>
    <Sermon>
        <Title>Do Not Harden Your Hearts</Title>
        <Url>http://www.sermonindex.net/modules/mydownloads/visit.php?lid=23602</Url>
        <Speaker>Richard Owen Roberts</Speaker>
        <Length>21.73Mb</Length>
        <Status>NOT_STARTED</Status>
        <isSermonSelected>false</isSermonSelected>
    </Sermon>
    <Sermon>
        <Title>Do Not Refuse Him Who Is Speaking</Title>
        <Url>http://www.sermonindex.net/modules/mydownloads/visit.php?lid=23606</Url>
        <Speaker>Richard Owen Roberts</Speaker>
        <Length>15.45Mb</Length>
        <Status>NOT_STARTED</Status>
        <isSermonSelected>false</isSermonSelected>
    </Sermon>
    <Sermon>
        <Title>Do Not Sin Willfully</Title>
        <Url>http://www.sermonindex.net/modules/mydownloads/visit.php?lid=23604</Url>
        <Speaker>Richard Owen Roberts</Speaker>
        <Length>20.47Mb</Length>
        <Status>NOT_STARTED</Status>
        <isSermonSelected>false</isSermonSelected>
    </Sermon>
    <Sermon>
        <Title>Encounter with a Holy God</Title>
        <Url>http://www.sermonindex.net/modules/mydownloads/visit.php?lid=23763</Url>
        <Speaker>Richard Owen Roberts</Speaker>
        <Length>5.82Mb</Length>
        <Status>NOT_STARTED</Status>
        <isSermonSelected>false</isSermonSelected>
    </Sermon>
    <Sermon>
        <Title>God Can When We Cannot</Title>
        <Url>http://www.sermonindex.net/modules/mydownloads/visit.php?lid=19820</Url>
        <Speaker>Richard Owen Roberts</Speaker>
        <Length>45.76Mb</Length>
        <Status>NOT_STARTED</Status>
        <isSermonSelected>false</isSermonSelected>
    </Sermon>
    <Sermon>
        <Title>God's Holiness - part 1</Title>
        <Url>http://www.sermonindex.net/modules/mydownloads/visit.php?lid=27590</Url>
        <Speaker>Richard Owen Roberts</Speaker>
        <Length>28.72Mb</Length>
        <Status>NOT_STARTED</Status>
        <isSermonSelected>false</isSermonSelected>
    </Sermon>
    <Sermon>
        <Title>God's Holiness - part 2</Title>
        <Url>http://www.sermonindex.net/modules/mydownloads/visit.php?lid=27591</Url>
        <Speaker>Richard Owen Roberts</Speaker>
        <Length>26.3Mb</Length>
        <Status>NOT_STARTED</Status>
        <isSermonSelected>false</isSermonSelected>
    </Sermon>
    <Sermon>
        <Title>God's Holiness - part 3</Title>
        <Url>http://www.sermonindex.net/modules/mydownloads/visit.php?lid=27592</Url>
        <Speaker>Richard Owen Roberts</Speaker>
        <Length>32.89Mb</Length>
        <Status>NOT_STARTED</Status>
        <isSermonSelected>false</isSermonSelected>
    </Sermon>
    <Sermon>
        <Title>God's Holiness - part 4</Title>
        <Url>http://www.sermonindex.net/modules/mydownloads/visit.php?lid=27593</Url>
        <Speaker>Richard Owen Roberts</Speaker>
        <Length>27.49Mb</Length>
        <Status>NOT_STARTED</Status>
        <isSermonSelected>false</isSermonSelected>
    </Sermon>
    <Sermon>
        <Title>God's Immutability I</Title>
        <Url>http://www.sermonindex.net/modules/mydownloads/visit.php?lid=25006</Url>
        <Speaker>Richard Owen Roberts</Speaker>
        <Length>30.03Mb</Length>
        <Status>NOT_STARTED</Status>
        <isSermonSelected>false</isSermonSelected>
    </Sermon>
    <Sermon>
        <Title>God's Immutability II</Title>
        <Url>http://www.sermonindex.net/modules/mydownloads/visit.php?lid=25007</Url>
        <Speaker>Richard Owen Roberts</Speaker>
        <Length>23.94Mb</Length>
        <Status>NOT_STARTED</Status>
        <isSermonSelected>false</isSermonSelected>
    </Sermon>
    <Sermon>
        <Title>God's Love</Title>
        <Url>http://www.sermonindex.net/modules/mydownloads/visit.php?lid=25008</Url>
        <Speaker>Richard Owen Roberts</Speaker>
        <Length>49.14Mb</Length>
        <Status>NOT_STARTED</Status>
        <isSermonSelected>false</isSermonSelected>
    </Sermon>
    <Sermon>
        <Title>God's Omnipotence - part 1</Title>
        <Url>http://www.sermonindex.net/modules/mydownloads/visit.php?lid=27594</Url>
        <Speaker>Richard Owen Roberts</Speaker>
        <Length>34Mb</Length>
        <Status>NOT_STARTED</Status>
        <isSermonSelected>false</isSermonSelected>
    </Sermon>
    <Sermon>
        <Title>God's Omnipotence - part 2</Title>
        <Url>http://www.sermonindex.net/modules/mydownloads/visit.php?lid=27595</Url>
        <Speaker>Richard Owen Roberts</Speaker>
        <Length>22.26Mb</Length>
        <Status>NOT_STARTED</Status>
        <isSermonSelected>false</isSermonSelected>
    </Sermon>
    <Sermon>
        <Title>Has My Soul Been Purified By Obedience To The Truth?</Title>
        <Url>http://www.sermonindex.net/modules/mydownloads/visit.php?lid=23759</Url>
        <Speaker>Richard Owen Roberts</Speaker>
        <Length>32.99Mb</Length>
        <Status>NOT_STARTED</Status>
        <isSermonSelected>false</isSermonSelected>
    </Sermon>
    <Sermon>
        <Title>Isaiah 44: Unbelief, Faithlessness &amp; Revival</Title>
        <Url>http://www.sermonindex.net/modules/mydownloads/visit.php?lid=27587</Url>
        <Speaker>Richard Owen Roberts</Speaker>
        <Length>79.57Mb</Length>
        <Status>NOT_STARTED</Status>
        <isSermonSelected>false</isSermonSelected>
    </Sermon>
    <Sermon>
        <Title>Joel 1-2: Repentance &amp; Revival</Title>
        <Url>http://www.sermonindex.net/modules/mydownloads/visit.php?lid=27588</Url>
        <Speaker>Richard Owen Roberts</Speaker>
        <Length>90.97Mb</Length>
        <Status>NOT_STARTED</Status>
        <isSermonSelected>false</isSermonSelected>
    </Sermon>
    <Sermon>
        <Title>Love One Another Fervently</Title>
        <Url>http://www.sermonindex.net/modules/mydownloads/visit.php?lid=27596</Url>
        <Speaker>Richard Owen Roberts</Speaker>
        <Length>34.25Mb</Length>
        <Status>NOT_STARTED</Status>
        <isSermonSelected>false</isSermonSelected>
    </Sermon>
    <Sermon>
        <Title>Manifest Presence - Part 1</Title>
        <Url>http://www.sermonindex.net/modules/mydownloads/visit.php?lid=16727</Url>
        <Speaker>Richard Owen Roberts</Speaker>
        <Length>10.38Mb</Length>
        <Status>NOT_STARTED</Status>
        <isSermonSelected>false</isSermonSelected>
    </Sermon>
    <Sermon>
        <Title>Manifest Presence - Part 2</Title>
        <Url>http://www.sermonindex.net/modules/mydownloads/visit.php?lid=16728</Url>
        <Speaker>Richard Owen Roberts</Speaker>
        <Length>12.19Mb</Length>
        <Status>NOT_STARTED</Status>
        <isSermonSelected>false</isSermonSelected>
    </Sermon>
    <Sermon>
        <Title>Manifest Presence - Part 3</Title>
        <Url>http://www.sermonindex.net/modules/mydownloads/visit.php?lid=16729</Url>
        <Speaker>Richard Owen Roberts</Speaker>
        <Length>10.83Mb</Length>
        <Status>NOT_STARTED</Status>
        <isSermonSelected>false</isSermonSelected>
    </Sermon>
    <Sermon>
        <Title>Manifest Presence - Part 4</Title>
        <Url>http://www.sermonindex.net/modules/mydownloads/visit.php?lid=16730</Url>
        <Speaker>Richard Owen Roberts</Speaker>
        <Length>11.22Mb</Length>
        <Status>NOT_STARTED</Status>
        <isSermonSelected>false</isSermonSelected>
    </Sermon>
    <Sermon>
        <Title>Manifest Presence - Part 5</Title>
        <Url>http://www.sermonindex.net/modules/mydownloads/visit.php?lid=16731</Url>
        <Speaker>Richard Owen Roberts</Speaker>
        <Length>11.89Mb</Length>
        <Status>NOT_STARTED</Status>
        <isSermonSelected>false</isSermonSelected>
    </Sermon>
    <Sermon>
        <Title>Manifest Presence - Part 6</Title>
        <Url>http://www.sermonindex.net/modules/mydownloads/visit.php?lid=16732</Url>
        <Speaker>Richard Owen Roberts</Speaker>
        <Length>12.54Mb</Length>
        <Status>NOT_STARTED</Status>
        <isSermonSelected>false</isSermonSelected>
    </Sermon>
    <Sermon>
        <Title>Marks of True Revival</Title>
        <Url>http://www.sermonindex.net/modules/mydownloads/visit.php?lid=23760</Url>
        <Speaker>Richard Owen Roberts</Speaker>
        <Length>9.84Mb</Length>
        <Status>NOT_STARTED</Status>
        <isSermonSelected>false</isSermonSelected>
    </Sermon>
    <Sermon>
        <Title>Matthew 23: Pharisaical Hindrances to Revival</Title>
        <Url>http://www.sermonindex.net/modules/mydownloads/visit.php?lid=27589</Url>
        <Speaker>Richard Owen Roberts</Speaker>
        <Length>111.02Mb</Length>
        <Status>NOT_STARTED</Status>
        <isSermonSelected>false</isSermonSelected>
    </Sermon>
    <Sermon>
        <Title>Nature of Revival - Part 1</Title>
        <Url>http://www.sermonindex.net/modules/mydownloads/visit.php?lid=7422</Url>
        <Speaker>Richard Owen Roberts</Speaker>
        <Length>11.1Mb</Length>
        <Status>NOT_STARTED</Status>
        <isSermonSelected>false</isSermonSelected>
    </Sermon>
    <Sermon>
        <Title>Nature of Revival - Part 2</Title>
        <Url>http://www.sermonindex.net/modules/mydownloads/visit.php?lid=7423</Url>
        <Speaker>Richard Owen Roberts</Speaker>
        <Length>13.78Mb</Length>
        <Status>NOT_STARTED</Status>
        <isSermonSelected>false</isSermonSelected>
    </Sermon>
    <Sermon>
        <Title>Perseverance - Part 1</Title>
        <Url>http://www.sermonindex.net/modules/mydownloads/visit.php?lid=19703</Url>
        <Speaker>Richard Owen Roberts</Speaker>
        <Length>19.77Mb</Length>
        <Status>NOT_STARTED</Status>
        <isSermonSelected>false</isSermonSelected>
    </Sermon>
    <Sermon>
        <Title>Perseverance - Part 2</Title>
        <Url>http://www.sermonindex.net/modules/mydownloads/visit.php?lid=19702</Url>
        <Speaker>Richard Owen Roberts</Speaker>
        <Length>17.5Mb</Length>
        <Status>NOT_STARTED</Status>
        <isSermonSelected>false</isSermonSelected>
    </Sermon>
    <Sermon>
        <Title>Perseverance - Part 3</Title>
        <Url>http://www.sermonindex.net/modules/mydownloads/visit.php?lid=19747</Url>
        <Speaker>Richard Owen Roberts</Speaker>
        <Length>11.24Mb</Length>
        <Status>NOT_STARTED</Status>
        <isSermonSelected>false</isSermonSelected>
    </Sermon>
    <Sermon>
        <Title>Praying for Revial</Title>
        <Url>http://www.sermonindex.net/modules/mydownloads/visit.php?lid=11625</Url>
        <Speaker>Richard Owen Roberts</Speaker>
        <Length>3.96Mb</Length>
        <Status>NOT_STARTED</Status>
        <isSermonSelected>false</isSermonSelected>
    </Sermon>
    <Sermon>
        <Title>Rejoicing in God, Living Unto God</Title>
        <Url>http://www.sermonindex.net/modules/mydownloads/visit.php?lid=27597</Url>
        <Speaker>Richard Owen Roberts</Speaker>
        <Length>45.59Mb</Length>
        <Status>NOT_STARTED</Status>
        <isSermonSelected>false</isSermonSelected>
    </Sermon>
    <Sermon>
        <Title>Repentance</Title>
        <Url>http://www.sermonindex.net/modules/mydownloads/visit.php?lid=23762</Url>
        <Speaker>Richard Owen Roberts</Speaker>
        <Length>6.76Mb</Length>
        <Status>NOT_STARTED</Status>
        <isSermonSelected>false</isSermonSelected>
    </Sermon>
    <Sermon>
        <Title>Repentance (June 2002)</Title>
        <Url>http://www.sermonindex.net/modules/mydownloads/visit.php?lid=27149</Url>
        <Speaker>Richard Owen Roberts</Speaker>
        <Length>13.56Mb</Length>
        <Status>NOT_STARTED</Status>
        <isSermonSelected>false</isSermonSelected>
    </Sermon>
    <Sermon>
        <Title>Revival - Part 1 (June 2002)</Title>
        <Url>http://www.sermonindex.net/modules/mydownloads/visit.php?lid=27150</Url>
        <Speaker>Richard Owen Roberts</Speaker>
        <Length>6.94Mb</Length>
        <Status>NOT_STARTED</Status>
        <isSermonSelected>false</isSermonSelected>
    </Sermon>
    <Sermon>
        <Title>Revival - Part 2 (June 2002)</Title>
        <Url>http://www.sermonindex.net/modules/mydownloads/visit.php?lid=27151</Url>
        <Speaker>Richard Owen Roberts</Speaker>
        <Length>6.49Mb</Length>
        <Status>NOT_STARTED</Status>
        <isSermonSelected>false</isSermonSelected>
    </Sermon>
    <Sermon>
        <Title>Revival Theology</Title>
        <Url>http://www.sermonindex.net/modules/mydownloads/visit.php?lid=7426</Url>
        <Speaker>Richard Owen Roberts</Speaker>
        <Length>26.62Mb</Length>
        <Status>NOT_STARTED</Status>
        <isSermonSelected>false</isSermonSelected>
    </Sermon>
    <Sermon>
        <Title>Seek My Face</Title>
        <Url>http://www.sermonindex.net/modules/mydownloads/visit.php?lid=7429</Url>
        <Speaker>Richard Owen Roberts</Speaker>
        <Length>23.55Mb</Length>
        <Status>NOT_STARTED</Status>
        <isSermonSelected>false</isSermonSelected>
    </Sermon>
    <Sermon>
        <Title>Sin Crouching At The Door</Title>
        <Url>http://www.sermonindex.net/modules/mydownloads/visit.php?lid=7427</Url>
        <Speaker>Richard Owen Roberts</Speaker>
        <Length>14.67Mb</Length>
        <Status>NOT_STARTED</Status>
        <isSermonSelected>false</isSermonSelected>
    </Sermon>
    <Sermon>
        <Title>Something is Wrong - Part 01 of 05</Title>
        <Url>http://www.sermonindex.net/modules/mydownloads/visit.php?lid=23768</Url>
        <Speaker>Richard Owen Roberts</Speaker>
        <Length>14.02Mb</Length>
        <Status>NOT_STARTED</Status>
        <isSermonSelected>false</isSermonSelected>
    </Sermon>
    <Sermon>
        <Title>Something is Wrong - Part 02 of 05</Title>
        <Url>http://www.sermonindex.net/modules/mydownloads/visit.php?lid=23767</Url>
        <Speaker>Richard Owen Roberts</Speaker>
        <Length>27.67Mb</Length>
        <Status>NOT_STARTED</Status>
        <isSermonSelected>false</isSermonSelected>
    </Sermon>
    <Sermon>
        <Title>Something is Wrong - Part 03 of 05</Title>
        <Url>http://www.sermonindex.net/modules/mydownloads/visit.php?lid=23766</Url>
        <Speaker>Richard Owen Roberts</Speaker>
        <Length>17.38Mb</Length>
        <Status>NOT_STARTED</Status>
        <isSermonSelected>false</isSermonSelected>
    </Sermon>
    <Sermon>
        <Title>Something is Wrong - Part 04 of 05</Title>
        <Url>http://www.sermonindex.net/modules/mydownloads/visit.php?lid=23765</Url>
        <Speaker>Richard Owen Roberts</Speaker>
        <Length>16.62Mb</Length>
        <Status>NOT_STARTED</Status>
        <isSermonSelected>false</isSermonSelected>
    </Sermon>
    <Sermon>
        <Title>Something is Wrong - Part 05 of 05</Title>
        <Url>http://www.sermonindex.net/modules/mydownloads/visit.php?lid=23764</Url>
        <Speaker>Richard Owen Roberts</Speaker>
        <Length>11.76Mb</Length>
        <Status>NOT_STARTED</Status>
        <isSermonSelected>false</isSermonSelected>
    </Sermon>
    <Sermon>
        <Title>The God of The Bible - part 1</Title>
        <Url>http://www.sermonindex.net/modules/mydownloads/visit.php?lid=25004</Url>
        <Speaker>Richard Owen Roberts</Speaker>
        <Length>42.01Mb</Length>
        <Status>NOT_STARTED</Status>
        <isSermonSelected>false</isSermonSelected>
    </Sermon>
    <Sermon>
        <Title>The God of The Bible - part 2</Title>
        <Url>http://www.sermonindex.net/modules/mydownloads/visit.php?lid=25005</Url>
        <Speaker>Richard Owen Roberts</Speaker>
        <Length>46.23Mb</Length>
        <Status>NOT_STARTED</Status>
        <isSermonSelected>false</isSermonSelected>
    </Sermon>
    <Sermon>
        <Title>The Holy Spirit in the Believer</Title>
        <Url>http://www.sermonindex.net/modules/mydownloads/visit.php?lid=23757</Url>
        <Speaker>Richard Owen Roberts</Speaker>
        <Length>9.66Mb</Length>
        <Status>NOT_STARTED</Status>
        <isSermonSelected>false</isSermonSelected>
    </Sermon>
    <Sermon>
        <Title>The Source, Appearance and Conduct of Saving Faith</Title>
        <Url>http://www.sermonindex.net/modules/mydownloads/visit.php?lid=7428</Url>
        <Speaker>Richard Owen Roberts</Speaker>
        <Length>18.26Mb</Length>
        <Status>NOT_STARTED</Status>
        <isSermonSelected>false</isSermonSelected>
    </Sermon>
    <Sermon>
        <Title>Three Encouragements</Title>
        <Url>http://www.sermonindex.net/modules/mydownloads/visit.php?lid=25009</Url>
        <Speaker>Richard Owen Roberts</Speaker>
        <Length>40.08Mb</Length>
        <Status>NOT_STARTED</Status>
        <isSermonSelected>false</isSermonSelected>
    </Sermon>
    <Sermon>
        <Title>True and False Conversion</Title>
        <Url>http://www.sermonindex.net/modules/mydownloads/visit.php?lid=23761</Url>
        <Speaker>Richard Owen Roberts</Speaker>
        <Length>8.45Mb</Length>
        <Status>NOT_STARTED</Status>
        <isSermonSelected>false</isSermonSelected>
    </Sermon>
    <Sermon>
        <Title>Twelve Encouragements To Finish Well</Title>
        <Url>http://www.sermonindex.net/modules/mydownloads/visit.php?lid=23607</Url>
        <Speaker>Richard Owen Roberts</Speaker>
        <Length>21.47Mb</Length>
        <Status>NOT_STARTED</Status>
        <isSermonSelected>false</isSermonSelected>
    </Sermon>
    <Sermon>
        <Title>What Is Revival?</Title>
        <Url>http://www.sermonindex.net/modules/mydownloads/visit.php?lid=17594</Url>
        <Speaker>Richard Owen Roberts</Speaker>
        <Length>18.8Mb</Length>
        <Status>NOT_STARTED</Status>
        <isSermonSelected>false</isSermonSelected>
    </Sermon>
</Sermons>
