<?xml version="1.0" encoding="UTF-8" standalone="yes"?>
<Sermons>
    <Sermon>
        <Title>Joel - The Work of the Holy Spirit in You</Title>
        <Url>http://www.sermonindex.net/modules/mydownloads/visit.php?lid=2848</Url>
        <Speaker>Richard A. Bennett</Speaker>
        <Length>13.13Mb</Length>
        <Status>NOT_STARTED</Status>
        <isSermonSelected>false</isSermonSelected>
    </Sermon>
    <Sermon>
        <Title>Unfiegned Faith</Title>
        <Url>http://www.sermonindex.net/modules/mydownloads/visit.php?lid=16747</Url>
        <Speaker>Richard A. Bennett</Speaker>
        <Length>17.34Mb</Length>
        <Status>NOT_STARTED</Status>
        <isSermonSelected>false</isSermonSelected>
    </Sermon>
    <Sermon>
        <Title>Unfiegned Love</Title>
        <Url>http://www.sermonindex.net/modules/mydownloads/visit.php?lid=16746</Url>
        <Speaker>Richard A. Bennett</Speaker>
        <Length>13.74Mb</Length>
        <Status>NOT_STARTED</Status>
        <isSermonSelected>false</isSermonSelected>
    </Sermon>
</Sermons>
