<?xml version="1.0" encoding="UTF-8" standalone="yes"?>
<Sermons>
    <Sermon>
        <Title>Hope Thou In God</Title>
        <Url>http://www.sermonindex.net/modules/mydownloads/visit.php?lid=9686</Url>
        <Speaker>Richard Burson</Speaker>
        <Length>3.52Mb</Length>
        <Status>NOT_STARTED</Status>
        <isSermonSelected>false</isSermonSelected>
    </Sermon>
    <Sermon>
        <Title>Is The Lord Sleeping?</Title>
        <Url>http://www.sermonindex.net/modules/mydownloads/visit.php?lid=9687</Url>
        <Speaker>Richard Burson</Speaker>
        <Length>3.63Mb</Length>
        <Status>NOT_STARTED</Status>
        <isSermonSelected>false</isSermonSelected>
    </Sermon>
</Sermons>
