<?xml version="1.0" encoding="UTF-8" standalone="yes"?>
<Sermons>
    <Sermon>
        <Title>Directions Against Fornication and Uncleanness</Title>
        <Url>http://www.sermonindex.net/modules/mydownloads/visit.php?lid=14746</Url>
        <Speaker>Richard Baxter</Speaker>
        <Length>5.7Mb</Length>
        <Status>NOT_STARTED</Status>
        <isSermonSelected>false</isSermonSelected>
    </Sermon>
    <Sermon>
        <Title>Take Heed to Yourselves</Title>
        <Url>http://www.sermonindex.net/modules/mydownloads/visit.php?lid=14747</Url>
        <Speaker>Richard Baxter</Speaker>
        <Length>3.55Mb</Length>
        <Status>NOT_STARTED</Status>
        <isSermonSelected>false</isSermonSelected>
    </Sermon>
</Sermons>
