<?xml version="1.0" encoding="UTF-8" standalone="yes"?>
<Sermons>
    <Sermon>
        <Title>Alignment of New Evangelicals With Apostasy</Title>
        <Url>http://www.sermonindex.net/modules/mydownloads/visit.php?lid=3260</Url>
        <Speaker>Richard Bennett</Speaker>
        <Length>8.38Mb</Length>
        <Status>NOT_STARTED</Status>
        <isSermonSelected>false</isSermonSelected>
    </Sermon>
    <Sermon>
        <Title>Glory of Christ's Priesthood Contrasted With the Immorality of the RC Priesthood</Title>
        <Url>http://www.sermonindex.net/modules/mydownloads/visit.php?lid=3261</Url>
        <Speaker>Richard Bennett</Speaker>
        <Length>7.23Mb</Length>
        <Status>NOT_STARTED</Status>
        <isSermonSelected>false</isSermonSelected>
    </Sermon>
    <Sermon>
        <Title>The Antichrist Unveiled</Title>
        <Url>http://www.sermonindex.net/modules/mydownloads/visit.php?lid=3259</Url>
        <Speaker>Richard Bennett</Speaker>
        <Length>9.62Mb</Length>
        <Status>NOT_STARTED</Status>
        <isSermonSelected>false</isSermonSelected>
    </Sermon>
</Sermons>
