<?xml version="1.0" encoding="UTF-8" standalone="yes"?>
<Sermons>
    <Sermon>
        <Title>A Little Bit of Egypt</Title>
        <Url>http://www.sermonindex.net/modules/mydownloads/visit.php?lid=10016</Url>
        <Speaker>Robert Wurtz II</Speaker>
        <Length>5.34Mb</Length>
        <Status>NOT_STARTED</Status>
        <isSermonSelected>false</isSermonSelected>
    </Sermon>
    <Sermon>
        <Title>An Introduction to Charles G. Finney</Title>
        <Url>http://www.sermonindex.net/modules/mydownloads/visit.php?lid=4238</Url>
        <Speaker>Robert Wurtz II</Speaker>
        <Length>3.87Mb</Length>
        <Status>NOT_STARTED</Status>
        <isSermonSelected>false</isSermonSelected>
    </Sermon>
    <Sermon>
        <Title>Getting Back to Basics: Fishers of Men</Title>
        <Url>http://www.sermonindex.net/modules/mydownloads/visit.php?lid=3957</Url>
        <Speaker>Robert Wurtz II</Speaker>
        <Length>13.81Mb</Length>
        <Status>NOT_STARTED</Status>
        <isSermonSelected>false</isSermonSelected>
    </Sermon>
    <Sermon>
        <Title>Getting Back to Basics: Genuine Repentance</Title>
        <Url>http://www.sermonindex.net/modules/mydownloads/visit.php?lid=4105</Url>
        <Speaker>Robert Wurtz II</Speaker>
        <Length>17.57Mb</Length>
        <Status>NOT_STARTED</Status>
        <isSermonSelected>false</isSermonSelected>
    </Sermon>
    <Sermon>
        <Title>Getting Back to Basics: Survival of the Revival</Title>
        <Url>http://www.sermonindex.net/modules/mydownloads/visit.php?lid=3956</Url>
        <Speaker>Robert Wurtz II</Speaker>
        <Length>13.1Mb</Length>
        <Status>NOT_STARTED</Status>
        <isSermonSelected>false</isSermonSelected>
    </Sermon>
    <Sermon>
        <Title>Getting Back to Basics: The Love We Had At First</Title>
        <Url>http://www.sermonindex.net/modules/mydownloads/visit.php?lid=3984</Url>
        <Speaker>Robert Wurtz II</Speaker>
        <Length>40.94Mb</Length>
        <Status>NOT_STARTED</Status>
        <isSermonSelected>false</isSermonSelected>
    </Sermon>
    <Sermon>
        <Title>Memoirs of the Revivalist</Title>
        <Url>http://www.sermonindex.net/modules/mydownloads/visit.php?lid=4244</Url>
        <Speaker>Robert Wurtz II</Speaker>
        <Length>4.3Mb</Length>
        <Status>NOT_STARTED</Status>
        <isSermonSelected>false</isSermonSelected>
    </Sermon>
    <Sermon>
        <Title>Overwhelming Conviction</Title>
        <Url>http://www.sermonindex.net/modules/mydownloads/visit.php?lid=4378</Url>
        <Speaker>Robert Wurtz II</Speaker>
        <Length>5.33Mb</Length>
        <Status>NOT_STARTED</Status>
        <isSermonSelected>false</isSermonSelected>
    </Sermon>
    <Sermon>
        <Title>The 7 Myth's of Repentance - Part III</Title>
        <Url>http://www.sermonindex.net/modules/mydownloads/visit.php?lid=4225</Url>
        <Speaker>Robert Wurtz II</Speaker>
        <Length>4.77Mb</Length>
        <Status>NOT_STARTED</Status>
        <isSermonSelected>false</isSermonSelected>
    </Sermon>
    <Sermon>
        <Title>The Conviction We Need</Title>
        <Url>http://www.sermonindex.net/modules/mydownloads/visit.php?lid=4250</Url>
        <Speaker>Robert Wurtz II</Speaker>
        <Length>6.42Mb</Length>
        <Status>NOT_STARTED</Status>
        <isSermonSelected>false</isSermonSelected>
    </Sermon>
    <Sermon>
        <Title>The Dangers Of Irreverence Before God</Title>
        <Url>http://www.sermonindex.net/modules/mydownloads/visit.php?lid=25564</Url>
        <Speaker>Robert Wurtz II</Speaker>
        <Length>13.24Mb</Length>
        <Status>NOT_STARTED</Status>
        <isSermonSelected>false</isSermonSelected>
    </Sermon>
    <Sermon>
        <Title>The Dispensation of the Gospel - Lesson 1</Title>
        <Url>http://www.sermonindex.net/modules/mydownloads/visit.php?lid=6668</Url>
        <Speaker>Robert Wurtz II</Speaker>
        <Length>8.59Mb</Length>
        <Status>NOT_STARTED</Status>
        <isSermonSelected>false</isSermonSelected>
    </Sermon>
    <Sermon>
        <Title>The Dispensation of the Gospel - Lesson 2</Title>
        <Url>http://www.sermonindex.net/modules/mydownloads/visit.php?lid=6685</Url>
        <Speaker>Robert Wurtz II</Speaker>
        <Length>6.88Mb</Length>
        <Status>NOT_STARTED</Status>
        <isSermonSelected>false</isSermonSelected>
    </Sermon>
    <Sermon>
        <Title>The Dispensation of the Gospel - Lesson 3</Title>
        <Url>http://www.sermonindex.net/modules/mydownloads/visit.php?lid=6709</Url>
        <Speaker>Robert Wurtz II</Speaker>
        <Length>8.55Mb</Length>
        <Status>NOT_STARTED</Status>
        <isSermonSelected>false</isSermonSelected>
    </Sermon>
    <Sermon>
        <Title>The Dispensation of the Gospel - Lesson 4</Title>
        <Url>http://www.sermonindex.net/modules/mydownloads/visit.php?lid=6998</Url>
        <Speaker>Robert Wurtz II</Speaker>
        <Length>8.92Mb</Length>
        <Status>NOT_STARTED</Status>
        <isSermonSelected>false</isSermonSelected>
    </Sermon>
    <Sermon>
        <Title>The Life that pleases God</Title>
        <Url>http://www.sermonindex.net/modules/mydownloads/visit.php?lid=7737</Url>
        <Speaker>Robert Wurtz II</Speaker>
        <Length>5.47Mb</Length>
        <Status>NOT_STARTED</Status>
        <isSermonSelected>false</isSermonSelected>
    </Sermon>
    <Sermon>
        <Title>Victory 101</Title>
        <Url>http://www.sermonindex.net/modules/mydownloads/visit.php?lid=4427</Url>
        <Speaker>Robert Wurtz II</Speaker>
        <Length>10.1Mb</Length>
        <Status>NOT_STARTED</Status>
        <isSermonSelected>false</isSermonSelected>
    </Sermon>
</Sermons>
