<?xml version="1.0" encoding="UTF-8" standalone="yes"?>
<Sermons>
    <Sermon>
        <Title>Great Commission Lifestyle - Part 1</Title>
        <Url>http://www.sermonindex.net/modules/mydownloads/visit.php?lid=27493</Url>
        <Speaker>Robert Coleman</Speaker>
        <Length>9.61Mb</Length>
        <Status>NOT_STARTED</Status>
        <isSermonSelected>false</isSermonSelected>
    </Sermon>
    <Sermon>
        <Title>Great Commission Lifestyle - Part 2</Title>
        <Url>http://www.sermonindex.net/modules/mydownloads/visit.php?lid=27494</Url>
        <Speaker>Robert Coleman</Speaker>
        <Length>12.2Mb</Length>
        <Status>NOT_STARTED</Status>
        <isSermonSelected>false</isSermonSelected>
    </Sermon>
    <Sermon>
        <Title>The Coming Harvest</Title>
        <Url>http://www.sermonindex.net/modules/mydownloads/visit.php?lid=21611</Url>
        <Speaker>Robert Coleman</Speaker>
        <Length>9.82Mb</Length>
        <Status>NOT_STARTED</Status>
        <isSermonSelected>false</isSermonSelected>
    </Sermon>
</Sermons>
