<?xml version="1.0" encoding="UTF-8" standalone="yes"?>
<Sermons>
    <Sermon>
        <Title>God Speaking About His Son</Title>
        <Url>http://www.sermonindex.net/modules/mydownloads/visit.php?lid=22190</Url>
        <Speaker>Robert Dowie</Speaker>
        <Length>26.55Mb</Length>
        <Status>NOT_STARTED</Status>
        <isSermonSelected>false</isSermonSelected>
    </Sermon>
    <Sermon>
        <Title>The Church and the Saviour</Title>
        <Url>http://www.sermonindex.net/modules/mydownloads/visit.php?lid=22192</Url>
        <Speaker>Robert Dowie</Speaker>
        <Length>27.11Mb</Length>
        <Status>NOT_STARTED</Status>
        <isSermonSelected>false</isSermonSelected>
    </Sermon>
    <Sermon>
        <Title>The Warning Stated</Title>
        <Url>http://www.sermonindex.net/modules/mydownloads/visit.php?lid=22191</Url>
        <Speaker>Robert Dowie</Speaker>
        <Length>26.73Mb</Length>
        <Status>NOT_STARTED</Status>
        <isSermonSelected>false</isSermonSelected>
    </Sermon>
</Sermons>
