<?xml version="1.0" encoding="UTF-8" standalone="yes"?>
<Sermons>
    <Sermon>
        <Title>Building For Revival</Title>
        <Url>http://www.sermonindex.net/modules/mydownloads/visit.php?lid=19431</Url>
        <Speaker>Robin Wood</Speaker>
        <Length>34Mb</Length>
        <Status>NOT_STARTED</Status>
        <isSermonSelected>false</isSermonSelected>
    </Sermon>
    <Sermon>
        <Title>David And Bathsheba</Title>
        <Url>http://www.sermonindex.net/modules/mydownloads/visit.php?lid=19241</Url>
        <Speaker>Robin Wood</Speaker>
        <Length>38.84Mb</Length>
        <Status>NOT_STARTED</Status>
        <isSermonSelected>false</isSermonSelected>
    </Sermon>
</Sermons>
