<?xml version="1.0" encoding="UTF-8" standalone="yes"?>
<Sermons>
    <Sermon>
        <Title>A Call To Full-Sized Christianity</Title>
        <Url>http://www.sermonindex.net/modules/mydownloads/visit.php?lid=27038</Url>
        <Speaker>Roger Ellsworth</Speaker>
        <Length>14.17Mb</Length>
        <Status>NOT_STARTED</Status>
        <isSermonSelected>false</isSermonSelected>
    </Sermon>
    <Sermon>
        <Title>A Shepherd For The Multitude</Title>
        <Url>http://www.sermonindex.net/modules/mydownloads/visit.php?lid=27049</Url>
        <Speaker>Roger Ellsworth</Speaker>
        <Length>13.62Mb</Length>
        <Status>NOT_STARTED</Status>
        <isSermonSelected>false</isSermonSelected>
    </Sermon>
    <Sermon>
        <Title>Christ As Our King</Title>
        <Url>http://www.sermonindex.net/modules/mydownloads/visit.php?lid=27037</Url>
        <Speaker>Roger Ellsworth</Speaker>
        <Length>14.25Mb</Length>
        <Status>NOT_STARTED</Status>
        <isSermonSelected>false</isSermonSelected>
    </Sermon>
    <Sermon>
        <Title>Christ As Our Priest</Title>
        <Url>http://www.sermonindex.net/modules/mydownloads/visit.php?lid=27040</Url>
        <Speaker>Roger Ellsworth</Speaker>
        <Length>15.25Mb</Length>
        <Status>NOT_STARTED</Status>
        <isSermonSelected>false</isSermonSelected>
    </Sermon>
    <Sermon>
        <Title>Christ As Our Prophet</Title>
        <Url>http://www.sermonindex.net/modules/mydownloads/visit.php?lid=27041</Url>
        <Speaker>Roger Ellsworth</Speaker>
        <Length>14.65Mb</Length>
        <Status>NOT_STARTED</Status>
        <isSermonSelected>false</isSermonSelected>
    </Sermon>
    <Sermon>
        <Title>Christian Growth</Title>
        <Url>http://www.sermonindex.net/modules/mydownloads/visit.php?lid=27043</Url>
        <Speaker>Roger Ellsworth</Speaker>
        <Length>14.52Mb</Length>
        <Status>NOT_STARTED</Status>
        <isSermonSelected>false</isSermonSelected>
    </Sermon>
    <Sermon>
        <Title>Gathered To His People</Title>
        <Url>http://www.sermonindex.net/modules/mydownloads/visit.php?lid=27039</Url>
        <Speaker>Roger Ellsworth</Speaker>
        <Length>14.42Mb</Length>
        <Status>NOT_STARTED</Status>
        <isSermonSelected>false</isSermonSelected>
    </Sermon>
    <Sermon>
        <Title>Satisfied To Do Little When We Should Be Doing Much</Title>
        <Url>http://www.sermonindex.net/modules/mydownloads/visit.php?lid=27042</Url>
        <Speaker>Roger Ellsworth</Speaker>
        <Length>14.49Mb</Length>
        <Status>NOT_STARTED</Status>
        <isSermonSelected>false</isSermonSelected>
    </Sermon>
    <Sermon>
        <Title>Shepherding God's Flock</Title>
        <Url>http://www.sermonindex.net/modules/mydownloads/visit.php?lid=27045</Url>
        <Speaker>Roger Ellsworth</Speaker>
        <Length>14.55Mb</Length>
        <Status>NOT_STARTED</Status>
        <isSermonSelected>false</isSermonSelected>
    </Sermon>
    <Sermon>
        <Title>Spiritual Readiness</Title>
        <Url>http://www.sermonindex.net/modules/mydownloads/visit.php?lid=27046</Url>
        <Speaker>Roger Ellsworth</Speaker>
        <Length>14.78Mb</Length>
        <Status>NOT_STARTED</Status>
        <isSermonSelected>false</isSermonSelected>
    </Sermon>
    <Sermon>
        <Title>The Capstone Set To The Cries Of "Grace! Grace!"</Title>
        <Url>http://www.sermonindex.net/modules/mydownloads/visit.php?lid=27035</Url>
        <Speaker>Roger Ellsworth</Speaker>
        <Length>15.12Mb</Length>
        <Status>NOT_STARTED</Status>
        <isSermonSelected>false</isSermonSelected>
    </Sermon>
    <Sermon>
        <Title>The Challenge To The Church In Chilling Times</Title>
        <Url>http://www.sermonindex.net/modules/mydownloads/visit.php?lid=27048</Url>
        <Speaker>Roger Ellsworth</Speaker>
        <Length>13.61Mb</Length>
        <Status>NOT_STARTED</Status>
        <isSermonSelected>false</isSermonSelected>
    </Sermon>
    <Sermon>
        <Title>The Darkness-Despeller in Darkness</Title>
        <Url>http://www.sermonindex.net/modules/mydownloads/visit.php?lid=11914</Url>
        <Speaker>Roger Ellsworth</Speaker>
        <Length>11.35Mb</Length>
        <Status>NOT_STARTED</Status>
        <isSermonSelected>false</isSermonSelected>
    </Sermon>
    <Sermon>
        <Title>The Power Of The Gospel And The Poison Of The Devil</Title>
        <Url>http://www.sermonindex.net/modules/mydownloads/visit.php?lid=27047</Url>
        <Speaker>Roger Ellsworth</Speaker>
        <Length>14.48Mb</Length>
        <Status>NOT_STARTED</Status>
        <isSermonSelected>false</isSermonSelected>
    </Sermon>
    <Sermon>
        <Title>The Tower Builders And The Name Game</Title>
        <Url>http://www.sermonindex.net/modules/mydownloads/visit.php?lid=27044</Url>
        <Speaker>Roger Ellsworth</Speaker>
        <Length>16.29Mb</Length>
        <Status>NOT_STARTED</Status>
        <isSermonSelected>false</isSermonSelected>
    </Sermon>
    <Sermon>
        <Title>The University Of The Burning Bush</Title>
        <Url>http://www.sermonindex.net/modules/mydownloads/visit.php?lid=27050</Url>
        <Speaker>Roger Ellsworth</Speaker>
        <Length>14.94Mb</Length>
        <Status>NOT_STARTED</Status>
        <isSermonSelected>false</isSermonSelected>
    </Sermon>
    <Sermon>
        <Title>The Ups And Downs Of Faith</Title>
        <Url>http://www.sermonindex.net/modules/mydownloads/visit.php?lid=27036</Url>
        <Speaker>Roger Ellsworth</Speaker>
        <Length>14.27Mb</Length>
        <Status>NOT_STARTED</Status>
        <isSermonSelected>false</isSermonSelected>
    </Sermon>
</Sermons>
