<?xml version="1.0" encoding="UTF-8" standalone="yes"?>
<Sermons>
    <Sermon>
        <Title>(John The Baptist Comes To Town) - Part 1 Preparatory Work</Title>
        <Url>http://www.sermonindex.net/modules/mydownloads/visit.php?lid=16560</Url>
        <Speaker>Rolfe Barnard</Speaker>
        <Length>2.1Mb</Length>
        <Status>NOT_STARTED</Status>
        <isSermonSelected>false</isSermonSelected>
    </Sermon>
    <Sermon>
        <Title>(John The Baptist Comes To Town) - Part 2 Calling Men to Come Clean With God</Title>
        <Url>http://www.sermonindex.net/modules/mydownloads/visit.php?lid=16559</Url>
        <Speaker>Rolfe Barnard</Speaker>
        <Length>2.9Mb</Length>
        <Status>NOT_STARTED</Status>
        <isSermonSelected>false</isSermonSelected>
    </Sermon>
    <Sermon>
        <Title>(John The Baptist Comes To Town) - Part 3 - Sermon That Cost a Preacher His Head</Title>
        <Url>http://www.sermonindex.net/modules/mydownloads/visit.php?lid=16558</Url>
        <Speaker>Rolfe Barnard</Speaker>
        <Length>2.8Mb</Length>
        <Status>NOT_STARTED</Status>
        <isSermonSelected>false</isSermonSelected>
    </Sermon>
    <Sermon>
        <Title>(John The Baptist Comes To Town) - Part 4 Turn or Burn!</Title>
        <Url>http://www.sermonindex.net/modules/mydownloads/visit.php?lid=16557</Url>
        <Speaker>Rolfe Barnard</Speaker>
        <Length>2.9Mb</Length>
        <Status>NOT_STARTED</Status>
        <isSermonSelected>false</isSermonSelected>
    </Sermon>
    <Sermon>
        <Title>6 Things We Face in Preaching the Gospel</Title>
        <Url>http://www.sermonindex.net/modules/mydownloads/visit.php?lid=847</Url>
        <Speaker>Rolfe Barnard</Speaker>
        <Length>4.75Mb</Length>
        <Status>NOT_STARTED</Status>
        <isSermonSelected>false</isSermonSelected>
    </Sermon>
    <Sermon>
        <Title>A Burden for Souls</Title>
        <Url>http://www.sermonindex.net/modules/mydownloads/visit.php?lid=15430</Url>
        <Speaker>Rolfe Barnard</Speaker>
        <Length>6.14Mb</Length>
        <Status>NOT_STARTED</Status>
        <isSermonSelected>false</isSermonSelected>
    </Sermon>
    <Sermon>
        <Title>A Description of God's Preachers I</Title>
        <Url>http://www.sermonindex.net/modules/mydownloads/visit.php?lid=27204</Url>
        <Speaker>Rolfe Barnard</Speaker>
        <Length>20.91Mb</Length>
        <Status>NOT_STARTED</Status>
        <isSermonSelected>false</isSermonSelected>
    </Sermon>
    <Sermon>
        <Title>A Description of God's Preachers II</Title>
        <Url>http://www.sermonindex.net/modules/mydownloads/visit.php?lid=27205</Url>
        <Speaker>Rolfe Barnard</Speaker>
        <Length>19.95Mb</Length>
        <Status>NOT_STARTED</Status>
        <isSermonSelected>false</isSermonSelected>
    </Sermon>
    <Sermon>
        <Title>A God That Keeps Records</Title>
        <Url>http://www.sermonindex.net/modules/mydownloads/visit.php?lid=19746</Url>
        <Speaker>Rolfe Barnard</Speaker>
        <Length>25.74Mb</Length>
        <Status>NOT_STARTED</Status>
        <isSermonSelected>false</isSermonSelected>
    </Sermon>
    <Sermon>
        <Title>A Great Revival is Coming</Title>
        <Url>http://www.sermonindex.net/modules/mydownloads/visit.php?lid=1793</Url>
        <Speaker>Rolfe Barnard</Speaker>
        <Length>5.71Mb</Length>
        <Status>NOT_STARTED</Status>
        <isSermonSelected>false</isSermonSelected>
    </Sermon>
    <Sermon>
        <Title>A Hindrance to God's Mighty Works: Unbelief</Title>
        <Url>http://www.sermonindex.net/modules/mydownloads/visit.php?lid=15427</Url>
        <Speaker>Rolfe Barnard</Speaker>
        <Length>6.82Mb</Length>
        <Status>NOT_STARTED</Status>
        <isSermonSelected>false</isSermonSelected>
    </Sermon>
    <Sermon>
        <Title>A Living Lord</Title>
        <Url>http://www.sermonindex.net/modules/mydownloads/visit.php?lid=27206</Url>
        <Speaker>Rolfe Barnard</Speaker>
        <Length>5.41Mb</Length>
        <Status>NOT_STARTED</Status>
        <isSermonSelected>false</isSermonSelected>
    </Sermon>
    <Sermon>
        <Title>A Look at the Cross</Title>
        <Url>http://www.sermonindex.net/modules/mydownloads/visit.php?lid=27207</Url>
        <Speaker>Rolfe Barnard</Speaker>
        <Length>13.09Mb</Length>
        <Status>NOT_STARTED</Status>
        <isSermonSelected>false</isSermonSelected>
    </Sermon>
    <Sermon>
        <Title>A Man Who Is Known in Hell</Title>
        <Url>http://www.sermonindex.net/modules/mydownloads/visit.php?lid=15437</Url>
        <Speaker>Rolfe Barnard</Speaker>
        <Length>6.94Mb</Length>
        <Status>NOT_STARTED</Status>
        <isSermonSelected>false</isSermonSelected>
    </Sermon>
    <Sermon>
        <Title>A Message on Hell</Title>
        <Url>http://www.sermonindex.net/modules/mydownloads/visit.php?lid=1789</Url>
        <Speaker>Rolfe Barnard</Speaker>
        <Length>5.73Mb</Length>
        <Status>NOT_STARTED</Status>
        <isSermonSelected>false</isSermonSelected>
    </Sermon>
    <Sermon>
        <Title>A Message On The Cross</Title>
        <Url>http://www.sermonindex.net/modules/mydownloads/visit.php?lid=27208</Url>
        <Speaker>Rolfe Barnard</Speaker>
        <Length>24.57Mb</Length>
        <Status>NOT_STARTED</Status>
        <isSermonSelected>false</isSermonSelected>
    </Sermon>
    <Sermon>
        <Title>A Sweetheart Love For Jesus Christ</Title>
        <Url>http://www.sermonindex.net/modules/mydownloads/visit.php?lid=833</Url>
        <Speaker>Rolfe Barnard</Speaker>
        <Length>6.19Mb</Length>
        <Status>NOT_STARTED</Status>
        <isSermonSelected>false</isSermonSelected>
    </Sermon>
    <Sermon>
        <Title>A Thankful People in a Reprobate Age</Title>
        <Url>http://www.sermonindex.net/modules/mydownloads/visit.php?lid=27209</Url>
        <Speaker>Rolfe Barnard</Speaker>
        <Length>23.73Mb</Length>
        <Status>NOT_STARTED</Status>
        <isSermonSelected>false</isSermonSelected>
    </Sermon>
    <Sermon>
        <Title>An Exhortation to Church Members</Title>
        <Url>http://www.sermonindex.net/modules/mydownloads/visit.php?lid=15438</Url>
        <Speaker>Rolfe Barnard</Speaker>
        <Length>4.09Mb</Length>
        <Status>NOT_STARTED</Status>
        <isSermonSelected>false</isSermonSelected>
    </Sermon>
    <Sermon>
        <Title>Anathema Maranatha</Title>
        <Url>http://www.sermonindex.net/modules/mydownloads/visit.php?lid=19726</Url>
        <Speaker>Rolfe Barnard</Speaker>
        <Length>22.09Mb</Length>
        <Status>NOT_STARTED</Status>
        <isSermonSelected>false</isSermonSelected>
    </Sermon>
    <Sermon>
        <Title>Are There Few That Be Saved?</Title>
        <Url>http://www.sermonindex.net/modules/mydownloads/visit.php?lid=827</Url>
        <Speaker>Rolfe Barnard</Speaker>
        <Length>4Mb</Length>
        <Status>NOT_STARTED</Status>
        <isSermonSelected>false</isSermonSelected>
    </Sermon>
    <Sermon>
        <Title>Are You on God's Side?</Title>
        <Url>http://www.sermonindex.net/modules/mydownloads/visit.php?lid=27210</Url>
        <Speaker>Rolfe Barnard</Speaker>
        <Length>18.81Mb</Length>
        <Status>NOT_STARTED</Status>
        <isSermonSelected>false</isSermonSelected>
    </Sermon>
    <Sermon>
        <Title>As The Days Of Noe Were</Title>
        <Url>http://www.sermonindex.net/modules/mydownloads/visit.php?lid=828</Url>
        <Speaker>Rolfe Barnard</Speaker>
        <Length>5.62Mb</Length>
        <Status>NOT_STARTED</Status>
        <isSermonSelected>false</isSermonSelected>
    </Sermon>
    <Sermon>
        <Title>Awakening - Exhorting - Comforting, in Our Apostate Days</Title>
        <Url>http://www.sermonindex.net/modules/mydownloads/visit.php?lid=27211</Url>
        <Speaker>Rolfe Barnard</Speaker>
        <Length>24.63Mb</Length>
        <Status>NOT_STARTED</Status>
        <isSermonSelected>false</isSermonSelected>
    </Sermon>
    <Sermon>
        <Title>Awakening Is From the Lord</Title>
        <Url>http://www.sermonindex.net/modules/mydownloads/visit.php?lid=27212</Url>
        <Speaker>Rolfe Barnard</Speaker>
        <Length>5.38Mb</Length>
        <Status>NOT_STARTED</Status>
        <isSermonSelected>false</isSermonSelected>
    </Sermon>
    <Sermon>
        <Title>Baptized Into The Spirit</Title>
        <Url>http://www.sermonindex.net/modules/mydownloads/visit.php?lid=27213</Url>
        <Speaker>Rolfe Barnard</Speaker>
        <Length>22.82Mb</Length>
        <Status>NOT_STARTED</Status>
        <isSermonSelected>false</isSermonSelected>
    </Sermon>
    <Sermon>
        <Title>Battle Cry of N. T. Church — JESUS IS LORD!</Title>
        <Url>http://www.sermonindex.net/modules/mydownloads/visit.php?lid=27214</Url>
        <Speaker>Rolfe Barnard</Speaker>
        <Length>5.24Mb</Length>
        <Status>NOT_STARTED</Status>
        <isSermonSelected>false</isSermonSelected>
    </Sermon>
    <Sermon>
        <Title>Beholding The Glory of the Lord</Title>
        <Url>http://www.sermonindex.net/modules/mydownloads/visit.php?lid=27215</Url>
        <Speaker>Rolfe Barnard</Speaker>
        <Length>5.66Mb</Length>
        <Status>NOT_STARTED</Status>
        <isSermonSelected>false</isSermonSelected>
    </Sermon>
    <Sermon>
        <Title>Beware of False Prophets</Title>
        <Url>http://www.sermonindex.net/modules/mydownloads/visit.php?lid=27216</Url>
        <Speaker>Rolfe Barnard</Speaker>
        <Length>24.32Mb</Length>
        <Status>NOT_STARTED</Status>
        <isSermonSelected>false</isSermonSelected>
    </Sermon>
    <Sermon>
        <Title>Bible Holiness</Title>
        <Url>http://www.sermonindex.net/modules/mydownloads/visit.php?lid=15411</Url>
        <Speaker>Rolfe Barnard</Speaker>
        <Length>5.84Mb</Length>
        <Status>NOT_STARTED</Status>
        <isSermonSelected>false</isSermonSelected>
    </Sermon>
    <Sermon>
        <Title>Bloody Hands</Title>
        <Url>http://www.sermonindex.net/modules/mydownloads/visit.php?lid=27220</Url>
        <Speaker>Rolfe Barnard</Speaker>
        <Length>4.2Mb</Length>
        <Status>NOT_STARTED</Status>
        <isSermonSelected>false</isSermonSelected>
    </Sermon>
    <Sermon>
        <Title>Casting Pearls Before Swine</Title>
        <Url>http://www.sermonindex.net/modules/mydownloads/visit.php?lid=1804</Url>
        <Speaker>Rolfe Barnard</Speaker>
        <Length>6.44Mb</Length>
        <Status>NOT_STARTED</Status>
        <isSermonSelected>false</isSermonSelected>
    </Sermon>
    <Sermon>
        <Title>Christ Came to Seek and Save</Title>
        <Url>http://www.sermonindex.net/modules/mydownloads/visit.php?lid=1788</Url>
        <Speaker>Rolfe Barnard</Speaker>
        <Length>4.87Mb</Length>
        <Status>NOT_STARTED</Status>
        <isSermonSelected>false</isSermonSelected>
    </Sermon>
    <Sermon>
        <Title>Christ Could Not Do Mighty Works</Title>
        <Url>http://www.sermonindex.net/modules/mydownloads/visit.php?lid=27221</Url>
        <Speaker>Rolfe Barnard</Speaker>
        <Length>26.41Mb</Length>
        <Status>NOT_STARTED</Status>
        <isSermonSelected>false</isSermonSelected>
    </Sermon>
    <Sermon>
        <Title>Christ is Lord of Dead and Living</Title>
        <Url>http://www.sermonindex.net/modules/mydownloads/visit.php?lid=26419</Url>
        <Speaker>Rolfe Barnard</Speaker>
        <Length>24.1Mb</Length>
        <Status>NOT_STARTED</Status>
        <isSermonSelected>false</isSermonSelected>
    </Sermon>
    <Sermon>
        <Title>Christ On The Throne</Title>
        <Url>http://www.sermonindex.net/modules/mydownloads/visit.php?lid=27222</Url>
        <Speaker>Rolfe Barnard</Speaker>
        <Length>24.06Mb</Length>
        <Status>NOT_STARTED</Status>
        <isSermonSelected>false</isSermonSelected>
    </Sermon>
    <Sermon>
        <Title>Christ The Lord</Title>
        <Url>http://www.sermonindex.net/modules/mydownloads/visit.php?lid=1795</Url>
        <Speaker>Rolfe Barnard</Speaker>
        <Length>5.8Mb</Length>
        <Status>NOT_STARTED</Status>
        <isSermonSelected>false</isSermonSelected>
    </Sermon>
    <Sermon>
        <Title>Christ's Death as Preached by the Early Church</Title>
        <Url>http://www.sermonindex.net/modules/mydownloads/visit.php?lid=27228</Url>
        <Speaker>Rolfe Barnard</Speaker>
        <Length>12.97Mb</Length>
        <Status>NOT_STARTED</Status>
        <isSermonSelected>false</isSermonSelected>
    </Sermon>
    <Sermon>
        <Title>CHRIST, God Manifest in the Flesh, Died for Sinners</Title>
        <Url>http://www.sermonindex.net/modules/mydownloads/visit.php?lid=27223</Url>
        <Speaker>Rolfe Barnard</Speaker>
        <Length>24.44Mb</Length>
        <Status>NOT_STARTED</Status>
        <isSermonSelected>false</isSermonSelected>
    </Sermon>
    <Sermon>
        <Title>Christ, The Demander</Title>
        <Url>http://www.sermonindex.net/modules/mydownloads/visit.php?lid=19744</Url>
        <Speaker>Rolfe Barnard</Speaker>
        <Length>5.69Mb</Length>
        <Status>NOT_STARTED</Status>
        <isSermonSelected>false</isSermonSelected>
    </Sermon>
    <Sermon>
        <Title>Christian Hope: A Great Revival Is Coming</Title>
        <Url>http://www.sermonindex.net/modules/mydownloads/visit.php?lid=27224</Url>
        <Speaker>Rolfe Barnard</Speaker>
        <Length>5.54Mb</Length>
        <Status>NOT_STARTED</Status>
        <isSermonSelected>false</isSermonSelected>
    </Sermon>
    <Sermon>
        <Title>Christian Hope: The Real Nature</Title>
        <Url>http://www.sermonindex.net/modules/mydownloads/visit.php?lid=27225</Url>
        <Speaker>Rolfe Barnard</Speaker>
        <Length>4.15Mb</Length>
        <Status>NOT_STARTED</Status>
        <isSermonSelected>false</isSermonSelected>
    </Sermon>
    <Sermon>
        <Title>Christian Hope: Warning From God's Word</Title>
        <Url>http://www.sermonindex.net/modules/mydownloads/visit.php?lid=27226</Url>
        <Speaker>Rolfe Barnard</Speaker>
        <Length>4.57Mb</Length>
        <Status>NOT_STARTED</Status>
        <isSermonSelected>false</isSermonSelected>
    </Sermon>
    <Sermon>
        <Title>Christmas and the Shed Blood</Title>
        <Url>http://www.sermonindex.net/modules/mydownloads/visit.php?lid=27227</Url>
        <Speaker>Rolfe Barnard</Speaker>
        <Length>11.53Mb</Length>
        <Status>NOT_STARTED</Status>
        <isSermonSelected>false</isSermonSelected>
    </Sermon>
    <Sermon>
        <Title>Claims Of The Lord Jesus</Title>
        <Url>http://www.sermonindex.net/modules/mydownloads/visit.php?lid=19324</Url>
        <Speaker>Rolfe Barnard</Speaker>
        <Length>23.63Mb</Length>
        <Status>NOT_STARTED</Status>
        <isSermonSelected>false</isSermonSelected>
    </Sermon>
    <Sermon>
        <Title>Dead Men Tell No Tales</Title>
        <Url>http://www.sermonindex.net/modules/mydownloads/visit.php?lid=15407</Url>
        <Speaker>Rolfe Barnard</Speaker>
        <Length>7.06Mb</Length>
        <Status>NOT_STARTED</Status>
        <isSermonSelected>false</isSermonSelected>
    </Sermon>
    <Sermon>
        <Title>Dead Orthodoxy and How God Brings Men To Salvation</Title>
        <Url>http://www.sermonindex.net/modules/mydownloads/visit.php?lid=15441</Url>
        <Speaker>Rolfe Barnard</Speaker>
        <Length>6.66Mb</Length>
        <Status>NOT_STARTED</Status>
        <isSermonSelected>false</isSermonSelected>
    </Sermon>
    <Sermon>
        <Title>Death</Title>
        <Url>http://www.sermonindex.net/modules/mydownloads/visit.php?lid=27203</Url>
        <Speaker>Rolfe Barnard</Speaker>
        <Length>6.15Mb</Length>
        <Status>NOT_STARTED</Status>
        <isSermonSelected>false</isSermonSelected>
    </Sermon>
    <Sermon>
        <Title>Death, And After This, The Judgment</Title>
        <Url>http://www.sermonindex.net/modules/mydownloads/visit.php?lid=17130</Url>
        <Speaker>Rolfe Barnard</Speaker>
        <Length>6.23Mb</Length>
        <Status>NOT_STARTED</Status>
        <isSermonSelected>false</isSermonSelected>
    </Sermon>
    <Sermon>
        <Title>Depravity - I</Title>
        <Url>http://www.sermonindex.net/modules/mydownloads/visit.php?lid=27229</Url>
        <Speaker>Rolfe Barnard</Speaker>
        <Length>11.48Mb</Length>
        <Status>NOT_STARTED</Status>
        <isSermonSelected>false</isSermonSelected>
    </Sermon>
    <Sermon>
        <Title>Depravity - II</Title>
        <Url>http://www.sermonindex.net/modules/mydownloads/visit.php?lid=27230</Url>
        <Speaker>Rolfe Barnard</Speaker>
        <Length>6.68Mb</Length>
        <Status>NOT_STARTED</Status>
        <isSermonSelected>false</isSermonSelected>
    </Sermon>
    <Sermon>
        <Title>Do You Know God?</Title>
        <Url>http://www.sermonindex.net/modules/mydownloads/visit.php?lid=15396</Url>
        <Speaker>Rolfe Barnard</Speaker>
        <Length>7.16Mb</Length>
        <Status>NOT_STARTED</Status>
        <isSermonSelected>false</isSermonSelected>
    </Sermon>
    <Sermon>
        <Title>Do You Know God? Have You Put Away Your Idols?</Title>
        <Url>http://www.sermonindex.net/modules/mydownloads/visit.php?lid=17129</Url>
        <Speaker>Rolfe Barnard</Speaker>
        <Length>6.75Mb</Length>
        <Status>NOT_STARTED</Status>
        <isSermonSelected>false</isSermonSelected>
    </Sermon>
    <Sermon>
        <Title>Do You Want to be Like Christ?</Title>
        <Url>http://www.sermonindex.net/modules/mydownloads/visit.php?lid=27231</Url>
        <Speaker>Rolfe Barnard</Speaker>
        <Length>18.59Mb</Length>
        <Status>NOT_STARTED</Status>
        <isSermonSelected>false</isSermonSelected>
    </Sermon>
    <Sermon>
        <Title>Doctrine of Election &amp; Man's Free Will</Title>
        <Url>http://www.sermonindex.net/modules/mydownloads/visit.php?lid=1796</Url>
        <Speaker>Rolfe Barnard</Speaker>
        <Length>5.15Mb</Length>
        <Status>NOT_STARTED</Status>
        <isSermonSelected>false</isSermonSelected>
    </Sermon>
    <Sermon>
        <Title>Does This Offend You?</Title>
        <Url>http://www.sermonindex.net/modules/mydownloads/visit.php?lid=1787</Url>
        <Speaker>Rolfe Barnard</Speaker>
        <Length>2.42Mb</Length>
        <Status>NOT_STARTED</Status>
        <isSermonSelected>false</isSermonSelected>
    </Sermon>
    <Sermon>
        <Title>Enter In The Strait Gate</Title>
        <Url>http://www.sermonindex.net/modules/mydownloads/visit.php?lid=19325</Url>
        <Speaker>Rolfe Barnard</Speaker>
        <Length>23.1Mb</Length>
        <Status>NOT_STARTED</Status>
        <isSermonSelected>false</isSermonSelected>
    </Sermon>
    <Sermon>
        <Title>Examining Your Motives</Title>
        <Url>http://www.sermonindex.net/modules/mydownloads/visit.php?lid=27232</Url>
        <Speaker>Rolfe Barnard</Speaker>
        <Length>4.51Mb</Length>
        <Status>NOT_STARTED</Status>
        <isSermonSelected>false</isSermonSelected>
    </Sermon>
    <Sermon>
        <Title>Exhortation To Become Involved</Title>
        <Url>http://www.sermonindex.net/modules/mydownloads/visit.php?lid=27233</Url>
        <Speaker>Rolfe Barnard</Speaker>
        <Length>5.09Mb</Length>
        <Status>NOT_STARTED</Status>
        <isSermonSelected>false</isSermonSelected>
    </Sermon>
    <Sermon>
        <Title>Facing Reprobates with Their Destiny</Title>
        <Url>http://www.sermonindex.net/modules/mydownloads/visit.php?lid=15431</Url>
        <Speaker>Rolfe Barnard</Speaker>
        <Length>5.22Mb</Length>
        <Status>NOT_STARTED</Status>
        <isSermonSelected>false</isSermonSelected>
    </Sermon>
    <Sermon>
        <Title>False Refuge</Title>
        <Url>http://www.sermonindex.net/modules/mydownloads/visit.php?lid=27234</Url>
        <Speaker>Rolfe Barnard</Speaker>
        <Length>5.46Mb</Length>
        <Status>NOT_STARTED</Status>
        <isSermonSelected>false</isSermonSelected>
    </Sermon>
    <Sermon>
        <Title>Five Marks of a False Prophet</Title>
        <Url>http://www.sermonindex.net/modules/mydownloads/visit.php?lid=27235</Url>
        <Speaker>Rolfe Barnard</Speaker>
        <Length>22.95Mb</Length>
        <Status>NOT_STARTED</Status>
        <isSermonSelected>false</isSermonSelected>
    </Sermon>
    <Sermon>
        <Title>Four Blessed Truths of Ministry</Title>
        <Url>http://www.sermonindex.net/modules/mydownloads/visit.php?lid=27236</Url>
        <Speaker>Rolfe Barnard</Speaker>
        <Length>19.59Mb</Length>
        <Status>NOT_STARTED</Status>
        <isSermonSelected>false</isSermonSelected>
    </Sermon>
    <Sermon>
        <Title>Four Proofs of the Utter Severity of God's Holy Law</Title>
        <Url>http://www.sermonindex.net/modules/mydownloads/visit.php?lid=15404</Url>
        <Speaker>Rolfe Barnard</Speaker>
        <Length>6.7Mb</Length>
        <Status>NOT_STARTED</Status>
        <isSermonSelected>false</isSermonSelected>
    </Sermon>
    <Sermon>
        <Title>Four Things This Generation Must Hear</Title>
        <Url>http://www.sermonindex.net/modules/mydownloads/visit.php?lid=27237</Url>
        <Speaker>Rolfe Barnard</Speaker>
        <Length>5.45Mb</Length>
        <Status>NOT_STARTED</Status>
        <isSermonSelected>false</isSermonSelected>
    </Sermon>
    <Sermon>
        <Title>Funeral Service</Title>
        <Url>http://www.sermonindex.net/modules/mydownloads/visit.php?lid=26411</Url>
        <Speaker>Rolfe Barnard</Speaker>
        <Length>23.14Mb</Length>
        <Status>NOT_STARTED</Status>
        <isSermonSelected>false</isSermonSelected>
    </Sermon>
    <Sermon>
        <Title>Gift Of Eternal Life</Title>
        <Url>http://www.sermonindex.net/modules/mydownloads/visit.php?lid=19705</Url>
        <Speaker>Rolfe Barnard</Speaker>
        <Length>9.13Mb</Length>
        <Status>NOT_STARTED</Status>
        <isSermonSelected>false</isSermonSelected>
    </Sermon>
    <Sermon>
        <Title>Give Yourself to Jesus</Title>
        <Url>http://www.sermonindex.net/modules/mydownloads/visit.php?lid=18800</Url>
        <Speaker>Rolfe Barnard</Speaker>
        <Length>8.93Mb</Length>
        <Status>NOT_STARTED</Status>
        <isSermonSelected>false</isSermonSelected>
    </Sermon>
    <Sermon>
        <Title>Giving His Invitation</Title>
        <Url>http://www.sermonindex.net/modules/mydownloads/visit.php?lid=27283</Url>
        <Speaker>Rolfe Barnard</Speaker>
        <Length>13.86Mb</Length>
        <Status>NOT_STARTED</Status>
        <isSermonSelected>false</isSermonSelected>
    </Sermon>
    <Sermon>
        <Title>Glorying in the Cross</Title>
        <Url>http://www.sermonindex.net/modules/mydownloads/visit.php?lid=27284</Url>
        <Speaker>Rolfe Barnard</Speaker>
        <Length>24.88Mb</Length>
        <Status>NOT_STARTED</Status>
        <isSermonSelected>false</isSermonSelected>
    </Sermon>
    <Sermon>
        <Title>Go In His Authority</Title>
        <Url>http://www.sermonindex.net/modules/mydownloads/visit.php?lid=27285</Url>
        <Speaker>Rolfe Barnard</Speaker>
        <Length>26.26Mb</Length>
        <Status>NOT_STARTED</Status>
        <isSermonSelected>false</isSermonSelected>
    </Sermon>
    <Sermon>
        <Title>GOD Commands Men to Repent</Title>
        <Url>http://www.sermonindex.net/modules/mydownloads/visit.php?lid=27286</Url>
        <Speaker>Rolfe Barnard</Speaker>
        <Length>24.87Mb</Length>
        <Status>NOT_STARTED</Status>
        <isSermonSelected>false</isSermonSelected>
    </Sermon>
    <Sermon>
        <Title>God Confirming His Word</Title>
        <Url>http://www.sermonindex.net/modules/mydownloads/visit.php?lid=19707</Url>
        <Speaker>Rolfe Barnard</Speaker>
        <Length>6.47Mb</Length>
        <Status>NOT_STARTED</Status>
        <isSermonSelected>false</isSermonSelected>
    </Sermon>
    <Sermon>
        <Title>God Is Without Any Darkness Within Him</Title>
        <Url>http://www.sermonindex.net/modules/mydownloads/visit.php?lid=855</Url>
        <Speaker>Rolfe Barnard</Speaker>
        <Length>6.34Mb</Length>
        <Status>NOT_STARTED</Status>
        <isSermonSelected>false</isSermonSelected>
    </Sermon>
    <Sermon>
        <Title>God Manifested In The Flesh</Title>
        <Url>http://www.sermonindex.net/modules/mydownloads/visit.php?lid=27287</Url>
        <Speaker>Rolfe Barnard</Speaker>
        <Length>16.34Mb</Length>
        <Status>NOT_STARTED</Status>
        <isSermonSelected>false</isSermonSelected>
    </Sermon>
    <Sermon>
        <Title>God of the Bible vs. the 'God' of Today</Title>
        <Url>http://www.sermonindex.net/modules/mydownloads/visit.php?lid=27288</Url>
        <Speaker>Rolfe Barnard</Speaker>
        <Length>30.57Mb</Length>
        <Status>NOT_STARTED</Status>
        <isSermonSelected>false</isSermonSelected>
    </Sermon>
    <Sermon>
        <Title>God Saves Lost People</Title>
        <Url>http://www.sermonindex.net/modules/mydownloads/visit.php?lid=1785</Url>
        <Speaker>Rolfe Barnard</Speaker>
        <Length>6.95Mb</Length>
        <Status>NOT_STARTED</Status>
        <isSermonSelected>false</isSermonSelected>
    </Sermon>
    <Sermon>
        <Title>God Uses Earthen Vessels</Title>
        <Url>http://www.sermonindex.net/modules/mydownloads/visit.php?lid=15423</Url>
        <Speaker>Rolfe Barnard</Speaker>
        <Length>7.08Mb</Length>
        <Status>NOT_STARTED</Status>
        <isSermonSelected>false</isSermonSelected>
    </Sermon>
    <Sermon>
        <Title>God's Bloodhound</Title>
        <Url>http://www.sermonindex.net/modules/mydownloads/visit.php?lid=15385</Url>
        <Speaker>Rolfe Barnard</Speaker>
        <Length>5.21Mb</Length>
        <Status>NOT_STARTED</Status>
        <isSermonSelected>false</isSermonSelected>
    </Sermon>
    <Sermon>
        <Title>God's Call</Title>
        <Url>http://www.sermonindex.net/modules/mydownloads/visit.php?lid=15400</Url>
        <Speaker>Rolfe Barnard</Speaker>
        <Length>6.2Mb</Length>
        <Status>NOT_STARTED</Status>
        <isSermonSelected>false</isSermonSelected>
    </Sermon>
    <Sermon>
        <Title>God's Call In Electing Grace</Title>
        <Url>http://www.sermonindex.net/modules/mydownloads/visit.php?lid=848</Url>
        <Speaker>Rolfe Barnard</Speaker>
        <Length>4.28Mb</Length>
        <Status>NOT_STARTED</Status>
        <isSermonSelected>false</isSermonSelected>
    </Sermon>
    <Sermon>
        <Title>God's Decision vs Man's Decision</Title>
        <Url>http://www.sermonindex.net/modules/mydownloads/visit.php?lid=1794</Url>
        <Speaker>Rolfe Barnard</Speaker>
        <Length>4.69Mb</Length>
        <Status>NOT_STARTED</Status>
        <isSermonSelected>false</isSermonSelected>
    </Sermon>
    <Sermon>
        <Title>God's Glory And Our Motives</Title>
        <Url>http://www.sermonindex.net/modules/mydownloads/visit.php?lid=19718</Url>
        <Speaker>Rolfe Barnard</Speaker>
        <Length>5.72Mb</Length>
        <Status>NOT_STARTED</Status>
        <isSermonSelected>false</isSermonSelected>
    </Sermon>
    <Sermon>
        <Title>God's Great Demander</Title>
        <Url>http://www.sermonindex.net/modules/mydownloads/visit.php?lid=27289</Url>
        <Speaker>Rolfe Barnard</Speaker>
        <Length>5.43Mb</Length>
        <Status>NOT_STARTED</Status>
        <isSermonSelected>false</isSermonSelected>
    </Sermon>
    <Sermon>
        <Title>God's Last Call</Title>
        <Url>http://www.sermonindex.net/modules/mydownloads/visit.php?lid=27290</Url>
        <Speaker>Rolfe Barnard</Speaker>
        <Length>22.26Mb</Length>
        <Status>NOT_STARTED</Status>
        <isSermonSelected>false</isSermonSelected>
    </Sermon>
    <Sermon>
        <Title>God's Rejection - Reprobation</Title>
        <Url>http://www.sermonindex.net/modules/mydownloads/visit.php?lid=26417</Url>
        <Speaker>Rolfe Barnard</Speaker>
        <Length>21.48Mb</Length>
        <Status>NOT_STARTED</Status>
        <isSermonSelected>false</isSermonSelected>
    </Sermon>
    <Sermon>
        <Title>God's Saving Mercy</Title>
        <Url>http://www.sermonindex.net/modules/mydownloads/visit.php?lid=27291</Url>
        <Speaker>Rolfe Barnard</Speaker>
        <Length>23.89Mb</Length>
        <Status>NOT_STARTED</Status>
        <isSermonSelected>false</isSermonSelected>
    </Sermon>
    <Sermon>
        <Title>God's Sovereignty &amp; God's Glory</Title>
        <Url>http://www.sermonindex.net/modules/mydownloads/visit.php?lid=15388</Url>
        <Speaker>Rolfe Barnard</Speaker>
        <Length>6.31Mb</Length>
        <Status>NOT_STARTED</Status>
        <isSermonSelected>false</isSermonSelected>
    </Sermon>
    <Sermon>
        <Title>God's Will In Electing Grace</Title>
        <Url>http://www.sermonindex.net/modules/mydownloads/visit.php?lid=1786</Url>
        <Speaker>Rolfe Barnard</Speaker>
        <Length>5.11Mb</Length>
        <Status>NOT_STARTED</Status>
        <isSermonSelected>false</isSermonSelected>
    </Sermon>
    <Sermon>
        <Title>Going to Hell in Droves – One of Barnard's earliest recordings!</Title>
        <Url>http://www.sermonindex.net/modules/mydownloads/visit.php?lid=27292</Url>
        <Speaker>Rolfe Barnard</Speaker>
        <Length>22.55Mb</Length>
        <Status>NOT_STARTED</Status>
        <isSermonSelected>false</isSermonSelected>
    </Sermon>
    <Sermon>
        <Title>Have You Touched the Lord Jesus in Faith?</Title>
        <Url>http://www.sermonindex.net/modules/mydownloads/visit.php?lid=15428</Url>
        <Speaker>Rolfe Barnard</Speaker>
        <Length>5.11Mb</Length>
        <Status>NOT_STARTED</Status>
        <isSermonSelected>false</isSermonSelected>
    </Sermon>
    <Sermon>
        <Title>He Could Do No Mighty Works Because of Unbelief</Title>
        <Url>http://www.sermonindex.net/modules/mydownloads/visit.php?lid=27293</Url>
        <Speaker>Rolfe Barnard</Speaker>
        <Length>24.96Mb</Length>
        <Status>NOT_STARTED</Status>
        <isSermonSelected>false</isSermonSelected>
    </Sermon>
    <Sermon>
        <Title>He That Being Often Reproved</Title>
        <Url>http://www.sermonindex.net/modules/mydownloads/visit.php?lid=19328</Url>
        <Speaker>Rolfe Barnard</Speaker>
        <Length>23.38Mb</Length>
        <Status>NOT_STARTED</Status>
        <isSermonSelected>false</isSermonSelected>
    </Sermon>
    <Sermon>
        <Title>Hell</Title>
        <Url>http://www.sermonindex.net/modules/mydownloads/visit.php?lid=15429</Url>
        <Speaker>Rolfe Barnard</Speaker>
        <Length>7.15Mb</Length>
        <Status>NOT_STARTED</Status>
        <isSermonSelected>false</isSermonSelected>
    </Sermon>
    <Sermon>
        <Title>Hell's Message to a No-Hell Generation</Title>
        <Url>http://www.sermonindex.net/modules/mydownloads/visit.php?lid=26420</Url>
        <Speaker>Rolfe Barnard</Speaker>
        <Length>16.42Mb</Length>
        <Status>NOT_STARTED</Status>
        <isSermonSelected>false</isSermonSelected>
    </Sermon>
    <Sermon>
        <Title>Ho, Everyone that Thirsteth</Title>
        <Url>http://www.sermonindex.net/modules/mydownloads/visit.php?lid=15418</Url>
        <Speaker>Rolfe Barnard</Speaker>
        <Length>6.21Mb</Length>
        <Status>NOT_STARTED</Status>
        <isSermonSelected>false</isSermonSelected>
    </Sermon>
    <Sermon>
        <Title>Holiness is of the Lord</Title>
        <Url>http://www.sermonindex.net/modules/mydownloads/visit.php?lid=27294</Url>
        <Speaker>Rolfe Barnard</Speaker>
        <Length>5.27Mb</Length>
        <Status>NOT_STARTED</Status>
        <isSermonSelected>false</isSermonSelected>
    </Sermon>
    <Sermon>
        <Title>Honest People Will Not Go to Hell</Title>
        <Url>http://www.sermonindex.net/modules/mydownloads/visit.php?lid=27352</Url>
        <Speaker>Rolfe Barnard</Speaker>
        <Length>18.48Mb</Length>
        <Status>NOT_STARTED</Status>
        <isSermonSelected>false</isSermonSelected>
    </Sermon>
    <Sermon>
        <Title>How Almighty God Brings Sinners to Himself</Title>
        <Url>http://www.sermonindex.net/modules/mydownloads/visit.php?lid=27353</Url>
        <Speaker>Rolfe Barnard</Speaker>
        <Length>4.86Mb</Length>
        <Status>NOT_STARTED</Status>
        <isSermonSelected>false</isSermonSelected>
    </Sermon>
    <Sermon>
        <Title>How Can a Man Know that He Is Saved?</Title>
        <Url>http://www.sermonindex.net/modules/mydownloads/visit.php?lid=27354</Url>
        <Speaker>Rolfe Barnard</Speaker>
        <Length>24.05Mb</Length>
        <Status>NOT_STARTED</Status>
        <isSermonSelected>false</isSermonSelected>
    </Sermon>
    <Sermon>
        <Title>How Can A Sinner Come to Christ?</Title>
        <Url>http://www.sermonindex.net/modules/mydownloads/visit.php?lid=15408</Url>
        <Speaker>Rolfe Barnard</Speaker>
        <Length>6.12Mb</Length>
        <Status>NOT_STARTED</Status>
        <isSermonSelected>false</isSermonSelected>
    </Sermon>
    <Sermon>
        <Title>How Can I Know Christ Died for Me?</Title>
        <Url>http://www.sermonindex.net/modules/mydownloads/visit.php?lid=27355</Url>
        <Speaker>Rolfe Barnard</Speaker>
        <Length>6.75Mb</Length>
        <Status>NOT_STARTED</Status>
        <isSermonSelected>false</isSermonSelected>
    </Sermon>
    <Sermon>
        <Title>How Christ Revealed Himself at Pentecost</Title>
        <Url>http://www.sermonindex.net/modules/mydownloads/visit.php?lid=27356</Url>
        <Speaker>Rolfe Barnard</Speaker>
        <Length>18.82Mb</Length>
        <Status>NOT_STARTED</Status>
        <isSermonSelected>false</isSermonSelected>
    </Sermon>
    <Sermon>
        <Title>How Do You Measure Up?</Title>
        <Url>http://www.sermonindex.net/modules/mydownloads/visit.php?lid=19745</Url>
        <Speaker>Rolfe Barnard</Speaker>
        <Length>20.58Mb</Length>
        <Status>NOT_STARTED</Status>
        <isSermonSelected>false</isSermonSelected>
    </Sermon>
    <Sermon>
        <Title>How God Brings Men To Salvation</Title>
        <Url>http://www.sermonindex.net/modules/mydownloads/visit.php?lid=851</Url>
        <Speaker>Rolfe Barnard</Speaker>
        <Length>6.56Mb</Length>
        <Status>NOT_STARTED</Status>
        <isSermonSelected>false</isSermonSelected>
    </Sermon>
    <Sermon>
        <Title>How God Gets Men Lost</Title>
        <Url>http://www.sermonindex.net/modules/mydownloads/visit.php?lid=1798</Url>
        <Speaker>Rolfe Barnard</Speaker>
        <Length>5.87Mb</Length>
        <Status>NOT_STARTED</Status>
        <isSermonSelected>false</isSermonSelected>
    </Sermon>
    <Sermon>
        <Title>How God Gets Men Lost Saved</Title>
        <Url>http://www.sermonindex.net/modules/mydownloads/visit.php?lid=19712</Url>
        <Speaker>Rolfe Barnard</Speaker>
        <Length>6.06Mb</Length>
        <Status>NOT_STARTED</Status>
        <isSermonSelected>false</isSermonSelected>
    </Sermon>
    <Sermon>
        <Title>How God Saved Me From Infidelity</Title>
        <Url>http://www.sermonindex.net/modules/mydownloads/visit.php?lid=15436</Url>
        <Speaker>Rolfe Barnard</Speaker>
        <Length>6.75Mb</Length>
        <Status>NOT_STARTED</Status>
        <isSermonSelected>false</isSermonSelected>
    </Sermon>
    <Sermon>
        <Title>How To Come Savingly To Christ</Title>
        <Url>http://www.sermonindex.net/modules/mydownloads/visit.php?lid=19725</Url>
        <Speaker>Rolfe Barnard</Speaker>
        <Length>5.46Mb</Length>
        <Status>NOT_STARTED</Status>
        <isSermonSelected>false</isSermonSelected>
    </Sermon>
    <Sermon>
        <Title>How To Prepare Your Heart For The Word</Title>
        <Url>http://www.sermonindex.net/modules/mydownloads/visit.php?lid=1805</Url>
        <Speaker>Rolfe Barnard</Speaker>
        <Length>5.4Mb</Length>
        <Status>NOT_STARTED</Status>
        <isSermonSelected>false</isSermonSelected>
    </Sermon>
    <Sermon>
        <Title>How Zaccheaus Got Saved</Title>
        <Url>http://www.sermonindex.net/modules/mydownloads/visit.php?lid=19728</Url>
        <Speaker>Rolfe Barnard</Speaker>
        <Length>4.84Mb</Length>
        <Status>NOT_STARTED</Status>
        <isSermonSelected>false</isSermonSelected>
    </Sermon>
    <Sermon>
        <Title>If Any Man Love Not the Lord</Title>
        <Url>http://www.sermonindex.net/modules/mydownloads/visit.php?lid=15397</Url>
        <Speaker>Rolfe Barnard</Speaker>
        <Length>4.61Mb</Length>
        <Status>NOT_STARTED</Status>
        <isSermonSelected>false</isSermonSelected>
    </Sermon>
    <Sermon>
        <Title>If the Foundations Be Destroyed</Title>
        <Url>http://www.sermonindex.net/modules/mydownloads/visit.php?lid=15405</Url>
        <Speaker>Rolfe Barnard</Speaker>
        <Length>6.7Mb</Length>
        <Status>NOT_STARTED</Status>
        <isSermonSelected>false</isSermonSelected>
    </Sermon>
    <Sermon>
        <Title>If the Trumpet Shall Sound</Title>
        <Url>http://www.sermonindex.net/modules/mydownloads/visit.php?lid=15406</Url>
        <Speaker>Rolfe Barnard</Speaker>
        <Length>6.22Mb</Length>
        <Status>NOT_STARTED</Status>
        <isSermonSelected>false</isSermonSelected>
    </Sermon>
    <Sermon>
        <Title>If You Love Me, Keep My Commandments</Title>
        <Url>http://www.sermonindex.net/modules/mydownloads/visit.php?lid=15415</Url>
        <Speaker>Rolfe Barnard</Speaker>
        <Length>5.95Mb</Length>
        <Status>NOT_STARTED</Status>
        <isSermonSelected>false</isSermonSelected>
    </Sermon>
    <Sermon>
        <Title>Is Your God Dead?</Title>
        <Url>http://www.sermonindex.net/modules/mydownloads/visit.php?lid=15422</Url>
        <Speaker>Rolfe Barnard</Speaker>
        <Length>5.25Mb</Length>
        <Status>NOT_STARTED</Status>
        <isSermonSelected>false</isSermonSelected>
    </Sermon>
    <Sermon>
        <Title>Issues Involved in Preaching Grace</Title>
        <Url>http://www.sermonindex.net/modules/mydownloads/visit.php?lid=852</Url>
        <Speaker>Rolfe Barnard</Speaker>
        <Length>6.89Mb</Length>
        <Status>NOT_STARTED</Status>
        <isSermonSelected>false</isSermonSelected>
    </Sermon>
    <Sermon>
        <Title>Judgment for This Generation</Title>
        <Url>http://www.sermonindex.net/modules/mydownloads/visit.php?lid=15386</Url>
        <Speaker>Rolfe Barnard</Speaker>
        <Length>3.51Mb</Length>
        <Status>NOT_STARTED</Status>
        <isSermonSelected>false</isSermonSelected>
    </Sermon>
    <Sermon>
        <Title>Judgment Is Bound To Come</Title>
        <Url>http://www.sermonindex.net/modules/mydownloads/visit.php?lid=19327</Url>
        <Speaker>Rolfe Barnard</Speaker>
        <Length>20.37Mb</Length>
        <Status>NOT_STARTED</Status>
        <isSermonSelected>false</isSermonSelected>
    </Sermon>
    <Sermon>
        <Title>Judgment is Coming</Title>
        <Url>http://www.sermonindex.net/modules/mydownloads/visit.php?lid=15440</Url>
        <Speaker>Rolfe Barnard</Speaker>
        <Length>5.75Mb</Length>
        <Status>NOT_STARTED</Status>
        <isSermonSelected>false</isSermonSelected>
    </Sermon>
    <Sermon>
        <Title>Let Him Be Accursed</Title>
        <Url>http://www.sermonindex.net/modules/mydownloads/visit.php?lid=15433</Url>
        <Speaker>Rolfe Barnard</Speaker>
        <Length>7.49Mb</Length>
        <Status>NOT_STARTED</Status>
        <isSermonSelected>false</isSermonSelected>
    </Sermon>
    <Sermon>
        <Title>Looking Unto Jesus</Title>
        <Url>http://www.sermonindex.net/modules/mydownloads/visit.php?lid=19731</Url>
        <Speaker>Rolfe Barnard</Speaker>
        <Length>5.15Mb</Length>
        <Status>NOT_STARTED</Status>
        <isSermonSelected>false</isSermonSelected>
    </Sermon>
    <Sermon>
        <Title>Lordship Salvation, Free Grace &amp; the Sovereignty of God</Title>
        <Url>http://www.sermonindex.net/modules/mydownloads/visit.php?lid=26410</Url>
        <Speaker>Rolfe Barnard</Speaker>
        <Length>11.14Mb</Length>
        <Status>NOT_STARTED</Status>
        <isSermonSelected>false</isSermonSelected>
    </Sermon>
    <Sermon>
        <Title>Making Fun of God</Title>
        <Url>http://www.sermonindex.net/modules/mydownloads/visit.php?lid=19180</Url>
        <Speaker>Rolfe Barnard</Speaker>
        <Length>5.37Mb</Length>
        <Status>NOT_STARTED</Status>
        <isSermonSelected>false</isSermonSelected>
    </Sermon>
    <Sermon>
        <Title>Marks of a False Prophet</Title>
        <Url>http://www.sermonindex.net/modules/mydownloads/visit.php?lid=15413</Url>
        <Speaker>Rolfe Barnard</Speaker>
        <Length>5.63Mb</Length>
        <Status>NOT_STARTED</Status>
        <isSermonSelected>false</isSermonSelected>
    </Sermon>
    <Sermon>
        <Title>Message From Pslam 2</Title>
        <Url>http://www.sermonindex.net/modules/mydownloads/visit.php?lid=19730</Url>
        <Speaker>Rolfe Barnard</Speaker>
        <Length>5.3Mb</Length>
        <Status>NOT_STARTED</Status>
        <isSermonSelected>false</isSermonSelected>
    </Sermon>
    <Sermon>
        <Title>My Early Life as an Infidel</Title>
        <Url>http://www.sermonindex.net/modules/mydownloads/visit.php?lid=26409</Url>
        <Speaker>Rolfe Barnard</Speaker>
        <Length>29.08Mb</Length>
        <Status>NOT_STARTED</Status>
        <isSermonSelected>false</isSermonSelected>
    </Sermon>
    <Sermon>
        <Title>My Experience As A Chaplain - Part 1</Title>
        <Url>http://www.sermonindex.net/modules/mydownloads/visit.php?lid=19721</Url>
        <Speaker>Rolfe Barnard</Speaker>
        <Length>4.84Mb</Length>
        <Status>NOT_STARTED</Status>
        <isSermonSelected>false</isSermonSelected>
    </Sermon>
    <Sermon>
        <Title>My Experience As A Chaplain - Part 2</Title>
        <Url>http://www.sermonindex.net/modules/mydownloads/visit.php?lid=19720</Url>
        <Speaker>Rolfe Barnard</Speaker>
        <Length>5.21Mb</Length>
        <Status>NOT_STARTED</Status>
        <isSermonSelected>false</isSermonSelected>
    </Sermon>
    <Sermon>
        <Title>No Gospel For Me!</Title>
        <Url>http://www.sermonindex.net/modules/mydownloads/visit.php?lid=19716</Url>
        <Speaker>Rolfe Barnard</Speaker>
        <Length>23.44Mb</Length>
        <Status>NOT_STARTED</Status>
        <isSermonSelected>false</isSermonSelected>
    </Sermon>
    <Sermon>
        <Title>Often Reproved</Title>
        <Url>http://www.sermonindex.net/modules/mydownloads/visit.php?lid=15391</Url>
        <Speaker>Rolfe Barnard</Speaker>
        <Length>6.42Mb</Length>
        <Status>NOT_STARTED</Status>
        <isSermonSelected>false</isSermonSelected>
    </Sermon>
    <Sermon>
        <Title>On His Head are Many Crowns</Title>
        <Url>http://www.sermonindex.net/modules/mydownloads/visit.php?lid=15434</Url>
        <Speaker>Rolfe Barnard</Speaker>
        <Length>6.18Mb</Length>
        <Status>NOT_STARTED</Status>
        <isSermonSelected>false</isSermonSelected>
    </Sermon>
    <Sermon>
        <Title>Order of the Concerned</Title>
        <Url>http://www.sermonindex.net/modules/mydownloads/visit.php?lid=15421</Url>
        <Speaker>Rolfe Barnard</Speaker>
        <Length>7.16Mb</Length>
        <Status>NOT_STARTED</Status>
        <isSermonSelected>false</isSermonSelected>
    </Sermon>
    <Sermon>
        <Title>Paul's Gospel</Title>
        <Url>http://www.sermonindex.net/modules/mydownloads/visit.php?lid=862</Url>
        <Speaker>Rolfe Barnard</Speaker>
        <Length>6.59Mb</Length>
        <Status>NOT_STARTED</Status>
        <isSermonSelected>false</isSermonSelected>
    </Sermon>
    <Sermon>
        <Title>Paul's Gospel Messages 2 &amp; 3</Title>
        <Url>http://www.sermonindex.net/modules/mydownloads/visit.php?lid=861</Url>
        <Speaker>Rolfe Barnard</Speaker>
        <Length>5.29Mb</Length>
        <Status>NOT_STARTED</Status>
        <isSermonSelected>false</isSermonSelected>
    </Sermon>
    <Sermon>
        <Title>Paul's Gospel, Messages 4 &amp; 5</Title>
        <Url>http://www.sermonindex.net/modules/mydownloads/visit.php?lid=860</Url>
        <Speaker>Rolfe Barnard</Speaker>
        <Length>5.41Mb</Length>
        <Status>NOT_STARTED</Status>
        <isSermonSelected>false</isSermonSelected>
    </Sermon>
    <Sermon>
        <Title>Paul's Meeting With The Lord</Title>
        <Url>http://www.sermonindex.net/modules/mydownloads/visit.php?lid=19739</Url>
        <Speaker>Rolfe Barnard</Speaker>
        <Length>4.01Mb</Length>
        <Status>NOT_STARTED</Status>
        <isSermonSelected>false</isSermonSelected>
    </Sermon>
    <Sermon>
        <Title>Paul, a Pattern of Conversion and Service</Title>
        <Url>http://www.sermonindex.net/modules/mydownloads/visit.php?lid=26418</Url>
        <Speaker>Rolfe Barnard</Speaker>
        <Length>23.3Mb</Length>
        <Status>NOT_STARTED</Status>
        <isSermonSelected>false</isSermonSelected>
    </Sermon>
    <Sermon>
        <Title>Preparing Your Heart to Receive the Truth</Title>
        <Url>http://www.sermonindex.net/modules/mydownloads/visit.php?lid=15401</Url>
        <Speaker>Rolfe Barnard</Speaker>
        <Length>4.94Mb</Length>
        <Status>NOT_STARTED</Status>
        <isSermonSelected>false</isSermonSelected>
    </Sermon>
    <Sermon>
        <Title>Radio Messages on Lordship</Title>
        <Url>http://www.sermonindex.net/modules/mydownloads/visit.php?lid=1802</Url>
        <Speaker>Rolfe Barnard</Speaker>
        <Length>6.49Mb</Length>
        <Status>NOT_STARTED</Status>
        <isSermonSelected>false</isSermonSelected>
    </Sermon>
    <Sermon>
        <Title>Recovery of the Gospel</Title>
        <Url>http://www.sermonindex.net/modules/mydownloads/visit.php?lid=859</Url>
        <Speaker>Rolfe Barnard</Speaker>
        <Length>5.36Mb</Length>
        <Status>NOT_STARTED</Status>
        <isSermonSelected>false</isSermonSelected>
    </Sermon>
    <Sermon>
        <Title>Reprobate Silver</Title>
        <Url>http://www.sermonindex.net/modules/mydownloads/visit.php?lid=26423</Url>
        <Speaker>Rolfe Barnard</Speaker>
        <Length>20.03Mb</Length>
        <Status>NOT_STARTED</Status>
        <isSermonSelected>false</isSermonSelected>
    </Sermon>
    <Sermon>
        <Title>Revival in the Church</Title>
        <Url>http://www.sermonindex.net/modules/mydownloads/visit.php?lid=15425</Url>
        <Speaker>Rolfe Barnard</Speaker>
        <Length>5.63Mb</Length>
        <Status>NOT_STARTED</Status>
        <isSermonSelected>false</isSermonSelected>
    </Sermon>
    <Sermon>
        <Title>Running Scared</Title>
        <Url>http://www.sermonindex.net/modules/mydownloads/visit.php?lid=826</Url>
        <Speaker>Rolfe Barnard</Speaker>
        <Length>5.51Mb</Length>
        <Status>NOT_STARTED</Status>
        <isSermonSelected>false</isSermonSelected>
    </Sermon>
    <Sermon>
        <Title>Salvation Is Of The Lord</Title>
        <Url>http://www.sermonindex.net/modules/mydownloads/visit.php?lid=1807</Url>
        <Speaker>Rolfe Barnard</Speaker>
        <Length>5.61Mb</Length>
        <Status>NOT_STARTED</Status>
        <isSermonSelected>false</isSermonSelected>
    </Sermon>
    <Sermon>
        <Title>Save Yourselves From This Untoward Generation</Title>
        <Url>http://www.sermonindex.net/modules/mydownloads/visit.php?lid=1791</Url>
        <Speaker>Rolfe Barnard</Speaker>
        <Length>6.09Mb</Length>
        <Status>NOT_STARTED</Status>
        <isSermonSelected>false</isSermonSelected>
    </Sermon>
    <Sermon>
        <Title>Saving Faith</Title>
        <Url>http://www.sermonindex.net/modules/mydownloads/visit.php?lid=842</Url>
        <Speaker>Rolfe Barnard</Speaker>
        <Length>5.12Mb</Length>
        <Status>NOT_STARTED</Status>
        <isSermonSelected>false</isSermonSelected>
    </Sermon>
    <Sermon>
        <Title>Saving Mercy</Title>
        <Url>http://www.sermonindex.net/modules/mydownloads/visit.php?lid=19737</Url>
        <Speaker>Rolfe Barnard</Speaker>
        <Length>20.83Mb</Length>
        <Status>NOT_STARTED</Status>
        <isSermonSelected>false</isSermonSelected>
    </Sermon>
    <Sermon>
        <Title>Seeking The Lord</Title>
        <Url>http://www.sermonindex.net/modules/mydownloads/visit.php?lid=1811</Url>
        <Speaker>Rolfe Barnard</Speaker>
        <Length>5.3Mb</Length>
        <Status>NOT_STARTED</Status>
        <isSermonSelected>false</isSermonSelected>
    </Sermon>
    <Sermon>
        <Title>Seeking The Lost</Title>
        <Url>http://www.sermonindex.net/modules/mydownloads/visit.php?lid=19727</Url>
        <Speaker>Rolfe Barnard</Speaker>
        <Length>6.48Mb</Length>
        <Status>NOT_STARTED</Status>
        <isSermonSelected>false</isSermonSelected>
    </Sermon>
    <Sermon>
        <Title>Sent Unto The Lost Sheep</Title>
        <Url>http://www.sermonindex.net/modules/mydownloads/visit.php?lid=1809</Url>
        <Speaker>Rolfe Barnard</Speaker>
        <Length>6.96Mb</Length>
        <Status>NOT_STARTED</Status>
        <isSermonSelected>false</isSermonSelected>
    </Sermon>
    <Sermon>
        <Title>Shall Not the Judge of All the Earth Do Right?</Title>
        <Url>http://www.sermonindex.net/modules/mydownloads/visit.php?lid=17131</Url>
        <Speaker>Rolfe Barnard</Speaker>
        <Length>4.31Mb</Length>
        <Status>NOT_STARTED</Status>
        <isSermonSelected>false</isSermonSelected>
    </Sermon>
    <Sermon>
        <Title>Should God Punish Sin</Title>
        <Url>http://www.sermonindex.net/modules/mydownloads/visit.php?lid=840</Url>
        <Speaker>Rolfe Barnard</Speaker>
        <Length>5.65Mb</Length>
        <Status>NOT_STARTED</Status>
        <isSermonSelected>false</isSermonSelected>
    </Sermon>
    <Sermon>
        <Title>Sinful Praying</Title>
        <Url>http://www.sermonindex.net/modules/mydownloads/visit.php?lid=15424</Url>
        <Speaker>Rolfe Barnard</Speaker>
        <Length>3.34Mb</Length>
        <Status>NOT_STARTED</Status>
        <isSermonSelected>false</isSermonSelected>
    </Sermon>
    <Sermon>
        <Title>Sinners In The Hands Of A God Who Keeps The Books</Title>
        <Url>http://www.sermonindex.net/modules/mydownloads/visit.php?lid=19715</Url>
        <Speaker>Rolfe Barnard</Speaker>
        <Length>4.97Mb</Length>
        <Status>NOT_STARTED</Status>
        <isSermonSelected>false</isSermonSelected>
    </Sermon>
    <Sermon>
        <Title>Sinning Away Your Day of Grace</Title>
        <Url>http://www.sermonindex.net/modules/mydownloads/visit.php?lid=15402</Url>
        <Speaker>Rolfe Barnard</Speaker>
        <Length>7Mb</Length>
        <Status>NOT_STARTED</Status>
        <isSermonSelected>false</isSermonSelected>
    </Sermon>
    <Sermon>
        <Title>Sovereign Mercy</Title>
        <Url>http://www.sermonindex.net/modules/mydownloads/visit.php?lid=19719</Url>
        <Speaker>Rolfe Barnard</Speaker>
        <Length>20.53Mb</Length>
        <Status>NOT_STARTED</Status>
        <isSermonSelected>false</isSermonSelected>
    </Sermon>
    <Sermon>
        <Title>Sudden Death</Title>
        <Url>http://www.sermonindex.net/modules/mydownloads/visit.php?lid=19329</Url>
        <Speaker>Rolfe Barnard</Speaker>
        <Length>21.07Mb</Length>
        <Status>NOT_STARTED</Status>
        <isSermonSelected>false</isSermonSelected>
    </Sermon>
    <Sermon>
        <Title>Sweetheart Love For Jesus Christ</Title>
        <Url>http://www.sermonindex.net/modules/mydownloads/visit.php?lid=19708</Url>
        <Speaker>Rolfe Barnard</Speaker>
        <Length>6.19Mb</Length>
        <Status>NOT_STARTED</Status>
        <isSermonSelected>false</isSermonSelected>
    </Sermon>
    <Sermon>
        <Title>Thankful People in a Reprobate Day</Title>
        <Url>http://www.sermonindex.net/modules/mydownloads/visit.php?lid=15403</Url>
        <Speaker>Rolfe Barnard</Speaker>
        <Length>6.09Mb</Length>
        <Status>NOT_STARTED</Status>
        <isSermonSelected>false</isSermonSelected>
    </Sermon>
    <Sermon>
        <Title>The Battle Cry Of The Early Church</Title>
        <Url>http://www.sermonindex.net/modules/mydownloads/visit.php?lid=19733</Url>
        <Speaker>Rolfe Barnard</Speaker>
        <Length>5.81Mb</Length>
        <Status>NOT_STARTED</Status>
        <isSermonSelected>false</isSermonSelected>
    </Sermon>
    <Sermon>
        <Title>The Bible Meaning of Predestination</Title>
        <Url>http://www.sermonindex.net/modules/mydownloads/visit.php?lid=15398</Url>
        <Speaker>Rolfe Barnard</Speaker>
        <Length>3.54Mb</Length>
        <Status>NOT_STARTED</Status>
        <isSermonSelected>false</isSermonSelected>
    </Sermon>
    <Sermon>
        <Title>The Bible Versus Your God</Title>
        <Url>http://www.sermonindex.net/modules/mydownloads/visit.php?lid=19736</Url>
        <Speaker>Rolfe Barnard</Speaker>
        <Length>5.18Mb</Length>
        <Status>NOT_STARTED</Status>
        <isSermonSelected>false</isSermonSelected>
    </Sermon>
    <Sermon>
        <Title>The Character of Hell</Title>
        <Url>http://www.sermonindex.net/modules/mydownloads/visit.php?lid=15426</Url>
        <Speaker>Rolfe Barnard</Speaker>
        <Length>8.33Mb</Length>
        <Status>NOT_STARTED</Status>
        <isSermonSelected>false</isSermonSelected>
    </Sermon>
    <Sermon>
        <Title>The Cross of Christ</Title>
        <Url>http://www.sermonindex.net/modules/mydownloads/visit.php?lid=1800</Url>
        <Speaker>Rolfe Barnard</Speaker>
        <Length>5.14Mb</Length>
        <Status>NOT_STARTED</Status>
        <isSermonSelected>false</isSermonSelected>
    </Sermon>
    <Sermon>
        <Title>The Death of a Believer &amp; Unbeliever</Title>
        <Url>http://www.sermonindex.net/modules/mydownloads/visit.php?lid=1810</Url>
        <Speaker>Rolfe Barnard</Speaker>
        <Length>6.26Mb</Length>
        <Status>NOT_STARTED</Status>
        <isSermonSelected>false</isSermonSelected>
    </Sermon>
    <Sermon>
        <Title>The Depravity of Sinful Man</Title>
        <Url>http://www.sermonindex.net/modules/mydownloads/visit.php?lid=15410</Url>
        <Speaker>Rolfe Barnard</Speaker>
        <Length>4.72Mb</Length>
        <Status>NOT_STARTED</Status>
        <isSermonSelected>false</isSermonSelected>
    </Sermon>
    <Sermon>
        <Title>The Discipline Of Jesus Christ In The Local Church</Title>
        <Url>http://www.sermonindex.net/modules/mydownloads/visit.php?lid=839</Url>
        <Speaker>Rolfe Barnard</Speaker>
        <Length>6.9Mb</Length>
        <Status>NOT_STARTED</Status>
        <isSermonSelected>false</isSermonSelected>
    </Sermon>
    <Sermon>
        <Title>The Doctrine Of Election And Man's Free Will</Title>
        <Url>http://www.sermonindex.net/modules/mydownloads/visit.php?lid=19742</Url>
        <Speaker>Rolfe Barnard</Speaker>
        <Length>5.15Mb</Length>
        <Status>NOT_STARTED</Status>
        <isSermonSelected>false</isSermonSelected>
    </Sermon>
    <Sermon>
        <Title>The God Nobody Is Mad At</Title>
        <Url>http://www.sermonindex.net/modules/mydownloads/visit.php?lid=1792</Url>
        <Speaker>Rolfe Barnard</Speaker>
        <Length>5.17Mb</Length>
        <Status>NOT_STARTED</Status>
        <isSermonSelected>false</isSermonSelected>
    </Sermon>
    <Sermon>
        <Title>The God of The Bible Kills People</Title>
        <Url>http://www.sermonindex.net/modules/mydownloads/visit.php?lid=845</Url>
        <Speaker>Rolfe Barnard</Speaker>
        <Length>2.72Mb</Length>
        <Status>NOT_STARTED</Status>
        <isSermonSelected>false</isSermonSelected>
    </Sermon>
    <Sermon>
        <Title>The God of the Bible Must Punish Sin</Title>
        <Url>http://www.sermonindex.net/modules/mydownloads/visit.php?lid=15439</Url>
        <Speaker>Rolfe Barnard</Speaker>
        <Length>5.98Mb</Length>
        <Status>NOT_STARTED</Status>
        <isSermonSelected>false</isSermonSelected>
    </Sermon>
    <Sermon>
        <Title>The God of the Bible vs. the God of Today 1 of 2</Title>
        <Url>http://www.sermonindex.net/modules/mydownloads/visit.php?lid=15389</Url>
        <Speaker>Rolfe Barnard</Speaker>
        <Length>5.48Mb</Length>
        <Status>NOT_STARTED</Status>
        <isSermonSelected>false</isSermonSelected>
    </Sermon>
    <Sermon>
        <Title>The God of the Bible vs. the God of Today 2 of 2</Title>
        <Url>http://www.sermonindex.net/modules/mydownloads/visit.php?lid=15390</Url>
        <Speaker>Rolfe Barnard</Speaker>
        <Length>2.81Mb</Length>
        <Status>NOT_STARTED</Status>
        <isSermonSelected>false</isSermonSelected>
    </Sermon>
    <Sermon>
        <Title>The Gospel For The Days Of Noah</Title>
        <Url>http://www.sermonindex.net/modules/mydownloads/visit.php?lid=19711</Url>
        <Speaker>Rolfe Barnard</Speaker>
        <Length>5.05Mb</Length>
        <Status>NOT_STARTED</Status>
        <isSermonSelected>false</isSermonSelected>
    </Sermon>
    <Sermon>
        <Title>The Gospel In The Days Of Anti-Christ</Title>
        <Url>http://www.sermonindex.net/modules/mydownloads/visit.php?lid=837</Url>
        <Speaker>Rolfe Barnard</Speaker>
        <Length>6.68Mb</Length>
        <Status>NOT_STARTED</Status>
        <isSermonSelected>false</isSermonSelected>
    </Sermon>
    <Sermon>
        <Title>The Gospel's Invitation</Title>
        <Url>http://www.sermonindex.net/modules/mydownloads/visit.php?lid=1797</Url>
        <Speaker>Rolfe Barnard</Speaker>
        <Length>4.82Mb</Length>
        <Status>NOT_STARTED</Status>
        <isSermonSelected>false</isSermonSelected>
    </Sermon>
    <Sermon>
        <Title>The Great Need of the Hour</Title>
        <Url>http://www.sermonindex.net/modules/mydownloads/visit.php?lid=836</Url>
        <Speaker>Rolfe Barnard</Speaker>
        <Length>3.72Mb</Length>
        <Status>NOT_STARTED</Status>
        <isSermonSelected>false</isSermonSelected>
    </Sermon>
    <Sermon>
        <Title>The Heart Of Evangelism</Title>
        <Url>http://www.sermonindex.net/modules/mydownloads/visit.php?lid=834</Url>
        <Speaker>Rolfe Barnard</Speaker>
        <Length>6.61Mb</Length>
        <Status>NOT_STARTED</Status>
        <isSermonSelected>false</isSermonSelected>
    </Sermon>
    <Sermon>
        <Title>The Invitation: Come Unto Me</Title>
        <Url>http://www.sermonindex.net/modules/mydownloads/visit.php?lid=19741</Url>
        <Speaker>Rolfe Barnard</Speaker>
        <Length>5.75Mb</Length>
        <Status>NOT_STARTED</Status>
        <isSermonSelected>false</isSermonSelected>
    </Sermon>
    <Sermon>
        <Title>The Land of Sudden Death</Title>
        <Url>http://www.sermonindex.net/modules/mydownloads/visit.php?lid=26414</Url>
        <Speaker>Rolfe Barnard</Speaker>
        <Length>25.24Mb</Length>
        <Status>NOT_STARTED</Status>
        <isSermonSelected>false</isSermonSelected>
    </Sermon>
    <Sermon>
        <Title>The Lordship of Christ In The Local Church</Title>
        <Url>http://www.sermonindex.net/modules/mydownloads/visit.php?lid=844</Url>
        <Speaker>Rolfe Barnard</Speaker>
        <Length>6.46Mb</Length>
        <Status>NOT_STARTED</Status>
        <isSermonSelected>false</isSermonSelected>
    </Sermon>
    <Sermon>
        <Title>The Lordship of Jesus Christ</Title>
        <Url>http://www.sermonindex.net/modules/mydownloads/visit.php?lid=857</Url>
        <Speaker>Rolfe Barnard</Speaker>
        <Length>5.95Mb</Length>
        <Status>NOT_STARTED</Status>
        <isSermonSelected>false</isSermonSelected>
    </Sermon>
    <Sermon>
        <Title>The Lost Doctrine of the Bible</Title>
        <Url>http://www.sermonindex.net/modules/mydownloads/visit.php?lid=15409</Url>
        <Speaker>Rolfe Barnard</Speaker>
        <Length>8.47Mb</Length>
        <Status>NOT_STARTED</Status>
        <isSermonSelected>false</isSermonSelected>
    </Sermon>
    <Sermon>
        <Title>The Man Who Was Known In Hell</Title>
        <Url>http://www.sermonindex.net/modules/mydownloads/visit.php?lid=13538</Url>
        <Speaker>Rolfe Barnard</Speaker>
        <Length>5.84Mb</Length>
        <Status>NOT_STARTED</Status>
        <isSermonSelected>false</isSermonSelected>
    </Sermon>
    <Sermon>
        <Title>The Marks of Reprobation</Title>
        <Url>http://www.sermonindex.net/modules/mydownloads/visit.php?lid=15394</Url>
        <Speaker>Rolfe Barnard</Speaker>
        <Length>5.86Mb</Length>
        <Status>NOT_STARTED</Status>
        <isSermonSelected>false</isSermonSelected>
    </Sermon>
    <Sermon>
        <Title>The Meaning Of The Cross</Title>
        <Url>http://www.sermonindex.net/modules/mydownloads/visit.php?lid=864</Url>
        <Speaker>Rolfe Barnard</Speaker>
        <Length>5.51Mb</Length>
        <Status>NOT_STARTED</Status>
        <isSermonSelected>false</isSermonSelected>
    </Sermon>
    <Sermon>
        <Title>The Message and the Method of the Apostle Paul</Title>
        <Url>http://www.sermonindex.net/modules/mydownloads/visit.php?lid=15399</Url>
        <Speaker>Rolfe Barnard</Speaker>
        <Length>6.06Mb</Length>
        <Status>NOT_STARTED</Status>
        <isSermonSelected>false</isSermonSelected>
    </Sermon>
    <Sermon>
        <Title>The Message Of Baptism</Title>
        <Url>http://www.sermonindex.net/modules/mydownloads/visit.php?lid=19743</Url>
        <Speaker>Rolfe Barnard</Speaker>
        <Length>5.19Mb</Length>
        <Status>NOT_STARTED</Status>
        <isSermonSelected>false</isSermonSelected>
    </Sermon>
    <Sermon>
        <Title>The Message Of The Cross</Title>
        <Url>http://www.sermonindex.net/modules/mydownloads/visit.php?lid=1784</Url>
        <Speaker>Rolfe Barnard</Speaker>
        <Length>6.5Mb</Length>
        <Status>NOT_STARTED</Status>
        <isSermonSelected>false</isSermonSelected>
    </Sermon>
    <Sermon>
        <Title>The Message Wherein Ye Stand</Title>
        <Url>http://www.sermonindex.net/modules/mydownloads/visit.php?lid=19735</Url>
        <Speaker>Rolfe Barnard</Speaker>
        <Length>7.03Mb</Length>
        <Status>NOT_STARTED</Status>
        <isSermonSelected>false</isSermonSelected>
    </Sermon>
    <Sermon>
        <Title>The Methods of the Holy Ghost</Title>
        <Url>http://www.sermonindex.net/modules/mydownloads/visit.php?lid=850</Url>
        <Speaker>Rolfe Barnard</Speaker>
        <Length>7.04Mb</Length>
        <Status>NOT_STARTED</Status>
        <isSermonSelected>false</isSermonSelected>
    </Sermon>
    <Sermon>
        <Title>The Missing Presence of Christ</Title>
        <Url>http://www.sermonindex.net/modules/mydownloads/visit.php?lid=838</Url>
        <Speaker>Rolfe Barnard</Speaker>
        <Length>6.52Mb</Length>
        <Status>NOT_STARTED</Status>
        <isSermonSelected>false</isSermonSelected>
    </Sermon>
    <Sermon>
        <Title>The Need of our Churches</Title>
        <Url>http://www.sermonindex.net/modules/mydownloads/visit.php?lid=26412</Url>
        <Speaker>Rolfe Barnard</Speaker>
        <Length>16.33Mb</Length>
        <Status>NOT_STARTED</Status>
        <isSermonSelected>false</isSermonSelected>
    </Sermon>
    <Sermon>
        <Title>The Old Gospel versus a New Gospel</Title>
        <Url>http://www.sermonindex.net/modules/mydownloads/visit.php?lid=26416</Url>
        <Speaker>Rolfe Barnard</Speaker>
        <Length>10.95Mb</Length>
        <Status>NOT_STARTED</Status>
        <isSermonSelected>false</isSermonSelected>
    </Sermon>
    <Sermon>
        <Title>The One Issue</Title>
        <Url>http://www.sermonindex.net/modules/mydownloads/visit.php?lid=863</Url>
        <Speaker>Rolfe Barnard</Speaker>
        <Length>6.28Mb</Length>
        <Status>NOT_STARTED</Status>
        <isSermonSelected>false</isSermonSelected>
    </Sermon>
    <Sermon>
        <Title>The Preaching of the Cross</Title>
        <Url>http://www.sermonindex.net/modules/mydownloads/visit.php?lid=858</Url>
        <Speaker>Rolfe Barnard</Speaker>
        <Length>6.67Mb</Length>
        <Status>NOT_STARTED</Status>
        <isSermonSelected>false</isSermonSelected>
    </Sermon>
    <Sermon>
        <Title>The Reign Of A Sovereign God</Title>
        <Url>http://www.sermonindex.net/modules/mydownloads/visit.php?lid=856</Url>
        <Speaker>Rolfe Barnard</Speaker>
        <Length>6Mb</Length>
        <Status>NOT_STARTED</Status>
        <isSermonSelected>false</isSermonSelected>
    </Sermon>
    <Sermon>
        <Title>The Revival At Pentecost</Title>
        <Url>http://www.sermonindex.net/modules/mydownloads/visit.php?lid=19326</Url>
        <Speaker>Rolfe Barnard</Speaker>
        <Length>18.63Mb</Length>
        <Status>NOT_STARTED</Status>
        <isSermonSelected>false</isSermonSelected>
    </Sermon>
    <Sermon>
        <Title>The Saviour's Invitation</Title>
        <Url>http://www.sermonindex.net/modules/mydownloads/visit.php?lid=1806</Url>
        <Speaker>Rolfe Barnard</Speaker>
        <Length>4.71Mb</Length>
        <Status>NOT_STARTED</Status>
        <isSermonSelected>false</isSermonSelected>
    </Sermon>
    <Sermon>
        <Title>The Seekers of The Lord</Title>
        <Url>http://www.sermonindex.net/modules/mydownloads/visit.php?lid=1803</Url>
        <Speaker>Rolfe Barnard</Speaker>
        <Length>6.07Mb</Length>
        <Status>NOT_STARTED</Status>
        <isSermonSelected>false</isSermonSelected>
    </Sermon>
    <Sermon>
        <Title>The Solemn Thought</Title>
        <Url>http://www.sermonindex.net/modules/mydownloads/visit.php?lid=825</Url>
        <Speaker>Rolfe Barnard</Speaker>
        <Length>7.25Mb</Length>
        <Status>NOT_STARTED</Status>
        <isSermonSelected>false</isSermonSelected>
    </Sermon>
    <Sermon>
        <Title>The Three-Fold Message of Hell</Title>
        <Url>http://www.sermonindex.net/modules/mydownloads/visit.php?lid=26413</Url>
        <Speaker>Rolfe Barnard</Speaker>
        <Length>23.27Mb</Length>
        <Status>NOT_STARTED</Status>
        <isSermonSelected>false</isSermonSelected>
    </Sermon>
    <Sermon>
        <Title>The Three-fold Vision Of Evangelism</Title>
        <Url>http://www.sermonindex.net/modules/mydownloads/visit.php?lid=19714</Url>
        <Speaker>Rolfe Barnard</Speaker>
        <Length>3.77Mb</Length>
        <Status>NOT_STARTED</Status>
        <isSermonSelected>false</isSermonSelected>
    </Sermon>
    <Sermon>
        <Title>The Thrust Of The Gospel</Title>
        <Url>http://www.sermonindex.net/modules/mydownloads/visit.php?lid=1808</Url>
        <Speaker>Rolfe Barnard</Speaker>
        <Length>6.45Mb</Length>
        <Status>NOT_STARTED</Status>
        <isSermonSelected>false</isSermonSelected>
    </Sermon>
    <Sermon>
        <Title>The Utter Severity Of God's Holy Law</Title>
        <Url>http://www.sermonindex.net/modules/mydownloads/visit.php?lid=830</Url>
        <Speaker>Rolfe Barnard</Speaker>
        <Length>6.87Mb</Length>
        <Status>NOT_STARTED</Status>
        <isSermonSelected>false</isSermonSelected>
    </Sermon>
    <Sermon>
        <Title>The Whosoever Wills of the Bible</Title>
        <Url>http://www.sermonindex.net/modules/mydownloads/visit.php?lid=846</Url>
        <Speaker>Rolfe Barnard</Speaker>
        <Length>5.14Mb</Length>
        <Status>NOT_STARTED</Status>
        <isSermonSelected>false</isSermonSelected>
    </Sermon>
    <Sermon>
        <Title>There is a War Going On</Title>
        <Url>http://www.sermonindex.net/modules/mydownloads/visit.php?lid=15416</Url>
        <Speaker>Rolfe Barnard</Speaker>
        <Length>4.97Mb</Length>
        <Status>NOT_STARTED</Status>
        <isSermonSelected>false</isSermonSelected>
    </Sermon>
    <Sermon>
        <Title>This Business of Evangelism</Title>
        <Url>http://www.sermonindex.net/modules/mydownloads/visit.php?lid=26422</Url>
        <Speaker>Rolfe Barnard</Speaker>
        <Length>14.9Mb</Length>
        <Status>NOT_STARTED</Status>
        <isSermonSelected>false</isSermonSelected>
    </Sermon>
    <Sermon>
        <Title>Three Results Of Paul's Commission</Title>
        <Url>http://www.sermonindex.net/modules/mydownloads/visit.php?lid=19738</Url>
        <Speaker>Rolfe Barnard</Speaker>
        <Length>6.37Mb</Length>
        <Status>NOT_STARTED</Status>
        <isSermonSelected>false</isSermonSelected>
    </Sermon>
    <Sermon>
        <Title>Three Unscriptual Expectations</Title>
        <Url>http://www.sermonindex.net/modules/mydownloads/visit.php?lid=854</Url>
        <Speaker>Rolfe Barnard</Speaker>
        <Length>7.32Mb</Length>
        <Status>NOT_STARTED</Status>
        <isSermonSelected>false</isSermonSelected>
    </Sermon>
    <Sermon>
        <Title>Three Ways A Sovereign God Saves</Title>
        <Url>http://www.sermonindex.net/modules/mydownloads/visit.php?lid=1799</Url>
        <Speaker>Rolfe Barnard</Speaker>
        <Length>5.44Mb</Length>
        <Status>NOT_STARTED</Status>
        <isSermonSelected>false</isSermonSelected>
    </Sermon>
    <Sermon>
        <Title>Try To Determine</Title>
        <Url>http://www.sermonindex.net/modules/mydownloads/visit.php?lid=19713</Url>
        <Speaker>Rolfe Barnard</Speaker>
        <Length>4.16Mb</Length>
        <Status>NOT_STARTED</Status>
        <isSermonSelected>false</isSermonSelected>
    </Sermon>
    <Sermon>
        <Title>Two Things God Promises to do For His Church</Title>
        <Url>http://www.sermonindex.net/modules/mydownloads/visit.php?lid=15392</Url>
        <Speaker>Rolfe Barnard</Speaker>
        <Length>5.69Mb</Length>
        <Status>NOT_STARTED</Status>
        <isSermonSelected>false</isSermonSelected>
    </Sermon>
    <Sermon>
        <Title>Upon His Head Were Many Crowns</Title>
        <Url>http://www.sermonindex.net/modules/mydownloads/visit.php?lid=1790</Url>
        <Speaker>Rolfe Barnard</Speaker>
        <Length>6.94Mb</Length>
        <Status>NOT_STARTED</Status>
        <isSermonSelected>false</isSermonSelected>
    </Sermon>
    <Sermon>
        <Title>Utter Committal To Jesus The Christ</Title>
        <Url>http://www.sermonindex.net/modules/mydownloads/visit.php?lid=832</Url>
        <Speaker>Rolfe Barnard</Speaker>
        <Length>6.42Mb</Length>
        <Status>NOT_STARTED</Status>
        <isSermonSelected>false</isSermonSelected>
    </Sermon>
    <Sermon>
        <Title>Utterance</Title>
        <Url>http://www.sermonindex.net/modules/mydownloads/visit.php?lid=853</Url>
        <Speaker>Rolfe Barnard</Speaker>
        <Length>7.41Mb</Length>
        <Status>NOT_STARTED</Status>
        <isSermonSelected>false</isSermonSelected>
    </Sermon>
    <Sermon>
        <Title>Warning Against Rebellion</Title>
        <Url>http://www.sermonindex.net/modules/mydownloads/visit.php?lid=19722</Url>
        <Speaker>Rolfe Barnard</Speaker>
        <Length>4.83Mb</Length>
        <Status>NOT_STARTED</Status>
        <isSermonSelected>false</isSermonSelected>
    </Sermon>
    <Sermon>
        <Title>Watching Men Die</Title>
        <Url>http://www.sermonindex.net/modules/mydownloads/visit.php?lid=843</Url>
        <Speaker>Rolfe Barnard</Speaker>
        <Length>6.71Mb</Length>
        <Status>NOT_STARTED</Status>
        <isSermonSelected>false</isSermonSelected>
    </Sermon>
    <Sermon>
        <Title>We Will Not Have This Man Rule Over Us</Title>
        <Url>http://www.sermonindex.net/modules/mydownloads/visit.php?lid=15435</Url>
        <Speaker>Rolfe Barnard</Speaker>
        <Length>6.85Mb</Length>
        <Status>NOT_STARTED</Status>
        <isSermonSelected>false</isSermonSelected>
    </Sermon>
    <Sermon>
        <Title>What a Sinner Can Do To Be Saved</Title>
        <Url>http://www.sermonindex.net/modules/mydownloads/visit.php?lid=1812</Url>
        <Speaker>Rolfe Barnard</Speaker>
        <Length>5.34Mb</Length>
        <Status>NOT_STARTED</Status>
        <isSermonSelected>false</isSermonSelected>
    </Sermon>
    <Sermon>
        <Title>What Is A Church?</Title>
        <Url>http://www.sermonindex.net/modules/mydownloads/visit.php?lid=19709</Url>
        <Speaker>Rolfe Barnard</Speaker>
        <Length>6.52Mb</Length>
        <Status>NOT_STARTED</Status>
        <isSermonSelected>false</isSermonSelected>
    </Sermon>
    <Sermon>
        <Title>What is Saving Faith</Title>
        <Url>http://www.sermonindex.net/modules/mydownloads/visit.php?lid=841</Url>
        <Speaker>Rolfe Barnard</Speaker>
        <Length>3.75Mb</Length>
        <Status>NOT_STARTED</Status>
        <isSermonSelected>false</isSermonSelected>
    </Sermon>
    <Sermon>
        <Title>What Is Saving Faith - Part 2</Title>
        <Url>http://www.sermonindex.net/modules/mydownloads/visit.php?lid=19710</Url>
        <Speaker>Rolfe Barnard</Speaker>
        <Length>5.12Mb</Length>
        <Status>NOT_STARTED</Status>
        <isSermonSelected>false</isSermonSelected>
    </Sermon>
    <Sermon>
        <Title>What is the Gospel?</Title>
        <Url>http://www.sermonindex.net/modules/mydownloads/visit.php?lid=26415</Url>
        <Speaker>Rolfe Barnard</Speaker>
        <Length>20.55Mb</Length>
        <Status>NOT_STARTED</Status>
        <isSermonSelected>false</isSermonSelected>
    </Sermon>
    <Sermon>
        <Title>What is The Issue?</Title>
        <Url>http://www.sermonindex.net/modules/mydownloads/visit.php?lid=15414</Url>
        <Speaker>Rolfe Barnard</Speaker>
        <Length>6.78Mb</Length>
        <Status>NOT_STARTED</Status>
        <isSermonSelected>false</isSermonSelected>
    </Sermon>
    <Sermon>
        <Title>What It Means To Be Lost</Title>
        <Url>http://www.sermonindex.net/modules/mydownloads/visit.php?lid=831</Url>
        <Speaker>Rolfe Barnard</Speaker>
        <Length>6.42Mb</Length>
        <Status>NOT_STARTED</Status>
        <isSermonSelected>false</isSermonSelected>
    </Sermon>
    <Sermon>
        <Title>What It Means To Be Saved</Title>
        <Url>http://www.sermonindex.net/modules/mydownloads/visit.php?lid=835</Url>
        <Speaker>Rolfe Barnard</Speaker>
        <Length>7.25Mb</Length>
        <Status>NOT_STARTED</Status>
        <isSermonSelected>false</isSermonSelected>
    </Sermon>
    <Sermon>
        <Title>What it Means to Be Under Discipline of Christ in the Church</Title>
        <Url>http://www.sermonindex.net/modules/mydownloads/visit.php?lid=15393</Url>
        <Speaker>Rolfe Barnard</Speaker>
        <Length>6.92Mb</Length>
        <Status>NOT_STARTED</Status>
        <isSermonSelected>false</isSermonSelected>
    </Sermon>
    <Sermon>
        <Title>What the Early Church Preached</Title>
        <Url>http://www.sermonindex.net/modules/mydownloads/visit.php?lid=15432</Url>
        <Speaker>Rolfe Barnard</Speaker>
        <Length>5.59Mb</Length>
        <Status>NOT_STARTED</Status>
        <isSermonSelected>false</isSermonSelected>
    </Sermon>
    <Sermon>
        <Title>When the Lights Go Out on the Road to Hell</Title>
        <Url>http://www.sermonindex.net/modules/mydownloads/visit.php?lid=17128</Url>
        <Speaker>Rolfe Barnard</Speaker>
        <Length>6.9Mb</Length>
        <Status>NOT_STARTED</Status>
        <isSermonSelected>false</isSermonSelected>
    </Sermon>
    <Sermon>
        <Title>When The Saints Shout Hallelujah</Title>
        <Url>http://www.sermonindex.net/modules/mydownloads/visit.php?lid=19323</Url>
        <Speaker>Rolfe Barnard</Speaker>
        <Length>5.28Mb</Length>
        <Status>NOT_STARTED</Status>
        <isSermonSelected>false</isSermonSelected>
    </Sermon>
    <Sermon>
        <Title>When the Saved Shout Hallelujah as God Sends People to Hell</Title>
        <Url>http://www.sermonindex.net/modules/mydownloads/visit.php?lid=15395</Url>
        <Speaker>Rolfe Barnard</Speaker>
        <Length>5.34Mb</Length>
        <Status>NOT_STARTED</Status>
        <isSermonSelected>false</isSermonSelected>
    </Sermon>
    <Sermon>
        <Title>When Will Revival Come?</Title>
        <Url>http://www.sermonindex.net/modules/mydownloads/visit.php?lid=15442</Url>
        <Speaker>Rolfe Barnard</Speaker>
        <Length>4.98Mb</Length>
        <Status>NOT_STARTED</Status>
        <isSermonSelected>false</isSermonSelected>
    </Sermon>
    <Sermon>
        <Title>Who is Christ?</Title>
        <Url>http://www.sermonindex.net/modules/mydownloads/visit.php?lid=26424</Url>
        <Speaker>Rolfe Barnard</Speaker>
        <Length>10.94Mb</Length>
        <Status>NOT_STARTED</Status>
        <isSermonSelected>false</isSermonSelected>
    </Sermon>
    <Sermon>
        <Title>Who Jesus Is</Title>
        <Url>http://www.sermonindex.net/modules/mydownloads/visit.php?lid=829</Url>
        <Speaker>Rolfe Barnard</Speaker>
        <Length>4.65Mb</Length>
        <Status>NOT_STARTED</Status>
        <isSermonSelected>false</isSermonSelected>
    </Sermon>
    <Sermon>
        <Title>Who Will Follow Jesus?</Title>
        <Url>http://www.sermonindex.net/modules/mydownloads/visit.php?lid=15412</Url>
        <Speaker>Rolfe Barnard</Speaker>
        <Length>6.53Mb</Length>
        <Status>NOT_STARTED</Status>
        <isSermonSelected>false</isSermonSelected>
    </Sermon>
    <Sermon>
        <Title>Who Will Follow Jesus? (2)</Title>
        <Url>http://www.sermonindex.net/modules/mydownloads/visit.php?lid=15420</Url>
        <Speaker>Rolfe Barnard</Speaker>
        <Length>6.53Mb</Length>
        <Status>NOT_STARTED</Status>
        <isSermonSelected>false</isSermonSelected>
    </Sermon>
    <Sermon>
        <Title>Whose Son Is Jesus</Title>
        <Url>http://www.sermonindex.net/modules/mydownloads/visit.php?lid=849</Url>
        <Speaker>Rolfe Barnard</Speaker>
        <Length>6.65Mb</Length>
        <Status>NOT_STARTED</Status>
        <isSermonSelected>false</isSermonSelected>
    </Sermon>
    <Sermon>
        <Title>Whosoever Wills Of The Bible</Title>
        <Url>http://www.sermonindex.net/modules/mydownloads/visit.php?lid=19740</Url>
        <Speaker>Rolfe Barnard</Speaker>
        <Length>22.62Mb</Length>
        <Status>NOT_STARTED</Status>
        <isSermonSelected>false</isSermonSelected>
    </Sermon>
    <Sermon>
        <Title>Why Christ Died And God Raised Him From The Dead</Title>
        <Url>http://www.sermonindex.net/modules/mydownloads/visit.php?lid=19724</Url>
        <Speaker>Rolfe Barnard</Speaker>
        <Length>18.17Mb</Length>
        <Status>NOT_STARTED</Status>
        <isSermonSelected>false</isSermonSelected>
    </Sermon>
    <Sermon>
        <Title>Why Glory In The Cross</Title>
        <Url>http://www.sermonindex.net/modules/mydownloads/visit.php?lid=1801</Url>
        <Speaker>Rolfe Barnard</Speaker>
        <Length>5.57Mb</Length>
        <Status>NOT_STARTED</Status>
        <isSermonSelected>false</isSermonSelected>
    </Sermon>
    <Sermon>
        <Title>Why God Kills Christians</Title>
        <Url>http://www.sermonindex.net/modules/mydownloads/visit.php?lid=15419</Url>
        <Speaker>Rolfe Barnard</Speaker>
        <Length>4.99Mb</Length>
        <Status>NOT_STARTED</Status>
        <isSermonSelected>false</isSermonSelected>
    </Sermon>
    <Sermon>
        <Title>Why I Believe Many Are Now Reprobate</Title>
        <Url>http://www.sermonindex.net/modules/mydownloads/visit.php?lid=15387</Url>
        <Speaker>Rolfe Barnard</Speaker>
        <Length>7.17Mb</Length>
        <Status>NOT_STARTED</Status>
        <isSermonSelected>false</isSermonSelected>
    </Sermon>
    <Sermon>
        <Title>Why People Stay With Christ</Title>
        <Url>http://www.sermonindex.net/modules/mydownloads/visit.php?lid=19729</Url>
        <Speaker>Rolfe Barnard</Speaker>
        <Length>5.27Mb</Length>
        <Status>NOT_STARTED</Status>
        <isSermonSelected>false</isSermonSelected>
    </Sermon>
    <Sermon>
        <Title>Why We Preach The Gospel</Title>
        <Url>http://www.sermonindex.net/modules/mydownloads/visit.php?lid=19717</Url>
        <Speaker>Rolfe Barnard</Speaker>
        <Length>21.16Mb</Length>
        <Status>NOT_STARTED</Status>
        <isSermonSelected>false</isSermonSelected>
    </Sermon>
    <Sermon>
        <Title>Witnessing</Title>
        <Url>http://www.sermonindex.net/modules/mydownloads/visit.php?lid=26421</Url>
        <Speaker>Rolfe Barnard</Speaker>
        <Length>26.71Mb</Length>
        <Status>NOT_STARTED</Status>
        <isSermonSelected>false</isSermonSelected>
    </Sermon>
    <Sermon>
        <Title>Witnessing A Good Confession</Title>
        <Url>http://www.sermonindex.net/modules/mydownloads/visit.php?lid=19706</Url>
        <Speaker>Rolfe Barnard</Speaker>
        <Length>5.51Mb</Length>
        <Status>NOT_STARTED</Status>
        <isSermonSelected>false</isSermonSelected>
    </Sermon>
    <Sermon>
        <Title>You Can't Resist the Holy Ghost and Get By</Title>
        <Url>http://www.sermonindex.net/modules/mydownloads/visit.php?lid=15417</Url>
        <Speaker>Rolfe Barnard</Speaker>
        <Length>7.13Mb</Length>
        <Status>NOT_STARTED</Status>
        <isSermonSelected>false</isSermonSelected>
    </Sermon>
</Sermons>
