<?xml version="1.0" encoding="UTF-8" standalone="yes"?>
<Sermons>
    <Sermon>
        <Title>A Prayer for Our Nation/We Weep For You America</Title>
        <Url>http://www.sermonindex.net/modules/mydownloads/visit.php?lid=17418</Url>
        <Speaker>Ron and Patricia Owens</Speaker>
        <Length>2.37Mb</Length>
        <Status>NOT_STARTED</Status>
        <isSermonSelected>false</isSermonSelected>
    </Sermon>
    <Sermon>
        <Title>A Sun Without a Sphere/Of Him, Through Him, For Him Are All Things</Title>
        <Url>http://www.sermonindex.net/modules/mydownloads/visit.php?lid=17430</Url>
        <Speaker>Ron and Patricia Owens</Speaker>
        <Length>1.77Mb</Length>
        <Status>NOT_STARTED</Status>
        <isSermonSelected>false</isSermonSelected>
    </Sermon>
    <Sermon>
        <Title>Bend Me Lower/O The Deep Deep Love of Jesus, God Loves Me</Title>
        <Url>http://www.sermonindex.net/modules/mydownloads/visit.php?lid=17425</Url>
        <Speaker>Ron and Patricia Owens</Speaker>
        <Length>2.74Mb</Length>
        <Status>NOT_STARTED</Status>
        <isSermonSelected>false</isSermonSelected>
    </Sermon>
    <Sermon>
        <Title>Forgiving, I'm Forgiven</Title>
        <Url>http://www.sermonindex.net/modules/mydownloads/visit.php?lid=17427</Url>
        <Speaker>Ron and Patricia Owens</Speaker>
        <Length>1.79Mb</Length>
        <Status>NOT_STARTED</Status>
        <isSermonSelected>false</isSermonSelected>
    </Sermon>
    <Sermon>
        <Title>God's Plumbline</Title>
        <Url>http://www.sermonindex.net/modules/mydownloads/visit.php?lid=17419</Url>
        <Speaker>Ron and Patricia Owens</Speaker>
        <Length>2.27Mb</Length>
        <Status>NOT_STARTED</Status>
        <isSermonSelected>false</isSermonSelected>
    </Sermon>
    <Sermon>
        <Title>Have You No Scar?</Title>
        <Url>http://www.sermonindex.net/modules/mydownloads/visit.php?lid=17428</Url>
        <Speaker>Ron and Patricia Owens</Speaker>
        <Length>1.09Mb</Length>
        <Status>NOT_STARTED</Status>
        <isSermonSelected>false</isSermonSelected>
    </Sermon>
    <Sermon>
        <Title>If My People</Title>
        <Url>http://www.sermonindex.net/modules/mydownloads/visit.php?lid=17415</Url>
        <Speaker>Ron and Patricia Owens</Speaker>
        <Length>735Kb</Length>
        <Status>NOT_STARTED</Status>
        <isSermonSelected>false</isSermonSelected>
    </Sermon>
    <Sermon>
        <Title>Return To Me</Title>
        <Url>http://www.sermonindex.net/modules/mydownloads/visit.php?lid=17414</Url>
        <Speaker>Ron and Patricia Owens</Speaker>
        <Length>2.54Mb</Length>
        <Status>NOT_STARTED</Status>
        <isSermonSelected>false</isSermonSelected>
    </Sermon>
    <Sermon>
        <Title>Revive Your Church/O Lord/Lord Do It Again</Title>
        <Url>http://www.sermonindex.net/modules/mydownloads/visit.php?lid=17424</Url>
        <Speaker>Ron and Patricia Owens</Speaker>
        <Length>1.98Mb</Length>
        <Status>NOT_STARTED</Status>
        <isSermonSelected>false</isSermonSelected>
    </Sermon>
    <Sermon>
        <Title>Take My Life</Title>
        <Url>http://www.sermonindex.net/modules/mydownloads/visit.php?lid=17421</Url>
        <Speaker>Ron and Patricia Owens</Speaker>
        <Length>1.19Mb</Length>
        <Status>NOT_STARTED</Status>
        <isSermonSelected>false</isSermonSelected>
    </Sermon>
    <Sermon>
        <Title>The Process</Title>
        <Url>http://www.sermonindex.net/modules/mydownloads/visit.php?lid=17429</Url>
        <Speaker>Ron and Patricia Owens</Speaker>
        <Length>1.5Mb</Length>
        <Status>NOT_STARTED</Status>
        <isSermonSelected>false</isSermonSelected>
    </Sermon>
    <Sermon>
        <Title>The Quiet Time</Title>
        <Url>http://www.sermonindex.net/modules/mydownloads/visit.php?lid=17426</Url>
        <Speaker>Ron and Patricia Owens</Speaker>
        <Length>1.01Mb</Length>
        <Status>NOT_STARTED</Status>
        <isSermonSelected>false</isSermonSelected>
    </Sermon>
    <Sermon>
        <Title>This Is The Sacrifice I Bring</Title>
        <Url>http://www.sermonindex.net/modules/mydownloads/visit.php?lid=17422</Url>
        <Speaker>Ron and Patricia Owens</Speaker>
        <Length>1.53Mb</Length>
        <Status>NOT_STARTED</Status>
        <isSermonSelected>false</isSermonSelected>
    </Sermon>
    <Sermon>
        <Title>This is What I Ask</Title>
        <Url>http://www.sermonindex.net/modules/mydownloads/visit.php?lid=17420</Url>
        <Speaker>Ron and Patricia Owens</Speaker>
        <Length>820Kb</Length>
        <Status>NOT_STARTED</Status>
        <isSermonSelected>false</isSermonSelected>
    </Sermon>
    <Sermon>
        <Title>Touch Not the Glory/Take the Glory</Title>
        <Url>http://www.sermonindex.net/modules/mydownloads/visit.php?lid=17417</Url>
        <Speaker>Ron and Patricia Owens</Speaker>
        <Length>2.42Mb</Length>
        <Status>NOT_STARTED</Status>
        <isSermonSelected>false</isSermonSelected>
    </Sermon>
    <Sermon>
        <Title>When The Glory Is Gone</Title>
        <Url>http://www.sermonindex.net/modules/mydownloads/visit.php?lid=17423</Url>
        <Speaker>Ron and Patricia Owens</Speaker>
        <Length>1.7Mb</Length>
        <Status>NOT_STARTED</Status>
        <isSermonSelected>false</isSermonSelected>
    </Sermon>
    <Sermon>
        <Title>You Are My God/Lord Jesus, How Beautiful You Are/Fairest Lord Jesus/Crown Him</Title>
        <Url>http://www.sermonindex.net/modules/mydownloads/visit.php?lid=17416</Url>
        <Speaker>Ron and Patricia Owens</Speaker>
        <Length>2.1Mb</Length>
        <Status>NOT_STARTED</Status>
        <isSermonSelected>false</isSermonSelected>
    </Sermon>
</Sermons>
