<?xml version="1.0" encoding="UTF-8" standalone="yes"?>
<Sermons>
    <Sermon>
        <Title>Abraham, my Friend: 01 Introduction</Title>
        <Url>http://www.sermonindex.net/modules/mydownloads/visit.php?lid=14451</Url>
        <Speaker>Ron Bailey</Speaker>
        <Length>13.76Mb</Length>
        <Status>NOT_STARTED</Status>
        <isSermonSelected>false</isSermonSelected>
    </Sermon>
    <Sermon>
        <Title>Abraham, my Friend: 02 in the beginning God...</Title>
        <Url>http://www.sermonindex.net/modules/mydownloads/visit.php?lid=14452</Url>
        <Speaker>Ron Bailey</Speaker>
        <Length>13.86Mb</Length>
        <Status>NOT_STARTED</Status>
        <isSermonSelected>false</isSermonSelected>
    </Sermon>
    <Sermon>
        <Title>Abraham, my Friend: 03 Known unto God</Title>
        <Url>http://www.sermonindex.net/modules/mydownloads/visit.php?lid=14453</Url>
        <Speaker>Ron Bailey</Speaker>
        <Length>16.54Mb</Length>
        <Status>NOT_STARTED</Status>
        <isSermonSelected>false</isSermonSelected>
    </Sermon>
    <Sermon>
        <Title>Abraham, my Friend: 04 When he was called...</Title>
        <Url>http://www.sermonindex.net/modules/mydownloads/visit.php?lid=14454</Url>
        <Speaker>Ron Bailey</Speaker>
        <Length>16.12Mb</Length>
        <Status>NOT_STARTED</Status>
        <isSermonSelected>false</isSermonSelected>
    </Sermon>
    <Sermon>
        <Title>Abraham, my Friend: 05 Looking forward to The City</Title>
        <Url>http://www.sermonindex.net/modules/mydownloads/visit.php?lid=14455</Url>
        <Speaker>Ron Bailey</Speaker>
        <Length>17.89Mb</Length>
        <Status>NOT_STARTED</Status>
        <isSermonSelected>false</isSermonSelected>
    </Sermon>
    <Sermon>
        <Title>Abraham, my Friend: 06 Your prayer is heard</Title>
        <Url>http://www.sermonindex.net/modules/mydownloads/visit.php?lid=14456</Url>
        <Speaker>Ron Bailey</Speaker>
        <Length>13.76Mb</Length>
        <Status>NOT_STARTED</Status>
        <isSermonSelected>false</isSermonSelected>
    </Sermon>
    <Sermon>
        <Title>Abraham, my Friend: 07 back on the flight path</Title>
        <Url>http://www.sermonindex.net/modules/mydownloads/visit.php?lid=14457</Url>
        <Speaker>Ron Bailey</Speaker>
        <Length>13.76Mb</Length>
        <Status>NOT_STARTED</Status>
        <isSermonSelected>false</isSermonSelected>
    </Sermon>
    <Sermon>
        <Title>Abraham, my Friend: 08 beachheads and blessings</Title>
        <Url>http://www.sermonindex.net/modules/mydownloads/visit.php?lid=14458</Url>
        <Speaker>Ron Bailey</Speaker>
        <Length>13.38Mb</Length>
        <Status>NOT_STARTED</Status>
        <isSermonSelected>false</isSermonSelected>
    </Sermon>
    <Sermon>
        <Title>Adoption (Rora 2003)</Title>
        <Url>http://www.sermonindex.net/modules/mydownloads/visit.php?lid=2166</Url>
        <Speaker>Ron Bailey</Speaker>
        <Length>6.76Mb</Length>
        <Status>NOT_STARTED</Status>
        <isSermonSelected>false</isSermonSelected>
    </Sermon>
    <Sermon>
        <Title>An Introduction to the Day of Atonement</Title>
        <Url>http://www.sermonindex.net/modules/mydownloads/visit.php?lid=7045</Url>
        <Speaker>Ron Bailey</Speaker>
        <Length>12.43Mb</Length>
        <Status>NOT_STARTED</Status>
        <isSermonSelected>false</isSermonSelected>
    </Sermon>
    <Sermon>
        <Title>David and Goliath</Title>
        <Url>http://www.sermonindex.net/modules/mydownloads/visit.php?lid=1755</Url>
        <Speaker>Ron Bailey</Speaker>
        <Length>2.61Mb</Length>
        <Status>NOT_STARTED</Status>
        <isSermonSelected>false</isSermonSelected>
    </Sermon>
    <Sermon>
        <Title>Hezekiah</Title>
        <Url>http://www.sermonindex.net/modules/mydownloads/visit.php?lid=1756</Url>
        <Speaker>Ron Bailey</Speaker>
        <Length>2.47Mb</Length>
        <Status>NOT_STARTED</Status>
        <isSermonSelected>false</isSermonSelected>
    </Sermon>
    <Sermon>
        <Title>If Any Man Stand..</Title>
        <Url>http://www.sermonindex.net/modules/mydownloads/visit.php?lid=1757</Url>
        <Speaker>Ron Bailey</Speaker>
        <Length>2.56Mb</Length>
        <Status>NOT_STARTED</Status>
        <isSermonSelected>false</isSermonSelected>
    </Sermon>
    <Sermon>
        <Title>Isaiah (part 1) - Introduction</Title>
        <Url>http://www.sermonindex.net/modules/mydownloads/visit.php?lid=2967</Url>
        <Speaker>Ron Bailey</Speaker>
        <Length>8.55Mb</Length>
        <Status>NOT_STARTED</Status>
        <isSermonSelected>false</isSermonSelected>
    </Sermon>
    <Sermon>
        <Title>Isaiah (part 2) - That they may serve Me</Title>
        <Url>http://www.sermonindex.net/modules/mydownloads/visit.php?lid=2968</Url>
        <Speaker>Ron Bailey</Speaker>
        <Length>8.63Mb</Length>
        <Status>NOT_STARTED</Status>
        <isSermonSelected>false</isSermonSelected>
    </Sermon>
    <Sermon>
        <Title>Isaiah (part 3) - Asset or Liability?</Title>
        <Url>http://www.sermonindex.net/modules/mydownloads/visit.php?lid=2969</Url>
        <Speaker>Ron Bailey</Speaker>
        <Length>8.73Mb</Length>
        <Status>NOT_STARTED</Status>
        <isSermonSelected>false</isSermonSelected>
    </Sermon>
    <Sermon>
        <Title>Isaiah (part 4) - Behold, My Servant</Title>
        <Url>http://www.sermonindex.net/modules/mydownloads/visit.php?lid=2970</Url>
        <Speaker>Ron Bailey</Speaker>
        <Length>8Mb</Length>
        <Status>NOT_STARTED</Status>
        <isSermonSelected>false</isSermonSelected>
    </Sermon>
    <Sermon>
        <Title>Isaiah (part 5) - Sin-Offering</Title>
        <Url>http://www.sermonindex.net/modules/mydownloads/visit.php?lid=2971</Url>
        <Speaker>Ron Bailey</Speaker>
        <Length>9.36Mb</Length>
        <Status>NOT_STARTED</Status>
        <isSermonSelected>false</isSermonSelected>
    </Sermon>
    <Sermon>
        <Title>Isaiah (part 6) - The character of the servant</Title>
        <Url>http://www.sermonindex.net/modules/mydownloads/visit.php?lid=2972</Url>
        <Speaker>Ron Bailey</Speaker>
        <Length>9.02Mb</Length>
        <Status>NOT_STARTED</Status>
        <isSermonSelected>false</isSermonSelected>
    </Sermon>
    <Sermon>
        <Title>Jesus Christ the Heir</Title>
        <Url>http://www.sermonindex.net/modules/mydownloads/visit.php?lid=1758</Url>
        <Speaker>Ron Bailey</Speaker>
        <Length>2.58Mb</Length>
        <Status>NOT_STARTED</Status>
        <isSermonSelected>false</isSermonSelected>
    </Sermon>
    <Sermon>
        <Title>John the Baptist's Introduction of Jesus as the Sin Bearer</Title>
        <Url>http://www.sermonindex.net/modules/mydownloads/visit.php?lid=7044</Url>
        <Speaker>Ron Bailey</Speaker>
        <Length>11.87Mb</Length>
        <Status>NOT_STARTED</Status>
        <isSermonSelected>false</isSermonSelected>
    </Sermon>
    <Sermon>
        <Title>Justification (Rora 2003)</Title>
        <Url>http://www.sermonindex.net/modules/mydownloads/visit.php?lid=2164</Url>
        <Speaker>Ron Bailey</Speaker>
        <Length>6.18Mb</Length>
        <Status>NOT_STARTED</Status>
        <isSermonSelected>false</isSermonSelected>
    </Sermon>
    <Sermon>
        <Title>Justification by Faith</Title>
        <Url>http://www.sermonindex.net/modules/mydownloads/visit.php?lid=7046</Url>
        <Speaker>Ron Bailey</Speaker>
        <Length>20.75Mb</Length>
        <Status>NOT_STARTED</Status>
        <isSermonSelected>false</isSermonSelected>
    </Sermon>
    <Sermon>
        <Title>Nahshon</Title>
        <Url>http://www.sermonindex.net/modules/mydownloads/visit.php?lid=7043</Url>
        <Speaker>Ron Bailey</Speaker>
        <Length>11.36Mb</Length>
        <Status>NOT_STARTED</Status>
        <isSermonSelected>false</isSermonSelected>
    </Sermon>
    <Sermon>
        <Title>Noah</Title>
        <Url>http://www.sermonindex.net/modules/mydownloads/visit.php?lid=1759</Url>
        <Speaker>Ron Bailey</Speaker>
        <Length>2.77Mb</Length>
        <Status>NOT_STARTED</Status>
        <isSermonSelected>false</isSermonSelected>
    </Sermon>
    <Sermon>
        <Title>Numbers and Deuteronomy</Title>
        <Url>http://www.sermonindex.net/modules/mydownloads/visit.php?lid=1760</Url>
        <Speaker>Ron Bailey</Speaker>
        <Length>2.88Mb</Length>
        <Status>NOT_STARTED</Status>
        <isSermonSelected>false</isSermonSelected>
    </Sermon>
    <Sermon>
        <Title>Priesthood - Part 1</Title>
        <Url>http://www.sermonindex.net/modules/mydownloads/visit.php?lid=6507</Url>
        <Speaker>Ron Bailey</Speaker>
        <Length>2.98Mb</Length>
        <Status>NOT_STARTED</Status>
        <isSermonSelected>false</isSermonSelected>
    </Sermon>
    <Sermon>
        <Title>Priesthood - Part 2</Title>
        <Url>http://www.sermonindex.net/modules/mydownloads/visit.php?lid=6508</Url>
        <Speaker>Ron Bailey</Speaker>
        <Length>3.04Mb</Length>
        <Status>NOT_STARTED</Status>
        <isSermonSelected>false</isSermonSelected>
    </Sermon>
    <Sermon>
        <Title>Priesthood - Part 3</Title>
        <Url>http://www.sermonindex.net/modules/mydownloads/visit.php?lid=6509</Url>
        <Speaker>Ron Bailey</Speaker>
        <Length>2.7Mb</Length>
        <Status>NOT_STARTED</Status>
        <isSermonSelected>false</isSermonSelected>
    </Sermon>
    <Sermon>
        <Title>Priesthood - Part 4</Title>
        <Url>http://www.sermonindex.net/modules/mydownloads/visit.php?lid=6510</Url>
        <Speaker>Ron Bailey</Speaker>
        <Length>2.68Mb</Length>
        <Status>NOT_STARTED</Status>
        <isSermonSelected>false</isSermonSelected>
    </Sermon>
    <Sermon>
        <Title>Propitiation</Title>
        <Url>http://www.sermonindex.net/modules/mydownloads/visit.php?lid=1761</Url>
        <Speaker>Ron Bailey</Speaker>
        <Length>3.44Mb</Length>
        <Status>NOT_STARTED</Status>
        <isSermonSelected>false</isSermonSelected>
    </Sermon>
    <Sermon>
        <Title>Psalm 22</Title>
        <Url>http://www.sermonindex.net/modules/mydownloads/visit.php?lid=1762</Url>
        <Speaker>Ron Bailey</Speaker>
        <Length>5.41Mb</Length>
        <Status>NOT_STARTED</Status>
        <isSermonSelected>false</isSermonSelected>
    </Sermon>
    <Sermon>
        <Title>Regeneration (Rora 2003)</Title>
        <Url>http://www.sermonindex.net/modules/mydownloads/visit.php?lid=2165</Url>
        <Speaker>Ron Bailey</Speaker>
        <Length>6.69Mb</Length>
        <Status>NOT_STARTED</Status>
        <isSermonSelected>false</isSermonSelected>
    </Sermon>
    <Sermon>
        <Title>Repentance (Rora 2003)</Title>
        <Url>http://www.sermonindex.net/modules/mydownloads/visit.php?lid=2161</Url>
        <Speaker>Ron Bailey</Speaker>
        <Length>7.51Mb</Length>
        <Status>NOT_STARTED</Status>
        <isSermonSelected>false</isSermonSelected>
    </Sermon>
    <Sermon>
        <Title>Romans 5 (Part 1)</Title>
        <Url>http://www.sermonindex.net/modules/mydownloads/visit.php?lid=1753</Url>
        <Speaker>Ron Bailey</Speaker>
        <Length>2.82Mb</Length>
        <Status>NOT_STARTED</Status>
        <isSermonSelected>false</isSermonSelected>
    </Sermon>
    <Sermon>
        <Title>Romans 5 (Part 2)</Title>
        <Url>http://www.sermonindex.net/modules/mydownloads/visit.php?lid=1754</Url>
        <Speaker>Ron Bailey</Speaker>
        <Length>3.4Mb</Length>
        <Status>NOT_STARTED</Status>
        <isSermonSelected>false</isSermonSelected>
    </Sermon>
    <Sermon>
        <Title>The Baptism (Part 1)</Title>
        <Url>http://www.sermonindex.net/modules/mydownloads/visit.php?lid=1749</Url>
        <Speaker>Ron Bailey</Speaker>
        <Length>3.07Mb</Length>
        <Status>NOT_STARTED</Status>
        <isSermonSelected>false</isSermonSelected>
    </Sermon>
    <Sermon>
        <Title>The Baptism (Part 2)</Title>
        <Url>http://www.sermonindex.net/modules/mydownloads/visit.php?lid=1750</Url>
        <Speaker>Ron Bailey</Speaker>
        <Length>3.6Mb</Length>
        <Status>NOT_STARTED</Status>
        <isSermonSelected>false</isSermonSelected>
    </Sermon>
    <Sermon>
        <Title>The Baptism (Part 3)</Title>
        <Url>http://www.sermonindex.net/modules/mydownloads/visit.php?lid=1751</Url>
        <Speaker>Ron Bailey</Speaker>
        <Length>3.19Mb</Length>
        <Status>NOT_STARTED</Status>
        <isSermonSelected>false</isSermonSelected>
    </Sermon>
    <Sermon>
        <Title>The Baptism (Part 4)</Title>
        <Url>http://www.sermonindex.net/modules/mydownloads/visit.php?lid=1752</Url>
        <Speaker>Ron Bailey</Speaker>
        <Length>3.89Mb</Length>
        <Status>NOT_STARTED</Status>
        <isSermonSelected>false</isSermonSelected>
    </Sermon>
    <Sermon>
        <Title>The Three Prayers (Part 1)</Title>
        <Url>http://www.sermonindex.net/modules/mydownloads/visit.php?lid=1763</Url>
        <Speaker>Ron Bailey</Speaker>
        <Length>2.26Mb</Length>
        <Status>NOT_STARTED</Status>
        <isSermonSelected>false</isSermonSelected>
    </Sermon>
    <Sermon>
        <Title>The Three Prayers (Part 2)</Title>
        <Url>http://www.sermonindex.net/modules/mydownloads/visit.php?lid=1764</Url>
        <Speaker>Ron Bailey</Speaker>
        <Length>3.42Mb</Length>
        <Status>NOT_STARTED</Status>
        <isSermonSelected>false</isSermonSelected>
    </Sermon>
    <Sermon>
        <Title>The Three Prayers (Part 3)</Title>
        <Url>http://www.sermonindex.net/modules/mydownloads/visit.php?lid=1765</Url>
        <Speaker>Ron Bailey</Speaker>
        <Length>2.6Mb</Length>
        <Status>NOT_STARTED</Status>
        <isSermonSelected>false</isSermonSelected>
    </Sermon>
    <Sermon>
        <Title>The Three Prayers (Part 4)</Title>
        <Url>http://www.sermonindex.net/modules/mydownloads/visit.php?lid=1766</Url>
        <Speaker>Ron Bailey</Speaker>
        <Length>4Mb</Length>
        <Status>NOT_STARTED</Status>
        <isSermonSelected>false</isSermonSelected>
    </Sermon>
    <Sermon>
        <Title>The Three Prayers (Part 5)</Title>
        <Url>http://www.sermonindex.net/modules/mydownloads/visit.php?lid=1767</Url>
        <Speaker>Ron Bailey</Speaker>
        <Length>3.34Mb</Length>
        <Status>NOT_STARTED</Status>
        <isSermonSelected>false</isSermonSelected>
    </Sermon>
    <Sermon>
        <Title>The Truth in Jesus (part 1)</Title>
        <Url>http://www.sermonindex.net/modules/mydownloads/visit.php?lid=1746</Url>
        <Speaker>Ron Bailey</Speaker>
        <Length>2.41Mb</Length>
        <Status>NOT_STARTED</Status>
        <isSermonSelected>false</isSermonSelected>
    </Sermon>
    <Sermon>
        <Title>The Truth in Jesus (part 2)</Title>
        <Url>http://www.sermonindex.net/modules/mydownloads/visit.php?lid=1747</Url>
        <Speaker>Ron Bailey</Speaker>
        <Length>2.58Mb</Length>
        <Status>NOT_STARTED</Status>
        <isSermonSelected>false</isSermonSelected>
    </Sermon>
    <Sermon>
        <Title>The Truth in Jesus (part 3)</Title>
        <Url>http://www.sermonindex.net/modules/mydownloads/visit.php?lid=1748</Url>
        <Speaker>Ron Bailey</Speaker>
        <Length>18.34Mb</Length>
        <Status>NOT_STARTED</Status>
        <isSermonSelected>false</isSermonSelected>
    </Sermon>
</Sermons>
