<?xml version="1.0" encoding="UTF-8" standalone="yes"?>
<Sermons>
    <Sermon>
        <Title>Freemasonary And The Masonic Lodge</Title>
        <Url>http://www.sermonindex.net/modules/mydownloads/visit.php?lid=19505</Url>
        <Speaker>Ron Carlson</Speaker>
        <Length>18.02Mb</Length>
        <Status>NOT_STARTED</Status>
        <isSermonSelected>false</isSermonSelected>
    </Sermon>
    <Sermon>
        <Title>Understanding Mormonism</Title>
        <Url>http://www.sermonindex.net/modules/mydownloads/visit.php?lid=19504</Url>
        <Speaker>Ron Carlson</Speaker>
        <Length>16.51Mb</Length>
        <Status>NOT_STARTED</Status>
        <isSermonSelected>false</isSermonSelected>
    </Sermon>
    <Sermon>
        <Title>What Is A Cult</Title>
        <Url>http://www.sermonindex.net/modules/mydownloads/visit.php?lid=19503</Url>
        <Speaker>Ron Carlson</Speaker>
        <Length>12.92Mb</Length>
        <Status>NOT_STARTED</Status>
        <isSermonSelected>false</isSermonSelected>
    </Sermon>
</Sermons>
