<?xml version="1.0" encoding="UTF-8" standalone="yes"?>
<Sermons>
    <Sermon>
        <Title>God, the God of Israel</Title>
        <Url>http://www.sermonindex.net/modules/mydownloads/visit.php?lid=20020</Url>
        <Speaker>Ron Reed</Speaker>
        <Length>4.56Mb</Length>
        <Status>NOT_STARTED</Status>
        <isSermonSelected>false</isSermonSelected>
    </Sermon>
    <Sermon>
        <Title>The Battle Within</Title>
        <Url>http://www.sermonindex.net/modules/mydownloads/visit.php?lid=21306</Url>
        <Speaker>Ron Reed</Speaker>
        <Length>5.57Mb</Length>
        <Status>NOT_STARTED</Status>
        <isSermonSelected>false</isSermonSelected>
    </Sermon>
</Sermons>
