<?xml version="1.0" encoding="UTF-8" standalone="yes"?>
<Sermons>
    <Sermon>
        <Title>A Cake Not Turned</Title>
        <Url>http://www.sermonindex.net/modules/mydownloads/visit.php?lid=13120</Url>
        <Speaker>Roy Daniel</Speaker>
        <Length>20.15Mb</Length>
        <Status>NOT_STARTED</Status>
        <isSermonSelected>false</isSermonSelected>
    </Sermon>
    <Sermon>
        <Title>Are You Born Again: How Do You Know?</Title>
        <Url>http://www.sermonindex.net/modules/mydownloads/visit.php?lid=5280</Url>
        <Speaker>Roy Daniel</Speaker>
        <Length>8.73Mb</Length>
        <Status>NOT_STARTED</Status>
        <isSermonSelected>false</isSermonSelected>
    </Sermon>
    <Sermon>
        <Title>As For Me, I Give Myself Unto Prayer</Title>
        <Url>http://www.sermonindex.net/modules/mydownloads/visit.php?lid=5283</Url>
        <Speaker>Roy Daniel</Speaker>
        <Length>11.85Mb</Length>
        <Status>NOT_STARTED</Status>
        <isSermonSelected>false</isSermonSelected>
    </Sermon>
    <Sermon>
        <Title>Balanced theology and Christianity</Title>
        <Url>http://www.sermonindex.net/modules/mydownloads/visit.php?lid=24267</Url>
        <Speaker>Roy Daniel</Speaker>
        <Length>32.16Mb</Length>
        <Status>NOT_STARTED</Status>
        <isSermonSelected>false</isSermonSelected>
    </Sermon>
    <Sermon>
        <Title>Bitterness</Title>
        <Url>http://www.sermonindex.net/modules/mydownloads/visit.php?lid=24268</Url>
        <Speaker>Roy Daniel</Speaker>
        <Length>27.27Mb</Length>
        <Status>NOT_STARTED</Status>
        <isSermonSelected>false</isSermonSelected>
    </Sermon>
    <Sermon>
        <Title>Do You Love God with All your Heart, all Soul, and Mind?</Title>
        <Url>http://www.sermonindex.net/modules/mydownloads/visit.php?lid=5281</Url>
        <Speaker>Roy Daniel</Speaker>
        <Length>6.86Mb</Length>
        <Status>NOT_STARTED</Status>
        <isSermonSelected>false</isSermonSelected>
    </Sermon>
    <Sermon>
        <Title>Faith</Title>
        <Url>http://www.sermonindex.net/modules/mydownloads/visit.php?lid=7081</Url>
        <Speaker>Roy Daniel</Speaker>
        <Length>13.75Mb</Length>
        <Status>NOT_STARTED</Status>
        <isSermonSelected>false</isSermonSelected>
    </Sermon>
    <Sermon>
        <Title>Faith and Feeling - Victory in Christ</Title>
        <Url>http://www.sermonindex.net/modules/mydownloads/visit.php?lid=13795</Url>
        <Speaker>Roy Daniel</Speaker>
        <Length>12.06Mb</Length>
        <Status>NOT_STARTED</Status>
        <isSermonSelected>false</isSermonSelected>
    </Sermon>
    <Sermon>
        <Title>Faith and Feelings</Title>
        <Url>http://www.sermonindex.net/modules/mydownloads/visit.php?lid=13121</Url>
        <Speaker>Roy Daniel</Speaker>
        <Length>18.09Mb</Length>
        <Status>NOT_STARTED</Status>
        <isSermonSelected>false</isSermonSelected>
    </Sermon>
    <Sermon>
        <Title>Have You A Desire to Be Like Jesus?</Title>
        <Url>http://www.sermonindex.net/modules/mydownloads/visit.php?lid=19115</Url>
        <Speaker>Roy Daniel</Speaker>
        <Length>3.26Mb</Length>
        <Status>NOT_STARTED</Status>
        <isSermonSelected>false</isSermonSelected>
    </Sermon>
    <Sermon>
        <Title>Honor Your Father and Mother</Title>
        <Url>http://www.sermonindex.net/modules/mydownloads/visit.php?lid=13796</Url>
        <Speaker>Roy Daniel</Speaker>
        <Length>4.38Mb</Length>
        <Status>NOT_STARTED</Status>
        <isSermonSelected>false</isSermonSelected>
    </Sermon>
    <Sermon>
        <Title>How To Grow Spiritually - Part 1</Title>
        <Url>http://www.sermonindex.net/modules/mydownloads/visit.php?lid=16068</Url>
        <Speaker>Roy Daniel</Speaker>
        <Length>28.77Mb</Length>
        <Status>NOT_STARTED</Status>
        <isSermonSelected>false</isSermonSelected>
    </Sermon>
    <Sermon>
        <Title>How To Grow Spiritually - Part 2</Title>
        <Url>http://www.sermonindex.net/modules/mydownloads/visit.php?lid=16069</Url>
        <Speaker>Roy Daniel</Speaker>
        <Length>28.66Mb</Length>
        <Status>NOT_STARTED</Status>
        <isSermonSelected>false</isSermonSelected>
    </Sermon>
    <Sermon>
        <Title>How To Grow Spiritually - Part 3</Title>
        <Url>http://www.sermonindex.net/modules/mydownloads/visit.php?lid=16070</Url>
        <Speaker>Roy Daniel</Speaker>
        <Length>16.17Mb</Length>
        <Status>NOT_STARTED</Status>
        <isSermonSelected>false</isSermonSelected>
    </Sermon>
    <Sermon>
        <Title>How To Have Revival</Title>
        <Url>http://www.sermonindex.net/modules/mydownloads/visit.php?lid=27514</Url>
        <Speaker>Roy Daniel</Speaker>
        <Length>73.97Mb</Length>
        <Status>NOT_STARTED</Status>
        <isSermonSelected>false</isSermonSelected>
    </Sermon>
    <Sermon>
        <Title>How To Not Go Overboard While Staying on Board</Title>
        <Url>http://www.sermonindex.net/modules/mydownloads/visit.php?lid=24269</Url>
        <Speaker>Roy Daniel</Speaker>
        <Length>22.68Mb</Length>
        <Status>NOT_STARTED</Status>
        <isSermonSelected>false</isSermonSelected>
    </Sermon>
    <Sermon>
        <Title>I am Crucified with Christ</Title>
        <Url>http://www.sermonindex.net/modules/mydownloads/visit.php?lid=7082</Url>
        <Speaker>Roy Daniel</Speaker>
        <Length>5.66Mb</Length>
        <Status>NOT_STARTED</Status>
        <isSermonSelected>false</isSermonSelected>
    </Sermon>
    <Sermon>
        <Title>Love One For Another</Title>
        <Url>http://www.sermonindex.net/modules/mydownloads/visit.php?lid=24270</Url>
        <Speaker>Roy Daniel</Speaker>
        <Length>4.8Mb</Length>
        <Status>NOT_STARTED</Status>
        <isSermonSelected>false</isSermonSelected>
    </Sermon>
    <Sermon>
        <Title>Overcoming Spiritual Pressure</Title>
        <Url>http://www.sermonindex.net/modules/mydownloads/visit.php?lid=19114</Url>
        <Speaker>Roy Daniel</Speaker>
        <Length>8.65Mb</Length>
        <Status>NOT_STARTED</Status>
        <isSermonSelected>false</isSermonSelected>
    </Sermon>
    <Sermon>
        <Title>Praise God</Title>
        <Url>http://www.sermonindex.net/modules/mydownloads/visit.php?lid=10741</Url>
        <Speaker>Roy Daniel</Speaker>
        <Length>7.02Mb</Length>
        <Status>NOT_STARTED</Status>
        <isSermonSelected>false</isSermonSelected>
    </Sermon>
    <Sermon>
        <Title>Prayer and Praise</Title>
        <Url>http://www.sermonindex.net/modules/mydownloads/visit.php?lid=13119</Url>
        <Speaker>Roy Daniel</Speaker>
        <Length>18.16Mb</Length>
        <Status>NOT_STARTED</Status>
        <isSermonSelected>false</isSermonSelected>
    </Sermon>
    <Sermon>
        <Title>Soul Winning - Part 1</Title>
        <Url>http://www.sermonindex.net/modules/mydownloads/visit.php?lid=24271</Url>
        <Speaker>Roy Daniel</Speaker>
        <Length>40.05Mb</Length>
        <Status>NOT_STARTED</Status>
        <isSermonSelected>false</isSermonSelected>
    </Sermon>
    <Sermon>
        <Title>Soul Winning - Part 2</Title>
        <Url>http://www.sermonindex.net/modules/mydownloads/visit.php?lid=24272</Url>
        <Speaker>Roy Daniel</Speaker>
        <Length>30.33Mb</Length>
        <Status>NOT_STARTED</Status>
        <isSermonSelected>false</isSermonSelected>
    </Sermon>
    <Sermon>
        <Title>Soul Winning - Part 3</Title>
        <Url>http://www.sermonindex.net/modules/mydownloads/visit.php?lid=24273</Url>
        <Speaker>Roy Daniel</Speaker>
        <Length>49.46Mb</Length>
        <Status>NOT_STARTED</Status>
        <isSermonSelected>false</isSermonSelected>
    </Sermon>
    <Sermon>
        <Title>Soul Winning - Part 4</Title>
        <Url>http://www.sermonindex.net/modules/mydownloads/visit.php?lid=24274</Url>
        <Speaker>Roy Daniel</Speaker>
        <Length>45.74Mb</Length>
        <Status>NOT_STARTED</Status>
        <isSermonSelected>false</isSermonSelected>
    </Sermon>
    <Sermon>
        <Title>The Call of God</Title>
        <Url>http://www.sermonindex.net/modules/mydownloads/visit.php?lid=7083</Url>
        <Speaker>Roy Daniel</Speaker>
        <Length>8.05Mb</Length>
        <Status>NOT_STARTED</Status>
        <isSermonSelected>false</isSermonSelected>
    </Sermon>
    <Sermon>
        <Title>The Centrality of The Word of God</Title>
        <Url>http://www.sermonindex.net/modules/mydownloads/visit.php?lid=24275</Url>
        <Speaker>Roy Daniel</Speaker>
        <Length>33.31Mb</Length>
        <Status>NOT_STARTED</Status>
        <isSermonSelected>false</isSermonSelected>
    </Sermon>
    <Sermon>
        <Title>The Depths of Gratitude</Title>
        <Url>http://www.sermonindex.net/modules/mydownloads/visit.php?lid=27546</Url>
        <Speaker>Roy Daniel</Speaker>
        <Length>77.25Mb</Length>
        <Status>NOT_STARTED</Status>
        <isSermonSelected>false</isSermonSelected>
    </Sermon>
    <Sermon>
        <Title>The Love of God and Salvation</Title>
        <Url>http://www.sermonindex.net/modules/mydownloads/visit.php?lid=24276</Url>
        <Speaker>Roy Daniel</Speaker>
        <Length>35.17Mb</Length>
        <Status>NOT_STARTED</Status>
        <isSermonSelected>false</isSermonSelected>
    </Sermon>
    <Sermon>
        <Title>The Omnipresence of God</Title>
        <Url>http://www.sermonindex.net/modules/mydownloads/visit.php?lid=27545</Url>
        <Speaker>Roy Daniel</Speaker>
        <Length>82.56Mb</Length>
        <Status>NOT_STARTED</Status>
        <isSermonSelected>false</isSermonSelected>
    </Sermon>
    <Sermon>
        <Title>The Two Great Works of God</Title>
        <Url>http://www.sermonindex.net/modules/mydownloads/visit.php?lid=24277</Url>
        <Speaker>Roy Daniel</Speaker>
        <Length>27.37Mb</Length>
        <Status>NOT_STARTED</Status>
        <isSermonSelected>false</isSermonSelected>
    </Sermon>
    <Sermon>
        <Title>True Salvation</Title>
        <Url>http://www.sermonindex.net/modules/mydownloads/visit.php?lid=19113</Url>
        <Speaker>Roy Daniel</Speaker>
        <Length>7.76Mb</Length>
        <Status>NOT_STARTED</Status>
        <isSermonSelected>false</isSermonSelected>
    </Sermon>
    <Sermon>
        <Title>True Salvation</Title>
        <Url>http://www.sermonindex.net/modules/mydownloads/visit.php?lid=27547</Url>
        <Speaker>Roy Daniel</Speaker>
        <Length>46.06Mb</Length>
        <Status>NOT_STARTED</Status>
        <isSermonSelected>false</isSermonSelected>
    </Sermon>
    <Sermon>
        <Title>Unity</Title>
        <Url>http://www.sermonindex.net/modules/mydownloads/visit.php?lid=13122</Url>
        <Speaker>Roy Daniel</Speaker>
        <Length>30.28Mb</Length>
        <Status>NOT_STARTED</Status>
        <isSermonSelected>false</isSermonSelected>
    </Sermon>
    <Sermon>
        <Title>What God Intends for His Church</Title>
        <Url>http://www.sermonindex.net/modules/mydownloads/visit.php?lid=13797</Url>
        <Speaker>Roy Daniel</Speaker>
        <Length>16.38Mb</Length>
        <Status>NOT_STARTED</Status>
        <isSermonSelected>false</isSermonSelected>
    </Sermon>
    <Sermon>
        <Title>Why God Allows Suffering</Title>
        <Url>http://www.sermonindex.net/modules/mydownloads/visit.php?lid=24543</Url>
        <Speaker>Roy Daniel</Speaker>
        <Length>19.42Mb</Length>
        <Status>NOT_STARTED</Status>
        <isSermonSelected>false</isSermonSelected>
    </Sermon>
    <Sermon>
        <Title>Ye are the Light of the World</Title>
        <Url>http://www.sermonindex.net/modules/mydownloads/visit.php?lid=5717</Url>
        <Speaker>Roy Daniel</Speaker>
        <Length>3.95Mb</Length>
        <Status>NOT_STARTED</Status>
        <isSermonSelected>false</isSermonSelected>
    </Sermon>
</Sermons>
