<?xml version="1.0" encoding="UTF-8" standalone="yes"?>
<Sermons>
    <Sermon>
        <Title>The Calvary Road - Part 1</Title>
        <Url>http://www.sermonindex.net/modules/mydownloads/visit.php?lid=19315</Url>
        <Speaker>Roy Hession Books</Speaker>
        <Length>13.27Mb</Length>
        <Status>NOT_STARTED</Status>
        <isSermonSelected>false</isSermonSelected>
    </Sermon>
    <Sermon>
        <Title>The Calvary Road - Part 2</Title>
        <Url>http://www.sermonindex.net/modules/mydownloads/visit.php?lid=19316</Url>
        <Speaker>Roy Hession Books</Speaker>
        <Length>13.23Mb</Length>
        <Status>NOT_STARTED</Status>
        <isSermonSelected>false</isSermonSelected>
    </Sermon>
</Sermons>
