<?xml version="1.0" encoding="UTF-8" standalone="yes"?>
<Sermons>
    <Sermon>
        <Title>Am I a Soldier of the Cross</Title>
        <Url>http://www.sermonindex.net/modules/mydownloads/visit.php?lid=7261</Url>
        <Speaker>Russell's Hymns</Speaker>
        <Length>1.19Mb</Length>
        <Status>ALREADY_DONE</Status>
        <isSermonSelected>false</isSermonSelected>
    </Sermon>
    <Sermon>
        <Title>Amazing Grace</Title>
        <Url>http://www.sermonindex.net/modules/mydownloads/visit.php?lid=6677</Url>
        <Speaker>Russell's Hymns</Speaker>
        <Length>2.66Mb</Length>
        <Status>ALREADY_DONE</Status>
        <isSermonSelected>false</isSermonSelected>
    </Sermon>
    <Sermon>
        <Title>Angels We Have Heard On High</Title>
        <Url>http://www.sermonindex.net/modules/mydownloads/visit.php?lid=6634</Url>
        <Speaker>Russell's Hymns</Speaker>
        <Length>2.6Mb</Length>
        <Status>ALREADY_DONE</Status>
        <isSermonSelected>false</isSermonSelected>
    </Sermon>
    <Sermon>
        <Title>At Calvary</Title>
        <Url>http://www.sermonindex.net/modules/mydownloads/visit.php?lid=6678</Url>
        <Speaker>Russell's Hymns</Speaker>
        <Length>1.74Mb</Length>
        <Status>ALREADY_DONE</Status>
        <isSermonSelected>false</isSermonSelected>
    </Sermon>
    <Sermon>
        <Title>Away In A Manger</Title>
        <Url>http://www.sermonindex.net/modules/mydownloads/visit.php?lid=6635</Url>
        <Speaker>Russell's Hymns</Speaker>
        <Length>1.17Mb</Length>
        <Status>ALREADY_DONE</Status>
        <isSermonSelected>false</isSermonSelected>
    </Sermon>
    <Sermon>
        <Title>Be Still</Title>
        <Url>http://www.sermonindex.net/modules/mydownloads/visit.php?lid=6679</Url>
        <Speaker>Russell's Hymns</Speaker>
        <Length>4.96Mb</Length>
        <Status>ALREADY_DONE</Status>
        <isSermonSelected>false</isSermonSelected>
    </Sermon>
    <Sermon>
        <Title>Hark The Herald Angels Sing</Title>
        <Url>http://www.sermonindex.net/modules/mydownloads/visit.php?lid=6636</Url>
        <Speaker>Russell's Hymns</Speaker>
        <Length>2.49Mb</Length>
        <Status>ALREADY_DONE</Status>
        <isSermonSelected>false</isSermonSelected>
    </Sermon>
    <Sermon>
        <Title>He Set Me Free</Title>
        <Url>http://www.sermonindex.net/modules/mydownloads/visit.php?lid=7104</Url>
        <Speaker>Russell's Hymns</Speaker>
        <Length>1.55Mb</Length>
        <Status>ALREADY_DONE</Status>
        <isSermonSelected>false</isSermonSelected>
    </Sermon>
    <Sermon>
        <Title>Here am I, Send me</Title>
        <Url>http://www.sermonindex.net/modules/mydownloads/visit.php?lid=6680</Url>
        <Speaker>Russell's Hymns</Speaker>
        <Length>1.74Mb</Length>
        <Status>ALREADY_DONE</Status>
        <isSermonSelected>false</isSermonSelected>
    </Sermon>
    <Sermon>
        <Title>How Long has it Been</Title>
        <Url>http://www.sermonindex.net/modules/mydownloads/visit.php?lid=7260</Url>
        <Speaker>Russell's Hymns</Speaker>
        <Length>2.71Mb</Length>
        <Status>ALREADY_DONE</Status>
        <isSermonSelected>false</isSermonSelected>
    </Sermon>
    <Sermon>
        <Title>I am Resolved</Title>
        <Url>http://www.sermonindex.net/modules/mydownloads/visit.php?lid=11451</Url>
        <Speaker>Russell's Hymns</Speaker>
        <Length>3.59Mb</Length>
        <Status>ALREADY_DONE</Status>
        <isSermonSelected>false</isSermonSelected>
    </Sermon>
    <Sermon>
        <Title>I Gave My Life for Thee</Title>
        <Url>http://www.sermonindex.net/modules/mydownloads/visit.php?lid=6559</Url>
        <Speaker>Russell's Hymns</Speaker>
        <Length>1.88Mb</Length>
        <Status>ALREADY_DONE</Status>
        <isSermonSelected>false</isSermonSelected>
    </Sermon>
    <Sermon>
        <Title>I Must Tell Jesus</Title>
        <Url>http://www.sermonindex.net/modules/mydownloads/visit.php?lid=7259</Url>
        <Speaker>Russell's Hymns</Speaker>
        <Length>3.06Mb</Length>
        <Status>ALREADY_DONE</Status>
        <isSermonSelected>false</isSermonSelected>
    </Sermon>
    <Sermon>
        <Title>Is Thy Heart Right With God</Title>
        <Url>http://www.sermonindex.net/modules/mydownloads/visit.php?lid=6560</Url>
        <Speaker>Russell's Hymns</Speaker>
        <Length>2.37Mb</Length>
        <Status>ALREADY_DONE</Status>
        <isSermonSelected>false</isSermonSelected>
    </Sermon>
    <Sermon>
        <Title>Is Your All on the Altar</Title>
        <Url>http://www.sermonindex.net/modules/mydownloads/visit.php?lid=6561</Url>
        <Speaker>Russell's Hymns</Speaker>
        <Length>2.52Mb</Length>
        <Status>ALREADY_DONE</Status>
        <isSermonSelected>false</isSermonSelected>
    </Sermon>
    <Sermon>
        <Title>It Is Well With My Soul</Title>
        <Url>http://www.sermonindex.net/modules/mydownloads/visit.php?lid=6681</Url>
        <Speaker>Russell's Hymns</Speaker>
        <Length>2.47Mb</Length>
        <Status>ALREADY_DONE</Status>
        <isSermonSelected>false</isSermonSelected>
    </Sermon>
    <Sermon>
        <Title>Jesus I my Cross Have Taken</Title>
        <Url>http://www.sermonindex.net/modules/mydownloads/visit.php?lid=6637</Url>
        <Speaker>Russell's Hymns</Speaker>
        <Length>2.2Mb</Length>
        <Status>ALREADY_DONE</Status>
        <isSermonSelected>false</isSermonSelected>
    </Sermon>
    <Sermon>
        <Title>Joyful, Joyful, We Adore Thee</Title>
        <Url>http://www.sermonindex.net/modules/mydownloads/visit.php?lid=6682</Url>
        <Speaker>Russell's Hymns</Speaker>
        <Length>1.8Mb</Length>
        <Status>ALREADY_DONE</Status>
        <isSermonSelected>false</isSermonSelected>
    </Sermon>
    <Sermon>
        <Title>Lost Forever</Title>
        <Url>http://www.sermonindex.net/modules/mydownloads/visit.php?lid=10481</Url>
        <Speaker>Russell's Hymns</Speaker>
        <Length>3.62Mb</Length>
        <Status>ALREADY_DONE</Status>
        <isSermonSelected>false</isSermonSelected>
    </Sermon>
    <Sermon>
        <Title>Make Me a Channel of Blessing</Title>
        <Url>http://www.sermonindex.net/modules/mydownloads/visit.php?lid=6638</Url>
        <Speaker>Russell's Hymns</Speaker>
        <Length>3.21Mb</Length>
        <Status>ALREADY_DONE</Status>
        <isSermonSelected>false</isSermonSelected>
    </Sermon>
    <Sermon>
        <Title>More Holiness Give Me</Title>
        <Url>http://www.sermonindex.net/modules/mydownloads/visit.php?lid=6639</Url>
        <Speaker>Russell's Hymns</Speaker>
        <Length>2.1Mb</Length>
        <Status>ALREADY_DONE</Status>
        <isSermonSelected>false</isSermonSelected>
    </Sermon>
    <Sermon>
        <Title>Must Jesus Bear the Cross Alone</Title>
        <Url>http://www.sermonindex.net/modules/mydownloads/visit.php?lid=6562</Url>
        <Speaker>Russell's Hymns</Speaker>
        <Length>1.44Mb</Length>
        <Status>ALREADY_DONE</Status>
        <isSermonSelected>false</isSermonSelected>
    </Sermon>
    <Sermon>
        <Title>No One Understands Like Jesus</Title>
        <Url>http://www.sermonindex.net/modules/mydownloads/visit.php?lid=9131</Url>
        <Speaker>Russell's Hymns</Speaker>
        <Length>4.23Mb</Length>
        <Status>ALREADY_DONE</Status>
        <isSermonSelected>false</isSermonSelected>
    </Sermon>
    <Sermon>
        <Title>No, Not One!</Title>
        <Url>http://www.sermonindex.net/modules/mydownloads/visit.php?lid=6683</Url>
        <Speaker>Russell's Hymns</Speaker>
        <Length>2.03Mb</Length>
        <Status>ALREADY_DONE</Status>
        <isSermonSelected>false</isSermonSelected>
    </Sermon>
    <Sermon>
        <Title>O To Be Like Thee</Title>
        <Url>http://www.sermonindex.net/modules/mydownloads/visit.php?lid=7105</Url>
        <Speaker>Russell's Hymns</Speaker>
        <Length>4.63Mb</Length>
        <Status>ALREADY_DONE</Status>
        <isSermonSelected>false</isSermonSelected>
    </Sermon>
    <Sermon>
        <Title>Rescue the Perishing</Title>
        <Url>http://www.sermonindex.net/modules/mydownloads/visit.php?lid=7258</Url>
        <Speaker>Russell's Hymns</Speaker>
        <Length>2.24Mb</Length>
        <Status>ALREADY_DONE</Status>
        <isSermonSelected>false</isSermonSelected>
    </Sermon>
    <Sermon>
        <Title>Rock of Ages</Title>
        <Url>http://www.sermonindex.net/modules/mydownloads/visit.php?lid=7106</Url>
        <Speaker>Russell's Hymns</Speaker>
        <Length>1.65Mb</Length>
        <Status>ALREADY_DONE</Status>
        <isSermonSelected>false</isSermonSelected>
    </Sermon>
    <Sermon>
        <Title>Since Jesus Came into my Heart</Title>
        <Url>http://www.sermonindex.net/modules/mydownloads/visit.php?lid=7107</Url>
        <Speaker>Russell's Hymns</Speaker>
        <Length>2.93Mb</Length>
        <Status>ALREADY_DONE</Status>
        <isSermonSelected>false</isSermonSelected>
    </Sermon>
    <Sermon>
        <Title>Standing on the Promises</Title>
        <Url>http://www.sermonindex.net/modules/mydownloads/visit.php?lid=7108</Url>
        <Speaker>Russell's Hymns</Speaker>
        <Length>2.24Mb</Length>
        <Status>ALREADY_DONE</Status>
        <isSermonSelected>false</isSermonSelected>
    </Sermon>
    <Sermon>
        <Title>Sweet Hour of Prayer</Title>
        <Url>http://www.sermonindex.net/modules/mydownloads/visit.php?lid=6563</Url>
        <Speaker>Russell's Hymns</Speaker>
        <Length>1.68Mb</Length>
        <Status>ALREADY_DONE</Status>
        <isSermonSelected>false</isSermonSelected>
    </Sermon>
    <Sermon>
        <Title>Take my Life and Let It Be</Title>
        <Url>http://www.sermonindex.net/modules/mydownloads/visit.php?lid=6641</Url>
        <Speaker>Russell's Hymns</Speaker>
        <Length>1.37Mb</Length>
        <Status>ALREADY_DONE</Status>
        <isSermonSelected>false</isSermonSelected>
    </Sermon>
    <Sermon>
        <Title>Take Time to be Holy</Title>
        <Url>http://www.sermonindex.net/modules/mydownloads/visit.php?lid=6564</Url>
        <Speaker>Russell's Hymns</Speaker>
        <Length>1.55Mb</Length>
        <Status>ALREADY_DONE</Status>
        <isSermonSelected>false</isSermonSelected>
    </Sermon>
    <Sermon>
        <Title>The Comforter has Come</Title>
        <Url>http://www.sermonindex.net/modules/mydownloads/visit.php?lid=6684</Url>
        <Speaker>Russell's Hymns</Speaker>
        <Length>3.25Mb</Length>
        <Status>ALREADY_DONE</Status>
        <isSermonSelected>false</isSermonSelected>
    </Sermon>
    <Sermon>
        <Title>Tis the Blessed Hour of Prayer</Title>
        <Url>http://www.sermonindex.net/modules/mydownloads/visit.php?lid=6642</Url>
        <Speaker>Russell's Hymns</Speaker>
        <Length>2.97Mb</Length>
        <Status>ALREADY_DONE</Status>
        <isSermonSelected>false</isSermonSelected>
    </Sermon>
    <Sermon>
        <Title>Yeild Not to Temptation</Title>
        <Url>http://www.sermonindex.net/modules/mydownloads/visit.php?lid=6565</Url>
        <Speaker>Russell's Hymns</Speaker>
        <Length>2.27Mb</Length>
        <Status>ALREADY_DONE</Status>
        <isSermonSelected>false</isSermonSelected>
    </Sermon>
</Sermons>
