<?xml version="1.0" encoding="UTF-8" standalone="yes"?>
<Sermons>
    <Sermon>
        <Title>Symptoms Of A Dying Church - Part 1</Title>
        <Url>http://www.sermonindex.net/modules/mydownloads/visit.php?lid=19700</Url>
        <Speaker>Sam Ketcher</Speaker>
        <Length>10.75Mb</Length>
        <Status>NOT_STARTED</Status>
        <isSermonSelected>false</isSermonSelected>
    </Sermon>
    <Sermon>
        <Title>Symptoms Of A Dying Church - Part 2</Title>
        <Url>http://www.sermonindex.net/modules/mydownloads/visit.php?lid=19701</Url>
        <Speaker>Sam Ketcher</Speaker>
        <Length>10.97Mb</Length>
        <Status>NOT_STARTED</Status>
        <isSermonSelected>false</isSermonSelected>
    </Sermon>
</Sermons>
