<?xml version="1.0" encoding="UTF-8" standalone="yes"?>
<Sermons>
    <Sermon>
        <Title>A Vision of Revival</Title>
        <Url>http://www.sermonindex.net/modules/mydownloads/visit.php?lid=16412</Url>
        <Speaker>Sammy Tippit</Speaker>
        <Length>38.14Mb</Length>
        <Status>NOT_STARTED</Status>
        <isSermonSelected>false</isSermonSelected>
    </Sermon>
    <Sermon>
        <Title>Desperation in Revival</Title>
        <Url>http://www.sermonindex.net/modules/mydownloads/visit.php?lid=16411</Url>
        <Speaker>Sammy Tippit</Speaker>
        <Length>32.28Mb</Length>
        <Status>NOT_STARTED</Status>
        <isSermonSelected>false</isSermonSelected>
    </Sermon>
    <Sermon>
        <Title>Revival and the Holiness of God</Title>
        <Url>http://www.sermonindex.net/modules/mydownloads/visit.php?lid=16413</Url>
        <Speaker>Sammy Tippit</Speaker>
        <Length>28Mb</Length>
        <Status>NOT_STARTED</Status>
        <isSermonSelected>false</isSermonSelected>
    </Sermon>
</Sermons>
