<?xml version="1.0" encoding="UTF-8" standalone="yes"?>
<Sermons>
    <Sermon>
        <Title>Do Not Quench the Spirit!</Title>
        <Url>http://www.sermonindex.net/modules/mydownloads/visit.php?lid=21974</Url>
        <Speaker>Samuel Storms</Speaker>
        <Length>23.82Mb</Length>
        <Status>NOT_STARTED</Status>
        <isSermonSelected>false</isSermonSelected>
    </Sermon>
    <Sermon>
        <Title>Joy Inexpressible and Full of Glory</Title>
        <Url>http://www.sermonindex.net/modules/mydownloads/visit.php?lid=21975</Url>
        <Speaker>Samuel Storms</Speaker>
        <Length>12.56Mb</Length>
        <Status>NOT_STARTED</Status>
        <isSermonSelected>false</isSermonSelected>
    </Sermon>
</Sermons>
