<?xml version="1.0" encoding="UTF-8" standalone="yes"?>
<Sermons>
    <Sermon>
        <Title>Loving God in the Last Days</Title>
        <Url>http://www.sermonindex.net/modules/mydownloads/visit.php?lid=27308</Url>
        <Speaker>Sandeep Poonen</Speaker>
        <Length>28.76Mb</Length>
        <Status>NOT_STARTED</Status>
        <isSermonSelected>false</isSermonSelected>
    </Sermon>
    <Sermon>
        <Title>SermonIndex.net Simulcast 2012: The Body Of Christ And Persecution</Title>
        <Url>http://www.sermonindex.net/modules/mydownloads/visit.php?lid=23985</Url>
        <Speaker>Sandeep Poonen</Speaker>
        <Length>7.69Mb</Length>
        <Status>NOT_STARTED</Status>
        <isSermonSelected>false</isSermonSelected>
    </Sermon>
    <Sermon>
        <Title>The Only Thing</Title>
        <Url>http://www.sermonindex.net/modules/mydownloads/visit.php?lid=20181</Url>
        <Speaker>Sandeep Poonen</Speaker>
        <Length>7.36Mb</Length>
        <Status>NOT_STARTED</Status>
        <isSermonSelected>false</isSermonSelected>
    </Sermon>
    <Sermon>
        <Title>The Worst Sin</Title>
        <Url>http://www.sermonindex.net/modules/mydownloads/visit.php?lid=20616</Url>
        <Speaker>Sandeep Poonen</Speaker>
        <Length>8.88Mb</Length>
        <Status>NOT_STARTED</Status>
        <isSermonSelected>false</isSermonSelected>
    </Sermon>
</Sermons>
