<?xml version="1.0" encoding="UTF-8" standalone="yes"?>
<Sermons>
    <Sermon>
        <Title>Abominable Apostasy</Title>
        <Url>http://www.sermonindex.net/modules/mydownloads/visit.php?lid=18974</Url>
        <Speaker>Scott Hynds</Speaker>
        <Length>21.16Mb</Length>
        <Status>NOT_STARTED</Status>
        <isSermonSelected>false</isSermonSelected>
    </Sermon>
    <Sermon>
        <Title>Do Watchman Roar Or Meow</Title>
        <Url>http://www.sermonindex.net/modules/mydownloads/visit.php?lid=18973</Url>
        <Speaker>Scott Hynds</Speaker>
        <Length>21.66Mb</Length>
        <Status>NOT_STARTED</Status>
        <isSermonSelected>false</isSermonSelected>
    </Sermon>
    <Sermon>
        <Title>He Emptied Himself</Title>
        <Url>http://www.sermonindex.net/modules/mydownloads/visit.php?lid=21336</Url>
        <Speaker>Scott Hynds</Speaker>
        <Length>8.38Mb</Length>
        <Status>NOT_STARTED</Status>
        <isSermonSelected>false</isSermonSelected>
    </Sermon>
    <Sermon>
        <Title>He is Our Food and Drink</Title>
        <Url>http://www.sermonindex.net/modules/mydownloads/visit.php?lid=23486</Url>
        <Speaker>Scott Hynds</Speaker>
        <Length>9.84Mb</Length>
        <Status>NOT_STARTED</Status>
        <isSermonSelected>false</isSermonSelected>
    </Sermon>
    <Sermon>
        <Title>Judges And Jesters</Title>
        <Url>http://www.sermonindex.net/modules/mydownloads/visit.php?lid=18957</Url>
        <Speaker>Scott Hynds</Speaker>
        <Length>19.28Mb</Length>
        <Status>NOT_STARTED</Status>
        <isSermonSelected>false</isSermonSelected>
    </Sermon>
    <Sermon>
        <Title>Obvious Apostasy</Title>
        <Url>http://www.sermonindex.net/modules/mydownloads/visit.php?lid=21334</Url>
        <Speaker>Scott Hynds</Speaker>
        <Length>10.12Mb</Length>
        <Status>NOT_STARTED</Status>
        <isSermonSelected>false</isSermonSelected>
    </Sermon>
    <Sermon>
        <Title>Revival Is Needed</Title>
        <Url>http://www.sermonindex.net/modules/mydownloads/visit.php?lid=19489</Url>
        <Speaker>Scott Hynds</Speaker>
        <Length>10.09Mb</Length>
        <Status>NOT_STARTED</Status>
        <isSermonSelected>false</isSermonSelected>
    </Sermon>
    <Sermon>
        <Title>The Churches Of Revelation</Title>
        <Url>http://www.sermonindex.net/modules/mydownloads/visit.php?lid=23786</Url>
        <Speaker>Scott Hynds</Speaker>
        <Length>10.15Mb</Length>
        <Status>NOT_STARTED</Status>
        <isSermonSelected>false</isSermonSelected>
    </Sermon>
    <Sermon>
        <Title>The Four Species</Title>
        <Url>http://www.sermonindex.net/modules/mydownloads/visit.php?lid=23485</Url>
        <Speaker>Scott Hynds</Speaker>
        <Length>14.65Mb</Length>
        <Status>NOT_STARTED</Status>
        <isSermonSelected>false</isSermonSelected>
    </Sermon>
    <Sermon>
        <Title>The Glory Of God</Title>
        <Url>http://www.sermonindex.net/modules/mydownloads/visit.php?lid=24455</Url>
        <Speaker>Scott Hynds</Speaker>
        <Length>8.04Mb</Length>
        <Status>NOT_STARTED</Status>
        <isSermonSelected>false</isSermonSelected>
    </Sermon>
    <Sermon>
        <Title>The Rise Of Antichrist</Title>
        <Url>http://www.sermonindex.net/modules/mydownloads/visit.php?lid=21335</Url>
        <Speaker>Scott Hynds</Speaker>
        <Length>8.5Mb</Length>
        <Status>NOT_STARTED</Status>
        <isSermonSelected>false</isSermonSelected>
    </Sermon>
</Sermons>
