<?xml version="1.0" encoding="UTF-8" standalone="yes"?>
<Sermons>
    <Sermon>
        <Title>Living For Generations To Come</Title>
        <Url>http://www.sermonindex.net/modules/mydownloads/visit.php?lid=21843</Url>
        <Speaker>Scott Volk</Speaker>
        <Length>29.08Mb</Length>
        <Status>NOT_STARTED</Status>
        <isSermonSelected>false</isSermonSelected>
    </Sermon>
    <Sermon>
        <Title>The Power Of Forgiveness</Title>
        <Url>http://www.sermonindex.net/modules/mydownloads/visit.php?lid=21844</Url>
        <Speaker>Scott Volk</Speaker>
        <Length>22.7Mb</Length>
        <Status>NOT_STARTED</Status>
        <isSermonSelected>false</isSermonSelected>
    </Sermon>
</Sermons>
