<?xml version="1.0" encoding="UTF-8" standalone="yes"?>
<Sermons>
    <Sermon>
        <Title>Three Battlefronts: Deception</Title>
        <Url>http://www.sermonindex.net/modules/mydownloads/visit.php?lid=25510</Url>
        <Speaker>Scott Moreau</Speaker>
        <Length>25.03Mb</Length>
        <Status>NOT_STARTED</Status>
        <isSermonSelected>false</isSermonSelected>
    </Sermon>
    <Sermon>
        <Title>Three Battlefronts: The Devil</Title>
        <Url>http://www.sermonindex.net/modules/mydownloads/visit.php?lid=25511</Url>
        <Speaker>Scott Moreau</Speaker>
        <Length>22.86Mb</Length>
        <Status>NOT_STARTED</Status>
        <isSermonSelected>false</isSermonSelected>
    </Sermon>
    <Sermon>
        <Title>Three Battlefronts: The World</Title>
        <Url>http://www.sermonindex.net/modules/mydownloads/visit.php?lid=25512</Url>
        <Speaker>Scott Moreau</Speaker>
        <Length>24.06Mb</Length>
        <Status>NOT_STARTED</Status>
        <isSermonSelected>false</isSermonSelected>
    </Sermon>
</Sermons>
