<?xml version="1.0" encoding="UTF-8" standalone="yes"?>
<Sermons>
    <Sermon>
        <Title>About To Occur -- Luke 21.36</Title>
        <Url>http://www.sermonindex.net/modules/mydownloads/visit.php?lid=14198</Url>
        <Speaker>Scripture Songs</Speaker>
        <Length>3.13Mb</Length>
        <Status>NOT_STARTED</Status>
        <isSermonSelected>false</isSermonSelected>
    </Sermon>
    <Sermon>
        <Title>Blessed is the man who endures -- James 1.12</Title>
        <Url>http://www.sermonindex.net/modules/mydownloads/visit.php?lid=14209</Url>
        <Speaker>Scripture Songs</Speaker>
        <Length>2.88Mb</Length>
        <Status>NOT_STARTED</Status>
        <isSermonSelected>false</isSermonSelected>
    </Sermon>
    <Sermon>
        <Title>But As For Me -- Psalm 5.7,8,12</Title>
        <Url>http://www.sermonindex.net/modules/mydownloads/visit.php?lid=14196</Url>
        <Speaker>Scripture Songs</Speaker>
        <Length>5.14Mb</Length>
        <Status>NOT_STARTED</Status>
        <isSermonSelected>false</isSermonSelected>
    </Sermon>
    <Sermon>
        <Title>He That Weepeth -- Psalm 126.6,3</Title>
        <Url>http://www.sermonindex.net/modules/mydownloads/visit.php?lid=14203</Url>
        <Speaker>Scripture Songs</Speaker>
        <Length>5.18Mb</Length>
        <Status>NOT_STARTED</Status>
        <isSermonSelected>false</isSermonSelected>
    </Sermon>
    <Sermon>
        <Title>I Am Ascending -- John 20.17</Title>
        <Url>http://www.sermonindex.net/modules/mydownloads/visit.php?lid=14204</Url>
        <Speaker>Scripture Songs</Speaker>
        <Length>7.45Mb</Length>
        <Status>NOT_STARTED</Status>
        <isSermonSelected>false</isSermonSelected>
    </Sermon>
    <Sermon>
        <Title>I Am The Vine -- John 15.5</Title>
        <Url>http://www.sermonindex.net/modules/mydownloads/visit.php?lid=14205</Url>
        <Speaker>Scripture Songs</Speaker>
        <Length>8.66Mb</Length>
        <Status>NOT_STARTED</Status>
        <isSermonSelected>false</isSermonSelected>
    </Sermon>
    <Sermon>
        <Title>If You Kept A Record -- Psalm 130.3</Title>
        <Url>http://www.sermonindex.net/modules/mydownloads/visit.php?lid=14206</Url>
        <Speaker>Scripture Songs</Speaker>
        <Length>4.2Mb</Length>
        <Status>NOT_STARTED</Status>
        <isSermonSelected>false</isSermonSelected>
    </Sermon>
    <Sermon>
        <Title>Let The Peace Of God -- Colossians 3.15,16</Title>
        <Url>http://www.sermonindex.net/modules/mydownloads/visit.php?lid=14194</Url>
        <Speaker>Scripture Songs</Speaker>
        <Length>5.45Mb</Length>
        <Status>NOT_STARTED</Status>
        <isSermonSelected>false</isSermonSelected>
    </Sermon>
    <Sermon>
        <Title>Life -- from John 8.1-12</Title>
        <Url>http://www.sermonindex.net/modules/mydownloads/visit.php?lid=14193</Url>
        <Speaker>Scripture Songs</Speaker>
        <Length>8.48Mb</Length>
        <Status>NOT_STARTED</Status>
        <isSermonSelected>false</isSermonSelected>
    </Sermon>
    <Sermon>
        <Title>Love -- John 15.1</Title>
        <Url>http://www.sermonindex.net/modules/mydownloads/visit.php?lid=14201</Url>
        <Speaker>Scripture Songs</Speaker>
        <Length>7.79Mb</Length>
        <Status>NOT_STARTED</Status>
        <isSermonSelected>false</isSermonSelected>
    </Sermon>
    <Sermon>
        <Title>Love Your Enemies -- Luke 6.35,36,45</Title>
        <Url>http://www.sermonindex.net/modules/mydownloads/visit.php?lid=14197</Url>
        <Speaker>Scripture Songs</Speaker>
        <Length>5.26Mb</Length>
        <Status>NOT_STARTED</Status>
        <isSermonSelected>false</isSermonSelected>
    </Sermon>
    <Sermon>
        <Title>Needful -- See Luke 10.38-42</Title>
        <Url>http://www.sermonindex.net/modules/mydownloads/visit.php?lid=14199</Url>
        <Speaker>Scripture Songs</Speaker>
        <Length>7.6Mb</Length>
        <Status>NOT_STARTED</Status>
        <isSermonSelected>false</isSermonSelected>
    </Sermon>
    <Sermon>
        <Title>O That Men Would Give Thanks! -- from Psalm 107</Title>
        <Url>http://www.sermonindex.net/modules/mydownloads/visit.php?lid=14195</Url>
        <Speaker>Scripture Songs</Speaker>
        <Length>7.72Mb</Length>
        <Status>NOT_STARTED</Status>
        <isSermonSelected>false</isSermonSelected>
    </Sermon>
    <Sermon>
        <Title>Oh that I had such a heart -- based on Deuteronomy 5.29</Title>
        <Url>http://www.sermonindex.net/modules/mydownloads/visit.php?lid=14210</Url>
        <Speaker>Scripture Songs</Speaker>
        <Length>7.18Mb</Length>
        <Status>NOT_STARTED</Status>
        <isSermonSelected>false</isSermonSelected>
    </Sermon>
    <Sermon>
        <Title>The Living Man -- Isaiah 38.17,19,20</Title>
        <Url>http://www.sermonindex.net/modules/mydownloads/visit.php?lid=14200</Url>
        <Speaker>Scripture Songs</Speaker>
        <Length>2.98Mb</Length>
        <Status>NOT_STARTED</Status>
        <isSermonSelected>false</isSermonSelected>
    </Sermon>
    <Sermon>
        <Title>The True One -- 1 John 5.20, John 17.3</Title>
        <Url>http://www.sermonindex.net/modules/mydownloads/visit.php?lid=14202</Url>
        <Speaker>Scripture Songs</Speaker>
        <Length>6.28Mb</Length>
        <Status>NOT_STARTED</Status>
        <isSermonSelected>false</isSermonSelected>
    </Sermon>
    <Sermon>
        <Title>The words of the Lord are pure -- Psalm 12.6-7</Title>
        <Url>http://www.sermonindex.net/modules/mydownloads/visit.php?lid=14208</Url>
        <Speaker>Scripture Songs</Speaker>
        <Length>5.3Mb</Length>
        <Status>NOT_STARTED</Status>
        <isSermonSelected>false</isSermonSelected>
    </Sermon>
    <Sermon>
        <Title>Your Keeper -- Psalm 121.5,8</Title>
        <Url>http://www.sermonindex.net/modules/mydownloads/visit.php?lid=14207</Url>
        <Speaker>Scripture Songs</Speaker>
        <Length>3.95Mb</Length>
        <Status>NOT_STARTED</Status>
        <isSermonSelected>false</isSermonSelected>
    </Sermon>
</Sermons>
