<?xml version="1.0" encoding="UTF-8" standalone="yes"?>
<Sermons>
    <Sermon>
        <Title>God First</Title>
        <Url>http://www.sermonindex.net/modules/mydownloads/visit.php?lid=27541</Url>
        <Speaker>Silas Fox</Speaker>
        <Length>13.96Mb</Length>
        <Status>NOT_STARTED</Status>
        <isSermonSelected>false</isSermonSelected>
    </Sermon>
    <Sermon>
        <Title>The Axehead</Title>
        <Url>http://www.sermonindex.net/modules/mydownloads/visit.php?lid=27540</Url>
        <Speaker>Silas Fox</Speaker>
        <Length>11.43Mb</Length>
        <Status>NOT_STARTED</Status>
        <isSermonSelected>false</isSermonSelected>
    </Sermon>
</Sermons>
