<?xml version="1.0" encoding="UTF-8" standalone="yes"?>
<Sermons>
    <Sermon>
        <Title>Our Holiness: Abiding in Christs Love</Title>
        <Url>http://www.sermonindex.net/modules/mydownloads/visit.php?lid=16359</Url>
        <Speaker>Sinclair Ferguson</Speaker>
        <Length>38.84Mb</Length>
        <Status>NOT_STARTED</Status>
        <isSermonSelected>false</isSermonSelected>
    </Sermon>
    <Sermon>
        <Title>Our Holiness: The Fathers Purpose and the Sons Purchase</Title>
        <Url>http://www.sermonindex.net/modules/mydownloads/visit.php?lid=16358</Url>
        <Speaker>Sinclair Ferguson</Speaker>
        <Length>35.77Mb</Length>
        <Status>NOT_STARTED</Status>
        <isSermonSelected>false</isSermonSelected>
    </Sermon>
    <Sermon>
        <Title>The Wrath of God</Title>
        <Url>http://www.sermonindex.net/modules/mydownloads/visit.php?lid=23250</Url>
        <Speaker>Sinclair Ferguson</Speaker>
        <Length>5.12Mb</Length>
        <Status>NOT_STARTED</Status>
        <isSermonSelected>false</isSermonSelected>
    </Sermon>
    <Sermon>
        <Title>What is the Wrath of God</Title>
        <Url>http://www.sermonindex.net/modules/mydownloads/visit.php?lid=23249</Url>
        <Speaker>Sinclair Ferguson</Speaker>
        <Length>9.6Mb</Length>
        <Status>NOT_STARTED</Status>
        <isSermonSelected>false</isSermonSelected>
    </Sermon>
</Sermons>
