<?xml version="1.0" encoding="UTF-8" standalone="yes"?>
<Sermons>
    <Sermon>
        <Title>(Pdf Book) From Ridicule to Respect</Title>
        <Url>http://www.sermonindex.net/modules/mydownloads/visit.php?lid=25848</Url>
        <Speaker>Sister Joela</Speaker>
        <Length>551Kb</Length>
        <Status>NOT_STARTED</Status>
        <isSermonSelected>false</isSermonSelected>
    </Sermon>
    <Sermon>
        <Title>(Pdf Book) inTolerance</Title>
        <Url>http://www.sermonindex.net/modules/mydownloads/visit.php?lid=25466</Url>
        <Speaker>Sister Joela</Speaker>
        <Length>2.74Mb</Length>
        <Status>NOT_STARTED</Status>
        <isSermonSelected>false</isSermonSelected>
    </Sermon>
    <Sermon>
        <Title>(Pdf Book) The Cross in the Crossfire</Title>
        <Url>http://www.sermonindex.net/modules/mydownloads/visit.php?lid=25467</Url>
        <Speaker>Sister Joela</Speaker>
        <Length>2.02Mb</Length>
        <Status>NOT_STARTED</Status>
        <isSermonSelected>false</isSermonSelected>
    </Sermon>
</Sermons>
