<?xml version="1.0" encoding="UTF-8" standalone="yes"?>
<Sermons>
    <Sermon>
        <Title>(Genesis) 1 - The Creation of the World</Title>
        <Url>http://www.sermonindex.net/modules/mydownloads/visit.php?lid=12268</Url>
        <Speaker>S. Lewis Johnson</Speaker>
        <Length>11.47Mb</Length>
        <Status>NOT_STARTED</Status>
        <isSermonSelected>false</isSermonSelected>
    </Sermon>
    <Sermon>
        <Title>(Genesis) 10 - Paradise Lost, - but Regainable!</Title>
        <Url>http://www.sermonindex.net/modules/mydownloads/visit.php?lid=12277</Url>
        <Speaker>S. Lewis Johnson</Speaker>
        <Length>11.84Mb</Length>
        <Status>NOT_STARTED</Status>
        <isSermonSelected>false</isSermonSelected>
    </Sermon>
    <Sermon>
        <Title>(Genesis) 11 - The Voice of God's First Prophet to Our Dying World</Title>
        <Url>http://www.sermonindex.net/modules/mydownloads/visit.php?lid=12791</Url>
        <Speaker>S. Lewis Johnson</Speaker>
        <Length>11.41Mb</Length>
        <Status>NOT_STARTED</Status>
        <isSermonSelected>false</isSermonSelected>
    </Sermon>
    <Sermon>
        <Title>(Genesis) 12 - The Way of Cain</Title>
        <Url>http://www.sermonindex.net/modules/mydownloads/visit.php?lid=12792</Url>
        <Speaker>S. Lewis Johnson</Speaker>
        <Length>11.34Mb</Length>
        <Status>NOT_STARTED</Status>
        <isSermonSelected>false</isSermonSelected>
    </Sermon>
    <Sermon>
        <Title>(Genesis) 13 - The Reign of the Grim Reaper and the Rapture of Enoch</Title>
        <Url>http://www.sermonindex.net/modules/mydownloads/visit.php?lid=12793</Url>
        <Speaker>S. Lewis Johnson</Speaker>
        <Length>11.62Mb</Length>
        <Status>NOT_STARTED</Status>
        <isSermonSelected>false</isSermonSelected>
    </Sermon>
    <Sermon>
        <Title>(Genesis) 14 - The Day of Noah</Title>
        <Url>http://www.sermonindex.net/modules/mydownloads/visit.php?lid=12794</Url>
        <Speaker>S. Lewis Johnson</Speaker>
        <Length>12.73Mb</Length>
        <Status>NOT_STARTED</Status>
        <isSermonSelected>false</isSermonSelected>
    </Sermon>
    <Sermon>
        <Title>(Genesis) 15 - Noah and the Power of the Minority</Title>
        <Url>http://www.sermonindex.net/modules/mydownloads/visit.php?lid=12795</Url>
        <Speaker>S. Lewis Johnson</Speaker>
        <Length>11.67Mb</Length>
        <Status>NOT_STARTED</Status>
        <isSermonSelected>false</isSermonSelected>
    </Sermon>
    <Sermon>
        <Title>(Genesis) 16 - The Great Flood and the Saving Ark</Title>
        <Url>http://www.sermonindex.net/modules/mydownloads/visit.php?lid=12796</Url>
        <Speaker>S. Lewis Johnson</Speaker>
        <Length>0Kb</Length>
        <Status>NOT_STARTED</Status>
        <isSermonSelected>false</isSermonSelected>
    </Sermon>
    <Sermon>
        <Title>(Genesis) 17 - Noah's House Saved, the World Condemned</Title>
        <Url>http://www.sermonindex.net/modules/mydownloads/visit.php?lid=12797</Url>
        <Speaker>S. Lewis Johnson</Speaker>
        <Length>12.45Mb</Length>
        <Status>NOT_STARTED</Status>
        <isSermonSelected>false</isSermonSelected>
    </Sermon>
    <Sermon>
        <Title>(Genesis) 18 - The Universal Covenant</Title>
        <Url>http://www.sermonindex.net/modules/mydownloads/visit.php?lid=12798</Url>
        <Speaker>S. Lewis Johnson</Speaker>
        <Length>11.38Mb</Length>
        <Status>NOT_STARTED</Status>
        <isSermonSelected>false</isSermonSelected>
    </Sermon>
    <Sermon>
        <Title>(Genesis) 19 - The Prophecy of Noah and the Race Question</Title>
        <Url>http://www.sermonindex.net/modules/mydownloads/visit.php?lid=12799</Url>
        <Speaker>S. Lewis Johnson</Speaker>
        <Length>12.34Mb</Length>
        <Status>NOT_STARTED</Status>
        <isSermonSelected>false</isSermonSelected>
    </Sermon>
    <Sermon>
        <Title>(Genesis) 2 - The Light of the World</Title>
        <Url>http://www.sermonindex.net/modules/mydownloads/visit.php?lid=12269</Url>
        <Speaker>S. Lewis Johnson</Speaker>
        <Length>11Mb</Length>
        <Status>NOT_STARTED</Status>
        <isSermonSelected>false</isSermonSelected>
    </Sermon>
    <Sermon>
        <Title>(Genesis) 20 - The Table of Nations; or the History of the Sons of Noah</Title>
        <Url>http://www.sermonindex.net/modules/mydownloads/visit.php?lid=12800</Url>
        <Speaker>S. Lewis Johnson</Speaker>
        <Length>0Kb</Length>
        <Status>NOT_STARTED</Status>
        <isSermonSelected>false</isSermonSelected>
    </Sermon>
    <Sermon>
        <Title>(Genesis) 21 - The Spirit of Man and the Sovereignty of God</Title>
        <Url>http://www.sermonindex.net/modules/mydownloads/visit.php?lid=12801</Url>
        <Speaker>S. Lewis Johnson</Speaker>
        <Length>10.5Mb</Length>
        <Status>NOT_STARTED</Status>
        <isSermonSelected>false</isSermonSelected>
    </Sermon>
    <Sermon>
        <Title>(Genesis) 22 - The Call of Abram; or Election, Effectual Calling</Title>
        <Url>http://www.sermonindex.net/modules/mydownloads/visit.php?lid=12802</Url>
        <Speaker>S. Lewis Johnson</Speaker>
        <Length>0Kb</Length>
        <Status>NOT_STARTED</Status>
        <isSermonSelected>false</isSermonSelected>
    </Sermon>
    <Sermon>
        <Title>(Genesis) 23 - The Abrahamic: The Fundamental Covenant</Title>
        <Url>http://www.sermonindex.net/modules/mydownloads/visit.php?lid=12803</Url>
        <Speaker>S. Lewis Johnson</Speaker>
        <Length>11.17Mb</Length>
        <Status>NOT_STARTED</Status>
        <isSermonSelected>false</isSermonSelected>
    </Sermon>
    <Sermon>
        <Title>(Genesis) 24 - The First Great Pilgrim Father</Title>
        <Url>http://www.sermonindex.net/modules/mydownloads/visit.php?lid=12804</Url>
        <Speaker>S. Lewis Johnson</Speaker>
        <Length>11.62Mb</Length>
        <Status>NOT_STARTED</Status>
        <isSermonSelected>false</isSermonSelected>
    </Sermon>
    <Sermon>
        <Title>(Genesis) 25 - The Dance of Circumstances and the Danger of Compromise</Title>
        <Url>http://www.sermonindex.net/modules/mydownloads/visit.php?lid=12805</Url>
        <Speaker>S. Lewis Johnson</Speaker>
        <Length>11.24Mb</Length>
        <Status>NOT_STARTED</Status>
        <isSermonSelected>false</isSermonSelected>
    </Sermon>
    <Sermon>
        <Title>(Genesis) 26 - The Lure of the Invisible and Abram's Choice</Title>
        <Url>http://www.sermonindex.net/modules/mydownloads/visit.php?lid=12904</Url>
        <Speaker>S. Lewis Johnson</Speaker>
        <Length>11.99Mb</Length>
        <Status>NOT_STARTED</Status>
        <isSermonSelected>false</isSermonSelected>
    </Sermon>
    <Sermon>
        <Title>(Genesis) 27 - The Faith of the Father of the Faithful: Uncompromising</Title>
        <Url>http://www.sermonindex.net/modules/mydownloads/visit.php?lid=12905</Url>
        <Speaker>S. Lewis Johnson</Speaker>
        <Length>12.65Mb</Length>
        <Status>NOT_STARTED</Status>
        <isSermonSelected>false</isSermonSelected>
    </Sermon>
    <Sermon>
        <Title>(Genesis) 28 - Abraham and Justification by Faith</Title>
        <Url>http://www.sermonindex.net/modules/mydownloads/visit.php?lid=12906</Url>
        <Speaker>S. Lewis Johnson</Speaker>
        <Length>12.71Mb</Length>
        <Status>NOT_STARTED</Status>
        <isSermonSelected>false</isSermonSelected>
    </Sermon>
    <Sermon>
        <Title>(Genesis) 29 - The Ratification of the Abrahamic Covenant</Title>
        <Url>http://www.sermonindex.net/modules/mydownloads/visit.php?lid=12907</Url>
        <Speaker>S. Lewis Johnson</Speaker>
        <Length>11.62Mb</Length>
        <Status>NOT_STARTED</Status>
        <isSermonSelected>false</isSermonSelected>
    </Sermon>
    <Sermon>
        <Title>(Genesis) 3 - The Creation Continued</Title>
        <Url>http://www.sermonindex.net/modules/mydownloads/visit.php?lid=12270</Url>
        <Speaker>S. Lewis Johnson</Speaker>
        <Length>11Mb</Length>
        <Status>NOT_STARTED</Status>
        <isSermonSelected>false</isSermonSelected>
    </Sermon>
    <Sermon>
        <Title>(Genesis) 30 - Ishmael - the Product of Doing God's Will in the Power of</Title>
        <Url>http://www.sermonindex.net/modules/mydownloads/visit.php?lid=12908</Url>
        <Speaker>S. Lewis Johnson</Speaker>
        <Length>11.15Mb</Length>
        <Status>NOT_STARTED</Status>
        <isSermonSelected>false</isSermonSelected>
    </Sermon>
    <Sermon>
        <Title>(Genesis) 31 - The Sealing of the Covenant and Abram's New Name</Title>
        <Url>http://www.sermonindex.net/modules/mydownloads/visit.php?lid=12909</Url>
        <Speaker>S. Lewis Johnson</Speaker>
        <Length>12.14Mb</Length>
        <Status>NOT_STARTED</Status>
        <isSermonSelected>false</isSermonSelected>
    </Sermon>
    <Sermon>
        <Title>(Genesis) 32 - The Sign of the Abrahamic Covenant</Title>
        <Url>http://www.sermonindex.net/modules/mydownloads/visit.php?lid=12910</Url>
        <Speaker>S. Lewis Johnson</Speaker>
        <Length>12.65Mb</Length>
        <Status>NOT_STARTED</Status>
        <isSermonSelected>false</isSermonSelected>
    </Sermon>
    <Sermon>
        <Title>(Genesis) 33 - Abraham Visited by His Friend; or the Intimacies of the Divine Fellowship</Title>
        <Url>http://www.sermonindex.net/modules/mydownloads/visit.php?lid=12911</Url>
        <Speaker>S. Lewis Johnson</Speaker>
        <Length>12.62Mb</Length>
        <Status>NOT_STARTED</Status>
        <isSermonSelected>false</isSermonSelected>
    </Sermon>
    <Sermon>
        <Title>(Genesis) 34 - Sodom, Lot and the Harvest of Sowing to the Flesh</Title>
        <Url>http://www.sermonindex.net/modules/mydownloads/visit.php?lid=12912</Url>
        <Speaker>S. Lewis Johnson</Speaker>
        <Length>12.5Mb</Length>
        <Status>NOT_STARTED</Status>
        <isSermonSelected>false</isSermonSelected>
    </Sermon>
    <Sermon>
        <Title>(Genesis) 35 - The Patriarch Practicing Deceit</Title>
        <Url>http://www.sermonindex.net/modules/mydownloads/visit.php?lid=12913</Url>
        <Speaker>S. Lewis Johnson</Speaker>
        <Length>11.22Mb</Length>
        <Status>NOT_STARTED</Status>
        <isSermonSelected>false</isSermonSelected>
    </Sermon>
    <Sermon>
        <Title>(Genesis) 36 - The Promise Fulfilled and the Weaning of Abraham</Title>
        <Url>http://www.sermonindex.net/modules/mydownloads/visit.php?lid=12914</Url>
        <Speaker>S. Lewis Johnson</Speaker>
        <Length>10.17Mb</Length>
        <Status>NOT_STARTED</Status>
        <isSermonSelected>false</isSermonSelected>
    </Sermon>
    <Sermon>
        <Title>(Genesis) 37 - The Old Testament's Greatest Scene</Title>
        <Url>http://www.sermonindex.net/modules/mydownloads/visit.php?lid=12915</Url>
        <Speaker>S. Lewis Johnson</Speaker>
        <Length>11.95Mb</Length>
        <Status>NOT_STARTED</Status>
        <isSermonSelected>false</isSermonSelected>
    </Sermon>
    <Sermon>
        <Title>(Genesis) 38 - Sarah's Death and the Power of the Resurrection</Title>
        <Url>http://www.sermonindex.net/modules/mydownloads/visit.php?lid=12916</Url>
        <Speaker>S. Lewis Johnson</Speaker>
        <Length>10.67Mb</Length>
        <Status>NOT_STARTED</Status>
        <isSermonSelected>false</isSermonSelected>
    </Sermon>
    <Sermon>
        <Title>(Genesis) 39 - A Bride for Isaac</Title>
        <Url>http://www.sermonindex.net/modules/mydownloads/visit.php?lid=12917</Url>
        <Speaker>S. Lewis Johnson</Speaker>
        <Length>12.4Mb</Length>
        <Status>NOT_STARTED</Status>
        <isSermonSelected>false</isSermonSelected>
    </Sermon>
    <Sermon>
        <Title>(Genesis) 4 - Man and the Cultural Mandate</Title>
        <Url>http://www.sermonindex.net/modules/mydownloads/visit.php?lid=12271</Url>
        <Speaker>S. Lewis Johnson</Speaker>
        <Length>12.43Mb</Length>
        <Status>NOT_STARTED</Status>
        <isSermonSelected>false</isSermonSelected>
    </Sermon>
    <Sermon>
        <Title>(Genesis) 40 - The Last Days of Abraham and the First Days of Jacob</Title>
        <Url>http://www.sermonindex.net/modules/mydownloads/visit.php?lid=12918</Url>
        <Speaker>S. Lewis Johnson</Speaker>
        <Length>12.78Mb</Length>
        <Status>NOT_STARTED</Status>
        <isSermonSelected>false</isSermonSelected>
    </Sermon>
    <Sermon>
        <Title>(Genesis) 41 - Esau's Profane Act</Title>
        <Url>http://www.sermonindex.net/modules/mydownloads/visit.php?lid=12919</Url>
        <Speaker>S. Lewis Johnson</Speaker>
        <Length>10.1Mb</Length>
        <Status>NOT_STARTED</Status>
        <isSermonSelected>false</isSermonSelected>
    </Sermon>
    <Sermon>
        <Title>(Genesis) 42 - Isaac - the Passive and Patient Patriarch</Title>
        <Url>http://www.sermonindex.net/modules/mydownloads/visit.php?lid=12920</Url>
        <Speaker>S. Lewis Johnson</Speaker>
        <Length>11.75Mb</Length>
        <Status>NOT_STARTED</Status>
        <isSermonSelected>false</isSermonSelected>
    </Sermon>
    <Sermon>
        <Title>(Genesis) 43 - The Stolen Blessing</Title>
        <Url>http://www.sermonindex.net/modules/mydownloads/visit.php?lid=12940</Url>
        <Speaker>S. Lewis Johnson</Speaker>
        <Length>11.49Mb</Length>
        <Status>NOT_STARTED</Status>
        <isSermonSelected>false</isSermonSelected>
    </Sermon>
    <Sermon>
        <Title>(Genesis) 44 - Jacob's Ladder: Grace Unsought, Unstinted and Unforgettable</Title>
        <Url>http://www.sermonindex.net/modules/mydownloads/visit.php?lid=12941</Url>
        <Speaker>S. Lewis Johnson</Speaker>
        <Length>11.72Mb</Length>
        <Status>NOT_STARTED</Status>
        <isSermonSelected>false</isSermonSelected>
    </Sermon>
    <Sermon>
        <Title>(Genesis) 45 - The Deceiver Deceived; or Jacob Learning the Justice of God</Title>
        <Url>http://www.sermonindex.net/modules/mydownloads/visit.php?lid=12942</Url>
        <Speaker>S. Lewis Johnson</Speaker>
        <Length>0Kb</Length>
        <Status>NOT_STARTED</Status>
        <isSermonSelected>false</isSermonSelected>
    </Sermon>
    <Sermon>
        <Title>(Genesis) 46 - Jacob in the Crucible of Divine Discipline</Title>
        <Url>http://www.sermonindex.net/modules/mydownloads/visit.php?lid=12943</Url>
        <Speaker>S. Lewis Johnson</Speaker>
        <Length>11.53Mb</Length>
        <Status>NOT_STARTED</Status>
        <isSermonSelected>false</isSermonSelected>
    </Sermon>
    <Sermon>
        <Title>(Genesis) 47 - The Stirring Up of Jacob's Nest</Title>
        <Url>http://www.sermonindex.net/modules/mydownloads/visit.php?lid=12944</Url>
        <Speaker>S. Lewis Johnson</Speaker>
        <Length>10.34Mb</Length>
        <Status>NOT_STARTED</Status>
        <isSermonSelected>false</isSermonSelected>
    </Sermon>
    <Sermon>
        <Title>(Genesis) 48 - Peniel, from Supplanter to Prevailer</Title>
        <Url>http://www.sermonindex.net/modules/mydownloads/visit.php?lid=12945</Url>
        <Speaker>S. Lewis Johnson</Speaker>
        <Length>11.48Mb</Length>
        <Status>NOT_STARTED</Status>
        <isSermonSelected>false</isSermonSelected>
    </Sermon>
    <Sermon>
        <Title>(Genesis) 49 - After Peniel, God's Fighter Retreating</Title>
        <Url>http://www.sermonindex.net/modules/mydownloads/visit.php?lid=12946</Url>
        <Speaker>S. Lewis Johnson</Speaker>
        <Length>10.86Mb</Length>
        <Status>NOT_STARTED</Status>
        <isSermonSelected>false</isSermonSelected>
    </Sermon>
    <Sermon>
        <Title>(Genesis) 5 - The Mystery of Man; or the Modern Crisis of Identity</Title>
        <Url>http://www.sermonindex.net/modules/mydownloads/visit.php?lid=12272</Url>
        <Speaker>S. Lewis Johnson</Speaker>
        <Length>0Kb</Length>
        <Status>NOT_STARTED</Status>
        <isSermonSelected>false</isSermonSelected>
    </Sermon>
    <Sermon>
        <Title>(Genesis) 50 - Jacob at Shechem; or Worldliness, Its Character and Cure</Title>
        <Url>http://www.sermonindex.net/modules/mydownloads/visit.php?lid=12947</Url>
        <Speaker>S. Lewis Johnson</Speaker>
        <Length>0Kb</Length>
        <Status>NOT_STARTED</Status>
        <isSermonSelected>false</isSermonSelected>
    </Sermon>
    <Sermon>
        <Title>(Genesis) 51 - Back to Bethel</Title>
        <Url>http://www.sermonindex.net/modules/mydownloads/visit.php?lid=12948</Url>
        <Speaker>S. Lewis Johnson</Speaker>
        <Length>12.15Mb</Length>
        <Status>NOT_STARTED</Status>
        <isSermonSelected>false</isSermonSelected>
    </Sermon>
    <Sermon>
        <Title>(Genesis) 52 - Lessons from the Generations of Esau</Title>
        <Url>http://www.sermonindex.net/modules/mydownloads/visit.php?lid=12949</Url>
        <Speaker>S. Lewis Johnson</Speaker>
        <Length>10.83Mb</Length>
        <Status>NOT_STARTED</Status>
        <isSermonSelected>false</isSermonSelected>
    </Sermon>
    <Sermon>
        <Title>(Genesis) 53 - Joseph - Beloved, Hated and Sold</Title>
        <Url>http://www.sermonindex.net/modules/mydownloads/visit.php?lid=12950</Url>
        <Speaker>S. Lewis Johnson</Speaker>
        <Length>11.31Mb</Length>
        <Status>NOT_STARTED</Status>
        <isSermonSelected>false</isSermonSelected>
    </Sermon>
    <Sermon>
        <Title>(Genesis) 54 - Judah and the Messianic Succession</Title>
        <Url>http://www.sermonindex.net/modules/mydownloads/visit.php?lid=12951</Url>
        <Speaker>S. Lewis Johnson</Speaker>
        <Length>11.75Mb</Length>
        <Status>NOT_STARTED</Status>
        <isSermonSelected>false</isSermonSelected>
    </Sermon>
    <Sermon>
        <Title>(Genesis) 55 - Joseph - Tested and Triumphant</Title>
        <Url>http://www.sermonindex.net/modules/mydownloads/visit.php?lid=12952</Url>
        <Speaker>S. Lewis Johnson</Speaker>
        <Length>11.53Mb</Length>
        <Status>NOT_STARTED</Status>
        <isSermonSelected>false</isSermonSelected>
    </Sermon>
    <Sermon>
        <Title>(Genesis) 56 - Joseph Prepared by Providence in Pharaoh's Prison</Title>
        <Url>http://www.sermonindex.net/modules/mydownloads/visit.php?lid=12953</Url>
        <Speaker>S. Lewis Johnson</Speaker>
        <Length>10.08Mb</Length>
        <Status>NOT_STARTED</Status>
        <isSermonSelected>false</isSermonSelected>
    </Sermon>
    <Sermon>
        <Title>(Genesis) 57 - Joseph's Exaltation; or from Prison to Prime Minister</Title>
        <Url>http://www.sermonindex.net/modules/mydownloads/visit.php?lid=12954</Url>
        <Speaker>S. Lewis Johnson</Speaker>
        <Length>0Kb</Length>
        <Status>NOT_STARTED</Status>
        <isSermonSelected>false</isSermonSelected>
    </Sermon>
    <Sermon>
        <Title>(Genesis) 58 - The Persistent Power of a Guilty Conscience</Title>
        <Url>http://www.sermonindex.net/modules/mydownloads/visit.php?lid=12955</Url>
        <Speaker>S. Lewis Johnson</Speaker>
        <Length>12.55Mb</Length>
        <Status>NOT_STARTED</Status>
        <isSermonSelected>false</isSermonSelected>
    </Sermon>
    <Sermon>
        <Title>(Genesis) 59 - Joseph's Brethren and the Disciplines of Life</Title>
        <Url>http://www.sermonindex.net/modules/mydownloads/visit.php?lid=12956</Url>
        <Speaker>S. Lewis Johnson</Speaker>
        <Length>11.76Mb</Length>
        <Status>NOT_STARTED</Status>
        <isSermonSelected>false</isSermonSelected>
    </Sermon>
    <Sermon>
        <Title>(Genesis) 6 - Man in His Probation</Title>
        <Url>http://www.sermonindex.net/modules/mydownloads/visit.php?lid=12273</Url>
        <Speaker>S. Lewis Johnson</Speaker>
        <Length>10.98Mb</Length>
        <Status>NOT_STARTED</Status>
        <isSermonSelected>false</isSermonSelected>
    </Sermon>
    <Sermon>
        <Title>(Genesis) 60 - Consternation, Mediation and Reconciliation</Title>
        <Url>http://www.sermonindex.net/modules/mydownloads/visit.php?lid=12957</Url>
        <Speaker>S. Lewis Johnson</Speaker>
        <Length>11.67Mb</Length>
        <Status>NOT_STARTED</Status>
        <isSermonSelected>false</isSermonSelected>
    </Sermon>
    <Sermon>
        <Title>(Genesis) 61 - Jacob - Surprised, Sustained and Satisfied by the God of</Title>
        <Url>http://www.sermonindex.net/modules/mydownloads/visit.php?lid=12958</Url>
        <Speaker>S. Lewis Johnson</Speaker>
        <Length>11.24Mb</Length>
        <Status>NOT_STARTED</Status>
        <isSermonSelected>false</isSermonSelected>
    </Sermon>
    <Sermon>
        <Title>(Genesis) 62 - The Grandeur of God's Glory</Title>
        <Url>http://www.sermonindex.net/modules/mydownloads/visit.php?lid=12959</Url>
        <Speaker>S. Lewis Johnson</Speaker>
        <Length>11.7Mb</Length>
        <Status>NOT_STARTED</Status>
        <isSermonSelected>false</isSermonSelected>
    </Sermon>
    <Sermon>
        <Title>(Genesis) 63 - Jacob Blessing Joseph's Sons</Title>
        <Url>http://www.sermonindex.net/modules/mydownloads/visit.php?lid=12960</Url>
        <Speaker>S. Lewis Johnson</Speaker>
        <Length>12.19Mb</Length>
        <Status>NOT_STARTED</Status>
        <isSermonSelected>false</isSermonSelected>
    </Sermon>
    <Sermon>
        <Title>(Genesis) 64 - Jacob's Last Words - I</Title>
        <Url>http://www.sermonindex.net/modules/mydownloads/visit.php?lid=12961</Url>
        <Speaker>S. Lewis Johnson</Speaker>
        <Length>12.65Mb</Length>
        <Status>NOT_STARTED</Status>
        <isSermonSelected>false</isSermonSelected>
    </Sermon>
    <Sermon>
        <Title>(Genesis) 65 - Jacob's Last Words - II</Title>
        <Url>http://www.sermonindex.net/modules/mydownloads/visit.php?lid=12962</Url>
        <Speaker>S. Lewis Johnson</Speaker>
        <Length>12.36Mb</Length>
        <Status>NOT_STARTED</Status>
        <isSermonSelected>false</isSermonSelected>
    </Sermon>
    <Sermon>
        <Title>(Genesis) 66 - Joseph's Last Words</Title>
        <Url>http://www.sermonindex.net/modules/mydownloads/visit.php?lid=12963</Url>
        <Speaker>S. Lewis Johnson</Speaker>
        <Length>11.24Mb</Length>
        <Status>NOT_STARTED</Status>
        <isSermonSelected>false</isSermonSelected>
    </Sermon>
    <Sermon>
        <Title>(Genesis) 7 - The First Divine Institution</Title>
        <Url>http://www.sermonindex.net/modules/mydownloads/visit.php?lid=12274</Url>
        <Speaker>S. Lewis Johnson</Speaker>
        <Length>12.11Mb</Length>
        <Status>NOT_STARTED</Status>
        <isSermonSelected>false</isSermonSelected>
    </Sermon>
    <Sermon>
        <Title>(Genesis) 8 - The Fall of Man</Title>
        <Url>http://www.sermonindex.net/modules/mydownloads/visit.php?lid=12275</Url>
        <Speaker>S. Lewis Johnson</Speaker>
        <Length>10.48Mb</Length>
        <Status>NOT_STARTED</Status>
        <isSermonSelected>false</isSermonSelected>
    </Sermon>
    <Sermon>
        <Title>(Genesis) 9 - The Sting of Death and the Seed of the Woman</Title>
        <Url>http://www.sermonindex.net/modules/mydownloads/visit.php?lid=12276</Url>
        <Speaker>S. Lewis Johnson</Speaker>
        <Length>11.79Mb</Length>
        <Status>NOT_STARTED</Status>
        <isSermonSelected>false</isSermonSelected>
    </Sermon>
    <Sermon>
        <Title>A Study in Satisfaction</Title>
        <Url>http://www.sermonindex.net/modules/mydownloads/visit.php?lid=27170</Url>
        <Speaker>S. Lewis Johnson</Speaker>
        <Length>13.66Mb</Length>
        <Status>NOT_STARTED</Status>
        <isSermonSelected>false</isSermonSelected>
    </Sermon>
    <Sermon>
        <Title>Before the Sanhedrin</Title>
        <Url>http://www.sermonindex.net/modules/mydownloads/visit.php?lid=27168</Url>
        <Speaker>S. Lewis Johnson</Speaker>
        <Length>11.49Mb</Length>
        <Status>NOT_STARTED</Status>
        <isSermonSelected>false</isSermonSelected>
    </Sermon>
    <Sermon>
        <Title>Gethsemane – II: Blood Drawn, but No Atonement!</Title>
        <Url>http://www.sermonindex.net/modules/mydownloads/visit.php?lid=27167</Url>
        <Speaker>S. Lewis Johnson</Speaker>
        <Length>14.18Mb</Length>
        <Status>NOT_STARTED</Status>
        <isSermonSelected>false</isSermonSelected>
    </Sermon>
    <Sermon>
        <Title>Golgotha</Title>
        <Url>http://www.sermonindex.net/modules/mydownloads/visit.php?lid=27169</Url>
        <Speaker>S. Lewis Johnson</Speaker>
        <Length>13.38Mb</Length>
        <Status>NOT_STARTED</Status>
        <isSermonSelected>false</isSermonSelected>
    </Sermon>
    <Sermon>
        <Title>On the Way to the Garden</Title>
        <Url>http://www.sermonindex.net/modules/mydownloads/visit.php?lid=27166</Url>
        <Speaker>S. Lewis Johnson</Speaker>
        <Length>13.92Mb</Length>
        <Status>NOT_STARTED</Status>
        <isSermonSelected>false</isSermonSelected>
    </Sermon>
    <Sermon>
        <Title>The Finished Work of Christ</Title>
        <Url>http://www.sermonindex.net/modules/mydownloads/visit.php?lid=27171</Url>
        <Speaker>S. Lewis Johnson</Speaker>
        <Length>14.56Mb</Length>
        <Status>NOT_STARTED</Status>
        <isSermonSelected>false</isSermonSelected>
    </Sermon>
    <Sermon>
        <Title>The Horror of Eternal Punishment</Title>
        <Url>http://www.sermonindex.net/modules/mydownloads/visit.php?lid=27173</Url>
        <Speaker>S. Lewis Johnson</Speaker>
        <Length>13.74Mb</Length>
        <Status>NOT_STARTED</Status>
        <isSermonSelected>false</isSermonSelected>
    </Sermon>
    <Sermon>
        <Title>The Parable of the Vineyard and the Tenants</Title>
        <Url>http://www.sermonindex.net/modules/mydownloads/visit.php?lid=27162</Url>
        <Speaker>S. Lewis Johnson</Speaker>
        <Length>14.68Mb</Length>
        <Status>NOT_STARTED</Status>
        <isSermonSelected>false</isSermonSelected>
    </Sermon>
    <Sermon>
        <Title>The Purpose of the Atonement</Title>
        <Url>http://www.sermonindex.net/modules/mydownloads/visit.php?lid=27172</Url>
        <Speaker>S. Lewis Johnson</Speaker>
        <Length>13.77Mb</Length>
        <Status>NOT_STARTED</Status>
        <isSermonSelected>false</isSermonSelected>
    </Sermon>
    <Sermon>
        <Title>The Question About David’s Son</Title>
        <Url>http://www.sermonindex.net/modules/mydownloads/visit.php?lid=27165</Url>
        <Speaker>S. Lewis Johnson</Speaker>
        <Length>13.66Mb</Length>
        <Status>NOT_STARTED</Status>
        <isSermonSelected>false</isSermonSelected>
    </Sermon>
    <Sermon>
        <Title>The Question About the Great Commandment</Title>
        <Url>http://www.sermonindex.net/modules/mydownloads/visit.php?lid=27164</Url>
        <Speaker>S. Lewis Johnson</Speaker>
        <Length>13.41Mb</Length>
        <Status>NOT_STARTED</Status>
        <isSermonSelected>false</isSermonSelected>
    </Sermon>
    <Sermon>
        <Title>The Question About the Resurrection</Title>
        <Url>http://www.sermonindex.net/modules/mydownloads/visit.php?lid=27163</Url>
        <Speaker>S. Lewis Johnson</Speaker>
        <Length>12.67Mb</Length>
        <Status>NOT_STARTED</Status>
        <isSermonSelected>false</isSermonSelected>
    </Sermon>
    <Sermon>
        <Title>The Triumphal Entry: The King Comes for His Kingdom</Title>
        <Url>http://www.sermonindex.net/modules/mydownloads/visit.php?lid=27161</Url>
        <Speaker>S. Lewis Johnson</Speaker>
        <Length>13.77Mb</Length>
        <Status>NOT_STARTED</Status>
        <isSermonSelected>false</isSermonSelected>
    </Sermon>
</Sermons>
