<?xml version="1.0" encoding="UTF-8" standalone="yes"?>
<Sermons>
    <Sermon>
        <Title>Changing The Heart Of A Rebel</Title>
        <Url>http://www.sermonindex.net/modules/mydownloads/visit.php?lid=9314</Url>
        <Speaker>S.M. Davis</Speaker>
        <Length>7.24Mb</Length>
        <Status>NOT_STARTED</Status>
        <isSermonSelected>false</isSermonSelected>
    </Sermon>
    <Sermon>
        <Title>Freedom From the Spirit of Anger</Title>
        <Url>http://www.sermonindex.net/modules/mydownloads/visit.php?lid=19567</Url>
        <Speaker>S.M. Davis</Speaker>
        <Length>18.36Mb</Length>
        <Status>NOT_STARTED</Status>
        <isSermonSelected>false</isSermonSelected>
    </Sermon>
</Sermons>
