<?xml version="1.0" encoding="UTF-8" standalone="yes"?>
<Sermons>
    <Sermon>
        <Title>01 - Breathe On Me</Title>
        <Url>http://www.sermonindex.net/modules/mydownloads/visit.php?lid=4107</Url>
        <Speaker>Stephanie Staples</Speaker>
        <Length>9.18Mb</Length>
        <Status>NOT_STARTED</Status>
        <isSermonSelected>false</isSermonSelected>
    </Sermon>
    <Sermon>
        <Title>02 - All You Want</Title>
        <Url>http://www.sermonindex.net/modules/mydownloads/visit.php?lid=4108</Url>
        <Speaker>Stephanie Staples</Speaker>
        <Length>15.54Mb</Length>
        <Status>NOT_STARTED</Status>
        <isSermonSelected>false</isSermonSelected>
    </Sermon>
    <Sermon>
        <Title>03 - Bid Me Come</Title>
        <Url>http://www.sermonindex.net/modules/mydownloads/visit.php?lid=4109</Url>
        <Speaker>Stephanie Staples</Speaker>
        <Length>10.04Mb</Length>
        <Status>NOT_STARTED</Status>
        <isSermonSelected>false</isSermonSelected>
    </Sermon>
    <Sermon>
        <Title>04 - In Your Eyes</Title>
        <Url>http://www.sermonindex.net/modules/mydownloads/visit.php?lid=4110</Url>
        <Speaker>Stephanie Staples</Speaker>
        <Length>10.52Mb</Length>
        <Status>NOT_STARTED</Status>
        <isSermonSelected>false</isSermonSelected>
    </Sermon>
    <Sermon>
        <Title>05 - Seek Me More</Title>
        <Url>http://www.sermonindex.net/modules/mydownloads/visit.php?lid=4111</Url>
        <Speaker>Stephanie Staples</Speaker>
        <Length>13.42Mb</Length>
        <Status>NOT_STARTED</Status>
        <isSermonSelected>false</isSermonSelected>
    </Sermon>
    <Sermon>
        <Title>06 - In Your Eyes</Title>
        <Url>http://www.sermonindex.net/modules/mydownloads/visit.php?lid=4112</Url>
        <Speaker>Stephanie Staples</Speaker>
        <Length>8.72Mb</Length>
        <Status>NOT_STARTED</Status>
        <isSermonSelected>false</isSermonSelected>
    </Sermon>
    <Sermon>
        <Title>07 - Abba Lamb</Title>
        <Url>http://www.sermonindex.net/modules/mydownloads/visit.php?lid=4113</Url>
        <Speaker>Stephanie Staples</Speaker>
        <Length>10.02Mb</Length>
        <Status>NOT_STARTED</Status>
        <isSermonSelected>false</isSermonSelected>
    </Sermon>
    <Sermon>
        <Title>08 - Don't You Know</Title>
        <Url>http://www.sermonindex.net/modules/mydownloads/visit.php?lid=4114</Url>
        <Speaker>Stephanie Staples</Speaker>
        <Length>7.59Mb</Length>
        <Status>NOT_STARTED</Status>
        <isSermonSelected>false</isSermonSelected>
    </Sermon>
    <Sermon>
        <Title>09 - If You Only Knew</Title>
        <Url>http://www.sermonindex.net/modules/mydownloads/visit.php?lid=4115</Url>
        <Speaker>Stephanie Staples</Speaker>
        <Length>13.76Mb</Length>
        <Status>NOT_STARTED</Status>
        <isSermonSelected>false</isSermonSelected>
    </Sermon>
    <Sermon>
        <Title>10 - Holy</Title>
        <Url>http://www.sermonindex.net/modules/mydownloads/visit.php?lid=4116</Url>
        <Speaker>Stephanie Staples</Speaker>
        <Length>12.94Mb</Length>
        <Status>NOT_STARTED</Status>
        <isSermonSelected>false</isSermonSelected>
    </Sermon>
    <Sermon>
        <Title>11 - I Surrender</Title>
        <Url>http://www.sermonindex.net/modules/mydownloads/visit.php?lid=14537</Url>
        <Speaker>Stephanie Staples</Speaker>
        <Length>9.79Mb</Length>
        <Status>NOT_STARTED</Status>
        <isSermonSelected>false</isSermonSelected>
    </Sermon>
</Sermons>
