<?xml version="1.0" encoding="UTF-8" standalone="yes"?>
<Sermons>
    <Sermon>
        <Title>The Sounds and Fury of Hell</Title>
        <Url>http://www.sermonindex.net/modules/mydownloads/visit.php?lid=17544</Url>
        <Speaker>Steve Zehr</Speaker>
        <Length>6.8Mb</Length>
        <Status>NOT_STARTED</Status>
        <isSermonSelected>false</isSermonSelected>
    </Sermon>
    <Sermon>
        <Title>The Story of Desmond Doss</Title>
        <Url>http://www.sermonindex.net/modules/mydownloads/visit.php?lid=24210</Url>
        <Speaker>Steve Zehr</Speaker>
        <Length>7.61Mb</Length>
        <Status>NOT_STARTED</Status>
        <isSermonSelected>false</isSermonSelected>
    </Sermon>
    <Sermon>
        <Title>Why is the House of God Forsaken</Title>
        <Url>http://www.sermonindex.net/modules/mydownloads/visit.php?lid=17543</Url>
        <Speaker>Steve Zehr</Speaker>
        <Length>5.89Mb</Length>
        <Status>NOT_STARTED</Status>
        <isSermonSelected>false</isSermonSelected>
    </Sermon>
</Sermons>
