<?xml version="1.0" encoding="UTF-8" standalone="yes"?>
<Sermons>
    <Sermon>
        <Title>Living in Light of Eternity</Title>
        <Url>http://www.sermonindex.net/modules/mydownloads/visit.php?lid=21440</Url>
        <Speaker>Steven J. Lawson</Speaker>
        <Length>17.41Mb</Length>
        <Status>ALREADY_DONE</Status>
        <isSermonSelected>false</isSermonSelected>
    </Sermon>
    <Sermon>
        <Title>The Coming Final Persecution</Title>
        <Url>http://www.sermonindex.net/modules/mydownloads/visit.php?lid=19106</Url>
        <Speaker>Steven J. Lawson</Speaker>
        <Length>7.21Mb</Length>
        <Status>ALREADY_DONE</Status>
        <isSermonSelected>false</isSermonSelected>
    </Sermon>
</Sermons>
