<?xml version="1.0" encoding="UTF-8" standalone="yes"?>
<Sermons>
    <Sermon>
        <Title>Gimmie Some Sugar</Title>
        <Url>http://www.sermonindex.net/modules/mydownloads/visit.php?lid=20427</Url>
        <Speaker>Steve Hill</Speaker>
        <Length>43.09Mb</Length>
        <Status>ALREADY_DONE</Status>
        <isSermonSelected>false</isSermonSelected>
    </Sermon>
    <Sermon>
        <Title>Hell To Pay</Title>
        <Url>http://www.sermonindex.net/modules/mydownloads/visit.php?lid=20426</Url>
        <Speaker>Steve Hill</Speaker>
        <Length>18.16Mb</Length>
        <Status>ALREADY_DONE</Status>
        <isSermonSelected>false</isSermonSelected>
    </Sermon>
    <Sermon>
        <Title>Judgment Day</Title>
        <Url>http://www.sermonindex.net/modules/mydownloads/visit.php?lid=24049</Url>
        <Speaker>Steve Hill</Speaker>
        <Length>6.75Mb</Length>
        <Status>ALREADY_DONE</Status>
        <isSermonSelected>false</isSermonSelected>
    </Sermon>
    <Sermon>
        <Title>Keep A Closed Mind</Title>
        <Url>http://www.sermonindex.net/modules/mydownloads/visit.php?lid=20425</Url>
        <Speaker>Steve Hill</Speaker>
        <Length>40.89Mb</Length>
        <Status>ALREADY_DONE</Status>
        <isSermonSelected>false</isSermonSelected>
    </Sermon>
    <Sermon>
        <Title>The Call For The Church To Leave The Plains Of Sodom And Gomorrah</Title>
        <Url>http://www.sermonindex.net/modules/mydownloads/visit.php?lid=24420</Url>
        <Speaker>Steve Hill</Speaker>
        <Length>10.25Mb</Length>
        <Status>ALREADY_DONE</Status>
        <isSermonSelected>false</isSermonSelected>
    </Sermon>
    <Sermon>
        <Title>The Days Of Our Flesh</Title>
        <Url>http://www.sermonindex.net/modules/mydownloads/visit.php?lid=20428</Url>
        <Speaker>Steve Hill</Speaker>
        <Length>26.18Mb</Length>
        <Status>ALREADY_DONE</Status>
        <isSermonSelected>false</isSermonSelected>
    </Sermon>
</Sermons>
