<?xml version="1.0" encoding="UTF-8" standalone="yes"?>
<Sermons>
    <Sermon>
        <Title>A World Without Tears</Title>
        <Url>http://www.sermonindex.net/modules/mydownloads/visit.php?lid=23859</Url>
        <Speaker>Steve Mays</Speaker>
        <Length>7.39Mb</Length>
        <Status>NOT_STARTED</Status>
        <isSermonSelected>false</isSermonSelected>
    </Sermon>
    <Sermon>
        <Title>And the Lord Was With Joseph - Part 1</Title>
        <Url>http://www.sermonindex.net/modules/mydownloads/visit.php?lid=23860</Url>
        <Speaker>Steve Mays</Speaker>
        <Length>8.26Mb</Length>
        <Status>NOT_STARTED</Status>
        <isSermonSelected>false</isSermonSelected>
    </Sermon>
    <Sermon>
        <Title>And the Lord Was With Joseph - Part 2</Title>
        <Url>http://www.sermonindex.net/modules/mydownloads/visit.php?lid=23861</Url>
        <Speaker>Steve Mays</Speaker>
        <Length>9.2Mb</Length>
        <Status>NOT_STARTED</Status>
        <isSermonSelected>false</isSermonSelected>
    </Sermon>
    <Sermon>
        <Title>Are You Ready</Title>
        <Url>http://www.sermonindex.net/modules/mydownloads/visit.php?lid=23862</Url>
        <Speaker>Steve Mays</Speaker>
        <Length>6.3Mb</Length>
        <Status>NOT_STARTED</Status>
        <isSermonSelected>false</isSermonSelected>
    </Sermon>
    <Sermon>
        <Title>Be Strong in the Lord</Title>
        <Url>http://www.sermonindex.net/modules/mydownloads/visit.php?lid=23863</Url>
        <Speaker>Steve Mays</Speaker>
        <Length>11.49Mb</Length>
        <Status>NOT_STARTED</Status>
        <isSermonSelected>false</isSermonSelected>
    </Sermon>
    <Sermon>
        <Title>Casting Your Cares</Title>
        <Url>http://www.sermonindex.net/modules/mydownloads/visit.php?lid=23864</Url>
        <Speaker>Steve Mays</Speaker>
        <Length>7.57Mb</Length>
        <Status>NOT_STARTED</Status>
        <isSermonSelected>false</isSermonSelected>
    </Sermon>
    <Sermon>
        <Title>Don't Check Out</Title>
        <Url>http://www.sermonindex.net/modules/mydownloads/visit.php?lid=23865</Url>
        <Speaker>Steve Mays</Speaker>
        <Length>9.15Mb</Length>
        <Status>NOT_STARTED</Status>
        <isSermonSelected>false</isSermonSelected>
    </Sermon>
    <Sermon>
        <Title>Eternity in Their Hearts - Part 1</Title>
        <Url>http://www.sermonindex.net/modules/mydownloads/visit.php?lid=23866</Url>
        <Speaker>Steve Mays</Speaker>
        <Length>8.81Mb</Length>
        <Status>NOT_STARTED</Status>
        <isSermonSelected>false</isSermonSelected>
    </Sermon>
    <Sermon>
        <Title>First Things First</Title>
        <Url>http://www.sermonindex.net/modules/mydownloads/visit.php?lid=23867</Url>
        <Speaker>Steve Mays</Speaker>
        <Length>7.24Mb</Length>
        <Status>NOT_STARTED</Status>
        <isSermonSelected>false</isSermonSelected>
    </Sermon>
    <Sermon>
        <Title>Get Another Life</Title>
        <Url>http://www.sermonindex.net/modules/mydownloads/visit.php?lid=23868</Url>
        <Speaker>Steve Mays</Speaker>
        <Length>7.99Mb</Length>
        <Status>NOT_STARTED</Status>
        <isSermonSelected>false</isSermonSelected>
    </Sermon>
    <Sermon>
        <Title>Give Me More, Give Me More - Part 1</Title>
        <Url>http://www.sermonindex.net/modules/mydownloads/visit.php?lid=23869</Url>
        <Speaker>Steve Mays</Speaker>
        <Length>8.3Mb</Length>
        <Status>NOT_STARTED</Status>
        <isSermonSelected>false</isSermonSelected>
    </Sermon>
    <Sermon>
        <Title>Help Me to Start Talking - Prayer</Title>
        <Url>http://www.sermonindex.net/modules/mydownloads/visit.php?lid=23870</Url>
        <Speaker>Steve Mays</Speaker>
        <Length>8.29Mb</Length>
        <Status>NOT_STARTED</Status>
        <isSermonSelected>false</isSermonSelected>
    </Sermon>
    <Sermon>
        <Title>How Close Can I Get</Title>
        <Url>http://www.sermonindex.net/modules/mydownloads/visit.php?lid=23871</Url>
        <Speaker>Steve Mays</Speaker>
        <Length>7.95Mb</Length>
        <Status>NOT_STARTED</Status>
        <isSermonSelected>false</isSermonSelected>
    </Sermon>
    <Sermon>
        <Title>How to Start Taking - Promises</Title>
        <Url>http://www.sermonindex.net/modules/mydownloads/visit.php?lid=23872</Url>
        <Speaker>Steve Mays</Speaker>
        <Length>8.73Mb</Length>
        <Status>NOT_STARTED</Status>
        <isSermonSelected>false</isSermonSelected>
    </Sermon>
    <Sermon>
        <Title>Living in Hell - Part 1</Title>
        <Url>http://www.sermonindex.net/modules/mydownloads/visit.php?lid=23873</Url>
        <Speaker>Steve Mays</Speaker>
        <Length>6.03Mb</Length>
        <Status>NOT_STARTED</Status>
        <isSermonSelected>false</isSermonSelected>
    </Sermon>
    <Sermon>
        <Title>Love's Four Prepositions</Title>
        <Url>http://www.sermonindex.net/modules/mydownloads/visit.php?lid=23874</Url>
        <Speaker>Steve Mays</Speaker>
        <Length>7.46Mb</Length>
        <Status>NOT_STARTED</Status>
        <isSermonSelected>false</isSermonSelected>
    </Sermon>
    <Sermon>
        <Title>Overcoming Hostility</Title>
        <Url>http://www.sermonindex.net/modules/mydownloads/visit.php?lid=23875</Url>
        <Speaker>Steve Mays</Speaker>
        <Length>8.53Mb</Length>
        <Status>NOT_STARTED</Status>
        <isSermonSelected>false</isSermonSelected>
    </Sermon>
    <Sermon>
        <Title>Overcoming Worry</Title>
        <Url>http://www.sermonindex.net/modules/mydownloads/visit.php?lid=23876</Url>
        <Speaker>Steve Mays</Speaker>
        <Length>7.66Mb</Length>
        <Status>NOT_STARTED</Status>
        <isSermonSelected>false</isSermonSelected>
    </Sermon>
    <Sermon>
        <Title>Price of Your Soul</Title>
        <Url>http://www.sermonindex.net/modules/mydownloads/visit.php?lid=17704</Url>
        <Speaker>Steve Mays</Speaker>
        <Length>7.52Mb</Length>
        <Status>NOT_STARTED</Status>
        <isSermonSelected>false</isSermonSelected>
    </Sermon>
    <Sermon>
        <Title>The Function of Conscience</Title>
        <Url>http://www.sermonindex.net/modules/mydownloads/visit.php?lid=23877</Url>
        <Speaker>Steve Mays</Speaker>
        <Length>7.93Mb</Length>
        <Status>NOT_STARTED</Status>
        <isSermonSelected>false</isSermonSelected>
    </Sermon>
    <Sermon>
        <Title>The Heart Of James</Title>
        <Url>http://www.sermonindex.net/modules/mydownloads/visit.php?lid=19518</Url>
        <Speaker>Steve Mays</Speaker>
        <Length>7.29Mb</Length>
        <Status>NOT_STARTED</Status>
        <isSermonSelected>false</isSermonSelected>
    </Sermon>
    <Sermon>
        <Title>The Man Who Hates</Title>
        <Url>http://www.sermonindex.net/modules/mydownloads/visit.php?lid=23878</Url>
        <Speaker>Steve Mays</Speaker>
        <Length>8.92Mb</Length>
        <Status>NOT_STARTED</Status>
        <isSermonSelected>false</isSermonSelected>
    </Sermon>
    <Sermon>
        <Title>The Patience of Christ</Title>
        <Url>http://www.sermonindex.net/modules/mydownloads/visit.php?lid=23879</Url>
        <Speaker>Steve Mays</Speaker>
        <Length>8.41Mb</Length>
        <Status>NOT_STARTED</Status>
        <isSermonSelected>false</isSermonSelected>
    </Sermon>
    <Sermon>
        <Title>The Perils of Prejudice</Title>
        <Url>http://www.sermonindex.net/modules/mydownloads/visit.php?lid=23880</Url>
        <Speaker>Steve Mays</Speaker>
        <Length>7.59Mb</Length>
        <Status>NOT_STARTED</Status>
        <isSermonSelected>false</isSermonSelected>
    </Sermon>
    <Sermon>
        <Title>The Purposes of Confession</Title>
        <Url>http://www.sermonindex.net/modules/mydownloads/visit.php?lid=23881</Url>
        <Speaker>Steve Mays</Speaker>
        <Length>6.01Mb</Length>
        <Status>NOT_STARTED</Status>
        <isSermonSelected>false</isSermonSelected>
    </Sermon>
    <Sermon>
        <Title>The Tongue</Title>
        <Url>http://www.sermonindex.net/modules/mydownloads/visit.php?lid=23882</Url>
        <Speaker>Steve Mays</Speaker>
        <Length>8.23Mb</Length>
        <Status>NOT_STARTED</Status>
        <isSermonSelected>false</isSermonSelected>
    </Sermon>
    <Sermon>
        <Title>This is Our Victory - Part 1</Title>
        <Url>http://www.sermonindex.net/modules/mydownloads/visit.php?lid=23883</Url>
        <Speaker>Steve Mays</Speaker>
        <Length>7.58Mb</Length>
        <Status>NOT_STARTED</Status>
        <isSermonSelected>false</isSermonSelected>
    </Sermon>
    <Sermon>
        <Title>Thou Art My Messenger</Title>
        <Url>http://www.sermonindex.net/modules/mydownloads/visit.php?lid=23884</Url>
        <Speaker>Steve Mays</Speaker>
        <Length>7.74Mb</Length>
        <Status>NOT_STARTED</Status>
        <isSermonSelected>false</isSermonSelected>
    </Sermon>
    <Sermon>
        <Title>Thou Art My Prophet</Title>
        <Url>http://www.sermonindex.net/modules/mydownloads/visit.php?lid=23885</Url>
        <Speaker>Steve Mays</Speaker>
        <Length>6.91Mb</Length>
        <Status>NOT_STARTED</Status>
        <isSermonSelected>false</isSermonSelected>
    </Sermon>
    <Sermon>
        <Title>Trophies of His Grace</Title>
        <Url>http://www.sermonindex.net/modules/mydownloads/visit.php?lid=23886</Url>
        <Speaker>Steve Mays</Speaker>
        <Length>6.6Mb</Length>
        <Status>NOT_STARTED</Status>
        <isSermonSelected>false</isSermonSelected>
    </Sermon>
    <Sermon>
        <Title>Who is Worthy</Title>
        <Url>http://www.sermonindex.net/modules/mydownloads/visit.php?lid=23887</Url>
        <Speaker>Steve Mays</Speaker>
        <Length>7.21Mb</Length>
        <Status>NOT_STARTED</Status>
        <isSermonSelected>false</isSermonSelected>
    </Sermon>
</Sermons>
