<?xml version="1.0" encoding="UTF-8" standalone="yes"?>
<Sermons>
    <Sermon>
        <Title>(The Orthodox Faith) 01 - Book I Chapters 1-7</Title>
        <Url>http://www.sermonindex.net/modules/mydownloads/visit.php?lid=26387</Url>
        <Speaker>St. John of Damascus</Speaker>
        <Length>11.19Mb</Length>
        <Status>NOT_STARTED</Status>
        <isSermonSelected>false</isSermonSelected>
    </Sermon>
    <Sermon>
        <Title>(The Orthodox Faith) 02 - Book I Chapter 8</Title>
        <Url>http://www.sermonindex.net/modules/mydownloads/visit.php?lid=26388</Url>
        <Speaker>St. John of Damascus</Speaker>
        <Length>13.73Mb</Length>
        <Status>NOT_STARTED</Status>
        <isSermonSelected>false</isSermonSelected>
    </Sermon>
    <Sermon>
        <Title>(The Orthodox Faith) 03 - Book I Chapters 9-14</Title>
        <Url>http://www.sermonindex.net/modules/mydownloads/visit.php?lid=26389</Url>
        <Speaker>St. John of Damascus</Speaker>
        <Length>13.73Mb</Length>
        <Status>NOT_STARTED</Status>
        <isSermonSelected>false</isSermonSelected>
    </Sermon>
    <Sermon>
        <Title>(The Orthodox Faith) 04 - Book II Chapters 1-6</Title>
        <Url>http://www.sermonindex.net/modules/mydownloads/visit.php?lid=26390</Url>
        <Speaker>St. John of Damascus</Speaker>
        <Length>11.23Mb</Length>
        <Status>NOT_STARTED</Status>
        <isSermonSelected>false</isSermonSelected>
    </Sermon>
    <Sermon>
        <Title>(The Orthodox Faith) 05 - Book II Chapters 7-9</Title>
        <Url>http://www.sermonindex.net/modules/mydownloads/visit.php?lid=26391</Url>
        <Speaker>St. John of Damascus</Speaker>
        <Length>12.8Mb</Length>
        <Status>NOT_STARTED</Status>
        <isSermonSelected>false</isSermonSelected>
    </Sermon>
    <Sermon>
        <Title>(The Orthodox Faith) 06 - Book II Chapters 10-12</Title>
        <Url>http://www.sermonindex.net/modules/mydownloads/visit.php?lid=26392</Url>
        <Speaker>St. John of Damascus</Speaker>
        <Length>11.89Mb</Length>
        <Status>NOT_STARTED</Status>
        <isSermonSelected>false</isSermonSelected>
    </Sermon>
    <Sermon>
        <Title>(The Orthodox Faith) 07 - Book II Chapters 13-23</Title>
        <Url>http://www.sermonindex.net/modules/mydownloads/visit.php?lid=26393</Url>
        <Speaker>St. John of Damascus</Speaker>
        <Length>13.73Mb</Length>
        <Status>NOT_STARTED</Status>
        <isSermonSelected>false</isSermonSelected>
    </Sermon>
    <Sermon>
        <Title>(The Orthodox Faith) 08 - Book II Chapters 24-30</Title>
        <Url>http://www.sermonindex.net/modules/mydownloads/visit.php?lid=26394</Url>
        <Speaker>St. John of Damascus</Speaker>
        <Length>12.99Mb</Length>
        <Status>NOT_STARTED</Status>
        <isSermonSelected>false</isSermonSelected>
    </Sermon>
    <Sermon>
        <Title>(The Orthodox Faith) 09 - Book III Chapters 1-5</Title>
        <Url>http://www.sermonindex.net/modules/mydownloads/visit.php?lid=26395</Url>
        <Speaker>St. John of Damascus</Speaker>
        <Length>12.12Mb</Length>
        <Status>NOT_STARTED</Status>
        <isSermonSelected>false</isSermonSelected>
    </Sermon>
    <Sermon>
        <Title>(The Orthodox Faith) 10 - Book III Chapters 6-11</Title>
        <Url>http://www.sermonindex.net/modules/mydownloads/visit.php?lid=26396</Url>
        <Speaker>St. John of Damascus</Speaker>
        <Length>13.66Mb</Length>
        <Status>NOT_STARTED</Status>
        <isSermonSelected>false</isSermonSelected>
    </Sermon>
    <Sermon>
        <Title>(The Orthodox Faith) 11 - Book III Chapters 12-14</Title>
        <Url>http://www.sermonindex.net/modules/mydownloads/visit.php?lid=26397</Url>
        <Speaker>St. John of Damascus</Speaker>
        <Length>12.23Mb</Length>
        <Status>NOT_STARTED</Status>
        <isSermonSelected>false</isSermonSelected>
    </Sermon>
    <Sermon>
        <Title>(The Orthodox Faith) 12 - Book III Chapters 15-16</Title>
        <Url>http://www.sermonindex.net/modules/mydownloads/visit.php?lid=26398</Url>
        <Speaker>St. John of Damascus</Speaker>
        <Length>13.06Mb</Length>
        <Status>NOT_STARTED</Status>
        <isSermonSelected>false</isSermonSelected>
    </Sermon>
    <Sermon>
        <Title>(The Orthodox Faith) 13 - Book III Chapters 17-22</Title>
        <Url>http://www.sermonindex.net/modules/mydownloads/visit.php?lid=26399</Url>
        <Speaker>St. John of Damascus</Speaker>
        <Length>10.77Mb</Length>
        <Status>NOT_STARTED</Status>
        <isSermonSelected>false</isSermonSelected>
    </Sermon>
    <Sermon>
        <Title>(The Orthodox Faith) 14 - Book III Chapters 23-29</Title>
        <Url>http://www.sermonindex.net/modules/mydownloads/visit.php?lid=26400</Url>
        <Speaker>St. John of Damascus</Speaker>
        <Length>7.7Mb</Length>
        <Status>NOT_STARTED</Status>
        <isSermonSelected>false</isSermonSelected>
    </Sermon>
    <Sermon>
        <Title>(The Orthodox Faith) 15 - Book IV Chapters 1-9</Title>
        <Url>http://www.sermonindex.net/modules/mydownloads/visit.php?lid=26401</Url>
        <Speaker>St. John of Damascus</Speaker>
        <Length>13.14Mb</Length>
        <Status>NOT_STARTED</Status>
        <isSermonSelected>false</isSermonSelected>
    </Sermon>
    <Sermon>
        <Title>(The Orthodox Faith) 16 - Book IV Chapters 10-13</Title>
        <Url>http://www.sermonindex.net/modules/mydownloads/visit.php?lid=26402</Url>
        <Speaker>St. John of Damascus</Speaker>
        <Length>12.32Mb</Length>
        <Status>NOT_STARTED</Status>
        <isSermonSelected>false</isSermonSelected>
    </Sermon>
    <Sermon>
        <Title>(The Orthodox Faith) 17 - Book IV Chapters 14-17</Title>
        <Url>http://www.sermonindex.net/modules/mydownloads/visit.php?lid=26403</Url>
        <Speaker>St. John of Damascus</Speaker>
        <Length>13.55Mb</Length>
        <Status>NOT_STARTED</Status>
        <isSermonSelected>false</isSermonSelected>
    </Sermon>
    <Sermon>
        <Title>(The Orthodox Faith) 18 - Book IV Chapters 18-22</Title>
        <Url>http://www.sermonindex.net/modules/mydownloads/visit.php?lid=26404</Url>
        <Speaker>St. John of Damascus</Speaker>
        <Length>13.03Mb</Length>
        <Status>NOT_STARTED</Status>
        <isSermonSelected>false</isSermonSelected>
    </Sermon>
    <Sermon>
        <Title>(The Orthodox Faith) 19 - Book IV Chapters 23-27</Title>
        <Url>http://www.sermonindex.net/modules/mydownloads/visit.php?lid=26405</Url>
        <Speaker>St. John of Damascus</Speaker>
        <Length>15.27Mb</Length>
        <Status>NOT_STARTED</Status>
        <isSermonSelected>false</isSermonSelected>
    </Sermon>
</Sermons>
