<?xml version="1.0" encoding="UTF-8" standalone="yes"?>
<Sermons>
    <Sermon>
        <Title>Homily 10: MT 3:1-6 - St John the Baptist</Title>
        <Url>http://www.sermonindex.net/modules/mydownloads/visit.php?lid=26262</Url>
        <Speaker>St. John Chrysostom</Speaker>
        <Length>27.89Mb</Length>
        <Status>NOT_STARTED</Status>
        <isSermonSelected>false</isSermonSelected>
    </Sermon>
    <Sermon>
        <Title>Homily 11: MT 3:7-12 - The Teaching of St John the Baptist</Title>
        <Url>http://www.sermonindex.net/modules/mydownloads/visit.php?lid=26263</Url>
        <Speaker>St. John Chrysostom</Speaker>
        <Length>38.74Mb</Length>
        <Status>NOT_STARTED</Status>
        <isSermonSelected>false</isSermonSelected>
    </Sermon>
    <Sermon>
        <Title>Homily 12: MT 3:13-17 - The Baptism of Jesus Christ</Title>
        <Url>http://www.sermonindex.net/modules/mydownloads/visit.php?lid=26264</Url>
        <Speaker>St. John Chrysostom</Speaker>
        <Length>24.44Mb</Length>
        <Status>NOT_STARTED</Status>
        <isSermonSelected>false</isSermonSelected>
    </Sermon>
    <Sermon>
        <Title>Homily 13: MT 4:1-11 - The Temptation of Jesus Christ</Title>
        <Url>http://www.sermonindex.net/modules/mydownloads/visit.php?lid=26265</Url>
        <Speaker>St. John Chrysostom</Speaker>
        <Length>34.76Mb</Length>
        <Status>NOT_STARTED</Status>
        <isSermonSelected>false</isSermonSelected>
    </Sermon>
    <Sermon>
        <Title>Homily 14: MT 4:12-25 - The Calling of the First Disciples</Title>
        <Url>http://www.sermonindex.net/modules/mydownloads/visit.php?lid=26266</Url>
        <Speaker>St. John Chrysostom</Speaker>
        <Length>21.84Mb</Length>
        <Status>NOT_STARTED</Status>
        <isSermonSelected>false</isSermonSelected>
    </Sermon>
    <Sermon>
        <Title>Homily 15, Part 1 - MT 5:1-12: On the Beatitudes</Title>
        <Url>http://www.sermonindex.net/modules/mydownloads/visit.php?lid=26267</Url>
        <Speaker>St. John Chrysostom</Speaker>
        <Length>31.82Mb</Length>
        <Status>NOT_STARTED</Status>
        <isSermonSelected>false</isSermonSelected>
    </Sermon>
    <Sermon>
        <Title>Homily 15, Part 2 - MT 5:13-16: On the Salt of the Earth and the Light of the World</Title>
        <Url>http://www.sermonindex.net/modules/mydownloads/visit.php?lid=26268</Url>
        <Speaker>St. John Chrysostom</Speaker>
        <Length>33.14Mb</Length>
        <Status>NOT_STARTED</Status>
        <isSermonSelected>false</isSermonSelected>
    </Sermon>
    <Sermon>
        <Title>Homily 16, Part 1 - MT 5:17-20: On Christ, the Fulfillment of the Law</Title>
        <Url>http://www.sermonindex.net/modules/mydownloads/visit.php?lid=26269</Url>
        <Speaker>St. John Chrysostom</Speaker>
        <Length>27.04Mb</Length>
        <Status>NOT_STARTED</Status>
        <isSermonSelected>false</isSermonSelected>
    </Sermon>
    <Sermon>
        <Title>Homily 16, Part 2 - MT 5:21-26: On Anger and Reconciliation</Title>
        <Url>http://www.sermonindex.net/modules/mydownloads/visit.php?lid=26270</Url>
        <Speaker>St. John Chrysostom</Speaker>
        <Length>41.91Mb</Length>
        <Status>NOT_STARTED</Status>
        <isSermonSelected>false</isSermonSelected>
    </Sermon>
    <Sermon>
        <Title>Homily 17 - MT 5:27-37: On Integrity</Title>
        <Url>http://www.sermonindex.net/modules/mydownloads/visit.php?lid=26271</Url>
        <Speaker>St. John Chrysostom</Speaker>
        <Length>41.68Mb</Length>
        <Status>NOT_STARTED</Status>
        <isSermonSelected>false</isSermonSelected>
    </Sermon>
    <Sermon>
        <Title>Homily 18 - MT 5:38-48: On Love and Perfection</Title>
        <Url>http://www.sermonindex.net/modules/mydownloads/visit.php?lid=26272</Url>
        <Speaker>St. John Chrysostom</Speaker>
        <Length>32.87Mb</Length>
        <Status>NOT_STARTED</Status>
        <isSermonSelected>false</isSermonSelected>
    </Sermon>
    <Sermon>
        <Title>Homily 19, Part 1 - MT 6:1-8: On Practicing Righteousness Secretly</Title>
        <Url>http://www.sermonindex.net/modules/mydownloads/visit.php?lid=26273</Url>
        <Speaker>St. John Chrysostom</Speaker>
        <Length>19.01Mb</Length>
        <Status>NOT_STARTED</Status>
        <isSermonSelected>false</isSermonSelected>
    </Sermon>
    <Sermon>
        <Title>Homily 19, Part 2 - MT 6:9-15: On the Lord's Prayer</Title>
        <Url>http://www.sermonindex.net/modules/mydownloads/visit.php?lid=26274</Url>
        <Speaker>St. John Chrysostom</Speaker>
        <Length>34.99Mb</Length>
        <Status>NOT_STARTED</Status>
        <isSermonSelected>false</isSermonSelected>
    </Sermon>
    <Sermon>
        <Title>Homily 1: Introduction to the Holy Gospels</Title>
        <Url>http://www.sermonindex.net/modules/mydownloads/visit.php?lid=26253</Url>
        <Speaker>St. John Chrysostom</Speaker>
        <Length>32.23Mb</Length>
        <Status>NOT_STARTED</Status>
        <isSermonSelected>false</isSermonSelected>
    </Sermon>
    <Sermon>
        <Title>Homily 20 - MT 6:16-23: On Treasures in Heaven</Title>
        <Url>http://www.sermonindex.net/modules/mydownloads/visit.php?lid=26275</Url>
        <Speaker>St. John Chrysostom</Speaker>
        <Length>31.55Mb</Length>
        <Status>NOT_STARTED</Status>
        <isSermonSelected>false</isSermonSelected>
    </Sermon>
    <Sermon>
        <Title>Homily 21 - MT 6:24-27: On Worrying</Title>
        <Url>http://www.sermonindex.net/modules/mydownloads/visit.php?lid=26276</Url>
        <Speaker>St. John Chrysostom</Speaker>
        <Length>20.37Mb</Length>
        <Status>NOT_STARTED</Status>
        <isSermonSelected>false</isSermonSelected>
    </Sermon>
    <Sermon>
        <Title>Homily 22 - MT 6:28-34: On Worrying, continued</Title>
        <Url>http://www.sermonindex.net/modules/mydownloads/visit.php?lid=26277</Url>
        <Speaker>St. John Chrysostom</Speaker>
        <Length>31.69Mb</Length>
        <Status>NOT_STARTED</Status>
        <isSermonSelected>false</isSermonSelected>
    </Sermon>
    <Sermon>
        <Title>Homily 23, Part 1 - MT 7:1-12: On Judging Others</Title>
        <Url>http://www.sermonindex.net/modules/mydownloads/visit.php?lid=26278</Url>
        <Speaker>St. John Chrysostom</Speaker>
        <Length>26.34Mb</Length>
        <Status>NOT_STARTED</Status>
        <isSermonSelected>false</isSermonSelected>
    </Sermon>
    <Sermon>
        <Title>Homily 23, Part 2 - MT 7:13-20: On the Narrow Gate</Title>
        <Url>http://www.sermonindex.net/modules/mydownloads/visit.php?lid=26279</Url>
        <Speaker>St. John Chrysostom</Speaker>
        <Length>26.23Mb</Length>
        <Status>NOT_STARTED</Status>
        <isSermonSelected>false</isSermonSelected>
    </Sermon>
    <Sermon>
        <Title>Homily 24 - MT 7:21-27: On Putting These Teachings into Practice</Title>
        <Url>http://www.sermonindex.net/modules/mydownloads/visit.php?lid=26280</Url>
        <Speaker>St. John Chrysostom</Speaker>
        <Length>19.68Mb</Length>
        <Status>NOT_STARTED</Status>
        <isSermonSelected>false</isSermonSelected>
    </Sermon>
    <Sermon>
        <Title>Homily 25: Mt 7:28 - 8:4</Title>
        <Url>http://www.sermonindex.net/modules/mydownloads/visit.php?lid=26281</Url>
        <Speaker>St. John Chrysostom</Speaker>
        <Length>22.42Mb</Length>
        <Status>NOT_STARTED</Status>
        <isSermonSelected>false</isSermonSelected>
    </Sermon>
    <Sermon>
        <Title>Homily 26: Mt 8:5 - 13</Title>
        <Url>http://www.sermonindex.net/modules/mydownloads/visit.php?lid=26282</Url>
        <Speaker>St. John Chrysostom</Speaker>
        <Length>38.87Mb</Length>
        <Status>NOT_STARTED</Status>
        <isSermonSelected>false</isSermonSelected>
    </Sermon>
    <Sermon>
        <Title>Homily 27: Mt 8:14 - 22</Title>
        <Url>http://www.sermonindex.net/modules/mydownloads/visit.php?lid=26283</Url>
        <Speaker>St. John Chrysostom</Speaker>
        <Length>24.44Mb</Length>
        <Status>NOT_STARTED</Status>
        <isSermonSelected>false</isSermonSelected>
    </Sermon>
    <Sermon>
        <Title>Homily 28: Mt 8:23 - 34</Title>
        <Url>http://www.sermonindex.net/modules/mydownloads/visit.php?lid=26284</Url>
        <Speaker>St. John Chrysostom</Speaker>
        <Length>28.06Mb</Length>
        <Status>NOT_STARTED</Status>
        <isSermonSelected>false</isSermonSelected>
    </Sermon>
    <Sermon>
        <Title>Homily 29: Mt 9:1 - 8</Title>
        <Url>http://www.sermonindex.net/modules/mydownloads/visit.php?lid=26285</Url>
        <Speaker>St. John Chrysostom</Speaker>
        <Length>16.1Mb</Length>
        <Status>NOT_STARTED</Status>
        <isSermonSelected>false</isSermonSelected>
    </Sermon>
    <Sermon>
        <Title>Homily 2: MT 1:1 - The Genealogy of Jesus Christ</Title>
        <Url>http://www.sermonindex.net/modules/mydownloads/visit.php?lid=26254</Url>
        <Speaker>St. John Chrysostom</Speaker>
        <Length>30.32Mb</Length>
        <Status>NOT_STARTED</Status>
        <isSermonSelected>false</isSermonSelected>
    </Sermon>
    <Sermon>
        <Title>Homily 30: Mt 9:9 - 17</Title>
        <Url>http://www.sermonindex.net/modules/mydownloads/visit.php?lid=26286</Url>
        <Speaker>St. John Chrysostom</Speaker>
        <Length>26.65Mb</Length>
        <Status>NOT_STARTED</Status>
        <isSermonSelected>false</isSermonSelected>
    </Sermon>
    <Sermon>
        <Title>Homily 31: Mt 9:18 - 26</Title>
        <Url>http://www.sermonindex.net/modules/mydownloads/visit.php?lid=26287</Url>
        <Speaker>St. John Chrysostom</Speaker>
        <Length>26.43Mb</Length>
        <Status>NOT_STARTED</Status>
        <isSermonSelected>false</isSermonSelected>
    </Sermon>
    <Sermon>
        <Title>Homily 32: Mt 9:27 - 10:15</Title>
        <Url>http://www.sermonindex.net/modules/mydownloads/visit.php?lid=26288</Url>
        <Speaker>St. John Chrysostom</Speaker>
        <Length>41.09Mb</Length>
        <Status>NOT_STARTED</Status>
        <isSermonSelected>false</isSermonSelected>
    </Sermon>
    <Sermon>
        <Title>Homily 33: Mt 10:16 - 22</Title>
        <Url>http://www.sermonindex.net/modules/mydownloads/visit.php?lid=26289</Url>
        <Speaker>St. John Chrysostom</Speaker>
        <Length>35.94Mb</Length>
        <Status>NOT_STARTED</Status>
        <isSermonSelected>false</isSermonSelected>
    </Sermon>
    <Sermon>
        <Title>Homily 34: Mt 10:23 - 33</Title>
        <Url>http://www.sermonindex.net/modules/mydownloads/visit.php?lid=26290</Url>
        <Speaker>St. John Chrysostom</Speaker>
        <Length>25.52Mb</Length>
        <Status>NOT_STARTED</Status>
        <isSermonSelected>false</isSermonSelected>
    </Sermon>
    <Sermon>
        <Title>Homily 35: Mt 10:34 - 42</Title>
        <Url>http://www.sermonindex.net/modules/mydownloads/visit.php?lid=26291</Url>
        <Speaker>St. John Chrysostom</Speaker>
        <Length>31.21Mb</Length>
        <Status>NOT_STARTED</Status>
        <isSermonSelected>false</isSermonSelected>
    </Sermon>
    <Sermon>
        <Title>Homily 36: Mt 11:1 - 6</Title>
        <Url>http://www.sermonindex.net/modules/mydownloads/visit.php?lid=26292</Url>
        <Speaker>St. John Chrysostom</Speaker>
        <Length>22.23Mb</Length>
        <Status>NOT_STARTED</Status>
        <isSermonSelected>false</isSermonSelected>
    </Sermon>
    <Sermon>
        <Title>Homily 37: Mt 11:7 - 24</Title>
        <Url>http://www.sermonindex.net/modules/mydownloads/visit.php?lid=26293</Url>
        <Speaker>St. John Chrysostom</Speaker>
        <Length>36.19Mb</Length>
        <Status>NOT_STARTED</Status>
        <isSermonSelected>false</isSermonSelected>
    </Sermon>
    <Sermon>
        <Title>Homily 38: Mt 11:25 - 30</Title>
        <Url>http://www.sermonindex.net/modules/mydownloads/visit.php?lid=26294</Url>
        <Speaker>St. John Chrysostom</Speaker>
        <Length>21.25Mb</Length>
        <Status>NOT_STARTED</Status>
        <isSermonSelected>false</isSermonSelected>
    </Sermon>
    <Sermon>
        <Title>Homily 39: Mt 12:1 - 8</Title>
        <Url>http://www.sermonindex.net/modules/mydownloads/visit.php?lid=26295</Url>
        <Speaker>St. John Chrysostom</Speaker>
        <Length>17.61Mb</Length>
        <Status>NOT_STARTED</Status>
        <isSermonSelected>false</isSermonSelected>
    </Sermon>
    <Sermon>
        <Title>Homily 3: MT 1:1-16 - The Genealogy of Jesus Christ</Title>
        <Url>http://www.sermonindex.net/modules/mydownloads/visit.php?lid=26255</Url>
        <Speaker>St. John Chrysostom</Speaker>
        <Length>26.35Mb</Length>
        <Status>NOT_STARTED</Status>
        <isSermonSelected>false</isSermonSelected>
    </Sermon>
    <Sermon>
        <Title>Homily 40: Mt 12:9 - 24</Title>
        <Url>http://www.sermonindex.net/modules/mydownloads/visit.php?lid=26296</Url>
        <Speaker>St. John Chrysostom</Speaker>
        <Length>22.84Mb</Length>
        <Status>NOT_STARTED</Status>
        <isSermonSelected>false</isSermonSelected>
    </Sermon>
    <Sermon>
        <Title>Homily 41: Mt 12:25 - 32</Title>
        <Url>http://www.sermonindex.net/modules/mydownloads/visit.php?lid=26297</Url>
        <Speaker>St. John Chrysostom</Speaker>
        <Length>21.74Mb</Length>
        <Status>NOT_STARTED</Status>
        <isSermonSelected>false</isSermonSelected>
    </Sermon>
    <Sermon>
        <Title>Homily 42: Mt 12:33 - 37</Title>
        <Url>http://www.sermonindex.net/modules/mydownloads/visit.php?lid=26298</Url>
        <Speaker>St. John Chrysostom</Speaker>
        <Length>20.38Mb</Length>
        <Status>NOT_STARTED</Status>
        <isSermonSelected>false</isSermonSelected>
    </Sermon>
    <Sermon>
        <Title>Homily 43: Mt 12:38 - 45</Title>
        <Url>http://www.sermonindex.net/modules/mydownloads/visit.php?lid=26299</Url>
        <Speaker>St. John Chrysostom</Speaker>
        <Length>21.75Mb</Length>
        <Status>NOT_STARTED</Status>
        <isSermonSelected>false</isSermonSelected>
    </Sermon>
    <Sermon>
        <Title>Homily 44 MT 12:46-13:9</Title>
        <Url>http://www.sermonindex.net/modules/mydownloads/visit.php?lid=26247</Url>
        <Speaker>St. John Chrysostom</Speaker>
        <Length>28.7Mb</Length>
        <Status>NOT_STARTED</Status>
        <isSermonSelected>false</isSermonSelected>
    </Sermon>
    <Sermon>
        <Title>Homily 45 MT 13:10-23</Title>
        <Url>http://www.sermonindex.net/modules/mydownloads/visit.php?lid=26248</Url>
        <Speaker>St. John Chrysostom</Speaker>
        <Length>16.65Mb</Length>
        <Status>NOT_STARTED</Status>
        <isSermonSelected>false</isSermonSelected>
    </Sermon>
    <Sermon>
        <Title>Homily 46 MT 13:24-33</Title>
        <Url>http://www.sermonindex.net/modules/mydownloads/visit.php?lid=26249</Url>
        <Speaker>St. John Chrysostom</Speaker>
        <Length>22.14Mb</Length>
        <Status>NOT_STARTED</Status>
        <isSermonSelected>false</isSermonSelected>
    </Sermon>
    <Sermon>
        <Title>Homily 47 MT 13:34-52</Title>
        <Url>http://www.sermonindex.net/modules/mydownloads/visit.php?lid=26250</Url>
        <Speaker>St. John Chrysostom</Speaker>
        <Length>21.12Mb</Length>
        <Status>NOT_STARTED</Status>
        <isSermonSelected>false</isSermonSelected>
    </Sermon>
    <Sermon>
        <Title>Homily 48 MT 13:53-14:12</Title>
        <Url>http://www.sermonindex.net/modules/mydownloads/visit.php?lid=26251</Url>
        <Speaker>St. John Chrysostom</Speaker>
        <Length>28.04Mb</Length>
        <Status>NOT_STARTED</Status>
        <isSermonSelected>false</isSermonSelected>
    </Sermon>
    <Sermon>
        <Title>Homily 49 MT 14:13-22</Title>
        <Url>http://www.sermonindex.net/modules/mydownloads/visit.php?lid=26252</Url>
        <Speaker>St. John Chrysostom</Speaker>
        <Length>31.31Mb</Length>
        <Status>NOT_STARTED</Status>
        <isSermonSelected>false</isSermonSelected>
    </Sermon>
    <Sermon>
        <Title>Homily 4: MT 1:17-21 - The Wondrous Birth; Righteous Joseph</Title>
        <Url>http://www.sermonindex.net/modules/mydownloads/visit.php?lid=26256</Url>
        <Speaker>St. John Chrysostom</Speaker>
        <Length>47.54Mb</Length>
        <Status>NOT_STARTED</Status>
        <isSermonSelected>false</isSermonSelected>
    </Sermon>
    <Sermon>
        <Title>Homily 5: MT 1:22-25 - The Virgin Birth</Title>
        <Url>http://www.sermonindex.net/modules/mydownloads/visit.php?lid=26257</Url>
        <Speaker>St. John Chrysostom</Speaker>
        <Length>25.67Mb</Length>
        <Status>NOT_STARTED</Status>
        <isSermonSelected>false</isSermonSelected>
    </Sermon>
    <Sermon>
        <Title>Homily 6: MT 2:1-3 - The Star and the Magi</Title>
        <Url>http://www.sermonindex.net/modules/mydownloads/visit.php?lid=26258</Url>
        <Speaker>St. John Chrysostom</Speaker>
        <Length>35.29Mb</Length>
        <Status>NOT_STARTED</Status>
        <isSermonSelected>false</isSermonSelected>
    </Sermon>
    <Sermon>
        <Title>Homily 7: MT 2:4-10 - The Star and the Magi continued</Title>
        <Url>http://www.sermonindex.net/modules/mydownloads/visit.php?lid=26259</Url>
        <Speaker>St. John Chrysostom</Speaker>
        <Length>32.72Mb</Length>
        <Status>NOT_STARTED</Status>
        <isSermonSelected>false</isSermonSelected>
    </Sermon>
    <Sermon>
        <Title>Homily 8: MT 2:11-15 - The Flight into Egypt</Title>
        <Url>http://www.sermonindex.net/modules/mydownloads/visit.php?lid=26260</Url>
        <Speaker>St. John Chrysostom</Speaker>
        <Length>22.61Mb</Length>
        <Status>NOT_STARTED</Status>
        <isSermonSelected>false</isSermonSelected>
    </Sermon>
    <Sermon>
        <Title>Homily 9: MT 2:16-23 - The Slaughter of the Innocents</Title>
        <Url>http://www.sermonindex.net/modules/mydownloads/visit.php?lid=26261</Url>
        <Speaker>St. John Chrysostom</Speaker>
        <Length>31.34Mb</Length>
        <Status>NOT_STARTED</Status>
        <isSermonSelected>false</isSermonSelected>
    </Sermon>
</Sermons>
