<?xml version="1.0" encoding="UTF-8" standalone="yes"?>
<Sermons>
    <Sermon>
        <Title>A God Directed Life</Title>
        <Url>http://www.sermonindex.net/modules/mydownloads/visit.php?lid=3401</Url>
        <Speaker>Teresa Conlon</Speaker>
        <Length>8.47Mb</Length>
        <Status>NOT_STARTED</Status>
        <isSermonSelected>false</isSermonSelected>
    </Sermon>
    <Sermon>
        <Title>A Prepared Heart</Title>
        <Url>http://www.sermonindex.net/modules/mydownloads/visit.php?lid=3402</Url>
        <Speaker>Teresa Conlon</Speaker>
        <Length>7.6Mb</Length>
        <Status>NOT_STARTED</Status>
        <isSermonSelected>false</isSermonSelected>
    </Sermon>
    <Sermon>
        <Title>An Awesome God</Title>
        <Url>http://www.sermonindex.net/modules/mydownloads/visit.php?lid=3403</Url>
        <Speaker>Teresa Conlon</Speaker>
        <Length>8.52Mb</Length>
        <Status>NOT_STARTED</Status>
        <isSermonSelected>false</isSermonSelected>
    </Sermon>
    <Sermon>
        <Title>At the Kings Gate</Title>
        <Url>http://www.sermonindex.net/modules/mydownloads/visit.php?lid=3404</Url>
        <Speaker>Teresa Conlon</Speaker>
        <Length>8.67Mb</Length>
        <Status>NOT_STARTED</Status>
        <isSermonSelected>false</isSermonSelected>
    </Sermon>
    <Sermon>
        <Title>Breaking Strongholds-When the Past is Your Teacher</Title>
        <Url>http://www.sermonindex.net/modules/mydownloads/visit.php?lid=3405</Url>
        <Speaker>Teresa Conlon</Speaker>
        <Length>8.62Mb</Length>
        <Status>NOT_STARTED</Status>
        <isSermonSelected>false</isSermonSelected>
    </Sermon>
    <Sermon>
        <Title>Breaking the Strongholds in Your Family</Title>
        <Url>http://www.sermonindex.net/modules/mydownloads/visit.php?lid=3406</Url>
        <Speaker>Teresa Conlon</Speaker>
        <Length>9.67Mb</Length>
        <Status>NOT_STARTED</Status>
        <isSermonSelected>false</isSermonSelected>
    </Sermon>
    <Sermon>
        <Title>Calling God Good</Title>
        <Url>http://www.sermonindex.net/modules/mydownloads/visit.php?lid=3407</Url>
        <Speaker>Teresa Conlon</Speaker>
        <Length>7.54Mb</Length>
        <Status>NOT_STARTED</Status>
        <isSermonSelected>false</isSermonSelected>
    </Sermon>
    <Sermon>
        <Title>Esther-For Such a Time as This</Title>
        <Url>http://www.sermonindex.net/modules/mydownloads/visit.php?lid=3408</Url>
        <Speaker>Teresa Conlon</Speaker>
        <Length>8.62Mb</Length>
        <Status>NOT_STARTED</Status>
        <isSermonSelected>false</isSermonSelected>
    </Sermon>
    <Sermon>
        <Title>Fulfilling Our Destiny</Title>
        <Url>http://www.sermonindex.net/modules/mydownloads/visit.php?lid=3409</Url>
        <Speaker>Teresa Conlon</Speaker>
        <Length>8.58Mb</Length>
        <Status>NOT_STARTED</Status>
        <isSermonSelected>false</isSermonSelected>
    </Sermon>
    <Sermon>
        <Title>God Has Prepared A Place For You</Title>
        <Url>http://www.sermonindex.net/modules/mydownloads/visit.php?lid=2936</Url>
        <Speaker>Teresa Conlon</Speaker>
        <Length>6.08Mb</Length>
        <Status>NOT_STARTED</Status>
        <isSermonSelected>false</isSermonSelected>
    </Sermon>
    <Sermon>
        <Title>Is God Calling You To Be A Deliverer</Title>
        <Url>http://www.sermonindex.net/modules/mydownloads/visit.php?lid=3824</Url>
        <Speaker>Teresa Conlon</Speaker>
        <Length>8.91Mb</Length>
        <Status>NOT_STARTED</Status>
        <isSermonSelected>false</isSermonSelected>
    </Sermon>
    <Sermon>
        <Title>Is the Water In Your Well Drinkable</Title>
        <Url>http://www.sermonindex.net/modules/mydownloads/visit.php?lid=3410</Url>
        <Speaker>Teresa Conlon</Speaker>
        <Length>7.73Mb</Length>
        <Status>NOT_STARTED</Status>
        <isSermonSelected>false</isSermonSelected>
    </Sermon>
    <Sermon>
        <Title>Led Into Abundance</Title>
        <Url>http://www.sermonindex.net/modules/mydownloads/visit.php?lid=3411</Url>
        <Speaker>Teresa Conlon</Speaker>
        <Length>7.82Mb</Length>
        <Status>NOT_STARTED</Status>
        <isSermonSelected>false</isSermonSelected>
    </Sermon>
    <Sermon>
        <Title>Lessons From The Pit</Title>
        <Url>http://www.sermonindex.net/modules/mydownloads/visit.php?lid=3412</Url>
        <Speaker>Teresa Conlon</Speaker>
        <Length>6.96Mb</Length>
        <Status>NOT_STARTED</Status>
        <isSermonSelected>false</isSermonSelected>
    </Sermon>
    <Sermon>
        <Title>Licking Fish</Title>
        <Url>http://www.sermonindex.net/modules/mydownloads/visit.php?lid=3413</Url>
        <Speaker>Teresa Conlon</Speaker>
        <Length>7.49Mb</Length>
        <Status>NOT_STARTED</Status>
        <isSermonSelected>false</isSermonSelected>
    </Sermon>
    <Sermon>
        <Title>Life and Death Struggle Which Will You Serve</Title>
        <Url>http://www.sermonindex.net/modules/mydownloads/visit.php?lid=3414</Url>
        <Speaker>Teresa Conlon</Speaker>
        <Length>7.61Mb</Length>
        <Status>NOT_STARTED</Status>
        <isSermonSelected>false</isSermonSelected>
    </Sermon>
    <Sermon>
        <Title>Living In Plan A</Title>
        <Url>http://www.sermonindex.net/modules/mydownloads/visit.php?lid=3415</Url>
        <Speaker>Teresa Conlon</Speaker>
        <Length>8.55Mb</Length>
        <Status>NOT_STARTED</Status>
        <isSermonSelected>false</isSermonSelected>
    </Sermon>
    <Sermon>
        <Title>Ministry Marriage (Time For Renewal Conference)</Title>
        <Url>http://www.sermonindex.net/modules/mydownloads/visit.php?lid=3390</Url>
        <Speaker>Teresa Conlon</Speaker>
        <Length>8.91Mb</Length>
        <Status>NOT_STARTED</Status>
        <isSermonSelected>false</isSermonSelected>
    </Sermon>
    <Sermon>
        <Title>Obedient Faith</Title>
        <Url>http://www.sermonindex.net/modules/mydownloads/visit.php?lid=3416</Url>
        <Speaker>Teresa Conlon</Speaker>
        <Length>8.56Mb</Length>
        <Status>NOT_STARTED</Status>
        <isSermonSelected>false</isSermonSelected>
    </Sermon>
    <Sermon>
        <Title>One Time Wonder</Title>
        <Url>http://www.sermonindex.net/modules/mydownloads/visit.php?lid=3903</Url>
        <Speaker>Teresa Conlon</Speaker>
        <Length>8.6Mb</Length>
        <Status>NOT_STARTED</Status>
        <isSermonSelected>false</isSermonSelected>
    </Sermon>
    <Sermon>
        <Title>Panic in Hell</Title>
        <Url>http://www.sermonindex.net/modules/mydownloads/visit.php?lid=11925</Url>
        <Speaker>Teresa Conlon</Speaker>
        <Length>9.63Mb</Length>
        <Status>NOT_STARTED</Status>
        <isSermonSelected>false</isSermonSelected>
    </Sermon>
    <Sermon>
        <Title>Prepared for the Snare</Title>
        <Url>http://www.sermonindex.net/modules/mydownloads/visit.php?lid=3424</Url>
        <Speaker>Teresa Conlon</Speaker>
        <Length>8.64Mb</Length>
        <Status>NOT_STARTED</Status>
        <isSermonSelected>false</isSermonSelected>
    </Sermon>
    <Sermon>
        <Title>Seeing Things To Come</Title>
        <Url>http://www.sermonindex.net/modules/mydownloads/visit.php?lid=3425</Url>
        <Speaker>Teresa Conlon</Speaker>
        <Length>8.07Mb</Length>
        <Status>NOT_STARTED</Status>
        <isSermonSelected>false</isSermonSelected>
    </Sermon>
    <Sermon>
        <Title>Standing and Prospering In an Evil Time</Title>
        <Url>http://www.sermonindex.net/modules/mydownloads/visit.php?lid=3426</Url>
        <Speaker>Teresa Conlon</Speaker>
        <Length>8.28Mb</Length>
        <Status>NOT_STARTED</Status>
        <isSermonSelected>false</isSermonSelected>
    </Sermon>
    <Sermon>
        <Title>Supernatural Sight</Title>
        <Url>http://www.sermonindex.net/modules/mydownloads/visit.php?lid=3427</Url>
        <Speaker>Teresa Conlon</Speaker>
        <Length>9.86Mb</Length>
        <Status>NOT_STARTED</Status>
        <isSermonSelected>false</isSermonSelected>
    </Sermon>
    <Sermon>
        <Title>Testimony</Title>
        <Url>http://www.sermonindex.net/modules/mydownloads/visit.php?lid=3901</Url>
        <Speaker>Teresa Conlon</Speaker>
        <Length>8.38Mb</Length>
        <Status>NOT_STARTED</Status>
        <isSermonSelected>false</isSermonSelected>
    </Sermon>
    <Sermon>
        <Title>The Anointing</Title>
        <Url>http://www.sermonindex.net/modules/mydownloads/visit.php?lid=3428</Url>
        <Speaker>Teresa Conlon</Speaker>
        <Length>9.98Mb</Length>
        <Status>NOT_STARTED</Status>
        <isSermonSelected>false</isSermonSelected>
    </Sermon>
    <Sermon>
        <Title>The Battle to Think Right</Title>
        <Url>http://www.sermonindex.net/modules/mydownloads/visit.php?lid=23027</Url>
        <Speaker>Teresa Conlon</Speaker>
        <Length>21.99Mb</Length>
        <Status>NOT_STARTED</Status>
        <isSermonSelected>false</isSermonSelected>
    </Sermon>
    <Sermon>
        <Title>The Day Jesus Was Astonished</Title>
        <Url>http://www.sermonindex.net/modules/mydownloads/visit.php?lid=3429</Url>
        <Speaker>Teresa Conlon</Speaker>
        <Length>8.25Mb</Length>
        <Status>NOT_STARTED</Status>
        <isSermonSelected>false</isSermonSelected>
    </Sermon>
    <Sermon>
        <Title>The First Believer</Title>
        <Url>http://www.sermonindex.net/modules/mydownloads/visit.php?lid=3430</Url>
        <Speaker>Teresa Conlon</Speaker>
        <Length>8.42Mb</Length>
        <Status>NOT_STARTED</Status>
        <isSermonSelected>false</isSermonSelected>
    </Sermon>
    <Sermon>
        <Title>The Glorious Opposites</Title>
        <Url>http://www.sermonindex.net/modules/mydownloads/visit.php?lid=3431</Url>
        <Speaker>Teresa Conlon</Speaker>
        <Length>8.39Mb</Length>
        <Status>NOT_STARTED</Status>
        <isSermonSelected>false</isSermonSelected>
    </Sermon>
    <Sermon>
        <Title>The Graves of Lust</Title>
        <Url>http://www.sermonindex.net/modules/mydownloads/visit.php?lid=3432</Url>
        <Speaker>Teresa Conlon</Speaker>
        <Length>8.66Mb</Length>
        <Status>NOT_STARTED</Status>
        <isSermonSelected>false</isSermonSelected>
    </Sermon>
    <Sermon>
        <Title>The Majesty of Jesus Christ</Title>
        <Url>http://www.sermonindex.net/modules/mydownloads/visit.php?lid=3433</Url>
        <Speaker>Teresa Conlon</Speaker>
        <Length>6.71Mb</Length>
        <Status>NOT_STARTED</Status>
        <isSermonSelected>false</isSermonSelected>
    </Sermon>
    <Sermon>
        <Title>The Steps of a Good Man Are Ordered By the Lord</Title>
        <Url>http://www.sermonindex.net/modules/mydownloads/visit.php?lid=3434</Url>
        <Speaker>Teresa Conlon</Speaker>
        <Length>8.46Mb</Length>
        <Status>NOT_STARTED</Status>
        <isSermonSelected>false</isSermonSelected>
    </Sermon>
    <Sermon>
        <Title>The Two Voices Of Jericho</Title>
        <Url>http://www.sermonindex.net/modules/mydownloads/visit.php?lid=3951</Url>
        <Speaker>Teresa Conlon</Speaker>
        <Length>9.57Mb</Length>
        <Status>NOT_STARTED</Status>
        <isSermonSelected>false</isSermonSelected>
    </Sermon>
    <Sermon>
        <Title>The Word of the Lord To His People In Troubled Times</Title>
        <Url>http://www.sermonindex.net/modules/mydownloads/visit.php?lid=3435</Url>
        <Speaker>Teresa Conlon</Speaker>
        <Length>6.61Mb</Length>
        <Status>NOT_STARTED</Status>
        <isSermonSelected>false</isSermonSelected>
    </Sermon>
    <Sermon>
        <Title>Thirsting For Jesus</Title>
        <Url>http://www.sermonindex.net/modules/mydownloads/visit.php?lid=3436</Url>
        <Speaker>Teresa Conlon</Speaker>
        <Length>8.67Mb</Length>
        <Status>NOT_STARTED</Status>
        <isSermonSelected>false</isSermonSelected>
    </Sermon>
    <Sermon>
        <Title>Understanding the Last Days Church</Title>
        <Url>http://www.sermonindex.net/modules/mydownloads/visit.php?lid=17471</Url>
        <Speaker>Teresa Conlon</Speaker>
        <Length>11.83Mb</Length>
        <Status>NOT_STARTED</Status>
        <isSermonSelected>false</isSermonSelected>
    </Sermon>
    <Sermon>
        <Title>We Would See Jesus</Title>
        <Url>http://www.sermonindex.net/modules/mydownloads/visit.php?lid=3438</Url>
        <Speaker>Teresa Conlon</Speaker>
        <Length>8.02Mb</Length>
        <Status>NOT_STARTED</Status>
        <isSermonSelected>false</isSermonSelected>
    </Sermon>
    <Sermon>
        <Title>When Jesus Shows Himself</Title>
        <Url>http://www.sermonindex.net/modules/mydownloads/visit.php?lid=3437</Url>
        <Speaker>Teresa Conlon</Speaker>
        <Length>8.65Mb</Length>
        <Status>NOT_STARTED</Status>
        <isSermonSelected>false</isSermonSelected>
    </Sermon>
    <Sermon>
        <Title>Willing For Battle</Title>
        <Url>http://www.sermonindex.net/modules/mydownloads/visit.php?lid=3439</Url>
        <Speaker>Teresa Conlon</Speaker>
        <Length>7.57Mb</Length>
        <Status>NOT_STARTED</Status>
        <isSermonSelected>false</isSermonSelected>
    </Sermon>
    <Sermon>
        <Title>Worship</Title>
        <Url>http://www.sermonindex.net/modules/mydownloads/visit.php?lid=3440</Url>
        <Speaker>Teresa Conlon</Speaker>
        <Length>8.58Mb</Length>
        <Status>NOT_STARTED</Status>
        <isSermonSelected>false</isSermonSelected>
    </Sermon>
</Sermons>
