<?xml version="1.0" encoding="UTF-8" standalone="yes"?>
<Sermons>
    <Sermon>
        <Title>Can I Merit Eternal Life?</Title>
        <Url>http://www.sermonindex.net/modules/mydownloads/visit.php?lid=22204</Url>
        <Speaker>Thabiti Anyabwile</Speaker>
        <Length>5.02Mb</Length>
        <Status>NOT_STARTED</Status>
        <isSermonSelected>false</isSermonSelected>
    </Sermon>
    <Sermon>
        <Title>What good deed must I do to have eternal life?</Title>
        <Url>http://www.sermonindex.net/modules/mydownloads/visit.php?lid=22203</Url>
        <Speaker>Thabiti Anyabwile</Speaker>
        <Length>5.62Mb</Length>
        <Status>NOT_STARTED</Status>
        <isSermonSelected>false</isSermonSelected>
    </Sermon>
</Sermons>
