<?xml version="1.0" encoding="UTF-8" standalone="yes"?>
<Sermons>
    <Sermon>
        <Title>Grace Upon Grace</Title>
        <Url>http://www.sermonindex.net/modules/mydownloads/visit.php?lid=13548</Url>
        <Speaker>Thaddeus Barnum</Speaker>
        <Length>17.74Mb</Length>
        <Status>NOT_STARTED</Status>
        <isSermonSelected>false</isSermonSelected>
    </Sermon>
    <Sermon>
        <Title>The Book of Life</Title>
        <Url>http://www.sermonindex.net/modules/mydownloads/visit.php?lid=13549</Url>
        <Speaker>Thaddeus Barnum</Speaker>
        <Length>6Mb</Length>
        <Status>NOT_STARTED</Status>
        <isSermonSelected>false</isSermonSelected>
    </Sermon>
</Sermons>
