<?xml version="1.0" encoding="UTF-8" standalone="yes"?>
<Sermons>
    <Sermon>
        <Title>(Human Nature) 01 - Introduction - Adam's Primitive Integrity</Title>
        <Url>http://www.sermonindex.net/modules/mydownloads/visit.php?lid=14740</Url>
        <Speaker>Thomas Boston</Speaker>
        <Length>9.68Mb</Length>
        <Status>NOT_STARTED</Status>
        <isSermonSelected>false</isSermonSelected>
    </Sermon>
    <Sermon>
        <Title>(Human Nature) 02 - The Proofs of Man's Depravity</Title>
        <Url>http://www.sermonindex.net/modules/mydownloads/visit.php?lid=14741</Url>
        <Speaker>Thomas Boston</Speaker>
        <Length>0Kb</Length>
        <Status>NOT_STARTED</Status>
        <isSermonSelected>false</isSermonSelected>
    </Sermon>
    <Sermon>
        <Title>(Human Nature) 03 - The Corruption of the Will, Mind and...</Title>
        <Url>http://www.sermonindex.net/modules/mydownloads/visit.php?lid=14742</Url>
        <Speaker>Thomas Boston</Speaker>
        <Length>9.52Mb</Length>
        <Status>NOT_STARTED</Status>
        <isSermonSelected>false</isSermonSelected>
    </Sermon>
    <Sermon>
        <Title>(Human Nature) 04 - Taking Notice of the Sin of Our Nature</Title>
        <Url>http://www.sermonindex.net/modules/mydownloads/visit.php?lid=14743</Url>
        <Speaker>Thomas Boston</Speaker>
        <Length>9.27Mb</Length>
        <Status>NOT_STARTED</Status>
        <isSermonSelected>false</isSermonSelected>
    </Sermon>
    <Sermon>
        <Title>(Human Nature) 05 - Man's Utter Inability to Come to Christ</Title>
        <Url>http://www.sermonindex.net/modules/mydownloads/visit.php?lid=14744</Url>
        <Speaker>Thomas Boston</Speaker>
        <Length>8.68Mb</Length>
        <Status>NOT_STARTED</Status>
        <isSermonSelected>false</isSermonSelected>
    </Sermon>
    <Sermon>
        <Title>(Human Nature) 06 - Meditations on -- A Bridle to Curb Sin</Title>
        <Url>http://www.sermonindex.net/modules/mydownloads/visit.php?lid=14745</Url>
        <Speaker>Thomas Boston</Speaker>
        <Length>5.32Mb</Length>
        <Status>NOT_STARTED</Status>
        <isSermonSelected>false</isSermonSelected>
    </Sermon>
</Sermons>
