<?xml version="1.0" encoding="UTF-8" standalone="yes"?>
<Sermons>
    <Sermon>
        <Title>(The Imitation of Christ) Book 1 - Chapters 01 to 10</Title>
        <Url>http://www.sermonindex.net/modules/mydownloads/visit.php?lid=14724</Url>
        <Speaker>Thomas a Kempis</Speaker>
        <Length>11.63Mb</Length>
        <Status>NOT_STARTED</Status>
        <isSermonSelected>false</isSermonSelected>
    </Sermon>
    <Sermon>
        <Title>(The Imitation of Christ) Book 1 - Chapters 11 to 20</Title>
        <Url>http://www.sermonindex.net/modules/mydownloads/visit.php?lid=14725</Url>
        <Speaker>Thomas a Kempis</Speaker>
        <Length>19.26Mb</Length>
        <Status>NOT_STARTED</Status>
        <isSermonSelected>false</isSermonSelected>
    </Sermon>
    <Sermon>
        <Title>(The Imitation of Christ) Book 1 - Chapters 21 to 25</Title>
        <Url>http://www.sermonindex.net/modules/mydownloads/visit.php?lid=14726</Url>
        <Speaker>Thomas a Kempis</Speaker>
        <Length>17.25Mb</Length>
        <Status>NOT_STARTED</Status>
        <isSermonSelected>false</isSermonSelected>
    </Sermon>
    <Sermon>
        <Title>(The Imitation of Christ) Book 2 - Chapters 01 to 10</Title>
        <Url>http://www.sermonindex.net/modules/mydownloads/visit.php?lid=14727</Url>
        <Speaker>Thomas a Kempis</Speaker>
        <Length>20.71Mb</Length>
        <Status>NOT_STARTED</Status>
        <isSermonSelected>false</isSermonSelected>
    </Sermon>
    <Sermon>
        <Title>(The Imitation of Christ) Book 2 - Chapters 11 to 12</Title>
        <Url>http://www.sermonindex.net/modules/mydownloads/visit.php?lid=14728</Url>
        <Speaker>Thomas a Kempis</Speaker>
        <Length>9.16Mb</Length>
        <Status>NOT_STARTED</Status>
        <isSermonSelected>false</isSermonSelected>
    </Sermon>
    <Sermon>
        <Title>(The Imitation of Christ) Book 3 - Chapters 01 to 10</Title>
        <Url>http://www.sermonindex.net/modules/mydownloads/visit.php?lid=14729</Url>
        <Speaker>Thomas a Kempis</Speaker>
        <Length>21.96Mb</Length>
        <Status>NOT_STARTED</Status>
        <isSermonSelected>false</isSermonSelected>
    </Sermon>
    <Sermon>
        <Title>(The Imitation of Christ) Book 3 - Chapters 11 to 20</Title>
        <Url>http://www.sermonindex.net/modules/mydownloads/visit.php?lid=14730</Url>
        <Speaker>Thomas a Kempis</Speaker>
        <Length>16.9Mb</Length>
        <Status>NOT_STARTED</Status>
        <isSermonSelected>false</isSermonSelected>
    </Sermon>
    <Sermon>
        <Title>(The Imitation of Christ) Book 3 - Chapters 21 to 30</Title>
        <Url>http://www.sermonindex.net/modules/mydownloads/visit.php?lid=14731</Url>
        <Speaker>Thomas a Kempis</Speaker>
        <Length>19.66Mb</Length>
        <Status>NOT_STARTED</Status>
        <isSermonSelected>false</isSermonSelected>
    </Sermon>
    <Sermon>
        <Title>(The Imitation of Christ) Book 3 - Chapters 31 to 40</Title>
        <Url>http://www.sermonindex.net/modules/mydownloads/visit.php?lid=14732</Url>
        <Speaker>Thomas a Kempis</Speaker>
        <Length>15.85Mb</Length>
        <Status>NOT_STARTED</Status>
        <isSermonSelected>false</isSermonSelected>
    </Sermon>
    <Sermon>
        <Title>(The Imitation of Christ) Book 3 - Chapters 41 to 50</Title>
        <Url>http://www.sermonindex.net/modules/mydownloads/visit.php?lid=14733</Url>
        <Speaker>Thomas a Kempis</Speaker>
        <Length>21.58Mb</Length>
        <Status>NOT_STARTED</Status>
        <isSermonSelected>false</isSermonSelected>
    </Sermon>
    <Sermon>
        <Title>(The Imitation of Christ) Book 3 - Chapters 51 to 59</Title>
        <Url>http://www.sermonindex.net/modules/mydownloads/visit.php?lid=14734</Url>
        <Speaker>Thomas a Kempis</Speaker>
        <Length>21.85Mb</Length>
        <Status>NOT_STARTED</Status>
        <isSermonSelected>false</isSermonSelected>
    </Sermon>
    <Sermon>
        <Title>(The Imitation of Christ) Book 4 - Chapters 01 to 10</Title>
        <Url>http://www.sermonindex.net/modules/mydownloads/visit.php?lid=14735</Url>
        <Speaker>Thomas a Kempis</Speaker>
        <Length>26.42Mb</Length>
        <Status>NOT_STARTED</Status>
        <isSermonSelected>false</isSermonSelected>
    </Sermon>
    <Sermon>
        <Title>(The Imitation of Christ) Book 4 - Chapters 11 to 18</Title>
        <Url>http://www.sermonindex.net/modules/mydownloads/visit.php?lid=14736</Url>
        <Speaker>Thomas a Kempis</Speaker>
        <Length>16.79Mb</Length>
        <Status>NOT_STARTED</Status>
        <isSermonSelected>false</isSermonSelected>
    </Sermon>
</Sermons>
