<?xml version="1.0" encoding="UTF-8" standalone="yes"?>
<Sermons>
    <Sermon>
        <Title>Power of a Pure Conscience</Title>
        <Url>http://www.sermonindex.net/modules/mydownloads/visit.php?lid=19849</Url>
        <Speaker>Tom Allen</Speaker>
        <Length>9.74Mb</Length>
        <Status>NOT_STARTED</Status>
        <isSermonSelected>false</isSermonSelected>
    </Sermon>
    <Sermon>
        <Title>Revival In The Home</Title>
        <Url>http://www.sermonindex.net/modules/mydownloads/visit.php?lid=19853</Url>
        <Speaker>Tom Allen</Speaker>
        <Length>13.71Mb</Length>
        <Status>NOT_STARTED</Status>
        <isSermonSelected>false</isSermonSelected>
    </Sermon>
    <Sermon>
        <Title>The Revival We Don't Need</Title>
        <Url>http://www.sermonindex.net/modules/mydownloads/visit.php?lid=19408</Url>
        <Speaker>Tom Allen</Speaker>
        <Length>11.89Mb</Length>
        <Status>NOT_STARTED</Status>
        <isSermonSelected>false</isSermonSelected>
    </Sermon>
</Sermons>
