<?xml version="1.0" encoding="UTF-8" standalone="yes"?>
<Sermons>
    <Sermon>
        <Title>Revival Begins With You - Part 1</Title>
        <Url>http://www.sermonindex.net/modules/mydownloads/visit.php?lid=19520</Url>
        <Speaker>Tom Phillips</Speaker>
        <Length>8.49Mb</Length>
        <Status>NOT_STARTED</Status>
        <isSermonSelected>false</isSermonSelected>
    </Sermon>
    <Sermon>
        <Title>Revival Begins With You - Part 2</Title>
        <Url>http://www.sermonindex.net/modules/mydownloads/visit.php?lid=19521</Url>
        <Speaker>Tom Phillips</Speaker>
        <Length>9.03Mb</Length>
        <Status>NOT_STARTED</Status>
        <isSermonSelected>false</isSermonSelected>
    </Sermon>
</Sermons>
