<?xml version="1.0" encoding="UTF-8" standalone="yes"?>
<Sermons>
    <Sermon>
        <Title>Be Filled with the Spirit</Title>
        <Url>http://www.sermonindex.net/modules/mydownloads/visit.php?lid=13897</Url>
        <Speaker>Tom Palmer</Speaker>
        <Length>8.39Mb</Length>
        <Status>NOT_STARTED</Status>
        <isSermonSelected>false</isSermonSelected>
    </Sermon>
    <Sermon>
        <Title>Blessedness of Brokenness</Title>
        <Url>http://www.sermonindex.net/modules/mydownloads/visit.php?lid=13898</Url>
        <Speaker>Tom Palmer</Speaker>
        <Length>13.15Mb</Length>
        <Status>NOT_STARTED</Status>
        <isSermonSelected>false</isSermonSelected>
    </Sermon>
    <Sermon>
        <Title>Gaining and Maintaining a Clear Conscience</Title>
        <Url>http://www.sermonindex.net/modules/mydownloads/visit.php?lid=13899</Url>
        <Speaker>Tom Palmer</Speaker>
        <Length>12.9Mb</Length>
        <Status>NOT_STARTED</Status>
        <isSermonSelected>false</isSermonSelected>
    </Sermon>
    <Sermon>
        <Title>How to Make a Good Wife Better</Title>
        <Url>http://www.sermonindex.net/modules/mydownloads/visit.php?lid=13900</Url>
        <Speaker>Tom Palmer</Speaker>
        <Length>11.21Mb</Length>
        <Status>NOT_STARTED</Status>
        <isSermonSelected>false</isSermonSelected>
    </Sermon>
    <Sermon>
        <Title>The Proud Look</Title>
        <Url>http://www.sermonindex.net/modules/mydownloads/visit.php?lid=13901</Url>
        <Speaker>Tom Palmer</Speaker>
        <Length>12.55Mb</Length>
        <Status>NOT_STARTED</Status>
        <isSermonSelected>false</isSermonSelected>
    </Sermon>
</Sermons>
