<?xml version="1.0" encoding="UTF-8" standalone="yes"?>
<Sermons>
    <Sermon>
        <Title>As A Thief In The Night</Title>
        <Url>http://www.sermonindex.net/modules/mydownloads/visit.php?lid=11954</Url>
        <Speaker>Tow Siang Hwa</Speaker>
        <Length>5.04Mb</Length>
        <Status>NOT_STARTED</Status>
        <isSermonSelected>false</isSermonSelected>
    </Sermon>
    <Sermon>
        <Title>Grow In Grace And In Knowledge</Title>
        <Url>http://www.sermonindex.net/modules/mydownloads/visit.php?lid=11959</Url>
        <Speaker>Tow Siang Hwa</Speaker>
        <Length>7.74Mb</Length>
        <Status>NOT_STARTED</Status>
        <isSermonSelected>false</isSermonSelected>
    </Sermon>
    <Sermon>
        <Title>Walk In The Spirit</Title>
        <Url>http://www.sermonindex.net/modules/mydownloads/visit.php?lid=11960</Url>
        <Speaker>Tow Siang Hwa</Speaker>
        <Length>7.9Mb</Length>
        <Status>NOT_STARTED</Status>
        <isSermonSelected>false</isSermonSelected>
    </Sermon>
</Sermons>
