<?xml version="1.0" encoding="UTF-8" standalone="yes"?>
<Sermons>
    <Sermon>
        <Title>Be a Doer of Gods Word</Title>
        <Url>http://www.sermonindex.net/modules/mydownloads/visit.php?lid=9327</Url>
        <Speaker>Treasure's from God's Word</Speaker>
        <Length>1.19Mb</Length>
        <Status>NOT_STARTED</Status>
        <isSermonSelected>false</isSermonSelected>
    </Sermon>
    <Sermon>
        <Title>Blessed Are The Peacemakers</Title>
        <Url>http://www.sermonindex.net/modules/mydownloads/visit.php?lid=9328</Url>
        <Speaker>Treasure's from God's Word</Speaker>
        <Length>1.89Mb</Length>
        <Status>NOT_STARTED</Status>
        <isSermonSelected>false</isSermonSelected>
    </Sermon>
    <Sermon>
        <Title>But As For Me</Title>
        <Url>http://www.sermonindex.net/modules/mydownloads/visit.php?lid=9329</Url>
        <Speaker>Treasure's from God's Word</Speaker>
        <Length>973Kb</Length>
        <Status>NOT_STARTED</Status>
        <isSermonSelected>false</isSermonSelected>
    </Sermon>
    <Sermon>
        <Title>Do Your Work For the Lord</Title>
        <Url>http://www.sermonindex.net/modules/mydownloads/visit.php?lid=9330</Url>
        <Speaker>Treasure's from God's Word</Speaker>
        <Length>1.1Mb</Length>
        <Status>NOT_STARTED</Status>
        <isSermonSelected>false</isSermonSelected>
    </Sermon>
    <Sermon>
        <Title>Down With discouragement</Title>
        <Url>http://www.sermonindex.net/modules/mydownloads/visit.php?lid=9331</Url>
        <Speaker>Treasure's from God's Word</Speaker>
        <Length>1.56Mb</Length>
        <Status>NOT_STARTED</Status>
        <isSermonSelected>false</isSermonSelected>
    </Sermon>
    <Sermon>
        <Title>Encourage One Another</Title>
        <Url>http://www.sermonindex.net/modules/mydownloads/visit.php?lid=9332</Url>
        <Speaker>Treasure's from God's Word</Speaker>
        <Length>1.51Mb</Length>
        <Status>NOT_STARTED</Status>
        <isSermonSelected>false</isSermonSelected>
    </Sermon>
    <Sermon>
        <Title>Go The Extra Mile</Title>
        <Url>http://www.sermonindex.net/modules/mydownloads/visit.php?lid=9333</Url>
        <Speaker>Treasure's from God's Word</Speaker>
        <Length>968Kb</Length>
        <Status>NOT_STARTED</Status>
        <isSermonSelected>false</isSermonSelected>
    </Sermon>
    <Sermon>
        <Title>I Have No Greater Joy</Title>
        <Url>http://www.sermonindex.net/modules/mydownloads/visit.php?lid=9334</Url>
        <Speaker>Treasure's from God's Word</Speaker>
        <Length>973Kb</Length>
        <Status>NOT_STARTED</Status>
        <isSermonSelected>false</isSermonSelected>
    </Sermon>
    <Sermon>
        <Title>Listen to Your Father</Title>
        <Url>http://www.sermonindex.net/modules/mydownloads/visit.php?lid=9335</Url>
        <Speaker>Treasure's from God's Word</Speaker>
        <Length>1.22Mb</Length>
        <Status>NOT_STARTED</Status>
        <isSermonSelected>false</isSermonSelected>
    </Sermon>
    <Sermon>
        <Title>Martha, Martha</Title>
        <Url>http://www.sermonindex.net/modules/mydownloads/visit.php?lid=9336</Url>
        <Speaker>Treasure's from God's Word</Speaker>
        <Length>1.5Mb</Length>
        <Status>NOT_STARTED</Status>
        <isSermonSelected>false</isSermonSelected>
    </Sermon>
    <Sermon>
        <Title>Obedience Is</Title>
        <Url>http://www.sermonindex.net/modules/mydownloads/visit.php?lid=9337</Url>
        <Speaker>Treasure's from God's Word</Speaker>
        <Length>1.02Mb</Length>
        <Status>NOT_STARTED</Status>
        <isSermonSelected>false</isSermonSelected>
    </Sermon>
    <Sermon>
        <Title>Our Children Are as Arrows</Title>
        <Url>http://www.sermonindex.net/modules/mydownloads/visit.php?lid=9338</Url>
        <Speaker>Treasure's from God's Word</Speaker>
        <Length>1.8Mb</Length>
        <Status>NOT_STARTED</Status>
        <isSermonSelected>false</isSermonSelected>
    </Sermon>
    <Sermon>
        <Title>Our Godly Heritage</Title>
        <Url>http://www.sermonindex.net/modules/mydownloads/visit.php?lid=9339</Url>
        <Speaker>Treasure's from God's Word</Speaker>
        <Length>1.38Mb</Length>
        <Status>NOT_STARTED</Status>
        <isSermonSelected>false</isSermonSelected>
    </Sermon>
    <Sermon>
        <Title>Please Train Me Up</Title>
        <Url>http://www.sermonindex.net/modules/mydownloads/visit.php?lid=9340</Url>
        <Speaker>Treasure's from God's Word</Speaker>
        <Length>912Kb</Length>
        <Status>NOT_STARTED</Status>
        <isSermonSelected>false</isSermonSelected>
    </Sermon>
    <Sermon>
        <Title>Psalm 121</Title>
        <Url>http://www.sermonindex.net/modules/mydownloads/visit.php?lid=9341</Url>
        <Speaker>Treasure's from God's Word</Speaker>
        <Length>1.93Mb</Length>
        <Status>NOT_STARTED</Status>
        <isSermonSelected>false</isSermonSelected>
    </Sermon>
    <Sermon>
        <Title>The Little Boy Samuel</Title>
        <Url>http://www.sermonindex.net/modules/mydownloads/visit.php?lid=9342</Url>
        <Speaker>Treasure's from God's Word</Speaker>
        <Length>1.87Mb</Length>
        <Status>NOT_STARTED</Status>
        <isSermonSelected>false</isSermonSelected>
    </Sermon>
    <Sermon>
        <Title>Think of Others First</Title>
        <Url>http://www.sermonindex.net/modules/mydownloads/visit.php?lid=9343</Url>
        <Speaker>Treasure's from God's Word</Speaker>
        <Length>896Kb</Length>
        <Status>NOT_STARTED</Status>
        <isSermonSelected>false</isSermonSelected>
    </Sermon>
    <Sermon>
        <Title>You do it Unto Me</Title>
        <Url>http://www.sermonindex.net/modules/mydownloads/visit.php?lid=9344</Url>
        <Speaker>Treasure's from God's Word</Speaker>
        <Length>1.24Mb</Length>
        <Status>NOT_STARTED</Status>
        <isSermonSelected>false</isSermonSelected>
    </Sermon>
</Sermons>
