<?xml version="1.0" encoding="UTF-8" standalone="yes"?>
<Sermons>
    <Sermon>
        <Title>Overcoming Evil With Good</Title>
        <Url>http://www.sermonindex.net/modules/mydownloads/visit.php?lid=20123</Url>
        <Speaker>Vernon Helmuth</Speaker>
        <Length>8.36Mb</Length>
        <Status>NOT_STARTED</Status>
        <isSermonSelected>false</isSermonSelected>
    </Sermon>
    <Sermon>
        <Title>Will We Respond to the Invitation?</Title>
        <Url>http://www.sermonindex.net/modules/mydownloads/visit.php?lid=4038</Url>
        <Speaker>Vernon Helmuth</Speaker>
        <Length>0Kb</Length>
        <Status>NOT_STARTED</Status>
        <isSermonSelected>false</isSermonSelected>
    </Sermon>
</Sermons>
