<?xml version="1.0" encoding="UTF-8" standalone="yes"?>
<Sermons>
    <Sermon>
        <Title>Crucified With Christ</Title>
        <Url>http://www.sermonindex.net/modules/mydownloads/visit.php?lid=25620</Url>
        <Speaker>Vincent G. Artese</Speaker>
        <Length>5.53Mb</Length>
        <Status>NOT_STARTED</Status>
        <isSermonSelected>false</isSermonSelected>
    </Sermon>
    <Sermon>
        <Title>One Thing I Do</Title>
        <Url>http://www.sermonindex.net/modules/mydownloads/visit.php?lid=23968</Url>
        <Speaker>Vincent G. Artese</Speaker>
        <Length>12.79Mb</Length>
        <Status>NOT_STARTED</Status>
        <isSermonSelected>false</isSermonSelected>
    </Sermon>
    <Sermon>
        <Title>The Narrow Way</Title>
        <Url>http://www.sermonindex.net/modules/mydownloads/visit.php?lid=23970</Url>
        <Speaker>Vincent G. Artese</Speaker>
        <Length>12.79Mb</Length>
        <Status>NOT_STARTED</Status>
        <isSermonSelected>false</isSermonSelected>
    </Sermon>
    <Sermon>
        <Title>The Sin That Keeps Us Out Of The Promise Land</Title>
        <Url>http://www.sermonindex.net/modules/mydownloads/visit.php?lid=23969</Url>
        <Speaker>Vincent G. Artese</Speaker>
        <Length>12.82Mb</Length>
        <Status>NOT_STARTED</Status>
        <isSermonSelected>false</isSermonSelected>
    </Sermon>
    <Sermon>
        <Title>What Will You Do In The End?</Title>
        <Url>http://www.sermonindex.net/modules/mydownloads/visit.php?lid=25431</Url>
        <Speaker>Vincent G. Artese</Speaker>
        <Length>6.93Mb</Length>
        <Status>NOT_STARTED</Status>
        <isSermonSelected>false</isSermonSelected>
    </Sermon>
</Sermons>
