<?xml version="1.0" encoding="UTF-8" standalone="yes"?>
<Sermons>
    <Sermon>
        <Title>(Biblical Family) Biblical Manhood - Part 1</Title>
        <Url>http://www.sermonindex.net/modules/mydownloads/visit.php?lid=17501</Url>
        <Speaker>Voddie Baucham</Speaker>
        <Length>7.42Mb</Length>
        <Status>NOT_STARTED</Status>
        <isSermonSelected>false</isSermonSelected>
    </Sermon>
    <Sermon>
        <Title>(Biblical Family) Biblical Manhood - Part 2</Title>
        <Url>http://www.sermonindex.net/modules/mydownloads/visit.php?lid=17502</Url>
        <Speaker>Voddie Baucham</Speaker>
        <Length>7.01Mb</Length>
        <Status>NOT_STARTED</Status>
        <isSermonSelected>false</isSermonSelected>
    </Sermon>
    <Sermon>
        <Title>(Biblical Family) Biblical Womanhood - Part 1</Title>
        <Url>http://www.sermonindex.net/modules/mydownloads/visit.php?lid=17503</Url>
        <Speaker>Voddie Baucham</Speaker>
        <Length>31.46Mb</Length>
        <Status>NOT_STARTED</Status>
        <isSermonSelected>false</isSermonSelected>
    </Sermon>
    <Sermon>
        <Title>(Biblical Family) Biblical Womanhood - Part 2</Title>
        <Url>http://www.sermonindex.net/modules/mydownloads/visit.php?lid=17504</Url>
        <Speaker>Voddie Baucham</Speaker>
        <Length>24.15Mb</Length>
        <Status>NOT_STARTED</Status>
        <isSermonSelected>false</isSermonSelected>
    </Sermon>
    <Sermon>
        <Title>(Biblical Family) Biblical Womanhood - Part 3</Title>
        <Url>http://www.sermonindex.net/modules/mydownloads/visit.php?lid=17505</Url>
        <Speaker>Voddie Baucham</Speaker>
        <Length>28.01Mb</Length>
        <Status>NOT_STARTED</Status>
        <isSermonSelected>false</isSermonSelected>
    </Sermon>
    <Sermon>
        <Title>(Biblical Family) Child Training</Title>
        <Url>http://www.sermonindex.net/modules/mydownloads/visit.php?lid=17506</Url>
        <Speaker>Voddie Baucham</Speaker>
        <Length>11.3Mb</Length>
        <Status>NOT_STARTED</Status>
        <isSermonSelected>false</isSermonSelected>
    </Sermon>
    <Sermon>
        <Title>Contending for the Faith</Title>
        <Url>http://www.sermonindex.net/modules/mydownloads/visit.php?lid=18669</Url>
        <Speaker>Voddie Baucham</Speaker>
        <Length>3.27Mb</Length>
        <Status>NOT_STARTED</Status>
        <isSermonSelected>false</isSermonSelected>
    </Sermon>
    <Sermon>
        <Title>Errors In The Modern Day Gospel</Title>
        <Url>http://www.sermonindex.net/modules/mydownloads/visit.php?lid=16935</Url>
        <Speaker>Voddie Baucham</Speaker>
        <Length>6.02Mb</Length>
        <Status>NOT_STARTED</Status>
        <isSermonSelected>false</isSermonSelected>
    </Sermon>
    <Sermon>
        <Title>Gospel Healing for Hurting Marriages</Title>
        <Url>http://www.sermonindex.net/modules/mydownloads/visit.php?lid=18663</Url>
        <Speaker>Voddie Baucham</Speaker>
        <Length>5.57Mb</Length>
        <Status>NOT_STARTED</Status>
        <isSermonSelected>false</isSermonSelected>
    </Sermon>
    <Sermon>
        <Title>Mercy In Sodom</Title>
        <Url>http://www.sermonindex.net/modules/mydownloads/visit.php?lid=18664</Url>
        <Speaker>Voddie Baucham</Speaker>
        <Length>5.7Mb</Length>
        <Status>NOT_STARTED</Status>
        <isSermonSelected>false</isSermonSelected>
    </Sermon>
    <Sermon>
        <Title>Modern Spirituality and Your Mind</Title>
        <Url>http://www.sermonindex.net/modules/mydownloads/visit.php?lid=22832</Url>
        <Speaker>Voddie Baucham</Speaker>
        <Length>8.19Mb</Length>
        <Status>NOT_STARTED</Status>
        <isSermonSelected>false</isSermonSelected>
    </Sermon>
    <Sermon>
        <Title>Passing Judgment</Title>
        <Url>http://www.sermonindex.net/modules/mydownloads/visit.php?lid=23322</Url>
        <Speaker>Voddie Baucham</Speaker>
        <Length>20.61Mb</Length>
        <Status>NOT_STARTED</Status>
        <isSermonSelected>false</isSermonSelected>
    </Sermon>
    <Sermon>
        <Title>Question and Answer - Part 1 (w/ Paul Washer)</Title>
        <Url>http://www.sermonindex.net/modules/mydownloads/visit.php?lid=17497</Url>
        <Speaker>Voddie Baucham</Speaker>
        <Length>10.54Mb</Length>
        <Status>NOT_STARTED</Status>
        <isSermonSelected>false</isSermonSelected>
    </Sermon>
    <Sermon>
        <Title>Question and Answer - Part 2 (w/ Paul Washer)</Title>
        <Url>http://www.sermonindex.net/modules/mydownloads/visit.php?lid=17498</Url>
        <Speaker>Voddie Baucham</Speaker>
        <Length>10.39Mb</Length>
        <Status>NOT_STARTED</Status>
        <isSermonSelected>false</isSermonSelected>
    </Sermon>
    <Sermon>
        <Title>Question and Answer - Part 3 (w/ Paul Washer)</Title>
        <Url>http://www.sermonindex.net/modules/mydownloads/visit.php?lid=17499</Url>
        <Speaker>Voddie Baucham</Speaker>
        <Length>13.47Mb</Length>
        <Status>NOT_STARTED</Status>
        <isSermonSelected>false</isSermonSelected>
    </Sermon>
    <Sermon>
        <Title>Question and Answer - Part 4 (w/ Paul Washer)</Title>
        <Url>http://www.sermonindex.net/modules/mydownloads/visit.php?lid=17500</Url>
        <Speaker>Voddie Baucham</Speaker>
        <Length>23.71Mb</Length>
        <Status>NOT_STARTED</Status>
        <isSermonSelected>false</isSermonSelected>
    </Sermon>
    <Sermon>
        <Title>The Centrality of the Home</Title>
        <Url>http://www.sermonindex.net/modules/mydownloads/visit.php?lid=15348</Url>
        <Speaker>Voddie Baucham</Speaker>
        <Length>8.69Mb</Length>
        <Status>NOT_STARTED</Status>
        <isSermonSelected>false</isSermonSelected>
    </Sermon>
    <Sermon>
        <Title>The Law of God in Light of the Kingdom</Title>
        <Url>http://www.sermonindex.net/modules/mydownloads/visit.php?lid=18666</Url>
        <Speaker>Voddie Baucham</Speaker>
        <Length>6.62Mb</Length>
        <Status>NOT_STARTED</Status>
        <isSermonSelected>false</isSermonSelected>
    </Sermon>
    <Sermon>
        <Title>The Sin of Sodom On Display in America</Title>
        <Url>http://www.sermonindex.net/modules/mydownloads/visit.php?lid=18665</Url>
        <Speaker>Voddie Baucham</Speaker>
        <Length>9.04Mb</Length>
        <Status>NOT_STARTED</Status>
        <isSermonSelected>false</isSermonSelected>
    </Sermon>
    <Sermon>
        <Title>The Supremacy of Christ in Truth in a Postmodern World</Title>
        <Url>http://www.sermonindex.net/modules/mydownloads/visit.php?lid=18670</Url>
        <Speaker>Voddie Baucham</Speaker>
        <Length>6.94Mb</Length>
        <Status>NOT_STARTED</Status>
        <isSermonSelected>false</isSermonSelected>
    </Sermon>
    <Sermon>
        <Title>What is Adultery?</Title>
        <Url>http://www.sermonindex.net/modules/mydownloads/visit.php?lid=18667</Url>
        <Speaker>Voddie Baucham</Speaker>
        <Length>6.95Mb</Length>
        <Status>NOT_STARTED</Status>
        <isSermonSelected>false</isSermonSelected>
    </Sermon>
    <Sermon>
        <Title>What Is The Gospel?</Title>
        <Url>http://www.sermonindex.net/modules/mydownloads/visit.php?lid=22249</Url>
        <Speaker>Voddie Baucham</Speaker>
        <Length>26.42Mb</Length>
        <Status>NOT_STARTED</Status>
        <isSermonSelected>false</isSermonSelected>
    </Sermon>
    <Sermon>
        <Title>Why I Choose to Believe the Bible</Title>
        <Url>http://www.sermonindex.net/modules/mydownloads/visit.php?lid=18668</Url>
        <Speaker>Voddie Baucham</Speaker>
        <Length>2.86Mb</Length>
        <Status>NOT_STARTED</Status>
        <isSermonSelected>false</isSermonSelected>
    </Sermon>
    <Sermon>
        <Title>Youth Ministry</Title>
        <Url>http://www.sermonindex.net/modules/mydownloads/visit.php?lid=22201</Url>
        <Speaker>Voddie Baucham</Speaker>
        <Length>29.82Mb</Length>
        <Status>NOT_STARTED</Status>
        <isSermonSelected>false</isSermonSelected>
    </Sermon>
</Sermons>
