<?xml version="1.0" encoding="UTF-8" standalone="yes"?>
<Sermons>
    <Sermon>
        <Title>Living Martyr</Title>
        <Url>http://www.sermonindex.net/modules/mydownloads/visit.php?lid=21316</Url>
        <Speaker>Wagdi Iskander</Speaker>
        <Length>6.37Mb</Length>
        <Status>NOT_STARTED</Status>
        <isSermonSelected>false</isSermonSelected>
    </Sermon>
    <Sermon>
        <Title>Ministering To Muslims</Title>
        <Url>http://www.sermonindex.net/modules/mydownloads/visit.php?lid=20844</Url>
        <Speaker>Wagdi Iskander</Speaker>
        <Length>63Mb</Length>
        <Status>NOT_STARTED</Status>
        <isSermonSelected>false</isSermonSelected>
    </Sermon>
</Sermons>
