<?xml version="1.0" encoding="UTF-8" standalone="yes"?>
<Sermons>
    <Sermon>
        <Title>Anabaptist History - Part 1</Title>
        <Url>http://www.sermonindex.net/modules/mydownloads/visit.php?lid=20610</Url>
        <Speaker>Walter Beachy</Speaker>
        <Length>12.18Mb</Length>
        <Status>NOT_STARTED</Status>
        <isSermonSelected>false</isSermonSelected>
    </Sermon>
    <Sermon>
        <Title>Anabaptist History - Part 2</Title>
        <Url>http://www.sermonindex.net/modules/mydownloads/visit.php?lid=20611</Url>
        <Speaker>Walter Beachy</Speaker>
        <Length>17.62Mb</Length>
        <Status>NOT_STARTED</Status>
        <isSermonSelected>false</isSermonSelected>
    </Sermon>
    <Sermon>
        <Title>Anabaptist History - Part 3</Title>
        <Url>http://www.sermonindex.net/modules/mydownloads/visit.php?lid=20612</Url>
        <Speaker>Walter Beachy</Speaker>
        <Length>17.99Mb</Length>
        <Status>NOT_STARTED</Status>
        <isSermonSelected>false</isSermonSelected>
    </Sermon>
    <Sermon>
        <Title>Anabaptist History - Part 4</Title>
        <Url>http://www.sermonindex.net/modules/mydownloads/visit.php?lid=20613</Url>
        <Speaker>Walter Beachy</Speaker>
        <Length>18.17Mb</Length>
        <Status>NOT_STARTED</Status>
        <isSermonSelected>false</isSermonSelected>
    </Sermon>
    <Sermon>
        <Title>Anabaptist History - Part 5</Title>
        <Url>http://www.sermonindex.net/modules/mydownloads/visit.php?lid=20614</Url>
        <Speaker>Walter Beachy</Speaker>
        <Length>17.74Mb</Length>
        <Status>NOT_STARTED</Status>
        <isSermonSelected>false</isSermonSelected>
    </Sermon>
    <Sermon>
        <Title>Anabaptist History - Part 6</Title>
        <Url>http://www.sermonindex.net/modules/mydownloads/visit.php?lid=20615</Url>
        <Speaker>Walter Beachy</Speaker>
        <Length>18.21Mb</Length>
        <Status>NOT_STARTED</Status>
        <isSermonSelected>false</isSermonSelected>
    </Sermon>
</Sermons>
