<?xml version="1.0" encoding="UTF-8" standalone="yes"?>
<Sermons>
    <Sermon>
        <Title>His Manifest Presence - Part 1</Title>
        <Url>http://www.sermonindex.net/modules/mydownloads/visit.php?lid=27266</Url>
        <Speaker>Walter Beuttler</Speaker>
        <Length>13.03Mb</Length>
        <Status>NOT_STARTED</Status>
        <isSermonSelected>false</isSermonSelected>
    </Sermon>
    <Sermon>
        <Title>His Manifest Presence - Part 2</Title>
        <Url>http://www.sermonindex.net/modules/mydownloads/visit.php?lid=27267</Url>
        <Speaker>Walter Beuttler</Speaker>
        <Length>12.58Mb</Length>
        <Status>NOT_STARTED</Status>
        <isSermonSelected>false</isSermonSelected>
    </Sermon>
    <Sermon>
        <Title>His Manifest Presence - Part 3</Title>
        <Url>http://www.sermonindex.net/modules/mydownloads/visit.php?lid=27268</Url>
        <Speaker>Walter Beuttler</Speaker>
        <Length>12.62Mb</Length>
        <Status>NOT_STARTED</Status>
        <isSermonSelected>false</isSermonSelected>
    </Sermon>
    <Sermon>
        <Title>His Manifest Presence - Part 4</Title>
        <Url>http://www.sermonindex.net/modules/mydownloads/visit.php?lid=27269</Url>
        <Speaker>Walter Beuttler</Speaker>
        <Length>8.7Mb</Length>
        <Status>NOT_STARTED</Status>
        <isSermonSelected>false</isSermonSelected>
    </Sermon>
    <Sermon>
        <Title>Knowing God's Ways - Part 1</Title>
        <Url>http://www.sermonindex.net/modules/mydownloads/visit.php?lid=27270</Url>
        <Speaker>Walter Beuttler</Speaker>
        <Length>11.47Mb</Length>
        <Status>NOT_STARTED</Status>
        <isSermonSelected>false</isSermonSelected>
    </Sermon>
    <Sermon>
        <Title>Knowing God's Ways - Part 2</Title>
        <Url>http://www.sermonindex.net/modules/mydownloads/visit.php?lid=27271</Url>
        <Speaker>Walter Beuttler</Speaker>
        <Length>7.53Mb</Length>
        <Status>NOT_STARTED</Status>
        <isSermonSelected>false</isSermonSelected>
    </Sermon>
    <Sermon>
        <Title>Knowing God's Ways - Part 3</Title>
        <Url>http://www.sermonindex.net/modules/mydownloads/visit.php?lid=27272</Url>
        <Speaker>Walter Beuttler</Speaker>
        <Length>15.22Mb</Length>
        <Status>NOT_STARTED</Status>
        <isSermonSelected>false</isSermonSelected>
    </Sermon>
    <Sermon>
        <Title>Knowing God's Ways - Part 4</Title>
        <Url>http://www.sermonindex.net/modules/mydownloads/visit.php?lid=27273</Url>
        <Speaker>Walter Beuttler</Speaker>
        <Length>13.4Mb</Length>
        <Status>NOT_STARTED</Status>
        <isSermonSelected>false</isSermonSelected>
    </Sermon>
    <Sermon>
        <Title>Knowing God's Ways - Part 5</Title>
        <Url>http://www.sermonindex.net/modules/mydownloads/visit.php?lid=27274</Url>
        <Speaker>Walter Beuttler</Speaker>
        <Length>13.91Mb</Length>
        <Status>NOT_STARTED</Status>
        <isSermonSelected>false</isSermonSelected>
    </Sermon>
    <Sermon>
        <Title>Knowing God's Ways - Part 6</Title>
        <Url>http://www.sermonindex.net/modules/mydownloads/visit.php?lid=27275</Url>
        <Speaker>Walter Beuttler</Speaker>
        <Length>9.31Mb</Length>
        <Status>NOT_STARTED</Status>
        <isSermonSelected>false</isSermonSelected>
    </Sermon>
    <Sermon>
        <Title>Knowing God's Ways - Part 7</Title>
        <Url>http://www.sermonindex.net/modules/mydownloads/visit.php?lid=27276</Url>
        <Speaker>Walter Beuttler</Speaker>
        <Length>7.03Mb</Length>
        <Status>NOT_STARTED</Status>
        <isSermonSelected>false</isSermonSelected>
    </Sermon>
</Sermons>
