<?xml version="1.0" encoding="UTF-8" standalone="yes"?>
<Sermons>
    <Sermon>
        <Title>A Father's Counsel</Title>
        <Url>http://www.sermonindex.net/modules/mydownloads/visit.php?lid=13282</Url>
        <Speaker>Warren Wiersbe</Speaker>
        <Length>8.76Mb</Length>
        <Status>NOT_STARTED</Status>
        <isSermonSelected>false</isSermonSelected>
    </Sermon>
    <Sermon>
        <Title>A Man on the Go</Title>
        <Url>http://www.sermonindex.net/modules/mydownloads/visit.php?lid=17308</Url>
        <Speaker>Warren Wiersbe</Speaker>
        <Length>7.95Mb</Length>
        <Status>NOT_STARTED</Status>
        <isSermonSelected>false</isSermonSelected>
    </Sermon>
    <Sermon>
        <Title>A Worm's Eye View of Missions</Title>
        <Url>http://www.sermonindex.net/modules/mydownloads/visit.php?lid=13283</Url>
        <Speaker>Warren Wiersbe</Speaker>
        <Length>8.76Mb</Length>
        <Status>NOT_STARTED</Status>
        <isSermonSelected>false</isSermonSelected>
    </Sermon>
    <Sermon>
        <Title>An Earthquake in Jerusalem</Title>
        <Url>http://www.sermonindex.net/modules/mydownloads/visit.php?lid=13284</Url>
        <Speaker>Warren Wiersbe</Speaker>
        <Length>8.34Mb</Length>
        <Status>NOT_STARTED</Status>
        <isSermonSelected>false</isSermonSelected>
    </Sermon>
    <Sermon>
        <Title>Avoiding the Storms of Life</Title>
        <Url>http://www.sermonindex.net/modules/mydownloads/visit.php?lid=17309</Url>
        <Speaker>Warren Wiersbe</Speaker>
        <Length>8.62Mb</Length>
        <Status>NOT_STARTED</Status>
        <isSermonSelected>false</isSermonSelected>
    </Sermon>
    <Sermon>
        <Title>Be Rich: I Know a Secret</Title>
        <Url>http://www.sermonindex.net/modules/mydownloads/visit.php?lid=11662</Url>
        <Speaker>Warren Wiersbe</Speaker>
        <Length>8.58Mb</Length>
        <Status>NOT_STARTED</Status>
        <isSermonSelected>false</isSermonSelected>
    </Sermon>
    <Sermon>
        <Title>Be Rich: Saints Alive</Title>
        <Url>http://www.sermonindex.net/modules/mydownloads/visit.php?lid=17310</Url>
        <Speaker>Warren Wiersbe</Speaker>
        <Length>8.37Mb</Length>
        <Status>NOT_STARTED</Status>
        <isSermonSelected>false</isSermonSelected>
    </Sermon>
    <Sermon>
        <Title>Beware of Detours</Title>
        <Url>http://www.sermonindex.net/modules/mydownloads/visit.php?lid=17311</Url>
        <Speaker>Warren Wiersbe</Speaker>
        <Length>8.23Mb</Length>
        <Status>NOT_STARTED</Status>
        <isSermonSelected>false</isSermonSelected>
    </Sermon>
    <Sermon>
        <Title>Blind Man's Bluff</Title>
        <Url>http://www.sermonindex.net/modules/mydownloads/visit.php?lid=17312</Url>
        <Speaker>Warren Wiersbe</Speaker>
        <Length>8.17Mb</Length>
        <Status>NOT_STARTED</Status>
        <isSermonSelected>false</isSermonSelected>
    </Sermon>
    <Sermon>
        <Title>But Suppose God Doesn't Do It</Title>
        <Url>http://www.sermonindex.net/modules/mydownloads/visit.php?lid=13285</Url>
        <Speaker>Warren Wiersbe</Speaker>
        <Length>8.71Mb</Length>
        <Status>NOT_STARTED</Status>
        <isSermonSelected>false</isSermonSelected>
    </Sermon>
    <Sermon>
        <Title>Can You Defend Your Life?</Title>
        <Url>http://www.sermonindex.net/modules/mydownloads/visit.php?lid=17313</Url>
        <Speaker>Warren Wiersbe</Speaker>
        <Length>7.74Mb</Length>
        <Status>NOT_STARTED</Status>
        <isSermonSelected>false</isSermonSelected>
    </Sermon>
    <Sermon>
        <Title>Christian Freedom: Born Free</Title>
        <Url>http://www.sermonindex.net/modules/mydownloads/visit.php?lid=17314</Url>
        <Speaker>Warren Wiersbe</Speaker>
        <Length>9.48Mb</Length>
        <Status>NOT_STARTED</Status>
        <isSermonSelected>false</isSermonSelected>
    </Sermon>
    <Sermon>
        <Title>Christian Freedom: Branded But Not Bound</Title>
        <Url>http://www.sermonindex.net/modules/mydownloads/visit.php?lid=17315</Url>
        <Speaker>Warren Wiersbe</Speaker>
        <Length>9.62Mb</Length>
        <Status>NOT_STARTED</Status>
        <isSermonSelected>false</isSermonSelected>
    </Sermon>
    <Sermon>
        <Title>Christian Freedom: Grow Up and Be Free</Title>
        <Url>http://www.sermonindex.net/modules/mydownloads/visit.php?lid=17316</Url>
        <Speaker>Warren Wiersbe</Speaker>
        <Length>6.78Mb</Length>
        <Status>NOT_STARTED</Status>
        <isSermonSelected>false</isSermonSelected>
    </Sermon>
    <Sermon>
        <Title>Christian Freedom: The Logic of Law</Title>
        <Url>http://www.sermonindex.net/modules/mydownloads/visit.php?lid=17317</Url>
        <Speaker>Warren Wiersbe</Speaker>
        <Length>8.92Mb</Length>
        <Status>NOT_STARTED</Status>
        <isSermonSelected>false</isSermonSelected>
    </Sermon>
    <Sermon>
        <Title>Christian Life - a Battleground, The (Satan's Tactics)</Title>
        <Url>http://www.sermonindex.net/modules/mydownloads/visit.php?lid=21604</Url>
        <Speaker>Warren Wiersbe</Speaker>
        <Length>13.45Mb</Length>
        <Status>NOT_STARTED</Status>
        <isSermonSelected>false</isSermonSelected>
    </Sermon>
    <Sermon>
        <Title>Christians: Almost or Altogether?</Title>
        <Url>http://www.sermonindex.net/modules/mydownloads/visit.php?lid=17318</Url>
        <Speaker>Warren Wiersbe</Speaker>
        <Length>8.54Mb</Length>
        <Status>NOT_STARTED</Status>
        <isSermonSelected>false</isSermonSelected>
    </Sermon>
    <Sermon>
        <Title>Concerning Spiritual Gifts: Foundation Facts About Spiritual Gifts</Title>
        <Url>http://www.sermonindex.net/modules/mydownloads/visit.php?lid=17319</Url>
        <Speaker>Warren Wiersbe</Speaker>
        <Length>8.43Mb</Length>
        <Status>NOT_STARTED</Status>
        <isSermonSelected>false</isSermonSelected>
    </Sermon>
    <Sermon>
        <Title>Concerning Spiritual Gifts: One Baptism - One Body</Title>
        <Url>http://www.sermonindex.net/modules/mydownloads/visit.php?lid=17320</Url>
        <Speaker>Warren Wiersbe</Speaker>
        <Length>9.26Mb</Length>
        <Status>NOT_STARTED</Status>
        <isSermonSelected>false</isSermonSelected>
    </Sermon>
    <Sermon>
        <Title>Concerning Spiritual Gifts: Unwrapping the Gifts</Title>
        <Url>http://www.sermonindex.net/modules/mydownloads/visit.php?lid=17321</Url>
        <Speaker>Warren Wiersbe</Speaker>
        <Length>10.35Mb</Length>
        <Status>NOT_STARTED</Status>
        <isSermonSelected>false</isSermonSelected>
    </Sermon>
    <Sermon>
        <Title>Crowns</Title>
        <Url>http://www.sermonindex.net/modules/mydownloads/visit.php?lid=17322</Url>
        <Speaker>Warren Wiersbe</Speaker>
        <Length>8.25Mb</Length>
        <Status>NOT_STARTED</Status>
        <isSermonSelected>false</isSermonSelected>
    </Sermon>
    <Sermon>
        <Title>Crucial Questions About the Will of God</Title>
        <Url>http://www.sermonindex.net/modules/mydownloads/visit.php?lid=17323</Url>
        <Speaker>Warren Wiersbe</Speaker>
        <Length>9.66Mb</Length>
        <Status>NOT_STARTED</Status>
        <isSermonSelected>false</isSermonSelected>
    </Sermon>
    <Sermon>
        <Title>Distractions Are Dangerous</Title>
        <Url>http://www.sermonindex.net/modules/mydownloads/visit.php?lid=11663</Url>
        <Speaker>Warren Wiersbe</Speaker>
        <Length>8.74Mb</Length>
        <Status>NOT_STARTED</Status>
        <isSermonSelected>false</isSermonSelected>
    </Sermon>
    <Sermon>
        <Title>Every Day Is Easter</Title>
        <Url>http://www.sermonindex.net/modules/mydownloads/visit.php?lid=13286</Url>
        <Speaker>Warren Wiersbe</Speaker>
        <Length>8.92Mb</Length>
        <Status>NOT_STARTED</Status>
        <isSermonSelected>false</isSermonSelected>
    </Sermon>
    <Sermon>
        <Title>Feeding and Leading</Title>
        <Url>http://www.sermonindex.net/modules/mydownloads/visit.php?lid=13459</Url>
        <Speaker>Warren Wiersbe</Speaker>
        <Length>10.72Mb</Length>
        <Status>NOT_STARTED</Status>
        <isSermonSelected>false</isSermonSelected>
    </Sermon>
    <Sermon>
        <Title>Feet First</Title>
        <Url>http://www.sermonindex.net/modules/mydownloads/visit.php?lid=17324</Url>
        <Speaker>Warren Wiersbe</Speaker>
        <Length>7.9Mb</Length>
        <Status>NOT_STARTED</Status>
        <isSermonSelected>false</isSermonSelected>
    </Sermon>
    <Sermon>
        <Title>Find the Prisoner</Title>
        <Url>http://www.sermonindex.net/modules/mydownloads/visit.php?lid=17325</Url>
        <Speaker>Warren Wiersbe</Speaker>
        <Length>8.15Mb</Length>
        <Status>NOT_STARTED</Status>
        <isSermonSelected>false</isSermonSelected>
    </Sermon>
    <Sermon>
        <Title>Four Wonderful Discoveries</Title>
        <Url>http://www.sermonindex.net/modules/mydownloads/visit.php?lid=13117</Url>
        <Speaker>Warren Wiersbe</Speaker>
        <Length>38.11Mb</Length>
        <Status>NOT_STARTED</Status>
        <isSermonSelected>false</isSermonSelected>
    </Sermon>
    <Sermon>
        <Title>Get A Good Look At God</Title>
        <Url>http://www.sermonindex.net/modules/mydownloads/visit.php?lid=13287</Url>
        <Speaker>Warren Wiersbe</Speaker>
        <Length>9.03Mb</Length>
        <Status>NOT_STARTED</Status>
        <isSermonSelected>false</isSermonSelected>
    </Sermon>
    <Sermon>
        <Title>God Answers Man's Suffering: Calvary</Title>
        <Url>http://www.sermonindex.net/modules/mydownloads/visit.php?lid=17326</Url>
        <Speaker>Warren Wiersbe</Speaker>
        <Length>9.69Mb</Length>
        <Status>NOT_STARTED</Status>
        <isSermonSelected>false</isSermonSelected>
    </Sermon>
    <Sermon>
        <Title>God Answers Man's Suffering: Chastening</Title>
        <Url>http://www.sermonindex.net/modules/mydownloads/visit.php?lid=17327</Url>
        <Speaker>Warren Wiersbe</Speaker>
        <Length>8.33Mb</Length>
        <Status>NOT_STARTED</Status>
        <isSermonSelected>false</isSermonSelected>
    </Sermon>
    <Sermon>
        <Title>God Answers Man's Suffering: Companionship</Title>
        <Url>http://www.sermonindex.net/modules/mydownloads/visit.php?lid=17328</Url>
        <Speaker>Warren Wiersbe</Speaker>
        <Length>9.09Mb</Length>
        <Status>NOT_STARTED</Status>
        <isSermonSelected>false</isSermonSelected>
    </Sermon>
    <Sermon>
        <Title>God Answers Man's Suffering: Life</Title>
        <Url>http://www.sermonindex.net/modules/mydownloads/visit.php?lid=17329</Url>
        <Speaker>Warren Wiersbe</Speaker>
        <Length>8.83Mb</Length>
        <Status>NOT_STARTED</Status>
        <isSermonSelected>false</isSermonSelected>
    </Sermon>
    <Sermon>
        <Title>Grow Up And Be Free</Title>
        <Url>http://www.sermonindex.net/modules/mydownloads/visit.php?lid=25044</Url>
        <Speaker>Warren Wiersbe</Speaker>
        <Length>6.78Mb</Length>
        <Status>NOT_STARTED</Status>
        <isSermonSelected>false</isSermonSelected>
    </Sermon>
    <Sermon>
        <Title>He Works With Us</Title>
        <Url>http://www.sermonindex.net/modules/mydownloads/visit.php?lid=13288</Url>
        <Speaker>Warren Wiersbe</Speaker>
        <Length>8.89Mb</Length>
        <Status>NOT_STARTED</Status>
        <isSermonSelected>false</isSermonSelected>
    </Sermon>
    <Sermon>
        <Title>Heaven Can't Wait</Title>
        <Url>http://www.sermonindex.net/modules/mydownloads/visit.php?lid=13289</Url>
        <Speaker>Warren Wiersbe</Speaker>
        <Length>7.56Mb</Length>
        <Status>NOT_STARTED</Status>
        <isSermonSelected>false</isSermonSelected>
    </Sermon>
    <Sermon>
        <Title>Help Wanted A Steward</Title>
        <Url>http://www.sermonindex.net/modules/mydownloads/visit.php?lid=13290</Url>
        <Speaker>Warren Wiersbe</Speaker>
        <Length>9.72Mb</Length>
        <Status>NOT_STARTED</Status>
        <isSermonSelected>false</isSermonSelected>
    </Sermon>
    <Sermon>
        <Title>Help Wanted: A Carpenter</Title>
        <Url>http://www.sermonindex.net/modules/mydownloads/visit.php?lid=13291</Url>
        <Speaker>Warren Wiersbe</Speaker>
        <Length>10.09Mb</Length>
        <Status>NOT_STARTED</Status>
        <isSermonSelected>false</isSermonSelected>
    </Sermon>
    <Sermon>
        <Title>Help Wanted: A Gardener</Title>
        <Url>http://www.sermonindex.net/modules/mydownloads/visit.php?lid=11664</Url>
        <Speaker>Warren Wiersbe</Speaker>
        <Length>9.13Mb</Length>
        <Status>NOT_STARTED</Status>
        <isSermonSelected>false</isSermonSelected>
    </Sermon>
    <Sermon>
        <Title>Help Wanted: A Messenger</Title>
        <Url>http://www.sermonindex.net/modules/mydownloads/visit.php?lid=13292</Url>
        <Speaker>Warren Wiersbe</Speaker>
        <Length>8.6Mb</Length>
        <Status>NOT_STARTED</Status>
        <isSermonSelected>false</isSermonSelected>
    </Sermon>
    <Sermon>
        <Title>Help Wanted: A Potter</Title>
        <Url>http://www.sermonindex.net/modules/mydownloads/visit.php?lid=13293</Url>
        <Speaker>Warren Wiersbe</Speaker>
        <Length>12.24Mb</Length>
        <Status>NOT_STARTED</Status>
        <isSermonSelected>false</isSermonSelected>
    </Sermon>
    <Sermon>
        <Title>Help Wanted: A Singer</Title>
        <Url>http://www.sermonindex.net/modules/mydownloads/visit.php?lid=13294</Url>
        <Speaker>Warren Wiersbe</Speaker>
        <Length>8.21Mb</Length>
        <Status>NOT_STARTED</Status>
        <isSermonSelected>false</isSermonSelected>
    </Sermon>
    <Sermon>
        <Title>Help Wanted: An Ambassador</Title>
        <Url>http://www.sermonindex.net/modules/mydownloads/visit.php?lid=13295</Url>
        <Speaker>Warren Wiersbe</Speaker>
        <Length>8.99Mb</Length>
        <Status>NOT_STARTED</Status>
        <isSermonSelected>false</isSermonSelected>
    </Sermon>
    <Sermon>
        <Title>How Much Is Your-Bible Worth?</Title>
        <Url>http://www.sermonindex.net/modules/mydownloads/visit.php?lid=13296</Url>
        <Speaker>Warren Wiersbe</Speaker>
        <Length>10.5Mb</Length>
        <Status>NOT_STARTED</Status>
        <isSermonSelected>false</isSermonSelected>
    </Sermon>
    <Sermon>
        <Title>How to be Blessable</Title>
        <Url>http://www.sermonindex.net/modules/mydownloads/visit.php?lid=13531</Url>
        <Speaker>Warren Wiersbe</Speaker>
        <Length>10.25Mb</Length>
        <Status>NOT_STARTED</Status>
        <isSermonSelected>false</isSermonSelected>
    </Sermon>
    <Sermon>
        <Title>How To Live the Rest of Your Life</Title>
        <Url>http://www.sermonindex.net/modules/mydownloads/visit.php?lid=13297</Url>
        <Speaker>Warren Wiersbe</Speaker>
        <Length>9.28Mb</Length>
        <Status>NOT_STARTED</Status>
        <isSermonSelected>false</isSermonSelected>
    </Sermon>
    <Sermon>
        <Title>How to Save a City</Title>
        <Url>http://www.sermonindex.net/modules/mydownloads/visit.php?lid=13298</Url>
        <Speaker>Warren Wiersbe</Speaker>
        <Length>9.35Mb</Length>
        <Status>NOT_STARTED</Status>
        <isSermonSelected>false</isSermonSelected>
    </Sermon>
    <Sermon>
        <Title>How To Suffer Successfully</Title>
        <Url>http://www.sermonindex.net/modules/mydownloads/visit.php?lid=13299</Url>
        <Speaker>Warren Wiersbe</Speaker>
        <Length>8.89Mb</Length>
        <Status>NOT_STARTED</Status>
        <isSermonSelected>false</isSermonSelected>
    </Sermon>
    <Sermon>
        <Title>Jesus Today</Title>
        <Url>http://www.sermonindex.net/modules/mydownloads/visit.php?lid=2858</Url>
        <Speaker>Warren Wiersbe</Speaker>
        <Length>11.84Mb</Length>
        <Status>NOT_STARTED</Status>
        <isSermonSelected>false</isSermonSelected>
    </Sermon>
    <Sermon>
        <Title>Joshua Facing The Challenge</Title>
        <Url>http://www.sermonindex.net/modules/mydownloads/visit.php?lid=13138</Url>
        <Speaker>Warren Wiersbe</Speaker>
        <Length>4.43Mb</Length>
        <Status>NOT_STARTED</Status>
        <isSermonSelected>false</isSermonSelected>
    </Sermon>
    <Sermon>
        <Title>Just Before the Battle</Title>
        <Url>http://www.sermonindex.net/modules/mydownloads/visit.php?lid=13300</Url>
        <Speaker>Warren Wiersbe</Speaker>
        <Length>7.69Mb</Length>
        <Status>NOT_STARTED</Status>
        <isSermonSelected>false</isSermonSelected>
    </Sermon>
    <Sermon>
        <Title>Just the Name We Need</Title>
        <Url>http://www.sermonindex.net/modules/mydownloads/visit.php?lid=17330</Url>
        <Speaker>Warren Wiersbe</Speaker>
        <Length>8.29Mb</Length>
        <Status>NOT_STARTED</Status>
        <isSermonSelected>false</isSermonSelected>
    </Sermon>
    <Sermon>
        <Title>Marching Orders</Title>
        <Url>http://www.sermonindex.net/modules/mydownloads/visit.php?lid=13301</Url>
        <Speaker>Warren Wiersbe</Speaker>
        <Length>8.79Mb</Length>
        <Status>NOT_STARTED</Status>
        <isSermonSelected>false</isSermonSelected>
    </Sermon>
    <Sermon>
        <Title>Marching To Glory</Title>
        <Url>http://www.sermonindex.net/modules/mydownloads/visit.php?lid=13302</Url>
        <Speaker>Warren Wiersbe</Speaker>
        <Length>8.43Mb</Length>
        <Status>NOT_STARTED</Status>
        <isSermonSelected>false</isSermonSelected>
    </Sermon>
    <Sermon>
        <Title>Married and Buried</Title>
        <Url>http://www.sermonindex.net/modules/mydownloads/visit.php?lid=11661</Url>
        <Speaker>Warren Wiersbe</Speaker>
        <Length>9.36Mb</Length>
        <Status>NOT_STARTED</Status>
        <isSermonSelected>false</isSermonSelected>
    </Sermon>
    <Sermon>
        <Title>Meet Your Psychiatrist: He Gives You Inner Power</Title>
        <Url>http://www.sermonindex.net/modules/mydownloads/visit.php?lid=17331</Url>
        <Speaker>Warren Wiersbe</Speaker>
        <Length>7.93Mb</Length>
        <Status>NOT_STARTED</Status>
        <isSermonSelected>false</isSermonSelected>
    </Sermon>
    <Sermon>
        <Title>Meet Your Psychiatrist: He Gives You Real Life</Title>
        <Url>http://www.sermonindex.net/modules/mydownloads/visit.php?lid=17332</Url>
        <Speaker>Warren Wiersbe</Speaker>
        <Length>10.86Mb</Length>
        <Status>NOT_STARTED</Status>
        <isSermonSelected>false</isSermonSelected>
    </Sermon>
    <Sermon>
        <Title>Meet Your Psychiatrist: He Helps You Live by Faith</Title>
        <Url>http://www.sermonindex.net/modules/mydownloads/visit.php?lid=17333</Url>
        <Speaker>Warren Wiersbe</Speaker>
        <Length>9.36Mb</Length>
        <Status>NOT_STARTED</Status>
        <isSermonSelected>false</isSermonSelected>
    </Sermon>
    <Sermon>
        <Title>Meet Your Psychiatrist: He Helps You Make Decisions</Title>
        <Url>http://www.sermonindex.net/modules/mydownloads/visit.php?lid=17334</Url>
        <Speaker>Warren Wiersbe</Speaker>
        <Length>10.55Mb</Length>
        <Status>NOT_STARTED</Status>
        <isSermonSelected>false</isSermonSelected>
    </Sermon>
    <Sermon>
        <Title>Meet Your Psychiatrist: He Helps You Tell the Truth</Title>
        <Url>http://www.sermonindex.net/modules/mydownloads/visit.php?lid=17335</Url>
        <Speaker>Warren Wiersbe</Speaker>
        <Length>9.53Mb</Length>
        <Status>NOT_STARTED</Status>
        <isSermonSelected>false</isSermonSelected>
    </Sermon>
    <Sermon>
        <Title>Meet Your Psychiatrist: He Makes the Future Bright</Title>
        <Url>http://www.sermonindex.net/modules/mydownloads/visit.php?lid=17336</Url>
        <Speaker>Warren Wiersbe</Speaker>
        <Length>8.36Mb</Length>
        <Status>NOT_STARTED</Status>
        <isSermonSelected>false</isSermonSelected>
    </Sermon>
    <Sermon>
        <Title>Meet Your Psychiatrist: He Makes You Rich</Title>
        <Url>http://www.sermonindex.net/modules/mydownloads/visit.php?lid=17337</Url>
        <Speaker>Warren Wiersbe</Speaker>
        <Length>9.13Mb</Length>
        <Status>NOT_STARTED</Status>
        <isSermonSelected>false</isSermonSelected>
    </Sermon>
    <Sermon>
        <Title>Meet Your Psychiatrist: He Overcomes Your Fears</Title>
        <Url>http://www.sermonindex.net/modules/mydownloads/visit.php?lid=17338</Url>
        <Speaker>Warren Wiersbe</Speaker>
        <Length>11.36Mb</Length>
        <Status>NOT_STARTED</Status>
        <isSermonSelected>false</isSermonSelected>
    </Sermon>
    <Sermon>
        <Title>Meet Your Psychiatrist: He Puts Life Together</Title>
        <Url>http://www.sermonindex.net/modules/mydownloads/visit.php?lid=17339</Url>
        <Speaker>Warren Wiersbe</Speaker>
        <Length>10.9Mb</Length>
        <Status>NOT_STARTED</Status>
        <isSermonSelected>false</isSermonSelected>
    </Sermon>
    <Sermon>
        <Title>Meet Your Psychiatrist: He Sets You Free</Title>
        <Url>http://www.sermonindex.net/modules/mydownloads/visit.php?lid=17340</Url>
        <Speaker>Warren Wiersbe</Speaker>
        <Length>8.57Mb</Length>
        <Status>NOT_STARTED</Status>
        <isSermonSelected>false</isSermonSelected>
    </Sermon>
    <Sermon>
        <Title>Meet Your Psychiatrist: He Teaches You to Pray</Title>
        <Url>http://www.sermonindex.net/modules/mydownloads/visit.php?lid=17341</Url>
        <Speaker>Warren Wiersbe</Speaker>
        <Length>10.69Mb</Length>
        <Status>NOT_STARTED</Status>
        <isSermonSelected>false</isSermonSelected>
    </Sermon>
    <Sermon>
        <Title>Memory or Miracle?</Title>
        <Url>http://www.sermonindex.net/modules/mydownloads/visit.php?lid=17342</Url>
        <Speaker>Warren Wiersbe</Speaker>
        <Length>8.04Mb</Length>
        <Status>NOT_STARTED</Status>
        <isSermonSelected>false</isSermonSelected>
    </Sermon>
    <Sermon>
        <Title>Moody 100th Anniversary 1986 The Wonder Of Worship</Title>
        <Url>http://www.sermonindex.net/modules/mydownloads/visit.php?lid=13139</Url>
        <Speaker>Warren Wiersbe</Speaker>
        <Length>6.53Mb</Length>
        <Status>NOT_STARTED</Status>
        <isSermonSelected>false</isSermonSelected>
    </Sermon>
    <Sermon>
        <Title>Our Man in Egypt</Title>
        <Url>http://www.sermonindex.net/modules/mydownloads/visit.php?lid=13303</Url>
        <Speaker>Warren Wiersbe</Speaker>
        <Length>9.27Mb</Length>
        <Status>NOT_STARTED</Status>
        <isSermonSelected>false</isSermonSelected>
    </Sermon>
    <Sermon>
        <Title>Praise and Thanksgiving: Praise the Creator</Title>
        <Url>http://www.sermonindex.net/modules/mydownloads/visit.php?lid=17343</Url>
        <Speaker>Warren Wiersbe</Speaker>
        <Length>8.77Mb</Length>
        <Status>NOT_STARTED</Status>
        <isSermonSelected>false</isSermonSelected>
    </Sermon>
    <Sermon>
        <Title>Questions &amp; Answers</Title>
        <Url>http://www.sermonindex.net/modules/mydownloads/visit.php?lid=619</Url>
        <Speaker>Warren Wiersbe</Speaker>
        <Length>6.79Mb</Length>
        <Status>NOT_STARTED</Status>
        <isSermonSelected>false</isSermonSelected>
    </Sermon>
    <Sermon>
        <Title>Saints Alive</Title>
        <Url>http://www.sermonindex.net/modules/mydownloads/visit.php?lid=25045</Url>
        <Speaker>Warren Wiersbe</Speaker>
        <Length>8.37Mb</Length>
        <Status>NOT_STARTED</Status>
        <isSermonSelected>false</isSermonSelected>
    </Sermon>
    <Sermon>
        <Title>Salt-Light And Your World Conference Message</Title>
        <Url>http://www.sermonindex.net/modules/mydownloads/visit.php?lid=13140</Url>
        <Speaker>Warren Wiersbe</Speaker>
        <Length>4.34Mb</Length>
        <Status>NOT_STARTED</Status>
        <isSermonSelected>false</isSermonSelected>
    </Sermon>
    <Sermon>
        <Title>Seven Words From the Cross - Compassion</Title>
        <Url>http://www.sermonindex.net/modules/mydownloads/visit.php?lid=13304</Url>
        <Speaker>Warren Wiersbe</Speaker>
        <Length>8.75Mb</Length>
        <Status>NOT_STARTED</Status>
        <isSermonSelected>false</isSermonSelected>
    </Sermon>
    <Sermon>
        <Title>Seven Words From the Cross - Forgiveness</Title>
        <Url>http://www.sermonindex.net/modules/mydownloads/visit.php?lid=13305</Url>
        <Speaker>Warren Wiersbe</Speaker>
        <Length>7.73Mb</Length>
        <Status>NOT_STARTED</Status>
        <isSermonSelected>false</isSermonSelected>
    </Sermon>
    <Sermon>
        <Title>Seven Words From the Cross - Loneliness</Title>
        <Url>http://www.sermonindex.net/modules/mydownloads/visit.php?lid=13306</Url>
        <Speaker>Warren Wiersbe</Speaker>
        <Length>8.06Mb</Length>
        <Status>NOT_STARTED</Status>
        <isSermonSelected>false</isSermonSelected>
    </Sermon>
    <Sermon>
        <Title>Seven Words From the Cross - Obedience</Title>
        <Url>http://www.sermonindex.net/modules/mydownloads/visit.php?lid=13307</Url>
        <Speaker>Warren Wiersbe</Speaker>
        <Length>8.47Mb</Length>
        <Status>NOT_STARTED</Status>
        <isSermonSelected>false</isSermonSelected>
    </Sermon>
    <Sermon>
        <Title>Seven Words From the Cross - Submission</Title>
        <Url>http://www.sermonindex.net/modules/mydownloads/visit.php?lid=13308</Url>
        <Speaker>Warren Wiersbe</Speaker>
        <Length>8.01Mb</Length>
        <Status>NOT_STARTED</Status>
        <isSermonSelected>false</isSermonSelected>
    </Sermon>
    <Sermon>
        <Title>Seven Words From the Cross - Victory</Title>
        <Url>http://www.sermonindex.net/modules/mydownloads/visit.php?lid=13309</Url>
        <Speaker>Warren Wiersbe</Speaker>
        <Length>8.47Mb</Length>
        <Status>NOT_STARTED</Status>
        <isSermonSelected>false</isSermonSelected>
    </Sermon>
    <Sermon>
        <Title>Surrender or Else</Title>
        <Url>http://www.sermonindex.net/modules/mydownloads/visit.php?lid=13310</Url>
        <Speaker>Warren Wiersbe</Speaker>
        <Length>8.86Mb</Length>
        <Status>NOT_STARTED</Status>
        <isSermonSelected>false</isSermonSelected>
    </Sermon>
    <Sermon>
        <Title>Taking His Place</Title>
        <Url>http://www.sermonindex.net/modules/mydownloads/visit.php?lid=13311</Url>
        <Speaker>Warren Wiersbe</Speaker>
        <Length>8.55Mb</Length>
        <Status>NOT_STARTED</Status>
        <isSermonSelected>false</isSermonSelected>
    </Sermon>
    <Sermon>
        <Title>Teaching the Preacher</Title>
        <Url>http://www.sermonindex.net/modules/mydownloads/visit.php?lid=17344</Url>
        <Speaker>Warren Wiersbe</Speaker>
        <Length>7.57Mb</Length>
        <Status>NOT_STARTED</Status>
        <isSermonSelected>false</isSermonSelected>
    </Sermon>
    <Sermon>
        <Title>The Autobiography of Greatness</Title>
        <Url>http://www.sermonindex.net/modules/mydownloads/visit.php?lid=17345</Url>
        <Speaker>Warren Wiersbe</Speaker>
        <Length>7.99Mb</Length>
        <Status>NOT_STARTED</Status>
        <isSermonSelected>false</isSermonSelected>
    </Sermon>
    <Sermon>
        <Title>The Best Is Yet To Come</Title>
        <Url>http://www.sermonindex.net/modules/mydownloads/visit.php?lid=13312</Url>
        <Speaker>Warren Wiersbe</Speaker>
        <Length>7.47Mb</Length>
        <Status>NOT_STARTED</Status>
        <isSermonSelected>false</isSermonSelected>
    </Sermon>
    <Sermon>
        <Title>The Case For a Good Conscience</Title>
        <Url>http://www.sermonindex.net/modules/mydownloads/visit.php?lid=13313</Url>
        <Speaker>Warren Wiersbe</Speaker>
        <Length>9.33Mb</Length>
        <Status>NOT_STARTED</Status>
        <isSermonSelected>false</isSermonSelected>
    </Sermon>
    <Sermon>
        <Title>The Danger of Substitutes</Title>
        <Url>http://www.sermonindex.net/modules/mydownloads/visit.php?lid=13314</Url>
        <Speaker>Warren Wiersbe</Speaker>
        <Length>8.44Mb</Length>
        <Status>NOT_STARTED</Status>
        <isSermonSelected>false</isSermonSelected>
    </Sermon>
    <Sermon>
        <Title>The Deeper Death</Title>
        <Url>http://www.sermonindex.net/modules/mydownloads/visit.php?lid=13315</Url>
        <Speaker>Warren Wiersbe</Speaker>
        <Length>9.88Mb</Length>
        <Status>NOT_STARTED</Status>
        <isSermonSelected>false</isSermonSelected>
    </Sermon>
    <Sermon>
        <Title>The Delays of Life</Title>
        <Url>http://www.sermonindex.net/modules/mydownloads/visit.php?lid=17346</Url>
        <Speaker>Warren Wiersbe</Speaker>
        <Length>8.63Mb</Length>
        <Status>NOT_STARTED</Status>
        <isSermonSelected>false</isSermonSelected>
    </Sermon>
    <Sermon>
        <Title>The Eternal Elite</Title>
        <Url>http://www.sermonindex.net/modules/mydownloads/visit.php?lid=13316</Url>
        <Speaker>Warren Wiersbe</Speaker>
        <Length>11.5Mb</Length>
        <Status>NOT_STARTED</Status>
        <isSermonSelected>false</isSermonSelected>
    </Sermon>
    <Sermon>
        <Title>The Heart of Israel's History</Title>
        <Url>http://www.sermonindex.net/modules/mydownloads/visit.php?lid=17347</Url>
        <Speaker>Warren Wiersbe</Speaker>
        <Length>8.31Mb</Length>
        <Status>NOT_STARTED</Status>
        <isSermonSelected>false</isSermonSelected>
    </Sermon>
    <Sermon>
        <Title>The Heat Is On</Title>
        <Url>http://www.sermonindex.net/modules/mydownloads/visit.php?lid=13317</Url>
        <Speaker>Warren Wiersbe</Speaker>
        <Length>8.34Mb</Length>
        <Status>NOT_STARTED</Status>
        <isSermonSelected>false</isSermonSelected>
    </Sermon>
    <Sermon>
        <Title>The High Cost of Caring</Title>
        <Url>http://www.sermonindex.net/modules/mydownloads/visit.php?lid=13318</Url>
        <Speaker>Warren Wiersbe</Speaker>
        <Length>8.64Mb</Length>
        <Status>NOT_STARTED</Status>
        <isSermonSelected>false</isSermonSelected>
    </Sermon>
    <Sermon>
        <Title>The Logic Of Law</Title>
        <Url>http://www.sermonindex.net/modules/mydownloads/visit.php?lid=25046</Url>
        <Speaker>Warren Wiersbe</Speaker>
        <Length>8.92Mb</Length>
        <Status>NOT_STARTED</Status>
        <isSermonSelected>false</isSermonSelected>
    </Sermon>
    <Sermon>
        <Title>The Logic of Salvation</Title>
        <Url>http://www.sermonindex.net/modules/mydownloads/visit.php?lid=17348</Url>
        <Speaker>Warren Wiersbe</Speaker>
        <Length>8.06Mb</Length>
        <Status>NOT_STARTED</Status>
        <isSermonSelected>false</isSermonSelected>
    </Sermon>
    <Sermon>
        <Title>The Man Who Didn't Want The Job</Title>
        <Url>http://www.sermonindex.net/modules/mydownloads/visit.php?lid=286</Url>
        <Speaker>Warren Wiersbe</Speaker>
        <Length>7.17Mb</Length>
        <Status>NOT_STARTED</Status>
        <isSermonSelected>false</isSermonSelected>
    </Sermon>
    <Sermon>
        <Title>The Man Who Kept Looking Up</Title>
        <Url>http://www.sermonindex.net/modules/mydownloads/visit.php?lid=173</Url>
        <Speaker>Warren Wiersbe</Speaker>
        <Length>7.61Mb</Length>
        <Status>NOT_STARTED</Status>
        <isSermonSelected>false</isSermonSelected>
    </Sermon>
    <Sermon>
        <Title>The Man Who Kept On Running</Title>
        <Url>http://www.sermonindex.net/modules/mydownloads/visit.php?lid=287</Url>
        <Speaker>Warren Wiersbe</Speaker>
        <Length>5.08Mb</Length>
        <Status>NOT_STARTED</Status>
        <isSermonSelected>false</isSermonSelected>
    </Sermon>
    <Sermon>
        <Title>The Man Who Lived on Promises</Title>
        <Url>http://www.sermonindex.net/modules/mydownloads/visit.php?lid=288</Url>
        <Speaker>Warren Wiersbe</Speaker>
        <Length>6.57Mb</Length>
        <Status>NOT_STARTED</Status>
        <isSermonSelected>false</isSermonSelected>
    </Sermon>
    <Sermon>
        <Title>The Man Who Recognized Greatness</Title>
        <Url>http://www.sermonindex.net/modules/mydownloads/visit.php?lid=289</Url>
        <Speaker>Warren Wiersbe</Speaker>
        <Length>5.77Mb</Length>
        <Status>NOT_STARTED</Status>
        <isSermonSelected>false</isSermonSelected>
    </Sermon>
    <Sermon>
        <Title>The Missing Missionary</Title>
        <Url>http://www.sermonindex.net/modules/mydownloads/visit.php?lid=13319</Url>
        <Speaker>Warren Wiersbe</Speaker>
        <Length>8.32Mb</Length>
        <Status>NOT_STARTED</Status>
        <isSermonSelected>false</isSermonSelected>
    </Sermon>
    <Sermon>
        <Title>The Misunderstandings of Life</Title>
        <Url>http://www.sermonindex.net/modules/mydownloads/visit.php?lid=17349</Url>
        <Speaker>Warren Wiersbe</Speaker>
        <Length>8.44Mb</Length>
        <Status>NOT_STARTED</Status>
        <isSermonSelected>false</isSermonSelected>
    </Sermon>
    <Sermon>
        <Title>The Secret of a Great Life</Title>
        <Url>http://www.sermonindex.net/modules/mydownloads/visit.php?lid=17350</Url>
        <Speaker>Warren Wiersbe</Speaker>
        <Length>7.43Mb</Length>
        <Status>NOT_STARTED</Status>
        <isSermonSelected>false</isSermonSelected>
    </Sermon>
    <Sermon>
        <Title>The Things That Matter Most</Title>
        <Url>http://www.sermonindex.net/modules/mydownloads/visit.php?lid=13320</Url>
        <Speaker>Warren Wiersbe</Speaker>
        <Length>10.34Mb</Length>
        <Status>NOT_STARTED</Status>
        <isSermonSelected>false</isSermonSelected>
    </Sermon>
    <Sermon>
        <Title>There's Something Missing</Title>
        <Url>http://www.sermonindex.net/modules/mydownloads/visit.php?lid=17351</Url>
        <Speaker>Warren Wiersbe</Speaker>
        <Length>8.01Mb</Length>
        <Status>NOT_STARTED</Status>
        <isSermonSelected>false</isSermonSelected>
    </Sermon>
    <Sermon>
        <Title>This Way to Happiness: Wanted: Peacemakers</Title>
        <Url>http://www.sermonindex.net/modules/mydownloads/visit.php?lid=17352</Url>
        <Speaker>Warren Wiersbe</Speaker>
        <Length>8.6Mb</Length>
        <Status>NOT_STARTED</Status>
        <isSermonSelected>false</isSermonSelected>
    </Sermon>
    <Sermon>
        <Title>This Way to Happiness: What to Do Until the King Comes</Title>
        <Url>http://www.sermonindex.net/modules/mydownloads/visit.php?lid=17353</Url>
        <Speaker>Warren Wiersbe</Speaker>
        <Length>10.3Mb</Length>
        <Status>NOT_STARTED</Status>
        <isSermonSelected>false</isSermonSelected>
    </Sermon>
    <Sermon>
        <Title>This Way to Happiness: When You Aren't Wanted</Title>
        <Url>http://www.sermonindex.net/modules/mydownloads/visit.php?lid=17354</Url>
        <Speaker>Warren Wiersbe</Speaker>
        <Length>8.6Mb</Length>
        <Status>NOT_STARTED</Status>
        <isSermonSelected>false</isSermonSelected>
    </Sermon>
    <Sermon>
        <Title>This Way to Real Freedom</Title>
        <Url>http://www.sermonindex.net/modules/mydownloads/visit.php?lid=13321</Url>
        <Speaker>Warren Wiersbe</Speaker>
        <Length>8.05Mb</Length>
        <Status>NOT_STARTED</Status>
        <isSermonSelected>false</isSermonSelected>
    </Sermon>
    <Sermon>
        <Title>This Way to Real Freedom</Title>
        <Url>http://www.sermonindex.net/modules/mydownloads/visit.php?lid=17355</Url>
        <Speaker>Warren Wiersbe</Speaker>
        <Length>8.05Mb</Length>
        <Status>NOT_STARTED</Status>
        <isSermonSelected>false</isSermonSelected>
    </Sermon>
    <Sermon>
        <Title>What Christmas Promises: Be Not Bound</Title>
        <Url>http://www.sermonindex.net/modules/mydownloads/visit.php?lid=17356</Url>
        <Speaker>Warren Wiersbe</Speaker>
        <Length>7.72Mb</Length>
        <Status>NOT_STARTED</Status>
        <isSermonSelected>false</isSermonSelected>
    </Sermon>
    <Sermon>
        <Title>What Christmas Promises: Forgiveness</Title>
        <Url>http://www.sermonindex.net/modules/mydownloads/visit.php?lid=17357</Url>
        <Speaker>Warren Wiersbe</Speaker>
        <Length>8.71Mb</Length>
        <Status>NOT_STARTED</Status>
        <isSermonSelected>false</isSermonSelected>
    </Sermon>
    <Sermon>
        <Title>What He Puts Up With</Title>
        <Url>http://www.sermonindex.net/modules/mydownloads/visit.php?lid=13322</Url>
        <Speaker>Warren Wiersbe</Speaker>
        <Length>9.83Mb</Length>
        <Status>NOT_STARTED</Status>
        <isSermonSelected>false</isSermonSelected>
    </Sermon>
    <Sermon>
        <Title>What Time Is It?</Title>
        <Url>http://www.sermonindex.net/modules/mydownloads/visit.php?lid=13323</Url>
        <Speaker>Warren Wiersbe</Speaker>
        <Length>8.84Mb</Length>
        <Status>NOT_STARTED</Status>
        <isSermonSelected>false</isSermonSelected>
    </Sermon>
    <Sermon>
        <Title>When Jacob Met the Apostle Paul</Title>
        <Url>http://www.sermonindex.net/modules/mydownloads/visit.php?lid=13324</Url>
        <Speaker>Warren Wiersbe</Speaker>
        <Length>8.29Mb</Length>
        <Status>NOT_STARTED</Status>
        <isSermonSelected>false</isSermonSelected>
    </Sermon>
    <Sermon>
        <Title>When Jacob Met the Apostle Paul</Title>
        <Url>http://www.sermonindex.net/modules/mydownloads/visit.php?lid=17358</Url>
        <Speaker>Warren Wiersbe</Speaker>
        <Length>8.29Mb</Length>
        <Status>NOT_STARTED</Status>
        <isSermonSelected>false</isSermonSelected>
    </Sermon>
    <Sermon>
        <Title>Witness Power</Title>
        <Url>http://www.sermonindex.net/modules/mydownloads/visit.php?lid=13325</Url>
        <Speaker>Warren Wiersbe</Speaker>
        <Length>8.48Mb</Length>
        <Status>NOT_STARTED</Status>
        <isSermonSelected>false</isSermonSelected>
    </Sermon>
    <Sermon>
        <Title>Witness Power</Title>
        <Url>http://www.sermonindex.net/modules/mydownloads/visit.php?lid=17359</Url>
        <Speaker>Warren Wiersbe</Speaker>
        <Length>8.48Mb</Length>
        <Status>NOT_STARTED</Status>
        <isSermonSelected>false</isSermonSelected>
    </Sermon>
    <Sermon>
        <Title>You Don't Have to Quit</Title>
        <Url>http://www.sermonindex.net/modules/mydownloads/visit.php?lid=17360</Url>
        <Speaker>Warren Wiersbe</Speaker>
        <Length>7.78Mb</Length>
        <Status>NOT_STARTED</Status>
        <isSermonSelected>false</isSermonSelected>
    </Sermon>
</Sermons>
