<?xml version="1.0" encoding="UTF-8" standalone="yes"?>
<Sermons>
    <Sermon>
        <Title>2 Timothy 3:12</Title>
        <Url>http://www.sermonindex.net/modules/mydownloads/visit.php?lid=10048</Url>
        <Speaker>Welcome Detweiler</Speaker>
        <Length>4Mb</Length>
        <Status>NOT_STARTED</Status>
        <isSermonSelected>false</isSermonSelected>
    </Sermon>
    <Sermon>
        <Title>A Form Of Godliness</Title>
        <Url>http://www.sermonindex.net/modules/mydownloads/visit.php?lid=10065</Url>
        <Speaker>Welcome Detweiler</Speaker>
        <Length>1.38Mb</Length>
        <Status>NOT_STARTED</Status>
        <isSermonSelected>false</isSermonSelected>
    </Sermon>
    <Sermon>
        <Title>Acts 1:1-11</Title>
        <Url>http://www.sermonindex.net/modules/mydownloads/visit.php?lid=10049</Url>
        <Speaker>Welcome Detweiler</Speaker>
        <Length>4.5Mb</Length>
        <Status>NOT_STARTED</Status>
        <isSermonSelected>false</isSermonSelected>
    </Sermon>
    <Sermon>
        <Title>After This The Judgment</Title>
        <Url>http://www.sermonindex.net/modules/mydownloads/visit.php?lid=10066</Url>
        <Speaker>Welcome Detweiler</Speaker>
        <Length>1.17Mb</Length>
        <Status>NOT_STARTED</Status>
        <isSermonSelected>false</isSermonSelected>
    </Sermon>
    <Sermon>
        <Title>Amos</Title>
        <Url>http://www.sermonindex.net/modules/mydownloads/visit.php?lid=10050</Url>
        <Speaker>Welcome Detweiler</Speaker>
        <Length>4.02Mb</Length>
        <Status>NOT_STARTED</Status>
        <isSermonSelected>false</isSermonSelected>
    </Sermon>
    <Sermon>
        <Title>Assembly Evangelism</Title>
        <Url>http://www.sermonindex.net/modules/mydownloads/visit.php?lid=10067</Url>
        <Speaker>Welcome Detweiler</Speaker>
        <Length>4.52Mb</Length>
        <Status>NOT_STARTED</Status>
        <isSermonSelected>false</isSermonSelected>
    </Sermon>
    <Sermon>
        <Title>Be Thankful Unto Him</Title>
        <Url>http://www.sermonindex.net/modules/mydownloads/visit.php?lid=10069</Url>
        <Speaker>Welcome Detweiler</Speaker>
        <Length>1.44Mb</Length>
        <Status>NOT_STARTED</Status>
        <isSermonSelected>false</isSermonSelected>
    </Sermon>
    <Sermon>
        <Title>Belshazzer</Title>
        <Url>http://www.sermonindex.net/modules/mydownloads/visit.php?lid=10068</Url>
        <Speaker>Welcome Detweiler</Speaker>
        <Length>1.24Mb</Length>
        <Status>NOT_STARTED</Status>
        <isSermonSelected>false</isSermonSelected>
    </Sermon>
    <Sermon>
        <Title>Caleb</Title>
        <Url>http://www.sermonindex.net/modules/mydownloads/visit.php?lid=10070</Url>
        <Speaker>Welcome Detweiler</Speaker>
        <Length>1.18Mb</Length>
        <Status>NOT_STARTED</Status>
        <isSermonSelected>false</isSermonSelected>
    </Sermon>
    <Sermon>
        <Title>Christ Arose</Title>
        <Url>http://www.sermonindex.net/modules/mydownloads/visit.php?lid=10051</Url>
        <Speaker>Welcome Detweiler</Speaker>
        <Length>4.22Mb</Length>
        <Status>NOT_STARTED</Status>
        <isSermonSelected>false</isSermonSelected>
    </Sermon>
    <Sermon>
        <Title>Christ In The Bible Northgate Chapel</Title>
        <Url>http://www.sermonindex.net/modules/mydownloads/visit.php?lid=10071</Url>
        <Speaker>Welcome Detweiler</Speaker>
        <Length>4.3Mb</Length>
        <Status>NOT_STARTED</Status>
        <isSermonSelected>false</isSermonSelected>
    </Sermon>
    <Sermon>
        <Title>Christ The Power Of God 1 Cor.1;24</Title>
        <Url>http://www.sermonindex.net/modules/mydownloads/visit.php?lid=10073</Url>
        <Speaker>Welcome Detweiler</Speaker>
        <Length>1.2Mb</Length>
        <Status>NOT_STARTED</Status>
        <isSermonSelected>false</isSermonSelected>
    </Sermon>
    <Sermon>
        <Title>Creation</Title>
        <Url>http://www.sermonindex.net/modules/mydownloads/visit.php?lid=10074</Url>
        <Speaker>Welcome Detweiler</Speaker>
        <Length>1.33Mb</Length>
        <Status>NOT_STARTED</Status>
        <isSermonSelected>false</isSermonSelected>
    </Sermon>
    <Sermon>
        <Title>Do You Enjoy The Lord's Supper</Title>
        <Url>http://www.sermonindex.net/modules/mydownloads/visit.php?lid=10061</Url>
        <Speaker>Welcome Detweiler</Speaker>
        <Length>4.66Mb</Length>
        <Status>NOT_STARTED</Status>
        <isSermonSelected>false</isSermonSelected>
    </Sermon>
    <Sermon>
        <Title>Drifting Thru Life</Title>
        <Url>http://www.sermonindex.net/modules/mydownloads/visit.php?lid=10075</Url>
        <Speaker>Welcome Detweiler</Speaker>
        <Length>1.24Mb</Length>
        <Status>NOT_STARTED</Status>
        <isSermonSelected>false</isSermonSelected>
    </Sermon>
    <Sermon>
        <Title>Easter Conf.Shannon Hills 01</Title>
        <Url>http://www.sermonindex.net/modules/mydownloads/visit.php?lid=10115</Url>
        <Speaker>Welcome Detweiler</Speaker>
        <Length>4.53Mb</Length>
        <Status>NOT_STARTED</Status>
        <isSermonSelected>false</isSermonSelected>
    </Sermon>
    <Sermon>
        <Title>Easter Conf.Shannon Hills 02</Title>
        <Url>http://www.sermonindex.net/modules/mydownloads/visit.php?lid=10116</Url>
        <Speaker>Welcome Detweiler</Speaker>
        <Length>3.66Mb</Length>
        <Status>NOT_STARTED</Status>
        <isSermonSelected>false</isSermonSelected>
    </Sermon>
    <Sermon>
        <Title>Eternal Life-What Is It ?</Title>
        <Url>http://www.sermonindex.net/modules/mydownloads/visit.php?lid=10076</Url>
        <Speaker>Welcome Detweiler</Speaker>
        <Length>1.4Mb</Length>
        <Status>NOT_STARTED</Status>
        <isSermonSelected>false</isSermonSelected>
    </Sermon>
    <Sermon>
        <Title>Evangelism 01 My Testimony</Title>
        <Url>http://www.sermonindex.net/modules/mydownloads/visit.php?lid=9980</Url>
        <Speaker>Welcome Detweiler</Speaker>
        <Length>4.36Mb</Length>
        <Status>NOT_STARTED</Status>
        <isSermonSelected>false</isSermonSelected>
    </Sermon>
    <Sermon>
        <Title>Evangelism 02 We Do Not Well</Title>
        <Url>http://www.sermonindex.net/modules/mydownloads/visit.php?lid=9981</Url>
        <Speaker>Welcome Detweiler</Speaker>
        <Length>4.39Mb</Length>
        <Status>NOT_STARTED</Status>
        <isSermonSelected>false</isSermonSelected>
    </Sermon>
    <Sermon>
        <Title>Evangelism 03 Peter's Sermon In Acts</Title>
        <Url>http://www.sermonindex.net/modules/mydownloads/visit.php?lid=9982</Url>
        <Speaker>Welcome Detweiler</Speaker>
        <Length>4.7Mb</Length>
        <Status>NOT_STARTED</Status>
        <isSermonSelected>false</isSermonSelected>
    </Sermon>
    <Sermon>
        <Title>Evangelism 04 A Balanced Local Ch.</Title>
        <Url>http://www.sermonindex.net/modules/mydownloads/visit.php?lid=9983</Url>
        <Speaker>Welcome Detweiler</Speaker>
        <Length>4.77Mb</Length>
        <Status>NOT_STARTED</Status>
        <isSermonSelected>false</isSermonSelected>
    </Sermon>
    <Sermon>
        <Title>Evangelism 05 Personal Evangelism</Title>
        <Url>http://www.sermonindex.net/modules/mydownloads/visit.php?lid=9984</Url>
        <Speaker>Welcome Detweiler</Speaker>
        <Length>4.22Mb</Length>
        <Status>NOT_STARTED</Status>
        <isSermonSelected>false</isSermonSelected>
    </Sermon>
    <Sermon>
        <Title>Evangelism 06 Urgency Of Soul Winning</Title>
        <Url>http://www.sermonindex.net/modules/mydownloads/visit.php?lid=9985</Url>
        <Speaker>Welcome Detweiler</Speaker>
        <Length>5.07Mb</Length>
        <Status>NOT_STARTED</Status>
        <isSermonSelected>false</isSermonSelected>
    </Sermon>
    <Sermon>
        <Title>For I Am Not Ashamed</Title>
        <Url>http://www.sermonindex.net/modules/mydownloads/visit.php?lid=10077</Url>
        <Speaker>Welcome Detweiler</Speaker>
        <Length>1.2Mb</Length>
        <Status>NOT_STARTED</Status>
        <isSermonSelected>false</isSermonSelected>
    </Sermon>
    <Sermon>
        <Title>God's Objective Evangelism</Title>
        <Url>http://www.sermonindex.net/modules/mydownloads/visit.php?lid=10078</Url>
        <Speaker>Welcome Detweiler</Speaker>
        <Length>4.82Mb</Length>
        <Status>NOT_STARTED</Status>
        <isSermonSelected>false</isSermonSelected>
    </Sermon>
    <Sermon>
        <Title>Gratitude</Title>
        <Url>http://www.sermonindex.net/modules/mydownloads/visit.php?lid=10079</Url>
        <Speaker>Welcome Detweiler</Speaker>
        <Length>1.15Mb</Length>
        <Status>NOT_STARTED</Status>
        <isSermonSelected>false</isSermonSelected>
    </Sermon>
    <Sermon>
        <Title>Herein Is Love</Title>
        <Url>http://www.sermonindex.net/modules/mydownloads/visit.php?lid=10080</Url>
        <Speaker>Welcome Detweiler</Speaker>
        <Length>1.18Mb</Length>
        <Status>NOT_STARTED</Status>
        <isSermonSelected>false</isSermonSelected>
    </Sermon>
    <Sermon>
        <Title>How To Be Rich Suddenly</Title>
        <Url>http://www.sermonindex.net/modules/mydownloads/visit.php?lid=10081</Url>
        <Speaker>Welcome Detweiler</Speaker>
        <Length>1.28Mb</Length>
        <Status>NOT_STARTED</Status>
        <isSermonSelected>false</isSermonSelected>
    </Sermon>
    <Sermon>
        <Title>How To Be Saved And Know It</Title>
        <Url>http://www.sermonindex.net/modules/mydownloads/visit.php?lid=10082</Url>
        <Speaker>Welcome Detweiler</Speaker>
        <Length>1.01Mb</Length>
        <Status>NOT_STARTED</Status>
        <isSermonSelected>false</isSermonSelected>
    </Sermon>
    <Sermon>
        <Title>I Am Debtor</Title>
        <Url>http://www.sermonindex.net/modules/mydownloads/visit.php?lid=10083</Url>
        <Speaker>Welcome Detweiler</Speaker>
        <Length>1.21Mb</Length>
        <Status>NOT_STARTED</Status>
        <isSermonSelected>false</isSermonSelected>
    </Sermon>
    <Sermon>
        <Title>I Came Not To Call Righteous</Title>
        <Url>http://www.sermonindex.net/modules/mydownloads/visit.php?lid=10084</Url>
        <Speaker>Welcome Detweiler</Speaker>
        <Length>1.25Mb</Length>
        <Status>NOT_STARTED</Status>
        <isSermonSelected>false</isSermonSelected>
    </Sermon>
    <Sermon>
        <Title>I Will Come Again</Title>
        <Url>http://www.sermonindex.net/modules/mydownloads/visit.php?lid=10085</Url>
        <Speaker>Welcome Detweiler</Speaker>
        <Length>1.13Mb</Length>
        <Status>NOT_STARTED</Status>
        <isSermonSelected>false</isSermonSelected>
    </Sermon>
    <Sermon>
        <Title>Isaiah's Salvation</Title>
        <Url>http://www.sermonindex.net/modules/mydownloads/visit.php?lid=10052</Url>
        <Speaker>Welcome Detweiler</Speaker>
        <Length>3.06Mb</Length>
        <Status>NOT_STARTED</Status>
        <isSermonSelected>false</isSermonSelected>
    </Sermon>
    <Sermon>
        <Title>Jerusalem</Title>
        <Url>http://www.sermonindex.net/modules/mydownloads/visit.php?lid=10053</Url>
        <Speaker>Welcome Detweiler</Speaker>
        <Length>4.06Mb</Length>
        <Status>NOT_STARTED</Status>
        <isSermonSelected>false</isSermonSelected>
    </Sermon>
    <Sermon>
        <Title>John 1;14 Christmas Day</Title>
        <Url>http://www.sermonindex.net/modules/mydownloads/visit.php?lid=10072</Url>
        <Speaker>Welcome Detweiler</Speaker>
        <Length>0Kb</Length>
        <Status>NOT_STARTED</Status>
        <isSermonSelected>false</isSermonSelected>
    </Sermon>
    <Sermon>
        <Title>Joshua 1-7</Title>
        <Url>http://www.sermonindex.net/modules/mydownloads/visit.php?lid=10054</Url>
        <Speaker>Welcome Detweiler</Speaker>
        <Length>4.24Mb</Length>
        <Status>NOT_STARTED</Status>
        <isSermonSelected>false</isSermonSelected>
    </Sermon>
    <Sermon>
        <Title>Knowing</Title>
        <Url>http://www.sermonindex.net/modules/mydownloads/visit.php?lid=10086</Url>
        <Speaker>Welcome Detweiler</Speaker>
        <Length>1.13Mb</Length>
        <Status>NOT_STARTED</Status>
        <isSermonSelected>false</isSermonSelected>
    </Sermon>
    <Sermon>
        <Title>Life Can Be Beautiful</Title>
        <Url>http://www.sermonindex.net/modules/mydownloads/visit.php?lid=10087</Url>
        <Speaker>Welcome Detweiler</Speaker>
        <Length>1.08Mb</Length>
        <Status>NOT_STARTED</Status>
        <isSermonSelected>false</isSermonSelected>
    </Sermon>
    <Sermon>
        <Title>Luke 15:</Title>
        <Url>http://www.sermonindex.net/modules/mydownloads/visit.php?lid=10055</Url>
        <Speaker>Welcome Detweiler</Speaker>
        <Length>4.35Mb</Length>
        <Status>NOT_STARTED</Status>
        <isSermonSelected>false</isSermonSelected>
    </Sermon>
    <Sermon>
        <Title>Luke 8:1</Title>
        <Url>http://www.sermonindex.net/modules/mydownloads/visit.php?lid=10088</Url>
        <Speaker>Welcome Detweiler</Speaker>
        <Length>4.82Mb</Length>
        <Status>NOT_STARTED</Status>
        <isSermonSelected>false</isSermonSelected>
    </Sermon>
    <Sermon>
        <Title>Making This A Better World</Title>
        <Url>http://www.sermonindex.net/modules/mydownloads/visit.php?lid=10089</Url>
        <Speaker>Welcome Detweiler</Speaker>
        <Length>1.36Mb</Length>
        <Status>NOT_STARTED</Status>
        <isSermonSelected>false</isSermonSelected>
    </Sermon>
    <Sermon>
        <Title>Measured By Years</Title>
        <Url>http://www.sermonindex.net/modules/mydownloads/visit.php?lid=10090</Url>
        <Speaker>Welcome Detweiler</Speaker>
        <Length>1.25Mb</Length>
        <Status>NOT_STARTED</Status>
        <isSermonSelected>false</isSermonSelected>
    </Sermon>
    <Sermon>
        <Title>Ministry From Jonah 01</Title>
        <Url>http://www.sermonindex.net/modules/mydownloads/visit.php?lid=10113</Url>
        <Speaker>Welcome Detweiler</Speaker>
        <Length>1.07Mb</Length>
        <Status>NOT_STARTED</Status>
        <isSermonSelected>false</isSermonSelected>
    </Sermon>
    <Sermon>
        <Title>Ministry From Jonah 02</Title>
        <Url>http://www.sermonindex.net/modules/mydownloads/visit.php?lid=10114</Url>
        <Speaker>Welcome Detweiler</Speaker>
        <Length>1.16Mb</Length>
        <Status>NOT_STARTED</Status>
        <isSermonSelected>false</isSermonSelected>
    </Sermon>
    <Sermon>
        <Title>Never Man Spake</Title>
        <Url>http://www.sermonindex.net/modules/mydownloads/visit.php?lid=10091</Url>
        <Speaker>Welcome Detweiler</Speaker>
        <Length>1.27Mb</Length>
        <Status>NOT_STARTED</Status>
        <isSermonSelected>false</isSermonSelected>
    </Sermon>
    <Sermon>
        <Title>Peter Rejects Christ</Title>
        <Url>http://www.sermonindex.net/modules/mydownloads/visit.php?lid=10056</Url>
        <Speaker>Welcome Detweiler</Speaker>
        <Length>3.92Mb</Length>
        <Status>NOT_STARTED</Status>
        <isSermonSelected>false</isSermonSelected>
    </Sermon>
    <Sermon>
        <Title>Peter's Sermon</Title>
        <Url>http://www.sermonindex.net/modules/mydownloads/visit.php?lid=10092</Url>
        <Speaker>Welcome Detweiler</Speaker>
        <Length>4.14Mb</Length>
        <Status>NOT_STARTED</Status>
        <isSermonSelected>false</isSermonSelected>
    </Sermon>
    <Sermon>
        <Title>Russia</Title>
        <Url>http://www.sermonindex.net/modules/mydownloads/visit.php?lid=10057</Url>
        <Speaker>Welcome Detweiler</Speaker>
        <Length>3.61Mb</Length>
        <Status>NOT_STARTED</Status>
        <isSermonSelected>false</isSermonSelected>
    </Sermon>
    <Sermon>
        <Title>Satan And His Work 01</Title>
        <Url>http://www.sermonindex.net/modules/mydownloads/visit.php?lid=9986</Url>
        <Speaker>Welcome Detweiler</Speaker>
        <Length>3.43Mb</Length>
        <Status>NOT_STARTED</Status>
        <isSermonSelected>false</isSermonSelected>
    </Sermon>
    <Sermon>
        <Title>Satan And His Work 02</Title>
        <Url>http://www.sermonindex.net/modules/mydownloads/visit.php?lid=9987</Url>
        <Speaker>Welcome Detweiler</Speaker>
        <Length>4.74Mb</Length>
        <Status>NOT_STARTED</Status>
        <isSermonSelected>false</isSermonSelected>
    </Sermon>
    <Sermon>
        <Title>Satan And His Work 03</Title>
        <Url>http://www.sermonindex.net/modules/mydownloads/visit.php?lid=9988</Url>
        <Speaker>Welcome Detweiler</Speaker>
        <Length>4.12Mb</Length>
        <Status>NOT_STARTED</Status>
        <isSermonSelected>false</isSermonSelected>
    </Sermon>
    <Sermon>
        <Title>Satan And His Work 04</Title>
        <Url>http://www.sermonindex.net/modules/mydownloads/visit.php?lid=9989</Url>
        <Speaker>Welcome Detweiler</Speaker>
        <Length>4.6Mb</Length>
        <Status>NOT_STARTED</Status>
        <isSermonSelected>false</isSermonSelected>
    </Sermon>
    <Sermon>
        <Title>Saul Of Tarsus</Title>
        <Url>http://www.sermonindex.net/modules/mydownloads/visit.php?lid=10093</Url>
        <Speaker>Welcome Detweiler</Speaker>
        <Length>1.44Mb</Length>
        <Status>NOT_STARTED</Status>
        <isSermonSelected>false</isSermonSelected>
    </Sermon>
    <Sermon>
        <Title>Soul Winning</Title>
        <Url>http://www.sermonindex.net/modules/mydownloads/visit.php?lid=10094</Url>
        <Speaker>Welcome Detweiler</Speaker>
        <Length>1.42Mb</Length>
        <Status>NOT_STARTED</Status>
        <isSermonSelected>false</isSermonSelected>
    </Sermon>
    <Sermon>
        <Title>Spirit,Soul And Body 01 1 Thes.5:23</Title>
        <Url>http://www.sermonindex.net/modules/mydownloads/visit.php?lid=10015</Url>
        <Speaker>Welcome Detweiler</Speaker>
        <Length>3.66Mb</Length>
        <Status>NOT_STARTED</Status>
        <isSermonSelected>false</isSermonSelected>
    </Sermon>
    <Sermon>
        <Title>Spirit,Soul And Body 02 What To Expect From Body</Title>
        <Url>http://www.sermonindex.net/modules/mydownloads/visit.php?lid=10014</Url>
        <Speaker>Welcome Detweiler</Speaker>
        <Length>3.72Mb</Length>
        <Status>NOT_STARTED</Status>
        <isSermonSelected>false</isSermonSelected>
    </Sermon>
    <Sermon>
        <Title>Sunday Night Meditations 01 Message and Song - 1950's</Title>
        <Url>http://www.sermonindex.net/modules/mydownloads/visit.php?lid=9991</Url>
        <Speaker>Welcome Detweiler</Speaker>
        <Length>3.1Mb</Length>
        <Status>NOT_STARTED</Status>
        <isSermonSelected>false</isSermonSelected>
    </Sermon>
    <Sermon>
        <Title>Sunday Night Meditations 02 Message and Song - 1950's</Title>
        <Url>http://www.sermonindex.net/modules/mydownloads/visit.php?lid=9992</Url>
        <Speaker>Welcome Detweiler</Speaker>
        <Length>3.47Mb</Length>
        <Status>NOT_STARTED</Status>
        <isSermonSelected>false</isSermonSelected>
    </Sermon>
    <Sermon>
        <Title>Sunday Night Meditations 03 Message and Song - 1950's</Title>
        <Url>http://www.sermonindex.net/modules/mydownloads/visit.php?lid=9993</Url>
        <Speaker>Welcome Detweiler</Speaker>
        <Length>3.14Mb</Length>
        <Status>NOT_STARTED</Status>
        <isSermonSelected>false</isSermonSelected>
    </Sermon>
    <Sermon>
        <Title>Sunday Night Meditations 04 Message and Song - 1950's</Title>
        <Url>http://www.sermonindex.net/modules/mydownloads/visit.php?lid=9994</Url>
        <Speaker>Welcome Detweiler</Speaker>
        <Length>3.4Mb</Length>
        <Status>NOT_STARTED</Status>
        <isSermonSelected>false</isSermonSelected>
    </Sermon>
    <Sermon>
        <Title>Sunday Night Meditations 05 Message and Song - 1950's</Title>
        <Url>http://www.sermonindex.net/modules/mydownloads/visit.php?lid=9995</Url>
        <Speaker>Welcome Detweiler</Speaker>
        <Length>3.48Mb</Length>
        <Status>NOT_STARTED</Status>
        <isSermonSelected>false</isSermonSelected>
    </Sermon>
    <Sermon>
        <Title>Sunday Night Meditations 06 Message and Song - 1950's</Title>
        <Url>http://www.sermonindex.net/modules/mydownloads/visit.php?lid=9996</Url>
        <Speaker>Welcome Detweiler</Speaker>
        <Length>3.38Mb</Length>
        <Status>NOT_STARTED</Status>
        <isSermonSelected>false</isSermonSelected>
    </Sermon>
    <Sermon>
        <Title>Sunday Night Meditations 07 Message and Song - 1950's</Title>
        <Url>http://www.sermonindex.net/modules/mydownloads/visit.php?lid=9997</Url>
        <Speaker>Welcome Detweiler</Speaker>
        <Length>3.64Mb</Length>
        <Status>NOT_STARTED</Status>
        <isSermonSelected>false</isSermonSelected>
    </Sermon>
    <Sermon>
        <Title>Sunday Night Meditations 08 Message and Song - 1950's</Title>
        <Url>http://www.sermonindex.net/modules/mydownloads/visit.php?lid=9998</Url>
        <Speaker>Welcome Detweiler</Speaker>
        <Length>3.63Mb</Length>
        <Status>NOT_STARTED</Status>
        <isSermonSelected>false</isSermonSelected>
    </Sermon>
    <Sermon>
        <Title>Sunday Night Meditations 09 Message and Song - 1950's</Title>
        <Url>http://www.sermonindex.net/modules/mydownloads/visit.php?lid=9999</Url>
        <Speaker>Welcome Detweiler</Speaker>
        <Length>3.39Mb</Length>
        <Status>NOT_STARTED</Status>
        <isSermonSelected>false</isSermonSelected>
    </Sermon>
    <Sermon>
        <Title>Sunday Night Meditations 10 Message and Song - 1950's</Title>
        <Url>http://www.sermonindex.net/modules/mydownloads/visit.php?lid=10000</Url>
        <Speaker>Welcome Detweiler</Speaker>
        <Length>3.38Mb</Length>
        <Status>NOT_STARTED</Status>
        <isSermonSelected>false</isSermonSelected>
    </Sermon>
    <Sermon>
        <Title>Sunday Night Meditations 11 Message and Song - 1950's</Title>
        <Url>http://www.sermonindex.net/modules/mydownloads/visit.php?lid=10001</Url>
        <Speaker>Welcome Detweiler</Speaker>
        <Length>3.45Mb</Length>
        <Status>NOT_STARTED</Status>
        <isSermonSelected>false</isSermonSelected>
    </Sermon>
    <Sermon>
        <Title>Sunday Night Meditations 12 Message and Song - 1950's</Title>
        <Url>http://www.sermonindex.net/modules/mydownloads/visit.php?lid=10002</Url>
        <Speaker>Welcome Detweiler</Speaker>
        <Length>3.5Mb</Length>
        <Status>NOT_STARTED</Status>
        <isSermonSelected>false</isSermonSelected>
    </Sermon>
    <Sermon>
        <Title>Sunday Night Meditations 13 Message and Song - 1950's</Title>
        <Url>http://www.sermonindex.net/modules/mydownloads/visit.php?lid=10003</Url>
        <Speaker>Welcome Detweiler</Speaker>
        <Length>3.52Mb</Length>
        <Status>NOT_STARTED</Status>
        <isSermonSelected>false</isSermonSelected>
    </Sermon>
    <Sermon>
        <Title>Sunday Night Meditations 14 Message and Song - 1950's</Title>
        <Url>http://www.sermonindex.net/modules/mydownloads/visit.php?lid=10004</Url>
        <Speaker>Welcome Detweiler</Speaker>
        <Length>3.44Mb</Length>
        <Status>NOT_STARTED</Status>
        <isSermonSelected>false</isSermonSelected>
    </Sermon>
    <Sermon>
        <Title>Sunday Night Meditations 15 Message and Song - 1950's</Title>
        <Url>http://www.sermonindex.net/modules/mydownloads/visit.php?lid=10005</Url>
        <Speaker>Welcome Detweiler</Speaker>
        <Length>3.61Mb</Length>
        <Status>NOT_STARTED</Status>
        <isSermonSelected>false</isSermonSelected>
    </Sermon>
    <Sermon>
        <Title>Sunday Night Meditations 16 Message and Song - 1950's</Title>
        <Url>http://www.sermonindex.net/modules/mydownloads/visit.php?lid=10006</Url>
        <Speaker>Welcome Detweiler</Speaker>
        <Length>3.49Mb</Length>
        <Status>NOT_STARTED</Status>
        <isSermonSelected>false</isSermonSelected>
    </Sermon>
    <Sermon>
        <Title>Sunday Night Meditations 17 Message and Song - 1950's</Title>
        <Url>http://www.sermonindex.net/modules/mydownloads/visit.php?lid=10007</Url>
        <Speaker>Welcome Detweiler</Speaker>
        <Length>3.55Mb</Length>
        <Status>NOT_STARTED</Status>
        <isSermonSelected>false</isSermonSelected>
    </Sermon>
    <Sermon>
        <Title>Sunday Night Meditations 18 Message and Song - 1950's</Title>
        <Url>http://www.sermonindex.net/modules/mydownloads/visit.php?lid=10008</Url>
        <Speaker>Welcome Detweiler</Speaker>
        <Length>3.33Mb</Length>
        <Status>NOT_STARTED</Status>
        <isSermonSelected>false</isSermonSelected>
    </Sermon>
    <Sermon>
        <Title>Sunday Night Meditations 19 Message and Song - 1950's</Title>
        <Url>http://www.sermonindex.net/modules/mydownloads/visit.php?lid=10009</Url>
        <Speaker>Welcome Detweiler</Speaker>
        <Length>3.43Mb</Length>
        <Status>NOT_STARTED</Status>
        <isSermonSelected>false</isSermonSelected>
    </Sermon>
    <Sermon>
        <Title>Sunday Night Meditations 20 Message and Song - 1950's</Title>
        <Url>http://www.sermonindex.net/modules/mydownloads/visit.php?lid=10010</Url>
        <Speaker>Welcome Detweiler</Speaker>
        <Length>3.32Mb</Length>
        <Status>NOT_STARTED</Status>
        <isSermonSelected>false</isSermonSelected>
    </Sermon>
    <Sermon>
        <Title>Sunday Night Meditations 21 Message and Song - 1950's</Title>
        <Url>http://www.sermonindex.net/modules/mydownloads/visit.php?lid=10011</Url>
        <Speaker>Welcome Detweiler</Speaker>
        <Length>3.4Mb</Length>
        <Status>NOT_STARTED</Status>
        <isSermonSelected>false</isSermonSelected>
    </Sermon>
    <Sermon>
        <Title>Sunday Night Meditations 22 Message and Song - 1950's</Title>
        <Url>http://www.sermonindex.net/modules/mydownloads/visit.php?lid=10012</Url>
        <Speaker>Welcome Detweiler</Speaker>
        <Length>3.56Mb</Length>
        <Status>NOT_STARTED</Status>
        <isSermonSelected>false</isSermonSelected>
    </Sermon>
    <Sermon>
        <Title>Sunday Night Meditations 23 Message and Song - 1950's</Title>
        <Url>http://www.sermonindex.net/modules/mydownloads/visit.php?lid=10013</Url>
        <Speaker>Welcome Detweiler</Speaker>
        <Length>1.75Mb</Length>
        <Status>NOT_STARTED</Status>
        <isSermonSelected>false</isSermonSelected>
    </Sermon>
    <Sermon>
        <Title>Sunday Night Meditations 24 Message and Song - 1950's</Title>
        <Url>http://www.sermonindex.net/modules/mydownloads/visit.php?lid=10017</Url>
        <Speaker>Welcome Detweiler</Speaker>
        <Length>1.81Mb</Length>
        <Status>NOT_STARTED</Status>
        <isSermonSelected>false</isSermonSelected>
    </Sermon>
    <Sermon>
        <Title>Sunday Night Meditations 25 Message and Song - 1950's</Title>
        <Url>http://www.sermonindex.net/modules/mydownloads/visit.php?lid=10018</Url>
        <Speaker>Welcome Detweiler</Speaker>
        <Length>3.33Mb</Length>
        <Status>NOT_STARTED</Status>
        <isSermonSelected>false</isSermonSelected>
    </Sermon>
    <Sermon>
        <Title>Sunday Night Meditations 26 Message and Song - 1950's</Title>
        <Url>http://www.sermonindex.net/modules/mydownloads/visit.php?lid=10019</Url>
        <Speaker>Welcome Detweiler</Speaker>
        <Length>3.53Mb</Length>
        <Status>NOT_STARTED</Status>
        <isSermonSelected>false</isSermonSelected>
    </Sermon>
    <Sermon>
        <Title>Sunday Night Meditations 29 Message and Song - 1950's</Title>
        <Url>http://www.sermonindex.net/modules/mydownloads/visit.php?lid=10020</Url>
        <Speaker>Welcome Detweiler</Speaker>
        <Length>3.41Mb</Length>
        <Status>NOT_STARTED</Status>
        <isSermonSelected>false</isSermonSelected>
    </Sermon>
    <Sermon>
        <Title>Sunday Night Meditations 30 Message and Song - 1950's</Title>
        <Url>http://www.sermonindex.net/modules/mydownloads/visit.php?lid=10021</Url>
        <Speaker>Welcome Detweiler</Speaker>
        <Length>3.47Mb</Length>
        <Status>NOT_STARTED</Status>
        <isSermonSelected>false</isSermonSelected>
    </Sermon>
    <Sermon>
        <Title>Sunday Night Meditations 31 Message and Song - 1950's</Title>
        <Url>http://www.sermonindex.net/modules/mydownloads/visit.php?lid=10022</Url>
        <Speaker>Welcome Detweiler</Speaker>
        <Length>3.44Mb</Length>
        <Status>NOT_STARTED</Status>
        <isSermonSelected>false</isSermonSelected>
    </Sermon>
    <Sermon>
        <Title>Sunday Night Meditations 32 Message and Song - 1950's</Title>
        <Url>http://www.sermonindex.net/modules/mydownloads/visit.php?lid=10023</Url>
        <Speaker>Welcome Detweiler</Speaker>
        <Length>3.62Mb</Length>
        <Status>NOT_STARTED</Status>
        <isSermonSelected>false</isSermonSelected>
    </Sermon>
    <Sermon>
        <Title>Sunday Night Meditations 33 Message and Song - 1950's</Title>
        <Url>http://www.sermonindex.net/modules/mydownloads/visit.php?lid=10024</Url>
        <Speaker>Welcome Detweiler</Speaker>
        <Length>3.5Mb</Length>
        <Status>NOT_STARTED</Status>
        <isSermonSelected>false</isSermonSelected>
    </Sermon>
    <Sermon>
        <Title>Sunday Night Meditations 34 Message and Song - 1950's</Title>
        <Url>http://www.sermonindex.net/modules/mydownloads/visit.php?lid=10025</Url>
        <Speaker>Welcome Detweiler</Speaker>
        <Length>3.41Mb</Length>
        <Status>NOT_STARTED</Status>
        <isSermonSelected>false</isSermonSelected>
    </Sermon>
    <Sermon>
        <Title>Sunday Night Meditations 35 Message and Song - 1950's</Title>
        <Url>http://www.sermonindex.net/modules/mydownloads/visit.php?lid=10026</Url>
        <Speaker>Welcome Detweiler</Speaker>
        <Length>3.62Mb</Length>
        <Status>NOT_STARTED</Status>
        <isSermonSelected>false</isSermonSelected>
    </Sermon>
    <Sermon>
        <Title>Sunday Night Meditations 36 Message and Song - 1950's</Title>
        <Url>http://www.sermonindex.net/modules/mydownloads/visit.php?lid=10027</Url>
        <Speaker>Welcome Detweiler</Speaker>
        <Length>3.53Mb</Length>
        <Status>NOT_STARTED</Status>
        <isSermonSelected>false</isSermonSelected>
    </Sermon>
    <Sermon>
        <Title>Sunday Night Meditations 37 Message and Song - 1950's</Title>
        <Url>http://www.sermonindex.net/modules/mydownloads/visit.php?lid=10028</Url>
        <Speaker>Welcome Detweiler</Speaker>
        <Length>3.53Mb</Length>
        <Status>NOT_STARTED</Status>
        <isSermonSelected>false</isSermonSelected>
    </Sermon>
    <Sermon>
        <Title>Sunday Night Meditations 38 Message and Song - 1950's</Title>
        <Url>http://www.sermonindex.net/modules/mydownloads/visit.php?lid=10029</Url>
        <Speaker>Welcome Detweiler</Speaker>
        <Length>3.58Mb</Length>
        <Status>NOT_STARTED</Status>
        <isSermonSelected>false</isSermonSelected>
    </Sermon>
    <Sermon>
        <Title>Sunday Night Meditations 39 Message and Song - 1950's</Title>
        <Url>http://www.sermonindex.net/modules/mydownloads/visit.php?lid=10030</Url>
        <Speaker>Welcome Detweiler</Speaker>
        <Length>3.41Mb</Length>
        <Status>NOT_STARTED</Status>
        <isSermonSelected>false</isSermonSelected>
    </Sermon>
    <Sermon>
        <Title>Sunday Night Meditations 40 Message and Song - 1950's</Title>
        <Url>http://www.sermonindex.net/modules/mydownloads/visit.php?lid=10031</Url>
        <Speaker>Welcome Detweiler</Speaker>
        <Length>3.51Mb</Length>
        <Status>NOT_STARTED</Status>
        <isSermonSelected>false</isSermonSelected>
    </Sermon>
    <Sermon>
        <Title>Sunday Night Meditations 41 Message and Song - 1950's</Title>
        <Url>http://www.sermonindex.net/modules/mydownloads/visit.php?lid=10032</Url>
        <Speaker>Welcome Detweiler</Speaker>
        <Length>3.64Mb</Length>
        <Status>NOT_STARTED</Status>
        <isSermonSelected>false</isSermonSelected>
    </Sermon>
    <Sermon>
        <Title>Sunday Night Meditations 42 Message and Song - 1950's</Title>
        <Url>http://www.sermonindex.net/modules/mydownloads/visit.php?lid=10033</Url>
        <Speaker>Welcome Detweiler</Speaker>
        <Length>3.48Mb</Length>
        <Status>NOT_STARTED</Status>
        <isSermonSelected>false</isSermonSelected>
    </Sermon>
    <Sermon>
        <Title>Sunday Night Meditations 43 Message and Song - 1950's</Title>
        <Url>http://www.sermonindex.net/modules/mydownloads/visit.php?lid=10034</Url>
        <Speaker>Welcome Detweiler</Speaker>
        <Length>3.47Mb</Length>
        <Status>NOT_STARTED</Status>
        <isSermonSelected>false</isSermonSelected>
    </Sermon>
    <Sermon>
        <Title>Sunday Night Meditations 45 Message and Song - 1950's</Title>
        <Url>http://www.sermonindex.net/modules/mydownloads/visit.php?lid=10035</Url>
        <Speaker>Welcome Detweiler</Speaker>
        <Length>2.88Mb</Length>
        <Status>NOT_STARTED</Status>
        <isSermonSelected>false</isSermonSelected>
    </Sermon>
    <Sermon>
        <Title>Sunday Night Meditations 47 Message and Song - 1950's</Title>
        <Url>http://www.sermonindex.net/modules/mydownloads/visit.php?lid=10036</Url>
        <Speaker>Welcome Detweiler</Speaker>
        <Length>3.57Mb</Length>
        <Status>NOT_STARTED</Status>
        <isSermonSelected>false</isSermonSelected>
    </Sermon>
    <Sermon>
        <Title>Sunday Night Meditations 48 Message and Song - 1950's</Title>
        <Url>http://www.sermonindex.net/modules/mydownloads/visit.php?lid=10037</Url>
        <Speaker>Welcome Detweiler</Speaker>
        <Length>3.5Mb</Length>
        <Status>NOT_STARTED</Status>
        <isSermonSelected>false</isSermonSelected>
    </Sermon>
    <Sermon>
        <Title>Sunday Night Meditations 49 Message and Song - 1950's</Title>
        <Url>http://www.sermonindex.net/modules/mydownloads/visit.php?lid=10038</Url>
        <Speaker>Welcome Detweiler</Speaker>
        <Length>3.46Mb</Length>
        <Status>NOT_STARTED</Status>
        <isSermonSelected>false</isSermonSelected>
    </Sermon>
    <Sermon>
        <Title>Sunday Night Meditations 51 Message and Song - 1950's</Title>
        <Url>http://www.sermonindex.net/modules/mydownloads/visit.php?lid=10039</Url>
        <Speaker>Welcome Detweiler</Speaker>
        <Length>3.42Mb</Length>
        <Status>NOT_STARTED</Status>
        <isSermonSelected>false</isSermonSelected>
    </Sermon>
    <Sermon>
        <Title>Sunday Night Meditations 52 Message and Song - 1950's</Title>
        <Url>http://www.sermonindex.net/modules/mydownloads/visit.php?lid=10040</Url>
        <Speaker>Welcome Detweiler</Speaker>
        <Length>3.54Mb</Length>
        <Status>NOT_STARTED</Status>
        <isSermonSelected>false</isSermonSelected>
    </Sermon>
    <Sermon>
        <Title>Sunday Night Meditations 53 Message and Song - 1950's</Title>
        <Url>http://www.sermonindex.net/modules/mydownloads/visit.php?lid=10041</Url>
        <Speaker>Welcome Detweiler</Speaker>
        <Length>3.74Mb</Length>
        <Status>NOT_STARTED</Status>
        <isSermonSelected>false</isSermonSelected>
    </Sermon>
    <Sermon>
        <Title>Sunday Night Meditations 54 Message and Song - 1950's</Title>
        <Url>http://www.sermonindex.net/modules/mydownloads/visit.php?lid=10042</Url>
        <Speaker>Welcome Detweiler</Speaker>
        <Length>3.46Mb</Length>
        <Status>NOT_STARTED</Status>
        <isSermonSelected>false</isSermonSelected>
    </Sermon>
    <Sermon>
        <Title>Sunday Night Meditations 55 Message and Song - 1950's</Title>
        <Url>http://www.sermonindex.net/modules/mydownloads/visit.php?lid=10043</Url>
        <Speaker>Welcome Detweiler</Speaker>
        <Length>3.54Mb</Length>
        <Status>NOT_STARTED</Status>
        <isSermonSelected>false</isSermonSelected>
    </Sermon>
    <Sermon>
        <Title>Sunday Night Meditations 56 Message and Song - 1950's</Title>
        <Url>http://www.sermonindex.net/modules/mydownloads/visit.php?lid=10044</Url>
        <Speaker>Welcome Detweiler</Speaker>
        <Length>3.65Mb</Length>
        <Status>NOT_STARTED</Status>
        <isSermonSelected>false</isSermonSelected>
    </Sermon>
    <Sermon>
        <Title>Sunday Night Meditations 57 Message and Song - 1950's</Title>
        <Url>http://www.sermonindex.net/modules/mydownloads/visit.php?lid=10045</Url>
        <Speaker>Welcome Detweiler</Speaker>
        <Length>3.48Mb</Length>
        <Status>NOT_STARTED</Status>
        <isSermonSelected>false</isSermonSelected>
    </Sermon>
    <Sermon>
        <Title>Sunday Night Meditations 58 Message and Song - 1950's</Title>
        <Url>http://www.sermonindex.net/modules/mydownloads/visit.php?lid=10046</Url>
        <Speaker>Welcome Detweiler</Speaker>
        <Length>1.81Mb</Length>
        <Status>NOT_STARTED</Status>
        <isSermonSelected>false</isSermonSelected>
    </Sermon>
    <Sermon>
        <Title>Sunday Night Meditations 59 Message and Song - 1950's</Title>
        <Url>http://www.sermonindex.net/modules/mydownloads/visit.php?lid=10047</Url>
        <Speaker>Welcome Detweiler</Speaker>
        <Length>3.37Mb</Length>
        <Status>NOT_STARTED</Status>
        <isSermonSelected>false</isSermonSelected>
    </Sermon>
    <Sermon>
        <Title>The Atoning Sufferings</Title>
        <Url>http://www.sermonindex.net/modules/mydownloads/visit.php?lid=10095</Url>
        <Speaker>Welcome Detweiler</Speaker>
        <Length>1.52Mb</Length>
        <Status>NOT_STARTED</Status>
        <isSermonSelected>false</isSermonSelected>
    </Sermon>
    <Sermon>
        <Title>The Call To Sinners</Title>
        <Url>http://www.sermonindex.net/modules/mydownloads/visit.php?lid=10096</Url>
        <Speaker>Welcome Detweiler</Speaker>
        <Length>1.23Mb</Length>
        <Status>NOT_STARTED</Status>
        <isSermonSelected>false</isSermonSelected>
    </Sermon>
    <Sermon>
        <Title>The Coming Of Our Lord</Title>
        <Url>http://www.sermonindex.net/modules/mydownloads/visit.php?lid=10058</Url>
        <Speaker>Welcome Detweiler</Speaker>
        <Length>4.83Mb</Length>
        <Status>NOT_STARTED</Status>
        <isSermonSelected>false</isSermonSelected>
    </Sermon>
    <Sermon>
        <Title>The Crucifixion</Title>
        <Url>http://www.sermonindex.net/modules/mydownloads/visit.php?lid=10059</Url>
        <Speaker>Welcome Detweiler</Speaker>
        <Length>4.54Mb</Length>
        <Status>NOT_STARTED</Status>
        <isSermonSelected>false</isSermonSelected>
    </Sermon>
    <Sermon>
        <Title>The Forgiveness Of Sins</Title>
        <Url>http://www.sermonindex.net/modules/mydownloads/visit.php?lid=10097</Url>
        <Speaker>Welcome Detweiler</Speaker>
        <Length>1018Kb</Length>
        <Status>NOT_STARTED</Status>
        <isSermonSelected>false</isSermonSelected>
    </Sermon>
    <Sermon>
        <Title>The Happy Radiant Christian Psalm 32:</Title>
        <Url>http://www.sermonindex.net/modules/mydownloads/visit.php?lid=9990</Url>
        <Speaker>Welcome Detweiler</Speaker>
        <Length>4.48Mb</Length>
        <Status>NOT_STARTED</Status>
        <isSermonSelected>false</isSermonSelected>
    </Sermon>
    <Sermon>
        <Title>The King James Version</Title>
        <Url>http://www.sermonindex.net/modules/mydownloads/visit.php?lid=10060</Url>
        <Speaker>Welcome Detweiler</Speaker>
        <Length>4.1Mb</Length>
        <Status>NOT_STARTED</Status>
        <isSermonSelected>false</isSermonSelected>
    </Sermon>
    <Sermon>
        <Title>The Last Days</Title>
        <Url>http://www.sermonindex.net/modules/mydownloads/visit.php?lid=10098</Url>
        <Speaker>Welcome Detweiler</Speaker>
        <Length>1.34Mb</Length>
        <Status>NOT_STARTED</Status>
        <isSermonSelected>false</isSermonSelected>
    </Sermon>
    <Sermon>
        <Title>The Lost Sheep</Title>
        <Url>http://www.sermonindex.net/modules/mydownloads/visit.php?lid=10099</Url>
        <Speaker>Welcome Detweiler</Speaker>
        <Length>1.65Mb</Length>
        <Status>NOT_STARTED</Status>
        <isSermonSelected>false</isSermonSelected>
    </Sermon>
    <Sermon>
        <Title>The Lost Son</Title>
        <Url>http://www.sermonindex.net/modules/mydownloads/visit.php?lid=10100</Url>
        <Speaker>Welcome Detweiler</Speaker>
        <Length>1.32Mb</Length>
        <Status>NOT_STARTED</Status>
        <isSermonSelected>false</isSermonSelected>
    </Sermon>
    <Sermon>
        <Title>The Prodigal Son</Title>
        <Url>http://www.sermonindex.net/modules/mydownloads/visit.php?lid=10062</Url>
        <Speaker>Welcome Detweiler</Speaker>
        <Length>4.04Mb</Length>
        <Status>NOT_STARTED</Status>
        <isSermonSelected>false</isSermonSelected>
    </Sermon>
    <Sermon>
        <Title>The Raising Of Lazarus</Title>
        <Url>http://www.sermonindex.net/modules/mydownloads/visit.php?lid=10101</Url>
        <Speaker>Welcome Detweiler</Speaker>
        <Length>1.02Mb</Length>
        <Status>NOT_STARTED</Status>
        <isSermonSelected>false</isSermonSelected>
    </Sermon>
    <Sermon>
        <Title>The Scarlet Ribbon</Title>
        <Url>http://www.sermonindex.net/modules/mydownloads/visit.php?lid=10102</Url>
        <Speaker>Welcome Detweiler</Speaker>
        <Length>1.35Mb</Length>
        <Status>NOT_STARTED</Status>
        <isSermonSelected>false</isSermonSelected>
    </Sermon>
    <Sermon>
        <Title>The Spire</Title>
        <Url>http://www.sermonindex.net/modules/mydownloads/visit.php?lid=10103</Url>
        <Speaker>Welcome Detweiler</Speaker>
        <Length>1.33Mb</Length>
        <Status>NOT_STARTED</Status>
        <isSermonSelected>false</isSermonSelected>
    </Sermon>
    <Sermon>
        <Title>The Study Of The Scriptures</Title>
        <Url>http://www.sermonindex.net/modules/mydownloads/visit.php?lid=10104</Url>
        <Speaker>Welcome Detweiler</Speaker>
        <Length>1.16Mb</Length>
        <Status>NOT_STARTED</Status>
        <isSermonSelected>false</isSermonSelected>
    </Sermon>
    <Sermon>
        <Title>The Thief Saved</Title>
        <Url>http://www.sermonindex.net/modules/mydownloads/visit.php?lid=10105</Url>
        <Speaker>Welcome Detweiler</Speaker>
        <Length>1.03Mb</Length>
        <Status>NOT_STARTED</Status>
        <isSermonSelected>false</isSermonSelected>
    </Sermon>
    <Sermon>
        <Title>The Virgin Birth and Resurrection</Title>
        <Url>http://www.sermonindex.net/modules/mydownloads/visit.php?lid=10106</Url>
        <Speaker>Welcome Detweiler</Speaker>
        <Length>1.12Mb</Length>
        <Status>NOT_STARTED</Status>
        <isSermonSelected>false</isSermonSelected>
    </Sermon>
    <Sermon>
        <Title>Two Roads</Title>
        <Url>http://www.sermonindex.net/modules/mydownloads/visit.php?lid=10063</Url>
        <Speaker>Welcome Detweiler</Speaker>
        <Length>4.3Mb</Length>
        <Status>NOT_STARTED</Status>
        <isSermonSelected>false</isSermonSelected>
    </Sermon>
    <Sermon>
        <Title>What Lies Ahead?</Title>
        <Url>http://www.sermonindex.net/modules/mydownloads/visit.php?lid=10107</Url>
        <Speaker>Welcome Detweiler</Speaker>
        <Length>1020Kb</Length>
        <Status>NOT_STARTED</Status>
        <isSermonSelected>false</isSermonSelected>
    </Sermon>
    <Sermon>
        <Title>What Will You Do?</Title>
        <Url>http://www.sermonindex.net/modules/mydownloads/visit.php?lid=10108</Url>
        <Speaker>Welcome Detweiler</Speaker>
        <Length>1.35Mb</Length>
        <Status>NOT_STARTED</Status>
        <isSermonSelected>false</isSermonSelected>
    </Sermon>
    <Sermon>
        <Title>Who Was Christ?</Title>
        <Url>http://www.sermonindex.net/modules/mydownloads/visit.php?lid=10109</Url>
        <Speaker>Welcome Detweiler</Speaker>
        <Length>1.11Mb</Length>
        <Status>NOT_STARTED</Status>
        <isSermonSelected>false</isSermonSelected>
    </Sermon>
    <Sermon>
        <Title>Will I See My Loved One Again?</Title>
        <Url>http://www.sermonindex.net/modules/mydownloads/visit.php?lid=10110</Url>
        <Speaker>Welcome Detweiler</Speaker>
        <Length>1.16Mb</Length>
        <Status>NOT_STARTED</Status>
        <isSermonSelected>false</isSermonSelected>
    </Sermon>
    <Sermon>
        <Title>Without Form And Void</Title>
        <Url>http://www.sermonindex.net/modules/mydownloads/visit.php?lid=10111</Url>
        <Speaker>Welcome Detweiler</Speaker>
        <Length>1002Kb</Length>
        <Status>NOT_STARTED</Status>
        <isSermonSelected>false</isSermonSelected>
    </Sermon>
    <Sermon>
        <Title>World Peace Without Peace</Title>
        <Url>http://www.sermonindex.net/modules/mydownloads/visit.php?lid=10112</Url>
        <Speaker>Welcome Detweiler</Speaker>
        <Length>1.07Mb</Length>
        <Status>NOT_STARTED</Status>
        <isSermonSelected>false</isSermonSelected>
    </Sermon>
    <Sermon>
        <Title>Worry</Title>
        <Url>http://www.sermonindex.net/modules/mydownloads/visit.php?lid=10064</Url>
        <Speaker>Welcome Detweiler</Speaker>
        <Length>4Mb</Length>
        <Status>NOT_STARTED</Status>
        <isSermonSelected>false</isSermonSelected>
    </Sermon>
</Sermons>
