<?xml version="1.0" encoding="UTF-8" standalone="yes"?>
<Sermons>
    <Sermon>
        <Title>Lift Up Your Eyes</Title>
        <Url>http://www.sermonindex.net/modules/mydownloads/visit.php?lid=16468</Url>
        <Speaker>Weston Leibee</Speaker>
        <Length>11.42Mb</Length>
        <Status>NOT_STARTED</Status>
        <isSermonSelected>false</isSermonSelected>
    </Sermon>
    <Sermon>
        <Title>Married to Minister</Title>
        <Url>http://www.sermonindex.net/modules/mydownloads/visit.php?lid=13188</Url>
        <Speaker>Weston Leibee</Speaker>
        <Length>12.74Mb</Length>
        <Status>NOT_STARTED</Status>
        <isSermonSelected>false</isSermonSelected>
    </Sermon>
</Sermons>
