<?xml version="1.0" encoding="UTF-8" standalone="yes"?>
<Sermons>
    <Sermon>
        <Title>Cleansings In 1 John 1</Title>
        <Url>http://www.sermonindex.net/modules/mydownloads/visit.php?lid=7887</Url>
        <Speaker>W.F. Anderson</Speaker>
        <Length>4.95Mb</Length>
        <Status>NOT_STARTED</Status>
        <isSermonSelected>false</isSermonSelected>
    </Sermon>
    <Sermon>
        <Title>Distress Of Abraham</Title>
        <Url>http://www.sermonindex.net/modules/mydownloads/visit.php?lid=7900</Url>
        <Speaker>W.F. Anderson</Speaker>
        <Length>4.13Mb</Length>
        <Status>NOT_STARTED</Status>
        <isSermonSelected>false</isSermonSelected>
    </Sermon>
    <Sermon>
        <Title>Distress Of Elijah</Title>
        <Url>http://www.sermonindex.net/modules/mydownloads/visit.php?lid=7903</Url>
        <Speaker>W.F. Anderson</Speaker>
        <Length>4.89Mb</Length>
        <Status>NOT_STARTED</Status>
        <isSermonSelected>false</isSermonSelected>
    </Sermon>
    <Sermon>
        <Title>Distress Of Job - Part 1</Title>
        <Url>http://www.sermonindex.net/modules/mydownloads/visit.php?lid=7901</Url>
        <Speaker>W.F. Anderson</Speaker>
        <Length>3.97Mb</Length>
        <Status>NOT_STARTED</Status>
        <isSermonSelected>false</isSermonSelected>
    </Sermon>
    <Sermon>
        <Title>Distress Of Job - Part 2</Title>
        <Url>http://www.sermonindex.net/modules/mydownloads/visit.php?lid=7902</Url>
        <Speaker>W.F. Anderson</Speaker>
        <Length>5.06Mb</Length>
        <Status>NOT_STARTED</Status>
        <isSermonSelected>false</isSermonSelected>
    </Sermon>
    <Sermon>
        <Title>Family Perspectives</Title>
        <Url>http://www.sermonindex.net/modules/mydownloads/visit.php?lid=7905</Url>
        <Speaker>W.F. Anderson</Speaker>
        <Length>3.66Mb</Length>
        <Status>NOT_STARTED</Status>
        <isSermonSelected>false</isSermonSelected>
    </Sermon>
    <Sermon>
        <Title>Fellowship 1 John 1</Title>
        <Url>http://www.sermonindex.net/modules/mydownloads/visit.php?lid=7888</Url>
        <Speaker>W.F. Anderson</Speaker>
        <Length>2.42Mb</Length>
        <Status>NOT_STARTED</Status>
        <isSermonSelected>false</isSermonSelected>
    </Sermon>
    <Sermon>
        <Title>Grace Of God</Title>
        <Url>http://www.sermonindex.net/modules/mydownloads/visit.php?lid=7889</Url>
        <Speaker>W.F. Anderson</Speaker>
        <Length>4.44Mb</Length>
        <Status>NOT_STARTED</Status>
        <isSermonSelected>false</isSermonSelected>
    </Sermon>
    <Sermon>
        <Title>How To Study The Bible</Title>
        <Url>http://www.sermonindex.net/modules/mydownloads/visit.php?lid=7890</Url>
        <Speaker>W.F. Anderson</Speaker>
        <Length>4.04Mb</Length>
        <Status>NOT_STARTED</Status>
        <isSermonSelected>false</isSermonSelected>
    </Sermon>
    <Sermon>
        <Title>John 9</Title>
        <Url>http://www.sermonindex.net/modules/mydownloads/visit.php?lid=7884</Url>
        <Speaker>W.F. Anderson</Speaker>
        <Length>4.07Mb</Length>
        <Status>NOT_STARTED</Status>
        <isSermonSelected>false</isSermonSelected>
    </Sermon>
    <Sermon>
        <Title>John Mark</Title>
        <Url>http://www.sermonindex.net/modules/mydownloads/visit.php?lid=7867</Url>
        <Speaker>W.F. Anderson</Speaker>
        <Length>4.46Mb</Length>
        <Status>NOT_STARTED</Status>
        <isSermonSelected>false</isSermonSelected>
    </Sermon>
    <Sermon>
        <Title>Luke 11:33</Title>
        <Url>http://www.sermonindex.net/modules/mydownloads/visit.php?lid=7904</Url>
        <Speaker>W.F. Anderson</Speaker>
        <Length>3.78Mb</Length>
        <Status>NOT_STARTED</Status>
        <isSermonSelected>false</isSermonSelected>
    </Sermon>
    <Sermon>
        <Title>Mark 11</Title>
        <Url>http://www.sermonindex.net/modules/mydownloads/visit.php?lid=7871</Url>
        <Speaker>W.F. Anderson</Speaker>
        <Length>4.91Mb</Length>
        <Status>NOT_STARTED</Status>
        <isSermonSelected>false</isSermonSelected>
    </Sermon>
    <Sermon>
        <Title>Mark 12:35</Title>
        <Url>http://www.sermonindex.net/modules/mydownloads/visit.php?lid=7872</Url>
        <Speaker>W.F. Anderson</Speaker>
        <Length>5.63Mb</Length>
        <Status>NOT_STARTED</Status>
        <isSermonSelected>false</isSermonSelected>
    </Sermon>
    <Sermon>
        <Title>Matthew 5:13</Title>
        <Url>http://www.sermonindex.net/modules/mydownloads/visit.php?lid=7891</Url>
        <Speaker>W.F. Anderson</Speaker>
        <Length>5.3Mb</Length>
        <Status>NOT_STARTED</Status>
        <isSermonSelected>false</isSermonSelected>
    </Sermon>
    <Sermon>
        <Title>Our Lord's Resurrection</Title>
        <Url>http://www.sermonindex.net/modules/mydownloads/visit.php?lid=7892</Url>
        <Speaker>W.F. Anderson</Speaker>
        <Length>4.29Mb</Length>
        <Status>NOT_STARTED</Status>
        <isSermonSelected>false</isSermonSelected>
    </Sermon>
    <Sermon>
        <Title>Parables Of Mark 4</Title>
        <Url>http://www.sermonindex.net/modules/mydownloads/visit.php?lid=7868</Url>
        <Speaker>W.F. Anderson</Speaker>
        <Length>5.04Mb</Length>
        <Status>NOT_STARTED</Status>
        <isSermonSelected>false</isSermonSelected>
    </Sermon>
    <Sermon>
        <Title>Peter's Fall</Title>
        <Url>http://www.sermonindex.net/modules/mydownloads/visit.php?lid=7861</Url>
        <Speaker>W.F. Anderson</Speaker>
        <Length>4.37Mb</Length>
        <Status>NOT_STARTED</Status>
        <isSermonSelected>false</isSermonSelected>
    </Sermon>
    <Sermon>
        <Title>Peter's Restoration</Title>
        <Url>http://www.sermonindex.net/modules/mydownloads/visit.php?lid=7862</Url>
        <Speaker>W.F. Anderson</Speaker>
        <Length>4.7Mb</Length>
        <Status>NOT_STARTED</Status>
        <isSermonSelected>false</isSermonSelected>
    </Sermon>
    <Sermon>
        <Title>Philippians 2:1</Title>
        <Url>http://www.sermonindex.net/modules/mydownloads/visit.php?lid=7883</Url>
        <Speaker>W.F. Anderson</Speaker>
        <Length>3.05Mb</Length>
        <Status>NOT_STARTED</Status>
        <isSermonSelected>false</isSermonSelected>
    </Sermon>
    <Sermon>
        <Title>Psalms 81-84</Title>
        <Url>http://www.sermonindex.net/modules/mydownloads/visit.php?lid=7893</Url>
        <Speaker>W.F. Anderson</Speaker>
        <Length>3.51Mb</Length>
        <Status>NOT_STARTED</Status>
        <isSermonSelected>false</isSermonSelected>
    </Sermon>
    <Sermon>
        <Title>Sermon On The Mount</Title>
        <Url>http://www.sermonindex.net/modules/mydownloads/visit.php?lid=7894</Url>
        <Speaker>W.F. Anderson</Speaker>
        <Length>5.16Mb</Length>
        <Status>NOT_STARTED</Status>
        <isSermonSelected>false</isSermonSelected>
    </Sermon>
    <Sermon>
        <Title>Sin</Title>
        <Url>http://www.sermonindex.net/modules/mydownloads/visit.php?lid=7895</Url>
        <Speaker>W.F. Anderson</Speaker>
        <Length>4.42Mb</Length>
        <Status>NOT_STARTED</Status>
        <isSermonSelected>false</isSermonSelected>
    </Sermon>
    <Sermon>
        <Title>Studies In James - Part 1</Title>
        <Url>http://www.sermonindex.net/modules/mydownloads/visit.php?lid=7865</Url>
        <Speaker>W.F. Anderson</Speaker>
        <Length>4.13Mb</Length>
        <Status>NOT_STARTED</Status>
        <isSermonSelected>false</isSermonSelected>
    </Sermon>
    <Sermon>
        <Title>Studies In James - Part 2</Title>
        <Url>http://www.sermonindex.net/modules/mydownloads/visit.php?lid=7866</Url>
        <Speaker>W.F. Anderson</Speaker>
        <Length>3.85Mb</Length>
        <Status>NOT_STARTED</Status>
        <isSermonSelected>false</isSermonSelected>
    </Sermon>
    <Sermon>
        <Title>The Friend Of Disciples</Title>
        <Url>http://www.sermonindex.net/modules/mydownloads/visit.php?lid=7864</Url>
        <Speaker>W.F. Anderson</Speaker>
        <Length>4.61Mb</Length>
        <Status>NOT_STARTED</Status>
        <isSermonSelected>false</isSermonSelected>
    </Sermon>
    <Sermon>
        <Title>The Friend Of Sinners</Title>
        <Url>http://www.sermonindex.net/modules/mydownloads/visit.php?lid=7863</Url>
        <Speaker>W.F. Anderson</Speaker>
        <Length>4.42Mb</Length>
        <Status>NOT_STARTED</Status>
        <isSermonSelected>false</isSermonSelected>
    </Sermon>
    <Sermon>
        <Title>The Life Of Abraham - Part 1</Title>
        <Url>http://www.sermonindex.net/modules/mydownloads/visit.php?lid=7873</Url>
        <Speaker>W.F. Anderson</Speaker>
        <Length>4.24Mb</Length>
        <Status>NOT_STARTED</Status>
        <isSermonSelected>false</isSermonSelected>
    </Sermon>
    <Sermon>
        <Title>The Life Of Abraham - Part 10</Title>
        <Url>http://www.sermonindex.net/modules/mydownloads/visit.php?lid=7882</Url>
        <Speaker>W.F. Anderson</Speaker>
        <Length>5.81Mb</Length>
        <Status>NOT_STARTED</Status>
        <isSermonSelected>false</isSermonSelected>
    </Sermon>
    <Sermon>
        <Title>The Life Of Abraham - Part 2</Title>
        <Url>http://www.sermonindex.net/modules/mydownloads/visit.php?lid=7874</Url>
        <Speaker>W.F. Anderson</Speaker>
        <Length>5.07Mb</Length>
        <Status>NOT_STARTED</Status>
        <isSermonSelected>false</isSermonSelected>
    </Sermon>
    <Sermon>
        <Title>The Life Of Abraham - Part 3</Title>
        <Url>http://www.sermonindex.net/modules/mydownloads/visit.php?lid=7875</Url>
        <Speaker>W.F. Anderson</Speaker>
        <Length>5.36Mb</Length>
        <Status>NOT_STARTED</Status>
        <isSermonSelected>false</isSermonSelected>
    </Sermon>
    <Sermon>
        <Title>The Life Of Abraham - Part 4</Title>
        <Url>http://www.sermonindex.net/modules/mydownloads/visit.php?lid=7876</Url>
        <Speaker>W.F. Anderson</Speaker>
        <Length>5.63Mb</Length>
        <Status>NOT_STARTED</Status>
        <isSermonSelected>false</isSermonSelected>
    </Sermon>
    <Sermon>
        <Title>The Life Of Abraham - Part 5</Title>
        <Url>http://www.sermonindex.net/modules/mydownloads/visit.php?lid=7877</Url>
        <Speaker>W.F. Anderson</Speaker>
        <Length>4.55Mb</Length>
        <Status>NOT_STARTED</Status>
        <isSermonSelected>false</isSermonSelected>
    </Sermon>
    <Sermon>
        <Title>The Life Of Abraham - Part 6</Title>
        <Url>http://www.sermonindex.net/modules/mydownloads/visit.php?lid=7878</Url>
        <Speaker>W.F. Anderson</Speaker>
        <Length>5.36Mb</Length>
        <Status>NOT_STARTED</Status>
        <isSermonSelected>false</isSermonSelected>
    </Sermon>
    <Sermon>
        <Title>The Life Of Abraham - Part 7</Title>
        <Url>http://www.sermonindex.net/modules/mydownloads/visit.php?lid=7879</Url>
        <Speaker>W.F. Anderson</Speaker>
        <Length>4.9Mb</Length>
        <Status>NOT_STARTED</Status>
        <isSermonSelected>false</isSermonSelected>
    </Sermon>
    <Sermon>
        <Title>The Life Of Abraham - Part 8</Title>
        <Url>http://www.sermonindex.net/modules/mydownloads/visit.php?lid=7880</Url>
        <Speaker>W.F. Anderson</Speaker>
        <Length>5.25Mb</Length>
        <Status>NOT_STARTED</Status>
        <isSermonSelected>false</isSermonSelected>
    </Sermon>
    <Sermon>
        <Title>The Life Of Abraham - Part 9</Title>
        <Url>http://www.sermonindex.net/modules/mydownloads/visit.php?lid=7881</Url>
        <Speaker>W.F. Anderson</Speaker>
        <Length>5.21Mb</Length>
        <Status>NOT_STARTED</Status>
        <isSermonSelected>false</isSermonSelected>
    </Sermon>
    <Sermon>
        <Title>The Storm</Title>
        <Url>http://www.sermonindex.net/modules/mydownloads/visit.php?lid=7869</Url>
        <Speaker>W.F. Anderson</Speaker>
        <Length>4.86Mb</Length>
        <Status>NOT_STARTED</Status>
        <isSermonSelected>false</isSermonSelected>
    </Sermon>
    <Sermon>
        <Title>The Storm At Sea</Title>
        <Url>http://www.sermonindex.net/modules/mydownloads/visit.php?lid=7896</Url>
        <Speaker>W.F. Anderson</Speaker>
        <Length>5.04Mb</Length>
        <Status>NOT_STARTED</Status>
        <isSermonSelected>false</isSermonSelected>
    </Sermon>
    <Sermon>
        <Title>The Temple Visits</Title>
        <Url>http://www.sermonindex.net/modules/mydownloads/visit.php?lid=7897</Url>
        <Speaker>W.F. Anderson</Speaker>
        <Length>3.34Mb</Length>
        <Status>NOT_STARTED</Status>
        <isSermonSelected>false</isSermonSelected>
    </Sermon>
    <Sermon>
        <Title>The Temptation - Part 1</Title>
        <Url>http://www.sermonindex.net/modules/mydownloads/visit.php?lid=7885</Url>
        <Speaker>W.F. Anderson</Speaker>
        <Length>5.24Mb</Length>
        <Status>NOT_STARTED</Status>
        <isSermonSelected>false</isSermonSelected>
    </Sermon>
    <Sermon>
        <Title>The Temptation - Part 2</Title>
        <Url>http://www.sermonindex.net/modules/mydownloads/visit.php?lid=7886</Url>
        <Speaker>W.F. Anderson</Speaker>
        <Length>5.3Mb</Length>
        <Status>NOT_STARTED</Status>
        <isSermonSelected>false</isSermonSelected>
    </Sermon>
    <Sermon>
        <Title>The Woman At The Well</Title>
        <Url>http://www.sermonindex.net/modules/mydownloads/visit.php?lid=7899</Url>
        <Speaker>W.F. Anderson</Speaker>
        <Length>3.53Mb</Length>
        <Status>NOT_STARTED</Status>
        <isSermonSelected>false</isSermonSelected>
    </Sermon>
    <Sermon>
        <Title>Two Prayers Of Jesus</Title>
        <Url>http://www.sermonindex.net/modules/mydownloads/visit.php?lid=7898</Url>
        <Speaker>W.F. Anderson</Speaker>
        <Length>6.64Mb</Length>
        <Status>NOT_STARTED</Status>
        <isSermonSelected>false</isSermonSelected>
    </Sermon>
    <Sermon>
        <Title>What We Keep,We Lose</Title>
        <Url>http://www.sermonindex.net/modules/mydownloads/visit.php?lid=7870</Url>
        <Speaker>W.F. Anderson</Speaker>
        <Length>4.41Mb</Length>
        <Status>NOT_STARTED</Status>
        <isSermonSelected>false</isSermonSelected>
    </Sermon>
</Sermons>
