<?xml version="1.0" encoding="UTF-8" standalone="yes"?>
<Sermons>
    <Sermon>
        <Title>A Covenant that Covers</Title>
        <Url>http://www.sermonindex.net/modules/mydownloads/visit.php?lid=8244</Url>
        <Speaker>William Carrol</Speaker>
        <Length>9.41Mb</Length>
        <Status>NOT_STARTED</Status>
        <isSermonSelected>false</isSermonSelected>
    </Sermon>
    <Sermon>
        <Title>A Message That Must Be Heard</Title>
        <Url>http://www.sermonindex.net/modules/mydownloads/visit.php?lid=19998</Url>
        <Speaker>William Carrol</Speaker>
        <Length>9.89Mb</Length>
        <Status>NOT_STARTED</Status>
        <isSermonSelected>false</isSermonSelected>
    </Sermon>
    <Sermon>
        <Title>Compel Them to Come In</Title>
        <Url>http://www.sermonindex.net/modules/mydownloads/visit.php?lid=22706</Url>
        <Speaker>William Carrol</Speaker>
        <Length>21.67Mb</Length>
        <Status>NOT_STARTED</Status>
        <isSermonSelected>false</isSermonSelected>
    </Sermon>
    <Sermon>
        <Title>Don't Forget To Remember</Title>
        <Url>http://www.sermonindex.net/modules/mydownloads/visit.php?lid=20224</Url>
        <Speaker>William Carrol</Speaker>
        <Length>18.81Mb</Length>
        <Status>NOT_STARTED</Status>
        <isSermonSelected>false</isSermonSelected>
    </Sermon>
    <Sermon>
        <Title>God Is Incredible</Title>
        <Url>http://www.sermonindex.net/modules/mydownloads/visit.php?lid=19857</Url>
        <Speaker>William Carrol</Speaker>
        <Length>11.63Mb</Length>
        <Status>NOT_STARTED</Status>
        <isSermonSelected>false</isSermonSelected>
    </Sermon>
    <Sermon>
        <Title>Leaving A Lot To Gain The Rest</Title>
        <Url>http://www.sermonindex.net/modules/mydownloads/visit.php?lid=20344</Url>
        <Speaker>William Carrol</Speaker>
        <Length>16.48Mb</Length>
        <Status>NOT_STARTED</Status>
        <isSermonSelected>false</isSermonSelected>
    </Sermon>
    <Sermon>
        <Title>Repent And Believe the Gospel</Title>
        <Url>http://www.sermonindex.net/modules/mydownloads/visit.php?lid=21979</Url>
        <Speaker>William Carrol</Speaker>
        <Length>22.46Mb</Length>
        <Status>NOT_STARTED</Status>
        <isSermonSelected>false</isSermonSelected>
    </Sermon>
    <Sermon>
        <Title>The Fear Of The Lord And The Cross Of Christ</Title>
        <Url>http://www.sermonindex.net/modules/mydownloads/visit.php?lid=3508</Url>
        <Speaker>William Carrol</Speaker>
        <Length>4.65Mb</Length>
        <Status>NOT_STARTED</Status>
        <isSermonSelected>false</isSermonSelected>
    </Sermon>
    <Sermon>
        <Title>The Glory of Gethsemane</Title>
        <Url>http://www.sermonindex.net/modules/mydownloads/visit.php?lid=18895</Url>
        <Speaker>William Carrol</Speaker>
        <Length>10.25Mb</Length>
        <Status>NOT_STARTED</Status>
        <isSermonSelected>false</isSermonSelected>
    </Sermon>
    <Sermon>
        <Title>The Just Shall Live by Faith</Title>
        <Url>http://www.sermonindex.net/modules/mydownloads/visit.php?lid=18969</Url>
        <Speaker>William Carrol</Speaker>
        <Length>9.8Mb</Length>
        <Status>NOT_STARTED</Status>
        <isSermonSelected>false</isSermonSelected>
    </Sermon>
    <Sermon>
        <Title>The Messenger</Title>
        <Url>http://www.sermonindex.net/modules/mydownloads/visit.php?lid=18985</Url>
        <Speaker>William Carrol</Speaker>
        <Length>9.03Mb</Length>
        <Status>NOT_STARTED</Status>
        <isSermonSelected>false</isSermonSelected>
    </Sermon>
    <Sermon>
        <Title>The Problem With Peter</Title>
        <Url>http://www.sermonindex.net/modules/mydownloads/visit.php?lid=20345</Url>
        <Speaker>William Carrol</Speaker>
        <Length>23.52Mb</Length>
        <Status>NOT_STARTED</Status>
        <isSermonSelected>false</isSermonSelected>
    </Sermon>
    <Sermon>
        <Title>The Truth About The Lie</Title>
        <Url>http://www.sermonindex.net/modules/mydownloads/visit.php?lid=20223</Url>
        <Speaker>William Carrol</Speaker>
        <Length>19.65Mb</Length>
        <Status>NOT_STARTED</Status>
        <isSermonSelected>false</isSermonSelected>
    </Sermon>
    <Sermon>
        <Title>The World's Greatest Ministry</Title>
        <Url>http://www.sermonindex.net/modules/mydownloads/visit.php?lid=22144</Url>
        <Speaker>William Carrol</Speaker>
        <Length>17.59Mb</Length>
        <Status>NOT_STARTED</Status>
        <isSermonSelected>false</isSermonSelected>
    </Sermon>
    <Sermon>
        <Title>The Zeal of the Lord</Title>
        <Url>http://www.sermonindex.net/modules/mydownloads/visit.php?lid=16402</Url>
        <Speaker>William Carrol</Speaker>
        <Length>10.33Mb</Length>
        <Status>NOT_STARTED</Status>
        <isSermonSelected>false</isSermonSelected>
    </Sermon>
    <Sermon>
        <Title>Victory Over Temptation</Title>
        <Url>http://www.sermonindex.net/modules/mydownloads/visit.php?lid=16726</Url>
        <Speaker>William Carrol</Speaker>
        <Length>12.12Mb</Length>
        <Status>NOT_STARTED</Status>
        <isSermonSelected>false</isSermonSelected>
    </Sermon>
    <Sermon>
        <Title>When God Asks too Much</Title>
        <Url>http://www.sermonindex.net/modules/mydownloads/visit.php?lid=16446</Url>
        <Speaker>William Carrol</Speaker>
        <Length>12.08Mb</Length>
        <Status>NOT_STARTED</Status>
        <isSermonSelected>false</isSermonSelected>
    </Sermon>
</Sermons>
