<?xml version="1.0" encoding="UTF-8" standalone="yes"?>
<Sermons>
    <Sermon>
        <Title>John The Baptist</Title>
        <Url>http://www.sermonindex.net/modules/mydownloads/visit.php?lid=18801</Url>
        <Speaker>Will Graham</Speaker>
        <Length>9.72Mb</Length>
        <Status>NOT_STARTED</Status>
        <isSermonSelected>false</isSermonSelected>
    </Sermon>
    <Sermon>
        <Title>Paul The Apostle</Title>
        <Url>http://www.sermonindex.net/modules/mydownloads/visit.php?lid=18802</Url>
        <Speaker>Will Graham</Speaker>
        <Length>11.83Mb</Length>
        <Status>NOT_STARTED</Status>
        <isSermonSelected>false</isSermonSelected>
    </Sermon>
</Sermons>
