<?xml version="1.0" encoding="UTF-8" standalone="yes"?>
<Sermons>
    <Sermon>
        <Title>Occult History In America #1</Title>
        <Url>http://www.sermonindex.net/modules/mydownloads/visit.php?lid=3870</Url>
        <Speaker>William Henry</Speaker>
        <Length>13.37Mb</Length>
        <Status>NOT_STARTED</Status>
        <isSermonSelected>false</isSermonSelected>
    </Sermon>
    <Sermon>
        <Title>Occult History In America #2</Title>
        <Url>http://www.sermonindex.net/modules/mydownloads/visit.php?lid=3871</Url>
        <Speaker>William Henry</Speaker>
        <Length>13.17Mb</Length>
        <Status>NOT_STARTED</Status>
        <isSermonSelected>false</isSermonSelected>
    </Sermon>
</Sermons>
