<?xml version="1.0" encoding="UTF-8" standalone="yes"?>
<Sermons>
    <Sermon>
        <Title>Bartimaeus and The Blinded Generation</Title>
        <Url>http://www.sermonindex.net/modules/mydownloads/visit.php?lid=3958</Url>
        <Speaker>Winkie Pratney</Speaker>
        <Length>6.59Mb</Length>
        <Status>NOT_STARTED</Status>
        <isSermonSelected>false</isSermonSelected>
    </Sermon>
    <Sermon>
        <Title>Christian Revolution</Title>
        <Url>http://www.sermonindex.net/modules/mydownloads/visit.php?lid=3959</Url>
        <Speaker>Winkie Pratney</Speaker>
        <Length>8.32Mb</Length>
        <Status>NOT_STARTED</Status>
        <isSermonSelected>false</isSermonSelected>
    </Sermon>
    <Sermon>
        <Title>Counterfeit Conversion (1 of 6)</Title>
        <Url>http://www.sermonindex.net/modules/mydownloads/visit.php?lid=4619</Url>
        <Speaker>Winkie Pratney</Speaker>
        <Length>11.99Mb</Length>
        <Status>NOT_STARTED</Status>
        <isSermonSelected>false</isSermonSelected>
    </Sermon>
    <Sermon>
        <Title>Counterfeit Conversion (2 of 6)</Title>
        <Url>http://www.sermonindex.net/modules/mydownloads/visit.php?lid=4620</Url>
        <Speaker>Winkie Pratney</Speaker>
        <Length>12.49Mb</Length>
        <Status>NOT_STARTED</Status>
        <isSermonSelected>false</isSermonSelected>
    </Sermon>
    <Sermon>
        <Title>Counterfeit Conversion (3 of 6)</Title>
        <Url>http://www.sermonindex.net/modules/mydownloads/visit.php?lid=4621</Url>
        <Speaker>Winkie Pratney</Speaker>
        <Length>12.92Mb</Length>
        <Status>NOT_STARTED</Status>
        <isSermonSelected>false</isSermonSelected>
    </Sermon>
    <Sermon>
        <Title>Counterfeit Conversion (4 of 6)</Title>
        <Url>http://www.sermonindex.net/modules/mydownloads/visit.php?lid=4622</Url>
        <Speaker>Winkie Pratney</Speaker>
        <Length>13.06Mb</Length>
        <Status>NOT_STARTED</Status>
        <isSermonSelected>false</isSermonSelected>
    </Sermon>
    <Sermon>
        <Title>Counterfeit Conversion (5 of 6)</Title>
        <Url>http://www.sermonindex.net/modules/mydownloads/visit.php?lid=4623</Url>
        <Speaker>Winkie Pratney</Speaker>
        <Length>12.42Mb</Length>
        <Status>NOT_STARTED</Status>
        <isSermonSelected>false</isSermonSelected>
    </Sermon>
    <Sermon>
        <Title>Counterfeit Conversion (6 of 6)</Title>
        <Url>http://www.sermonindex.net/modules/mydownloads/visit.php?lid=4624</Url>
        <Speaker>Winkie Pratney</Speaker>
        <Length>11.92Mb</Length>
        <Status>NOT_STARTED</Status>
        <isSermonSelected>false</isSermonSelected>
    </Sermon>
    <Sermon>
        <Title>Dreams in Flames - Part 1</Title>
        <Url>http://www.sermonindex.net/modules/mydownloads/visit.php?lid=3960</Url>
        <Speaker>Winkie Pratney</Speaker>
        <Length>7.09Mb</Length>
        <Status>NOT_STARTED</Status>
        <isSermonSelected>false</isSermonSelected>
    </Sermon>
    <Sermon>
        <Title>Dreams in Flames - Part 2</Title>
        <Url>http://www.sermonindex.net/modules/mydownloads/visit.php?lid=3961</Url>
        <Speaker>Winkie Pratney</Speaker>
        <Length>8.52Mb</Length>
        <Status>NOT_STARTED</Status>
        <isSermonSelected>false</isSermonSelected>
    </Sermon>
    <Sermon>
        <Title>Lost</Title>
        <Url>http://www.sermonindex.net/modules/mydownloads/visit.php?lid=22346</Url>
        <Speaker>Winkie Pratney</Speaker>
        <Length>7.35Mb</Length>
        <Status>NOT_STARTED</Status>
        <isSermonSelected>false</isSermonSelected>
    </Sermon>
    <Sermon>
        <Title>Marks Of A True Jesus Person</Title>
        <Url>http://www.sermonindex.net/modules/mydownloads/visit.php?lid=3962</Url>
        <Speaker>Winkie Pratney</Speaker>
        <Length>6.58Mb</Length>
        <Status>NOT_STARTED</Status>
        <isSermonSelected>false</isSermonSelected>
    </Sermon>
    <Sermon>
        <Title>Religious Without Being a Christian</Title>
        <Url>http://www.sermonindex.net/modules/mydownloads/visit.php?lid=3963</Url>
        <Speaker>Winkie Pratney</Speaker>
        <Length>6.18Mb</Length>
        <Status>NOT_STARTED</Status>
        <isSermonSelected>false</isSermonSelected>
    </Sermon>
    <Sermon>
        <Title>The In Crowd</Title>
        <Url>http://www.sermonindex.net/modules/mydownloads/visit.php?lid=3964</Url>
        <Speaker>Winkie Pratney</Speaker>
        <Length>6.34Mb</Length>
        <Status>NOT_STARTED</Status>
        <isSermonSelected>false</isSermonSelected>
    </Sermon>
    <Sermon>
        <Title>The Violence Revolution</Title>
        <Url>http://www.sermonindex.net/modules/mydownloads/visit.php?lid=3965</Url>
        <Speaker>Winkie Pratney</Speaker>
        <Length>6.57Mb</Length>
        <Status>NOT_STARTED</Status>
        <isSermonSelected>false</isSermonSelected>
    </Sermon>
    <Sermon>
        <Title>Victory or Survival - Part 1</Title>
        <Url>http://www.sermonindex.net/modules/mydownloads/visit.php?lid=1248</Url>
        <Speaker>Winkie Pratney</Speaker>
        <Length>19.64Mb</Length>
        <Status>NOT_STARTED</Status>
        <isSermonSelected>false</isSermonSelected>
    </Sermon>
    <Sermon>
        <Title>Victory or Survival - Part 2</Title>
        <Url>http://www.sermonindex.net/modules/mydownloads/visit.php?lid=1249</Url>
        <Speaker>Winkie Pratney</Speaker>
        <Length>3.84Mb</Length>
        <Status>NOT_STARTED</Status>
        <isSermonSelected>false</isSermonSelected>
    </Sermon>
    <Sermon>
        <Title>Victory or Survival - Part 3</Title>
        <Url>http://www.sermonindex.net/modules/mydownloads/visit.php?lid=1250</Url>
        <Speaker>Winkie Pratney</Speaker>
        <Length>14.62Mb</Length>
        <Status>NOT_STARTED</Status>
        <isSermonSelected>false</isSermonSelected>
    </Sermon>
    <Sermon>
        <Title>Why Don't I Go Straight To Heaven?</Title>
        <Url>http://www.sermonindex.net/modules/mydownloads/visit.php?lid=22347</Url>
        <Speaker>Winkie Pratney</Speaker>
        <Length>6.18Mb</Length>
        <Status>NOT_STARTED</Status>
        <isSermonSelected>false</isSermonSelected>
    </Sermon>
    <Sermon>
        <Title>Why is There Hell</Title>
        <Url>http://www.sermonindex.net/modules/mydownloads/visit.php?lid=3966</Url>
        <Speaker>Winkie Pratney</Speaker>
        <Length>7.73Mb</Length>
        <Status>NOT_STARTED</Status>
        <isSermonSelected>false</isSermonSelected>
    </Sermon>
    <Sermon>
        <Title>Why Knock Rock</Title>
        <Url>http://www.sermonindex.net/modules/mydownloads/visit.php?lid=4123</Url>
        <Speaker>Winkie Pratney</Speaker>
        <Length>12.16Mb</Length>
        <Status>NOT_STARTED</Status>
        <isSermonSelected>false</isSermonSelected>
    </Sermon>
    <Sermon>
        <Title>Youth Aflame</Title>
        <Url>http://www.sermonindex.net/modules/mydownloads/visit.php?lid=3967</Url>
        <Speaker>Winkie Pratney</Speaker>
        <Length>6.6Mb</Length>
        <Status>NOT_STARTED</Status>
        <isSermonSelected>false</isSermonSelected>
    </Sermon>
</Sermons>
