<?xml version="1.0" encoding="UTF-8" standalone="yes"?>
<Sermons>
    <Sermon>
        <Title>Be Filled With The Holy Spirit - 1</Title>
        <Url>http://www.sermonindex.net/modules/mydownloads/visit.php?lid=23331</Url>
        <Speaker>Zacharias Tanee Fomum</Speaker>
        <Length>9.14Mb</Length>
        <Status>NOT_STARTED</Status>
        <isSermonSelected>false</isSermonSelected>
    </Sermon>
    <Sermon>
        <Title>Be Filled With The Holy Spirit - 2</Title>
        <Url>http://www.sermonindex.net/modules/mydownloads/visit.php?lid=23332</Url>
        <Speaker>Zacharias Tanee Fomum</Speaker>
        <Length>9.2Mb</Length>
        <Status>NOT_STARTED</Status>
        <isSermonSelected>false</isSermonSelected>
    </Sermon>
    <Sermon>
        <Title>Be Filled With The Holy Spirit - 3</Title>
        <Url>http://www.sermonindex.net/modules/mydownloads/visit.php?lid=23333</Url>
        <Speaker>Zacharias Tanee Fomum</Speaker>
        <Length>9.18Mb</Length>
        <Status>NOT_STARTED</Status>
        <isSermonSelected>false</isSermonSelected>
    </Sermon>
    <Sermon>
        <Title>Be Filled With The Holy Spirit - 4</Title>
        <Url>http://www.sermonindex.net/modules/mydownloads/visit.php?lid=23334</Url>
        <Speaker>Zacharias Tanee Fomum</Speaker>
        <Length>9.2Mb</Length>
        <Status>NOT_STARTED</Status>
        <isSermonSelected>false</isSermonSelected>
    </Sermon>
    <Sermon>
        <Title>Be Filled With The Holy Spirit - 5</Title>
        <Url>http://www.sermonindex.net/modules/mydownloads/visit.php?lid=23335</Url>
        <Speaker>Zacharias Tanee Fomum</Speaker>
        <Length>8.03Mb</Length>
        <Status>NOT_STARTED</Status>
        <isSermonSelected>false</isSermonSelected>
    </Sermon>
    <Sermon>
        <Title>Be Filled With The Holy Spirit - 6</Title>
        <Url>http://www.sermonindex.net/modules/mydownloads/visit.php?lid=23336</Url>
        <Speaker>Zacharias Tanee Fomum</Speaker>
        <Length>21.22Mb</Length>
        <Status>NOT_STARTED</Status>
        <isSermonSelected>false</isSermonSelected>
    </Sermon>
    <Sermon>
        <Title>Sanctified, Anointed and Consecrated</Title>
        <Url>http://www.sermonindex.net/modules/mydownloads/visit.php?lid=23323</Url>
        <Speaker>Zacharias Tanee Fomum</Speaker>
        <Length>10.15Mb</Length>
        <Status>NOT_STARTED</Status>
        <isSermonSelected>false</isSermonSelected>
    </Sermon>
    <Sermon>
        <Title>The Failure of Modern Christianity - 1</Title>
        <Url>http://www.sermonindex.net/modules/mydownloads/visit.php?lid=23337</Url>
        <Speaker>Zacharias Tanee Fomum</Speaker>
        <Length>14.38Mb</Length>
        <Status>NOT_STARTED</Status>
        <isSermonSelected>false</isSermonSelected>
    </Sermon>
    <Sermon>
        <Title>The Failure of Modern Christianity - 2</Title>
        <Url>http://www.sermonindex.net/modules/mydownloads/visit.php?lid=23338</Url>
        <Speaker>Zacharias Tanee Fomum</Speaker>
        <Length>22.83Mb</Length>
        <Status>NOT_STARTED</Status>
        <isSermonSelected>false</isSermonSelected>
    </Sermon>
    <Sermon>
        <Title>The Failure of Modern Christianity - 3</Title>
        <Url>http://www.sermonindex.net/modules/mydownloads/visit.php?lid=23339</Url>
        <Speaker>Zacharias Tanee Fomum</Speaker>
        <Length>52.45Mb</Length>
        <Status>NOT_STARTED</Status>
        <isSermonSelected>false</isSermonSelected>
    </Sermon>
</Sermons>
