<?xml version="1.0" encoding="UTF-8" standalone="yes"?>
<Sermons>
    <Sermon>
        <Title>Driving the Stake of Righteousness</Title>
        <Url>http://www.sermonindex.net/modules/mydownloads/visit.php?lid=19030</Url>
        <Speaker>Zeb McDaris</Speaker>
        <Length>7.47Mb</Length>
        <Status>NOT_STARTED</Status>
        <isSermonSelected>false</isSermonSelected>
    </Sermon>
    <Sermon>
        <Title>For His Names Sake</Title>
        <Url>http://www.sermonindex.net/modules/mydownloads/visit.php?lid=19027</Url>
        <Speaker>Zeb McDaris</Speaker>
        <Length>17.49Mb</Length>
        <Status>NOT_STARTED</Status>
        <isSermonSelected>false</isSermonSelected>
    </Sermon>
    <Sermon>
        <Title>Hidden Things Cause Spiritual Death</Title>
        <Url>http://www.sermonindex.net/modules/mydownloads/visit.php?lid=19026</Url>
        <Speaker>Zeb McDaris</Speaker>
        <Length>9.47Mb</Length>
        <Status>NOT_STARTED</Status>
        <isSermonSelected>false</isSermonSelected>
    </Sermon>
    <Sermon>
        <Title>The Controversy of the Lord with His People</Title>
        <Url>http://www.sermonindex.net/modules/mydownloads/visit.php?lid=19031</Url>
        <Speaker>Zeb McDaris</Speaker>
        <Length>8.98Mb</Length>
        <Status>NOT_STARTED</Status>
        <isSermonSelected>false</isSermonSelected>
    </Sermon>
    <Sermon>
        <Title>The Sword</Title>
        <Url>http://www.sermonindex.net/modules/mydownloads/visit.php?lid=19028</Url>
        <Speaker>Zeb McDaris</Speaker>
        <Length>8.5Mb</Length>
        <Status>NOT_STARTED</Status>
        <isSermonSelected>false</isSermonSelected>
    </Sermon>
    <Sermon>
        <Title>Where You Going to Stand?</Title>
        <Url>http://www.sermonindex.net/modules/mydownloads/visit.php?lid=19029</Url>
        <Speaker>Zeb McDaris</Speaker>
        <Length>2.25Mb</Length>
        <Status>NOT_STARTED</Status>
        <isSermonSelected>false</isSermonSelected>
    </Sermon>
</Sermons>
